ISO-10303-21;
HEADER;
/* Generated by software containing ST-Developer
 * from STEP Tools, Inc. (www.steptools.com) 
 */
/* OPTION: using custom renumber hook */

FILE_DESCRIPTION(
/* description */ ('STEP AP242 Edition 2',
'CAx-IF Rec.Pracs.---Representation and Presentation of Product Manufa
cturing Information (PMI)---4.0---2014-10-13',
'CAx-IF Rec.Pracs.---3D Tessellated Geometry---0.4---2014-09-14','2;1',
'CAx-IF Rec.Pracs.---User Defined Attributes---1.5---2016-08-15'),
/* implementation_level */ '2;1');

FILE_NAME(
/* name */ 'Base',
/* time_stamp */ '2026-07-08T14:27:49Z',
/* author */ (''),
/* organization */ (''),
/* preprocessor_version */ 'ST-DEVELOPER v20',
/* originating_system */ 'ONSHAPE BY PTC INC, 1.217',
/* authorisation */ '  ');

FILE_SCHEMA (('AP242_MANAGED_MODEL_BASED_3D_ENGINEERING_MIM_LF { 1 0 10303 442 3 1 4 }'));
ENDSEC;

DATA;
#10=B_SPLINE_SURFACE_WITH_KNOTS('',3,1,((#6733,#6734),(#6735,#6736),(#6737,
#6738),(#6739,#6740),(#6741,#6742)),.SURF_OF_LINEAR_EXTRUSION.,.F.,.F.,
 .F.,(4,1,4),(2,2),(0.,0.5,1.),(0.,1.),.UNSPECIFIED.);
#11=B_SPLINE_SURFACE_WITH_KNOTS('',3,1,((#6858,#6859),(#6860,#6861),(#6862,
#6863),(#6864,#6865)),.SURF_OF_LINEAR_EXTRUSION.,.F.,.F.,.F.,(4,4),(2,2),
(0.,0.172599071775729),(0.,1.),.PIECEWISE_BEZIER_KNOTS.);
#12=B_SPLINE_SURFACE_WITH_KNOTS('',3,1,((#6904,#6905),(#6906,#6907),(#6908,
#6909),(#6910,#6911),(#6912,#6913)),.SURF_OF_LINEAR_EXTRUSION.,.F.,.F.,
 .F.,(4,1,4),(2,2),(0.,0.5,1.),(0.,1.),.UNSPECIFIED.);
#13=B_SPLINE_SURFACE_WITH_KNOTS('',3,1,((#7144,#7145),(#7146,#7147),(#7148,
#7149),(#7150,#7151)),.SURF_OF_LINEAR_EXTRUSION.,.F.,.F.,.F.,(4,4),(2,2),
(0.,0.172599071776318),(0.,1.),.PIECEWISE_BEZIER_KNOTS.);
#14=B_SPLINE_CURVE_WITH_KNOTS('',3,(#6468,#6469,#6470,#6471),
 .UNSPECIFIED.,.F.,.F.,(4,4),(6.93889390390723E-18,0.0203122577575172),
 .UNSPECIFIED.);
#15=B_SPLINE_CURVE_WITH_KNOTS('',3,(#6536,#6537,#6538,#6539),
 .UNSPECIFIED.,.F.,.F.,(4,4),(0.00262027114200928,0.0203122577575171),
 .UNSPECIFIED.);
#16=B_SPLINE_CURVE_WITH_KNOTS('',3,(#6679,#6680,#6681,#6682),
 .UNSPECIFIED.,.F.,.F.,(4,4),(6.41260430932903E-8,0.00584521941552908),
 .UNSPECIFIED.);
#17=B_SPLINE_CURVE_WITH_KNOTS('',3,(#6743,#6744,#6745,#6746,#6747),
 .UNSPECIFIED.,.F.,.F.,(4,1,4),(0.,0.4945498102748,1.),.UNSPECIFIED.);
#18=B_SPLINE_CURVE_WITH_KNOTS('',3,(#6749,#6750,#6751,#6752,#6753),
 .UNSPECIFIED.,.F.,.F.,(4,1,4),(0.00174873945611033,0.0350950155739758,
0.0684412916918413),.UNSPECIFIED.);
#19=B_SPLINE_CURVE_WITH_KNOTS('',3,(#6755,#6756,#6757,#6758,#6759),
 .UNSPECIFIED.,.F.,.F.,(4,1,4),(0.0129335674160217,0.0178712894299388,0.0228090114438559),
 .UNSPECIFIED.);
#20=B_SPLINE_CURVE_WITH_KNOTS('',3,(#6761,#6762,#6763,#6764),
 .UNSPECIFIED.,.F.,.F.,(4,4),(6.75124018663287E-8,0.00584521941552944),
 .UNSPECIFIED.);
#21=B_SPLINE_CURVE_WITH_KNOTS('',3,(#6766,#6767,#6768,#6769,#6770),
 .UNSPECIFIED.,.F.,.F.,(4,1,4),(0.,0.0256272221743115,0.051254444348623),
 .UNSPECIFIED.);
#22=B_SPLINE_CURVE_WITH_KNOTS('',3,(#6772,#6773,#6774,#6775,#6776),
 .UNSPECIFIED.,.F.,.F.,(4,1,4),(0.00311229106320705,0.0091069582896472,
0.0151016255160874),.UNSPECIFIED.);
#23=B_SPLINE_CURVE_WITH_KNOTS('',3,(#6802,#6803,#6804,#6805),
 .UNSPECIFIED.,.F.,.F.,(4,4),(0.000512955170694165,0.0144264747660499),
 .UNSPECIFIED.);
#24=B_SPLINE_CURVE_WITH_KNOTS('',3,(#6835,#6836,#6837,#6838),
 .UNSPECIFIED.,.F.,.F.,(4,4),(0.,0.00161011495701116),.UNSPECIFIED.);
#25=B_SPLINE_CURVE_WITH_KNOTS('',3,(#6840,#6841,#6842,#6843),
 .UNSPECIFIED.,.F.,.F.,(4,4),(0.,0.00161011495701116),.UNSPECIFIED.);
#26=B_SPLINE_CURVE_WITH_KNOTS('',3,(#6866,#6867,#6868,#6869),
 .UNSPECIFIED.,.F.,.F.,(4,4),(0.0716608576852052,0.0855716186605735),
 .UNSPECIFIED.);
#27=B_SPLINE_CURVE_WITH_KNOTS('',3,(#6871,#6872,#6873,#6874,#6875,#6876,
#6877),.UNSPECIFIED.,.F.,.F.,(4,1,1,1,4),(1.5039032387729E-6,0.00472104558389335,
0.00944058726454794,0.0141601289452025,0.0188796706258571),
 .UNSPECIFIED.);
#28=B_SPLINE_CURVE_WITH_KNOTS('',3,(#6879,#6880,#6881,#6882),
 .UNSPECIFIED.,.F.,.F.,(4,4),(8.44865542934803E-17,0.00854032709336937),
 .UNSPECIFIED.);
#29=B_SPLINE_CURVE_WITH_KNOTS('',3,(#6884,#6885,#6886,#6887),
 .UNSPECIFIED.,.F.,.F.,(4,4),(0.000627091313404672,0.00195170541208646),
 .UNSPECIFIED.);
#30=B_SPLINE_CURVE_WITH_KNOTS('',3,(#6891,#6892,#6893,#6894),
 .UNSPECIFIED.,.F.,.F.,(4,4),(0.,0.00132447389612089),.UNSPECIFIED.);
#31=B_SPLINE_CURVE_WITH_KNOTS('',3,(#6898,#6899,#6900,#6901,#6902,#6903),
 .UNSPECIFIED.,.F.,.F.,(4,1,1,4),(0.,0.00494814270383361,0.00742221405575042,
0.00989628540766723),.UNSPECIFIED.);
#32=B_SPLINE_CURVE_WITH_KNOTS('',3,(#6916,#6917,#6918,#6919,#6920),
 .UNSPECIFIED.,.F.,.F.,(4,1,4),(0.000439842185323479,0.0337795135778859,
0.0671191849704483),.UNSPECIFIED.);
#33=B_SPLINE_CURVE_WITH_KNOTS('',3,(#6921,#6922,#6923,#6924,#6925,#6926,
#6927),.UNSPECIFIED.,.F.,.F.,(4,1,1,1,4),(0.,0.00377593412517142,0.00755186825034283,
0.0113278023755142,0.0151037365006857),.UNSPECIFIED.);
#34=B_SPLINE_CURVE_WITH_KNOTS('',3,(#6929,#6930,#6931,#6932,#6933),
 .UNSPECIFIED.,.F.,.F.,(4,1,4),(0.,0.0256245207861534,0.0512490415723067),
 .UNSPECIFIED.);
#35=B_SPLINE_CURVE_WITH_KNOTS('',3,(#6938,#6939,#6940,#6941,#6942,#6943,
#6944),.UNSPECIFIED.,.F.,.F.,(4,1,1,1,4),(0.,0.00471888204356414,0.00943776408712827,
0.0141566461306924,0.0188755281742565),.UNSPECIFIED.);
#36=B_SPLINE_CURVE_WITH_KNOTS('',3,(#6978,#6979,#6980,#6981),
 .UNSPECIFIED.,.F.,.F.,(4,4),(0.,0.00161011495701118),.UNSPECIFIED.);
#37=B_SPLINE_CURVE_WITH_KNOTS('',3,(#6985,#6986,#6987,#6988),
 .UNSPECIFIED.,.F.,.F.,(4,4),(0.,0.00161011495701116),.UNSPECIFIED.);
#38=B_SPLINE_CURVE_WITH_KNOTS('',3,(#7120,#7121,#7122,#7123),
 .UNSPECIFIED.,.F.,.F.,(4,4),(0.000627231515965574,0.00195170541208646),
 .UNSPECIFIED.);
#39=B_SPLINE_CURVE_WITH_KNOTS('',3,(#7124,#7125,#7126,#7127),
 .UNSPECIFIED.,.F.,.F.,(4,4),(0.,0.00132461409868169),.UNSPECIFIED.);
#40=B_SPLINE_CURVE_WITH_KNOTS('',3,(#7152,#7153,#7154,#7155),
 .UNSPECIFIED.,.F.,.F.,(4,4),(6.93889390390723E-18,0.00854032709336932),
 .UNSPECIFIED.);
#41=SHAPE_REPRESENTATION_RELATIONSHIP('','',#4436,#44);
#42=SHAPE_REPRESENTATION_RELATIONSHIP('','',#4437,#45);
#43=SHAPE_REPRESENTATION_RELATIONSHIP('','',#4438,#46);
#44=ADVANCED_BREP_SHAPE_REPRESENTATION('',(#4430),#7523);
#45=ADVANCED_BREP_SHAPE_REPRESENTATION('',(#4431),#7524);
#46=ADVANCED_BREP_SHAPE_REPRESENTATION('',(#4432),#7525);
#47=VERTEX_LOOP('',#2965);
#48=VERTEX_LOOP('',#2967);
#49=VERTEX_LOOP('',#2969);
#50=VERTEX_LOOP('',#3206);
#51=VERTEX_LOOP('',#3208);
#52=VERTEX_LOOP('',#3210);
#53=VERTEX_LOOP('',#3212);
#54=VERTEX_LOOP('',#3214);
#55=CONICAL_SURFACE('',#4510,0.00175,1.02974425867666);
#56=CONICAL_SURFACE('',#4513,0.00175,1.02974425867666);
#57=CONICAL_SURFACE('',#4516,0.00175,1.02974425867665);
#58=CONICAL_SURFACE('',#4714,0.00175,1.02974425867665);
#59=CONICAL_SURFACE('',#4717,0.00175,1.02974425867665);
#60=CONICAL_SURFACE('',#4720,0.00175,1.02974425867665);
#61=CONICAL_SURFACE('',#4723,0.00175,1.02974425867665);
#62=CONICAL_SURFACE('',#4726,0.00175,1.02974425867665);
#63=CYLINDRICAL_SURFACE('',#4453,0.022407360536779);
#64=CYLINDRICAL_SURFACE('',#4457,0.0930943050748751);
#65=CYLINDRICAL_SURFACE('',#4486,0.0215848670680913);
#66=CYLINDRICAL_SURFACE('',#4490,0.0215848670680913);
#67=CYLINDRICAL_SURFACE('',#4492,0.0930943050748751);
#68=CYLINDRICAL_SURFACE('',#4494,0.0280092006709736);
#69=CYLINDRICAL_SURFACE('',#4502,0.0269810838351141);
#70=CYLINDRICAL_SURFACE('',#4504,0.0269810838351142);
#71=CYLINDRICAL_SURFACE('',#4505,0.116367881343594);
#72=CYLINDRICAL_SURFACE('',#4508,0.00175);
#73=CYLINDRICAL_SURFACE('',#4511,0.00175);
#74=CYLINDRICAL_SURFACE('',#4514,0.00175);
#75=CYLINDRICAL_SURFACE('',#4517,0.002);
#76=CYLINDRICAL_SURFACE('',#4518,0.002);
#77=CYLINDRICAL_SURFACE('',#4519,0.002);
#78=CYLINDRICAL_SURFACE('',#4520,0.002);
#79=CYLINDRICAL_SURFACE('',#4538,0.003245);
#80=CYLINDRICAL_SURFACE('',#4543,0.00275);
#81=CYLINDRICAL_SURFACE('',#4544,0.00275);
#82=CYLINDRICAL_SURFACE('',#4547,0.0156330086668712);
#83=CYLINDRICAL_SURFACE('',#4551,0.0700353686195068);
#84=CYLINDRICAL_SURFACE('',#4555,0.275763228200863);
#85=CYLINDRICAL_SURFACE('',#4564,0.0700353686195068);
#86=CYLINDRICAL_SURFACE('',#4567,0.275763228200863);
#87=CYLINDRICAL_SURFACE('',#4593,0.022407360536779);
#88=CYLINDRICAL_SURFACE('',#4624,0.035079023065821);
#89=CYLINDRICAL_SURFACE('',#4631,0.0530842950310378);
#90=CYLINDRICAL_SURFACE('',#4633,0.0155169996690541);
#91=CYLINDRICAL_SURFACE('',#4635,0.0280092006709736);
#92=CYLINDRICAL_SURFACE('',#4636,0.0269810838351141);
#93=CYLINDRICAL_SURFACE('',#4637,0.0269810838351142);
#94=CYLINDRICAL_SURFACE('',#4638,0.0215848670680913);
#95=CYLINDRICAL_SURFACE('',#4640,0.0155169996690541);
#96=CYLINDRICAL_SURFACE('',#4653,0.035079023065821);
#97=CYLINDRICAL_SURFACE('',#4657,0.0215848670680913);
#98=CYLINDRICAL_SURFACE('',#4663,0.116367881343594);
#99=CYLINDRICAL_SURFACE('',#4671,0.344704035251079);
#100=CYLINDRICAL_SURFACE('',#4673,0.0930943050748751);
#101=CYLINDRICAL_SURFACE('',#4678,0.0156330086668712);
#102=CYLINDRICAL_SURFACE('',#4682,0.0184752164762067);
#103=CYLINDRICAL_SURFACE('',#4684,0.0700353686195068);
#104=CYLINDRICAL_SURFACE('',#4687,0.019541260833589);
#105=CYLINDRICAL_SURFACE('',#4690,0.0230940205952583);
#106=CYLINDRICAL_SURFACE('',#4697,0.0530842950310378);
#107=CYLINDRICAL_SURFACE('',#4698,0.0155169996690541);
#108=CYLINDRICAL_SURFACE('',#4699,0.0155169996690541);
#109=CYLINDRICAL_SURFACE('',#4707,0.0700353686195068);
#110=CYLINDRICAL_SURFACE('',#4709,0.019541260833589);
#111=CYLINDRICAL_SURFACE('',#4710,0.344704035251079);
#112=CYLINDRICAL_SURFACE('',#4711,0.00175);
#113=CYLINDRICAL_SURFACE('',#4712,0.00175);
#114=CYLINDRICAL_SURFACE('',#4713,0.00175);
#115=CYLINDRICAL_SURFACE('',#4716,0.00175);
#116=CYLINDRICAL_SURFACE('',#4719,0.00175);
#117=CYLINDRICAL_SURFACE('',#4722,0.00175);
#118=CYLINDRICAL_SURFACE('',#4725,0.00175);
#119=CYLINDRICAL_SURFACE('',#4728,0.00175);
#120=CYLINDRICAL_SURFACE('',#4792,0.0700353686195068);
#121=CYLINDRICAL_SURFACE('',#4795,0.275763228200863);
#122=CYLINDRICAL_SURFACE('',#4798,0.019541260833589);
#123=CYLINDRICAL_SURFACE('',#4801,0.344704035251079);
#124=CYLINDRICAL_SURFACE('',#4838,0.0156330086668712);
#125=CYLINDRICAL_SURFACE('',#4840,0.0184752164762067);
#126=CYLINDRICAL_SURFACE('',#4842,0.0156330086668712);
#127=CYLINDRICAL_SURFACE('',#4843,0.0930943050748751);
#128=CYLINDRICAL_SURFACE('',#4844,0.0230940205952583);
#129=CYLINDRICAL_SURFACE('',#4846,0.116367881343594);
#130=CYLINDRICAL_SURFACE('',#4848,0.019541260833589);
#131=CYLINDRICAL_SURFACE('',#4849,0.344704035251079);
#132=CYLINDRICAL_SURFACE('',#4850,0.275763228200863);
#133=CYLINDRICAL_SURFACE('',#4851,0.0700353686195068);
#134=CYLINDRICAL_SURFACE('',#4854,0.00175);
#135=CYLINDRICAL_SURFACE('',#4855,0.00175);
#136=CYLINDRICAL_SURFACE('',#4856,0.00175);
#137=CYLINDRICAL_SURFACE('',#4857,0.00175);
#138=CYLINDRICAL_SURFACE('',#4858,0.00175);
#139=LINE('',#6111,#543);
#140=LINE('',#6118,#544);
#141=LINE('',#6120,#545);
#142=LINE('',#6122,#546);
#143=LINE('',#6126,#547);
#144=LINE('',#6128,#548);
#145=LINE('',#6130,#549);
#146=LINE('',#6134,#550);
#147=LINE('',#6140,#551);
#148=LINE('',#6142,#552);
#149=LINE('',#6144,#553);
#150=LINE('',#6148,#554);
#151=LINE('',#6150,#555);
#152=LINE('',#6152,#556);
#153=LINE('',#6158,#557);
#154=LINE('',#6160,#558);
#155=LINE('',#6164,#559);
#156=LINE('',#6167,#560);
#157=LINE('',#6168,#561);
#158=LINE('',#6170,#562);
#159=LINE('',#6172,#563);
#160=LINE('',#6174,#564);
#161=LINE('',#6179,#565);
#162=LINE('',#6183,#566);
#163=LINE('',#6187,#567);
#164=LINE('',#6192,#568);
#165=LINE('',#6196,#569);
#166=LINE('',#6197,#570);
#167=LINE('',#6206,#571);
#168=LINE('',#6209,#572);
#169=LINE('',#6210,#573);
#170=LINE('',#6211,#574);
#171=LINE('',#6212,#575);
#172=LINE('',#6215,#576);
#173=LINE('',#6218,#577);
#174=LINE('',#6220,#578);
#175=LINE('',#6222,#579);
#176=LINE('',#6224,#580);
#177=LINE('',#6226,#581);
#178=LINE('',#6228,#582);
#179=LINE('',#6242,#583);
#180=LINE('',#6245,#584);
#181=LINE('',#6253,#585);
#182=LINE('',#6255,#586);
#183=LINE('',#6266,#587);
#184=LINE('',#6269,#588);
#185=LINE('',#6271,#589);
#186=LINE('',#6273,#590);
#187=LINE('',#6275,#591);
#188=LINE('',#6277,#592);
#189=LINE('',#6279,#593);
#190=LINE('',#6281,#594);
#191=LINE('',#6286,#595);
#192=LINE('',#6290,#596);
#193=LINE('',#6291,#597);
#194=LINE('',#6293,#598);
#195=LINE('',#6295,#599);
#196=LINE('',#6299,#600);
#197=LINE('',#6301,#601);
#198=LINE('',#6302,#602);
#199=LINE('',#6308,#603);
#200=LINE('',#6309,#604);
#201=LINE('',#6313,#605);
#202=LINE('',#6314,#606);
#203=LINE('',#6316,#607);
#204=LINE('',#6317,#608);
#205=LINE('',#6321,#609);
#206=LINE('',#6323,#610);
#207=LINE('',#6325,#611);
#208=LINE('',#6327,#612);
#209=LINE('',#6329,#613);
#210=LINE('',#6333,#614);
#211=LINE('',#6334,#615);
#212=LINE('',#6338,#616);
#213=LINE('',#6359,#617);
#214=LINE('',#6360,#618);
#215=LINE('',#6362,#619);
#216=LINE('',#6364,#620);
#217=LINE('',#6366,#621);
#218=LINE('',#6368,#622);
#219=LINE('',#6370,#623);
#220=LINE('',#6376,#624);
#221=LINE('',#6377,#625);
#222=LINE('',#6381,#626);
#223=LINE('',#6382,#627);
#224=LINE('',#6386,#628);
#225=LINE('',#6388,#629);
#226=LINE('',#6390,#630);
#227=LINE('',#6400,#631);
#228=LINE('',#6403,#632);
#229=LINE('',#6405,#633);
#230=LINE('',#6407,#634);
#231=LINE('',#6409,#635);
#232=LINE('',#6411,#636);
#233=LINE('',#6413,#637);
#234=LINE('',#6415,#638);
#235=LINE('',#6417,#639);
#236=LINE('',#6419,#640);
#237=LINE('',#6423,#641);
#238=LINE('',#6426,#642);
#239=LINE('',#6430,#643);
#240=LINE('',#6436,#644);
#241=LINE('',#6439,#645);
#242=LINE('',#6441,#646);
#243=LINE('',#6443,#647);
#244=LINE('',#6444,#648);
#245=LINE('',#6447,#649);
#246=LINE('',#6449,#650);
#247=LINE('',#6451,#651);
#248=LINE('',#6453,#652);
#249=LINE('',#6458,#653);
#250=LINE('',#6462,#654);
#251=LINE('',#6466,#655);
#252=LINE('',#6473,#656);
#253=LINE('',#6476,#657);
#254=LINE('',#6478,#658);
#255=LINE('',#6480,#659);
#256=LINE('',#6482,#660);
#257=LINE('',#6484,#661);
#258=LINE('',#6486,#662);
#259=LINE('',#6488,#663);
#260=LINE('',#6490,#664);
#261=LINE('',#6492,#665);
#262=LINE('',#6496,#666);
#263=LINE('',#6498,#667);
#264=LINE('',#6500,#668);
#265=LINE('',#6502,#669);
#266=LINE('',#6506,#670);
#267=LINE('',#6512,#671);
#268=LINE('',#6514,#672);
#269=LINE('',#6517,#673);
#270=LINE('',#6519,#674);
#271=LINE('',#6521,#675);
#272=LINE('',#6522,#676);
#273=LINE('',#6525,#677);
#274=LINE('',#6527,#678);
#275=LINE('',#6529,#679);
#276=LINE('',#6534,#680);
#277=LINE('',#6541,#681);
#278=LINE('',#6545,#682);
#279=LINE('',#6549,#683);
#280=LINE('',#6553,#684);
#281=LINE('',#6560,#685);
#282=LINE('',#6566,#686);
#283=LINE('',#6568,#687);
#284=LINE('',#6570,#688);
#285=LINE('',#6572,#689);
#286=LINE('',#6574,#690);
#287=LINE('',#6578,#691);
#288=LINE('',#6583,#692);
#289=LINE('',#6585,#693);
#290=LINE('',#6587,#694);
#291=LINE('',#6589,#695);
#292=LINE('',#6591,#696);
#293=LINE('',#6601,#697);
#294=LINE('',#6604,#698);
#295=LINE('',#6606,#699);
#296=LINE('',#6608,#700);
#297=LINE('',#6612,#701);
#298=LINE('',#6614,#702);
#299=LINE('',#6616,#703);
#300=LINE('',#6618,#704);
#301=LINE('',#6622,#705);
#302=LINE('',#6625,#706);
#303=LINE('',#6626,#707);
#304=LINE('',#6628,#708);
#305=LINE('',#6630,#709);
#306=LINE('',#6632,#710);
#307=LINE('',#6636,#711);
#308=LINE('',#6640,#712);
#309=LINE('',#6641,#713);
#310=LINE('',#6643,#714);
#311=LINE('',#6647,#715);
#312=LINE('',#6649,#716);
#313=LINE('',#6651,#717);
#314=LINE('',#6652,#718);
#315=LINE('',#6654,#719);
#316=LINE('',#6658,#720);
#317=LINE('',#6662,#721);
#318=LINE('',#6664,#722);
#319=LINE('',#6666,#723);
#320=LINE('',#6668,#724);
#321=LINE('',#6670,#725);
#322=LINE('',#6672,#726);
#323=LINE('',#6674,#727);
#324=LINE('',#6676,#728);
#325=LINE('',#6677,#729);
#326=LINE('',#6684,#730);
#327=LINE('',#6686,#731);
#328=LINE('',#6688,#732);
#329=LINE('',#6689,#733);
#330=LINE('',#6691,#734);
#331=LINE('',#6693,#735);
#332=LINE('',#6698,#736);
#333=LINE('',#6702,#737);
#334=LINE('',#6706,#738);
#335=LINE('',#6709,#739);
#336=LINE('',#6710,#740);
#337=LINE('',#6714,#741);
#338=LINE('',#6718,#742);
#339=LINE('',#6722,#743);
#340=LINE('',#6724,#744);
#341=LINE('',#6726,#745);
#342=LINE('',#6728,#746);
#343=LINE('',#6730,#747);
#344=LINE('',#6732,#748);
#345=LINE('',#6780,#749);
#346=LINE('',#6783,#750);
#347=LINE('',#6785,#751);
#348=LINE('',#6787,#752);
#349=LINE('',#6788,#753);
#350=LINE('',#6792,#754);
#351=LINE('',#6793,#755);
#352=LINE('',#6795,#756);
#353=LINE('',#6797,#757);
#354=LINE('',#6798,#758);
#355=LINE('',#6800,#759);
#356=LINE('',#6806,#760);
#357=LINE('',#6807,#761);
#358=LINE('',#6809,#762);
#359=LINE('',#6815,#763);
#360=LINE('',#6821,#764);
#361=LINE('',#6827,#765);
#362=LINE('',#6833,#766);
#363=LINE('',#6845,#767);
#364=LINE('',#6851,#768);
#365=LINE('',#6857,#769);
#366=LINE('',#6896,#770);
#367=LINE('',#6936,#771);
#368=LINE('',#6946,#772);
#369=LINE('',#6948,#773);
#370=LINE('',#6949,#774);
#371=LINE('',#6952,#775);
#372=LINE('',#6956,#776);
#373=LINE('',#6962,#777);
#374=LINE('',#6968,#778);
#375=LINE('',#6974,#779);
#376=LINE('',#6983,#780);
#377=LINE('',#6992,#781);
#378=LINE('',#6996,#782);
#379=LINE('',#6997,#783);
#380=LINE('',#6999,#784);
#381=LINE('',#7001,#785);
#382=LINE('',#7002,#786);
#383=LINE('',#7006,#787);
#384=LINE('',#7013,#788);
#385=LINE('',#7014,#789);
#386=LINE('',#7018,#790);
#387=LINE('',#7019,#791);
#388=LINE('',#7023,#792);
#389=LINE('',#7024,#793);
#390=LINE('',#7028,#794);
#391=LINE('',#7032,#795);
#392=LINE('',#7036,#796);
#393=LINE('',#7040,#797);
#394=LINE('',#7044,#798);
#395=LINE('',#7046,#799);
#396=LINE('',#7050,#800);
#397=LINE('',#7054,#801);
#398=LINE('',#7055,#802);
#399=LINE('',#7059,#803);
#400=LINE('',#7063,#804);
#401=LINE('',#7067,#805);
#402=LINE('',#7068,#806);
#403=LINE('',#7070,#807);
#404=LINE('',#7072,#808);
#405=LINE('',#7073,#809);
#406=LINE('',#7075,#810);
#407=LINE('',#7081,#811);
#408=LINE('',#7083,#812);
#409=LINE('',#7085,#813);
#410=LINE('',#7087,#814);
#411=LINE('',#7088,#815);
#412=LINE('',#7090,#816);
#413=LINE('',#7091,#817);
#414=LINE('',#7092,#818);
#415=LINE('',#7094,#819);
#416=LINE('',#7096,#820);
#417=LINE('',#7100,#821);
#418=LINE('',#7102,#822);
#419=LINE('',#7104,#823);
#420=LINE('',#7108,#824);
#421=LINE('',#7110,#825);
#422=LINE('',#7112,#826);
#423=LINE('',#7131,#827);
#424=LINE('',#7186,#828);
#425=LINE('',#7188,#829);
#426=LINE('',#7190,#830);
#427=LINE('',#7192,#831);
#428=LINE('',#7194,#832);
#429=LINE('',#7197,#833);
#430=LINE('',#7199,#834);
#431=LINE('',#7201,#835);
#432=LINE('',#7203,#836);
#433=LINE('',#7205,#837);
#434=LINE('',#7208,#838);
#435=LINE('',#7210,#839);
#436=LINE('',#7213,#840);
#437=LINE('',#7215,#841);
#438=LINE('',#7217,#842);
#439=LINE('',#7219,#843);
#440=LINE('',#7221,#844);
#441=LINE('',#7223,#845);
#442=LINE('',#7225,#846);
#443=LINE('',#7229,#847);
#444=LINE('',#7230,#848);
#445=LINE('',#7232,#849);
#446=LINE('',#7234,#850);
#447=LINE('',#7236,#851);
#448=LINE('',#7238,#852);
#449=LINE('',#7240,#853);
#450=LINE('',#7242,#854);
#451=LINE('',#7245,#855);
#452=LINE('',#7247,#856);
#453=LINE('',#7250,#857);
#454=LINE('',#7252,#858);
#455=LINE('',#7255,#859);
#456=LINE('',#7256,#860);
#457=LINE('',#7258,#861);
#458=LINE('',#7259,#862);
#459=LINE('',#7263,#863);
#460=LINE('',#7266,#864);
#461=LINE('',#7267,#865);
#462=LINE('',#7269,#866);
#463=LINE('',#7271,#867);
#464=LINE('',#7273,#868);
#465=LINE('',#7275,#869);
#466=LINE('',#7277,#870);
#467=LINE('',#7280,#871);
#468=LINE('',#7282,#872);
#469=LINE('',#7285,#873);
#470=LINE('',#7287,#874);
#471=LINE('',#7289,#875);
#472=LINE('',#7291,#876);
#473=LINE('',#7294,#877);
#474=LINE('',#7295,#878);
#475=LINE('',#7297,#879);
#476=LINE('',#7299,#880);
#477=LINE('',#7301,#881);
#478=LINE('',#7303,#882);
#479=LINE('',#7305,#883);
#480=LINE('',#7308,#884);
#481=LINE('',#7309,#885);
#482=LINE('',#7311,#886);
#483=LINE('',#7313,#887);
#484=LINE('',#7316,#888);
#485=LINE('',#7319,#889);
#486=LINE('',#7320,#890);
#487=LINE('',#7322,#891);
#488=LINE('',#7324,#892);
#489=LINE('',#7326,#893);
#490=LINE('',#7328,#894);
#491=LINE('',#7330,#895);
#492=LINE('',#7333,#896);
#493=LINE('',#7335,#897);
#494=LINE('',#7338,#898);
#495=LINE('',#7341,#899);
#496=LINE('',#7343,#900);
#497=LINE('',#7345,#901);
#498=LINE('',#7347,#902);
#499=LINE('',#7349,#903);
#500=LINE('',#7350,#904);
#501=LINE('',#7352,#905);
#502=LINE('',#7354,#906);
#503=LINE('',#7356,#907);
#504=LINE('',#7357,#908);
#505=LINE('',#7362,#909);
#506=LINE('',#7367,#910);
#507=LINE('',#7371,#911);
#508=LINE('',#7376,#912);
#509=LINE('',#7383,#913);
#510=LINE('',#7387,#914);
#511=LINE('',#7392,#915);
#512=LINE('',#7396,#916);
#513=LINE('',#7408,#917);
#514=LINE('',#7409,#918);
#515=LINE('',#7413,#919);
#516=LINE('',#7417,#920);
#517=LINE('',#7427,#921);
#518=LINE('',#7432,#922);
#519=LINE('',#7444,#923);
#520=LINE('',#7447,#924);
#521=LINE('',#7451,#925);
#522=LINE('',#7457,#926);
#523=LINE('',#7461,#927);
#524=LINE('',#7465,#928);
#525=LINE('',#7467,#929);
#526=LINE('',#7472,#930);
#527=LINE('',#7478,#931);
#528=LINE('',#7482,#932);
#529=LINE('',#7486,#933);
#530=LINE('',#7487,#934);
#531=LINE('',#7489,#935);
#532=LINE('',#7491,#936);
#533=LINE('',#7493,#937);
#534=LINE('',#7496,#938);
#535=LINE('',#7498,#939);
#536=LINE('',#7499,#940);
#537=LINE('',#7502,#941);
#538=LINE('',#7504,#942);
#539=LINE('',#7506,#943);
#540=LINE('',#7508,#944);
#541=LINE('',#7510,#945);
#542=LINE('',#7512,#946);
#543=VECTOR('',#4869,1.);
#544=VECTOR('',#4874,1.);
#545=VECTOR('',#4875,1.);
#546=VECTOR('',#4876,1.);
#547=VECTOR('',#4879,1.);
#548=VECTOR('',#4880,1.);
#549=VECTOR('',#4881,1.);
#550=VECTOR('',#4884,1.);
#551=VECTOR('',#4889,1.);
#552=VECTOR('',#4890,1.);
#553=VECTOR('',#4891,1.);
#554=VECTOR('',#4894,1.);
#555=VECTOR('',#4895,1.);
#556=VECTOR('',#4896,1.);
#557=VECTOR('',#4903,1.);
#558=VECTOR('',#4904,1.);
#559=VECTOR('',#4909,1.);
#560=VECTOR('',#4910,1.);
#561=VECTOR('',#4911,1.);
#562=VECTOR('',#4914,1.);
#563=VECTOR('',#4915,1.);
#564=VECTOR('',#4916,1.);
#565=VECTOR('',#4921,1.);
#566=VECTOR('',#4924,1.);
#567=VECTOR('',#4927,1.);
#568=VECTOR('',#4932,1.);
#569=VECTOR('',#4935,1.);
#570=VECTOR('',#4936,1.);
#571=VECTOR('',#4945,1.);
#572=VECTOR('',#4948,1.);
#573=VECTOR('',#4949,1.);
#574=VECTOR('',#4950,1.);
#575=VECTOR('',#4951,1.);
#576=VECTOR('',#4954,1.);
#577=VECTOR('',#4955,1.);
#578=VECTOR('',#4956,1.);
#579=VECTOR('',#4957,1.);
#580=VECTOR('',#4958,1.);
#581=VECTOR('',#4959,1.);
#582=VECTOR('',#4960,1.);
#583=VECTOR('',#4975,1.);
#584=VECTOR('',#4976,1.);
#585=VECTOR('',#4983,1.);
#586=VECTOR('',#4984,1.);
#587=VECTOR('',#4995,1.);
#588=VECTOR('',#4996,1.);
#589=VECTOR('',#4997,1.);
#590=VECTOR('',#4998,1.);
#591=VECTOR('',#4999,1.);
#592=VECTOR('',#5000,1.);
#593=VECTOR('',#5001,1.);
#594=VECTOR('',#5004,1.);
#595=VECTOR('',#5009,1.);
#596=VECTOR('',#5012,1.);
#597=VECTOR('',#5013,1.);
#598=VECTOR('',#5016,1.);
#599=VECTOR('',#5019,1.);
#600=VECTOR('',#5024,1.);
#601=VECTOR('',#5025,1.);
#602=VECTOR('',#5026,1.);
#603=VECTOR('',#5033,1.);
#604=VECTOR('',#5034,1.);
#605=VECTOR('',#5039,1.);
#606=VECTOR('',#5040,1.);
#607=VECTOR('',#5043,1.);
#608=VECTOR('',#5044,1.);
#609=VECTOR('',#5051,1.);
#610=VECTOR('',#5054,1.);
#611=VECTOR('',#5057,1.);
#612=VECTOR('',#5060,1.);
#613=VECTOR('',#5063,1.);
#614=VECTOR('',#5066,1.);
#615=VECTOR('',#5067,1.);
#616=VECTOR('',#5070,1.);
#617=VECTOR('',#5099,1.);
#618=VECTOR('',#5100,1.);
#619=VECTOR('',#5103,1.);
#620=VECTOR('',#5106,1.);
#621=VECTOR('',#5109,1.);
#622=VECTOR('',#5112,1.);
#623=VECTOR('',#5115,1.);
#624=VECTOR('',#5126,1.);
#625=VECTOR('',#5127,1.);
#626=VECTOR('',#5134,1.);
#627=VECTOR('',#5135,1.);
#628=VECTOR('',#5142,1.);
#629=VECTOR('',#5143,1.);
#630=VECTOR('',#5144,1.);
#631=VECTOR('',#5163,1.);
#632=VECTOR('',#5164,1.);
#633=VECTOR('',#5165,1.);
#634=VECTOR('',#5166,1.);
#635=VECTOR('',#5167,1.);
#636=VECTOR('',#5168,1.);
#637=VECTOR('',#5169,1.);
#638=VECTOR('',#5170,1.);
#639=VECTOR('',#5171,1.);
#640=VECTOR('',#5174,1.);
#641=VECTOR('',#5177,1.);
#642=VECTOR('',#5180,1.);
#643=VECTOR('',#5185,1.);
#644=VECTOR('',#5192,1.);
#645=VECTOR('',#5193,1.);
#646=VECTOR('',#5194,1.);
#647=VECTOR('',#5195,1.);
#648=VECTOR('',#5196,1.);
#649=VECTOR('',#5197,1.);
#650=VECTOR('',#5198,1.);
#651=VECTOR('',#5199,1.);
#652=VECTOR('',#5202,1.);
#653=VECTOR('',#5205,1.);
#654=VECTOR('',#5208,1.);
#655=VECTOR('',#5211,1.);
#656=VECTOR('',#5214,1.);
#657=VECTOR('',#5215,1.);
#658=VECTOR('',#5216,1.);
#659=VECTOR('',#5217,1.);
#660=VECTOR('',#5218,1.);
#661=VECTOR('',#5219,1.);
#662=VECTOR('',#5220,1.);
#663=VECTOR('',#5221,1.);
#664=VECTOR('',#5222,1.);
#665=VECTOR('',#5225,1.);
#666=VECTOR('',#5228,1.);
#667=VECTOR('',#5229,1.);
#668=VECTOR('',#5230,1.);
#669=VECTOR('',#5231,1.);
#670=VECTOR('',#5234,1.);
#671=VECTOR('',#5241,1.);
#672=VECTOR('',#5244,1.);
#673=VECTOR('',#5245,1.);
#674=VECTOR('',#5246,1.);
#675=VECTOR('',#5247,1.);
#676=VECTOR('',#5248,1.);
#677=VECTOR('',#5249,1.);
#678=VECTOR('',#5250,1.);
#679=VECTOR('',#5251,1.);
#680=VECTOR('',#5256,1.);
#681=VECTOR('',#5257,1.);
#682=VECTOR('',#5260,1.);
#683=VECTOR('',#5263,1.);
#684=VECTOR('',#5266,1.);
#685=VECTOR('',#5273,1.);
#686=VECTOR('',#5278,1.);
#687=VECTOR('',#5279,1.);
#688=VECTOR('',#5280,1.);
#689=VECTOR('',#5281,1.);
#690=VECTOR('',#5282,1.);
#691=VECTOR('',#5287,1.);
#692=VECTOR('',#5290,1.);
#693=VECTOR('',#5291,1.);
#694=VECTOR('',#5292,1.);
#695=VECTOR('',#5293,1.);
#696=VECTOR('',#5294,1.);
#697=VECTOR('',#5305,1.);
#698=VECTOR('',#5306,1.);
#699=VECTOR('',#5307,1.);
#700=VECTOR('',#5308,1.);
#701=VECTOR('',#5311,1.);
#702=VECTOR('',#5312,1.);
#703=VECTOR('',#5313,1.);
#704=VECTOR('',#5314,1.);
#705=VECTOR('',#5319,1.);
#706=VECTOR('',#5320,1.);
#707=VECTOR('',#5321,1.);
#708=VECTOR('',#5324,1.);
#709=VECTOR('',#5325,1.);
#710=VECTOR('',#5326,1.);
#711=VECTOR('',#5331,1.);
#712=VECTOR('',#5334,1.);
#713=VECTOR('',#5335,1.);
#714=VECTOR('',#5336,1.);
#715=VECTOR('',#5339,1.);
#716=VECTOR('',#5340,1.);
#717=VECTOR('',#5343,1.);
#718=VECTOR('',#5344,1.);
#719=VECTOR('',#5347,1.);
#720=VECTOR('',#5350,1.);
#721=VECTOR('',#5353,1.);
#722=VECTOR('',#5354,1.);
#723=VECTOR('',#5355,1.);
#724=VECTOR('',#5356,1.);
#725=VECTOR('',#5359,1.);
#726=VECTOR('',#5360,1.);
#727=VECTOR('',#5361,1.);
#728=VECTOR('',#5364,1.);
#729=VECTOR('',#5365,1.);
#730=VECTOR('',#5366,1.);
#731=VECTOR('',#5369,1.);
#732=VECTOR('',#5370,1.);
#733=VECTOR('',#5371,1.);
#734=VECTOR('',#5372,1.);
#735=VECTOR('',#5375,1.);
#736=VECTOR('',#5378,1.);
#737=VECTOR('',#5381,1.);
#738=VECTOR('',#5386,1.);
#739=VECTOR('',#5387,1.);
#740=VECTOR('',#5388,1.);
#741=VECTOR('',#5391,1.);
#742=VECTOR('',#5394,1.);
#743=VECTOR('',#5397,1.);
#744=VECTOR('',#5398,1.);
#745=VECTOR('',#5399,1.);
#746=VECTOR('',#5400,1.);
#747=VECTOR('',#5401,1.);
#748=VECTOR('',#5404,1.);
#749=VECTOR('',#5409,1.);
#750=VECTOR('',#5410,1.);
#751=VECTOR('',#5411,1.);
#752=VECTOR('',#5412,1.);
#753=VECTOR('',#5413,1.);
#754=VECTOR('',#5416,1.);
#755=VECTOR('',#5417,1.);
#756=VECTOR('',#5418,1.);
#757=VECTOR('',#5419,1.);
#758=VECTOR('',#5420,1.);
#759=VECTOR('',#5421,1.);
#760=VECTOR('',#5422,1.);
#761=VECTOR('',#5423,1.);
#762=VECTOR('',#5424,1.);
#763=VECTOR('',#5431,1.);
#764=VECTOR('',#5438,1.);
#765=VECTOR('',#5445,1.);
#766=VECTOR('',#5452,1.);
#767=VECTOR('',#5455,1.);
#768=VECTOR('',#5462,1.);
#769=VECTOR('',#5469,1.);
#770=VECTOR('',#5476,1.);
#771=VECTOR('',#5483,1.);
#772=VECTOR('',#5486,1.);
#773=VECTOR('',#5489,1.);
#774=VECTOR('',#5490,1.);
#775=VECTOR('',#5495,1.);
#776=VECTOR('',#5500,1.);
#777=VECTOR('',#5507,1.);
#778=VECTOR('',#5514,1.);
#779=VECTOR('',#5521,1.);
#780=VECTOR('',#5526,1.);
#781=VECTOR('',#5531,1.);
#782=VECTOR('',#5536,1.);
#783=VECTOR('',#5537,1.);
#784=VECTOR('',#5540,1.);
#785=VECTOR('',#5543,1.);
#786=VECTOR('',#5544,1.);
#787=VECTOR('',#5549,1.);
#788=VECTOR('',#5556,1.);
#789=VECTOR('',#5557,1.);
#790=VECTOR('',#5560,1.);
#791=VECTOR('',#5561,1.);
#792=VECTOR('',#5564,1.);
#793=VECTOR('',#5565,1.);
#794=VECTOR('',#5568,1.);
#795=VECTOR('',#5571,1.);
#796=VECTOR('',#5574,1.);
#797=VECTOR('',#5577,1.);
#798=VECTOR('',#5582,1.);
#799=VECTOR('',#5585,1.);
#800=VECTOR('',#5588,1.);
#801=VECTOR('',#5593,1.);
#802=VECTOR('',#5594,1.);
#803=VECTOR('',#5597,1.);
#804=VECTOR('',#5602,1.);
#805=VECTOR('',#5605,1.);
#806=VECTOR('',#5606,1.);
#807=VECTOR('',#5609,1.);
#808=VECTOR('',#5610,1.);
#809=VECTOR('',#5611,1.);
#810=VECTOR('',#5612,1.);
#811=VECTOR('',#5621,1.);
#812=VECTOR('',#5624,1.);
#813=VECTOR('',#5625,1.);
#814=VECTOR('',#5626,1.);
#815=VECTOR('',#5627,1.);
#816=VECTOR('',#5628,1.);
#817=VECTOR('',#5629,1.);
#818=VECTOR('',#5630,1.);
#819=VECTOR('',#5631,1.);
#820=VECTOR('',#5632,1.);
#821=VECTOR('',#5637,1.);
#822=VECTOR('',#5640,1.);
#823=VECTOR('',#5641,1.);
#824=VECTOR('',#5646,1.);
#825=VECTOR('',#5649,1.);
#826=VECTOR('',#5650,1.);
#827=VECTOR('',#5667,1.);
#828=VECTOR('',#5726,1.);
#829=VECTOR('',#5727,1.);
#830=VECTOR('',#5728,1.);
#831=VECTOR('',#5731,1.);
#832=VECTOR('',#5734,1.);
#833=VECTOR('',#5739,1.);
#834=VECTOR('',#5740,1.);
#835=VECTOR('',#5741,1.);
#836=VECTOR('',#5744,1.);
#837=VECTOR('',#5747,1.);
#838=VECTOR('',#5752,1.);
#839=VECTOR('',#5755,1.);
#840=VECTOR('',#5756,1.);
#841=VECTOR('',#5757,1.);
#842=VECTOR('',#5758,1.);
#843=VECTOR('',#5759,1.);
#844=VECTOR('',#5760,1.);
#845=VECTOR('',#5761,1.);
#846=VECTOR('',#5762,1.);
#847=VECTOR('',#5769,1.);
#848=VECTOR('',#5770,1.);
#849=VECTOR('',#5773,1.);
#850=VECTOR('',#5776,1.);
#851=VECTOR('',#5779,1.);
#852=VECTOR('',#5782,1.);
#853=VECTOR('',#5785,1.);
#854=VECTOR('',#5788,1.);
#855=VECTOR('',#5793,1.);
#856=VECTOR('',#5796,1.);
#857=VECTOR('',#5801,1.);
#858=VECTOR('',#5804,1.);
#859=VECTOR('',#5809,1.);
#860=VECTOR('',#5810,1.);
#861=VECTOR('',#5813,1.);
#862=VECTOR('',#5814,1.);
#863=VECTOR('',#5821,1.);
#864=VECTOR('',#5822,1.);
#865=VECTOR('',#5823,1.);
#866=VECTOR('',#5826,1.);
#867=VECTOR('',#5827,1.);
#868=VECTOR('',#5830,1.);
#869=VECTOR('',#5831,1.);
#870=VECTOR('',#5834,1.);
#871=VECTOR('',#5839,1.);
#872=VECTOR('',#5842,1.);
#873=VECTOR('',#5847,1.);
#874=VECTOR('',#5848,1.);
#875=VECTOR('',#5849,1.);
#876=VECTOR('',#5852,1.);
#877=VECTOR('',#5853,1.);
#878=VECTOR('',#5854,1.);
#879=VECTOR('',#5857,1.);
#880=VECTOR('',#5858,1.);
#881=VECTOR('',#5861,1.);
#882=VECTOR('',#5862,1.);
#883=VECTOR('',#5865,1.);
#884=VECTOR('',#5870,1.);
#885=VECTOR('',#5871,1.);
#886=VECTOR('',#5874,1.);
#887=VECTOR('',#5877,1.);
#888=VECTOR('',#5882,1.);
#889=VECTOR('',#5883,1.);
#890=VECTOR('',#5884,1.);
#891=VECTOR('',#5887,1.);
#892=VECTOR('',#5888,1.);
#893=VECTOR('',#5891,1.);
#894=VECTOR('',#5892,1.);
#895=VECTOR('',#5895,1.);
#896=VECTOR('',#5900,1.);
#897=VECTOR('',#5903,1.);
#898=VECTOR('',#5908,1.);
#899=VECTOR('',#5909,1.);
#900=VECTOR('',#5910,1.);
#901=VECTOR('',#5911,1.);
#902=VECTOR('',#5914,1.);
#903=VECTOR('',#5915,1.);
#904=VECTOR('',#5916,1.);
#905=VECTOR('',#5919,1.);
#906=VECTOR('',#5920,1.);
#907=VECTOR('',#5923,1.);
#908=VECTOR('',#5924,1.);
#909=VECTOR('',#5933,1.);
#910=VECTOR('',#5936,1.);
#911=VECTOR('',#5941,1.);
#912=VECTOR('',#5944,1.);
#913=VECTOR('',#5951,1.);
#914=VECTOR('',#5954,1.);
#915=VECTOR('',#5959,1.);
#916=VECTOR('',#5962,1.);
#917=VECTOR('',#5975,1.);
#918=VECTOR('',#5976,1.);
#919=VECTOR('',#5979,1.);
#920=VECTOR('',#5982,1.);
#921=VECTOR('',#5993,1.);
#922=VECTOR('',#5998,1.);
#923=VECTOR('',#6011,1.);
#924=VECTOR('',#6014,1.);
#925=VECTOR('',#6017,1.);
#926=VECTOR('',#6022,1.);
#927=VECTOR('',#6025,1.);
#928=VECTOR('',#6028,1.);
#929=VECTOR('',#6031,1.);
#930=VECTOR('',#6036,1.);
#931=VECTOR('',#6041,1.);
#932=VECTOR('',#6044,1.);
#933=VECTOR('',#6049,1.);
#934=VECTOR('',#6050,1.);
#935=VECTOR('',#6053,1.);
#936=VECTOR('',#6056,1.);
#937=VECTOR('',#6059,1.);
#938=VECTOR('',#6064,1.);
#939=VECTOR('',#6067,1.);
#940=VECTOR('',#6068,1.);
#941=VECTOR('',#6073,1.);
#942=VECTOR('',#6076,1.);
#943=VECTOR('',#6079,1.);
#944=VECTOR('',#6082,1.);
#945=VECTOR('',#6085,1.);
#946=VECTOR('',#6088,1.);
#947=ELLIPSE('',#4443,0.0017976713000891,0.00175);
#948=ELLIPSE('',#4444,0.0956302631056243,0.0930943050748751);
#949=ELLIPSE('',#4445,0.0221728548825978,0.0215848670680913);
#950=ELLIPSE('',#4446,0.0230177536844095,0.022407360536779);
#951=ELLIPSE('',#4447,0.0221728548825978,0.0215848670680913);
#952=ELLIPSE('',#4448,0.11953782888203,0.116367881343594);
#953=ELLIPSE('',#4449,0.0277160686032473,0.0269810838351142);
#954=ELLIPSE('',#4450,0.0287721921055119,0.0280092006709736);
#955=ELLIPSE('',#4451,0.0277160686032473,0.0269810838351141);
#956=ELLIPSE('',#4452,0.11953782888203,0.116367881343594);
#957=ELLIPSE('',#4460,0.0956302631056243,0.0930943050748751);
#958=ELLIPSE('',#4462,0.0956302631056243,0.0930943050748751);
#959=ELLIPSE('',#4463,0.11953782888203,0.116367881343594);
#960=ELLIPSE('',#4495,0.0318595824995384,0.0280092006709736);
#961=ELLIPSE('',#4496,0.0318595824995384,0.0280092006709736);
#962=ELLIPSE('',#4549,0.0177820543752372,0.0156330086668712);
#963=ELLIPSE('',#4561,0.0177820543752372,0.0156330086668712);
#964=ELLIPSE('',#4562,0.0176500977985373,0.0155169996690541);
#965=ELLIPSE('',#4563,0.079663023255465,0.0700353686195068);
#966=ELLIPSE('',#4574,0.0956302631056243,0.0930943050748751);
#967=ELLIPSE('',#4575,0.11953782888203,0.116367881343594);
#968=ELLIPSE('',#4576,0.0277160686032473,0.0269810838351141);
#969=ELLIPSE('',#4577,0.0221728548825978,0.0215848670680913);
#970=ELLIPSE('',#4579,0.0221728548825978,0.0215848670680913);
#971=ELLIPSE('',#4580,0.0277160686032473,0.0269810838351142);
#972=ELLIPSE('',#4581,0.11953782888203,0.116367881343594);
#973=ELLIPSE('',#4584,0.00199056981415293,0.00175);
#974=ELLIPSE('',#4585,0.0210149761299874,0.0184752164762066);
#975=ELLIPSE('',#4586,0.0254876659996308,0.022407360536779);
#976=ELLIPSE('',#4590,0.0017976713000891,0.00175);
#977=ELLIPSE('',#4591,0.0230177536844095,0.022407360536779);
#978=ELLIPSE('',#4592,0.0287721921055119,0.0280092006709736);
#979=ELLIPSE('',#4595,0.079663023255465,0.0700353686195068);
#980=ELLIPSE('',#4596,0.0176500977985373,0.0155169996690541);
#981=ELLIPSE('',#4601,0.0956302631056243,0.0930943050748751);
#982=ELLIPSE('',#4602,0.0956302631056243,0.0930943050748751);
#983=ELLIPSE('',#4603,0.11953782888203,0.116367881343594);
#984=ELLIPSE('',#4605,0.0222275679690464,0.019541260833589);
#985=ELLIPSE('',#4606,0.0262687201624842,0.0230940205952583);
#986=ELLIPSE('',#4607,0.0222275679690464,0.019541260833589);
#987=ELLIPSE('',#4608,0.0318595824995384,0.0280092006709736);
#988=ELLIPSE('',#4611,0.191011135055158,0.0530842950310378);
#989=ELLIPSE('',#4613,0.0156426486028854,0.0155169996690541);
#990=ELLIPSE('',#4614,0.0156426486028854,0.0155169996690541);
#991=ELLIPSE('',#4616,0.0156001890166781,0.0155169996690541);
#992=ELLIPSE('',#4617,0.0156001890166781,0.0155169996690541);
#993=ELLIPSE('',#4619,0.0156089628630456,0.0155169996690541);
#994=ELLIPSE('',#4620,0.0156089628630456,0.0155169996690541);
#995=ELLIPSE('',#4622,0.0155415606469278,0.0155169996690541);
#996=ELLIPSE('',#4623,0.0155415606469278,0.0155169996690541);
#997=ELLIPSE('',#4626,0.0155326413090808,0.0155169996690541);
#998=ELLIPSE('',#4627,0.0155326413090808,0.0155169996690541);
#999=ELLIPSE('',#4629,0.0155219831354731,0.0155169996690541);
#1000=ELLIPSE('',#4630,0.0155219831354731,0.0155169996690541);
#1001=ELLIPSE('',#4632,0.191011135055158,0.0530842950310378);
#1002=ELLIPSE('',#4642,0.0156426486028853,0.0155169996690541);
#1003=ELLIPSE('',#4643,0.0156426486028853,0.0155169996690541);
#1004=ELLIPSE('',#4645,0.0156001890166781,0.0155169996690541);
#1005=ELLIPSE('',#4646,0.0156001890166781,0.0155169996690541);
#1006=ELLIPSE('',#4648,0.0156089628630456,0.0155169996690541);
#1007=ELLIPSE('',#4649,0.0156089628630456,0.0155169996690541);
#1008=ELLIPSE('',#4651,0.0155415606469278,0.0155169996690541);
#1009=ELLIPSE('',#4652,0.0155415606469278,0.0155169996690541);
#1010=ELLIPSE('',#4655,0.0155326413090808,0.0155169996690541);
#1011=ELLIPSE('',#4656,0.0155326413090808,0.0155169996690541);
#1012=ELLIPSE('',#4661,0.0155219831354731,0.0155169996690541);
#1013=ELLIPSE('',#4662,0.0155219831354731,0.0155169996690541);
#1014=ORIENTED_EDGE('',*,*,#2252,.F.);
#1015=ORIENTED_EDGE('',*,*,#2253,.F.);
#1016=ORIENTED_EDGE('',*,*,#2254,.F.);
#1017=ORIENTED_EDGE('',*,*,#2255,.F.);
#1018=ORIENTED_EDGE('',*,*,#2256,.T.);
#1019=ORIENTED_EDGE('',*,*,#2257,.F.);
#1020=ORIENTED_EDGE('',*,*,#2258,.T.);
#1021=ORIENTED_EDGE('',*,*,#2259,.T.);
#1022=ORIENTED_EDGE('',*,*,#2260,.F.);
#1023=ORIENTED_EDGE('',*,*,#2261,.F.);
#1024=ORIENTED_EDGE('',*,*,#2262,.F.);
#1025=ORIENTED_EDGE('',*,*,#2263,.F.);
#1026=ORIENTED_EDGE('',*,*,#2264,.F.);
#1027=ORIENTED_EDGE('',*,*,#2265,.T.);
#1028=ORIENTED_EDGE('',*,*,#2266,.T.);
#1029=ORIENTED_EDGE('',*,*,#2267,.F.);
#1030=ORIENTED_EDGE('',*,*,#2268,.F.);
#1031=ORIENTED_EDGE('',*,*,#2269,.T.);
#1032=ORIENTED_EDGE('',*,*,#2270,.T.);
#1033=ORIENTED_EDGE('',*,*,#2271,.T.);
#1034=ORIENTED_EDGE('',*,*,#2272,.T.);
#1035=ORIENTED_EDGE('',*,*,#2273,.T.);
#1036=ORIENTED_EDGE('',*,*,#2274,.F.);
#1037=ORIENTED_EDGE('',*,*,#2275,.F.);
#1038=ORIENTED_EDGE('',*,*,#2276,.T.);
#1039=ORIENTED_EDGE('',*,*,#2277,.F.);
#1040=ORIENTED_EDGE('',*,*,#2278,.F.);
#1041=ORIENTED_EDGE('',*,*,#2261,.T.);
#1042=ORIENTED_EDGE('',*,*,#2279,.F.);
#1043=ORIENTED_EDGE('',*,*,#2280,.F.);
#1044=ORIENTED_EDGE('',*,*,#2281,.T.);
#1045=ORIENTED_EDGE('',*,*,#2282,.T.);
#1046=ORIENTED_EDGE('',*,*,#2259,.F.);
#1047=ORIENTED_EDGE('',*,*,#2283,.T.);
#1048=ORIENTED_EDGE('',*,*,#2284,.F.);
#1049=ORIENTED_EDGE('',*,*,#2285,.F.);
#1050=ORIENTED_EDGE('',*,*,#2286,.F.);
#1051=ORIENTED_EDGE('',*,*,#2263,.T.);
#1052=ORIENTED_EDGE('',*,*,#2287,.F.);
#1053=ORIENTED_EDGE('',*,*,#2288,.F.);
#1054=ORIENTED_EDGE('',*,*,#2289,.T.);
#1055=ORIENTED_EDGE('',*,*,#2290,.F.);
#1056=ORIENTED_EDGE('',*,*,#2291,.F.);
#1057=ORIENTED_EDGE('',*,*,#2292,.F.);
#1058=ORIENTED_EDGE('',*,*,#2293,.T.);
#1059=ORIENTED_EDGE('',*,*,#2294,.T.);
#1060=ORIENTED_EDGE('',*,*,#2295,.F.);
#1061=ORIENTED_EDGE('',*,*,#2296,.T.);
#1062=ORIENTED_EDGE('',*,*,#2291,.T.);
#1063=ORIENTED_EDGE('',*,*,#2297,.T.);
#1064=ORIENTED_EDGE('',*,*,#2298,.F.);
#1065=ORIENTED_EDGE('',*,*,#2299,.F.);
#1066=ORIENTED_EDGE('',*,*,#2300,.F.);
#1067=ORIENTED_EDGE('',*,*,#2301,.T.);
#1068=ORIENTED_EDGE('',*,*,#2289,.F.);
#1069=ORIENTED_EDGE('',*,*,#2302,.T.);
#1070=ORIENTED_EDGE('',*,*,#2303,.F.);
#1071=ORIENTED_EDGE('',*,*,#2285,.T.);
#1072=ORIENTED_EDGE('',*,*,#2304,.F.);
#1073=ORIENTED_EDGE('',*,*,#2280,.T.);
#1074=ORIENTED_EDGE('',*,*,#2305,.F.);
#1075=ORIENTED_EDGE('',*,*,#2281,.F.);
#1076=ORIENTED_EDGE('',*,*,#2306,.T.);
#1077=ORIENTED_EDGE('',*,*,#2307,.F.);
#1078=ORIENTED_EDGE('',*,*,#2308,.T.);
#1079=ORIENTED_EDGE('',*,*,#2309,.T.);
#1080=ORIENTED_EDGE('',*,*,#2310,.T.);
#1081=ORIENTED_EDGE('',*,*,#2311,.T.);
#1082=ORIENTED_EDGE('',*,*,#2312,.T.);
#1083=ORIENTED_EDGE('',*,*,#2313,.T.);
#1084=ORIENTED_EDGE('',*,*,#2314,.T.);
#1085=ORIENTED_EDGE('',*,*,#2315,.T.);
#1086=ORIENTED_EDGE('',*,*,#2316,.T.);
#1087=ORIENTED_EDGE('',*,*,#2317,.T.);
#1088=ORIENTED_EDGE('',*,*,#2318,.T.);
#1089=ORIENTED_EDGE('',*,*,#2319,.T.);
#1090=ORIENTED_EDGE('',*,*,#2320,.T.);
#1091=ORIENTED_EDGE('',*,*,#2321,.F.);
#1092=ORIENTED_EDGE('',*,*,#2322,.T.);
#1093=ORIENTED_EDGE('',*,*,#2323,.F.);
#1094=ORIENTED_EDGE('',*,*,#2324,.T.);
#1095=ORIENTED_EDGE('',*,*,#2325,.T.);
#1096=ORIENTED_EDGE('',*,*,#2326,.F.);
#1097=ORIENTED_EDGE('',*,*,#2327,.T.);
#1098=ORIENTED_EDGE('',*,*,#2328,.F.);
#1099=ORIENTED_EDGE('',*,*,#2329,.F.);
#1100=ORIENTED_EDGE('',*,*,#2330,.F.);
#1101=ORIENTED_EDGE('',*,*,#2331,.F.);
#1102=ORIENTED_EDGE('',*,*,#2332,.F.);
#1103=ORIENTED_EDGE('',*,*,#2333,.F.);
#1104=ORIENTED_EDGE('',*,*,#2334,.F.);
#1105=ORIENTED_EDGE('',*,*,#2335,.F.);
#1106=ORIENTED_EDGE('',*,*,#2336,.F.);
#1107=ORIENTED_EDGE('',*,*,#2337,.F.);
#1108=ORIENTED_EDGE('',*,*,#2338,.F.);
#1109=ORIENTED_EDGE('',*,*,#2339,.F.);
#1110=ORIENTED_EDGE('',*,*,#2258,.F.);
#1111=ORIENTED_EDGE('',*,*,#2340,.T.);
#1112=ORIENTED_EDGE('',*,*,#2306,.F.);
#1113=ORIENTED_EDGE('',*,*,#2283,.F.);
#1114=ORIENTED_EDGE('',*,*,#2341,.T.);
#1115=ORIENTED_EDGE('',*,*,#2342,.T.);
#1116=ORIENTED_EDGE('',*,*,#2343,.T.);
#1117=ORIENTED_EDGE('',*,*,#2344,.F.);
#1118=ORIENTED_EDGE('',*,*,#2340,.F.);
#1119=ORIENTED_EDGE('',*,*,#2257,.T.);
#1120=ORIENTED_EDGE('',*,*,#2345,.F.);
#1121=ORIENTED_EDGE('',*,*,#2307,.T.);
#1122=ORIENTED_EDGE('',*,*,#2346,.F.);
#1123=ORIENTED_EDGE('',*,*,#2264,.T.);
#1124=ORIENTED_EDGE('',*,*,#2286,.T.);
#1125=ORIENTED_EDGE('',*,*,#2303,.T.);
#1126=ORIENTED_EDGE('',*,*,#2347,.F.);
#1127=ORIENTED_EDGE('',*,*,#2265,.F.);
#1128=ORIENTED_EDGE('',*,*,#2346,.T.);
#1129=ORIENTED_EDGE('',*,*,#2302,.F.);
#1130=ORIENTED_EDGE('',*,*,#2288,.T.);
#1131=ORIENTED_EDGE('',*,*,#2348,.F.);
#1132=ORIENTED_EDGE('',*,*,#2349,.F.);
#1133=ORIENTED_EDGE('',*,*,#2293,.F.);
#1134=ORIENTED_EDGE('',*,*,#2350,.F.);
#1135=ORIENTED_EDGE('',*,*,#2300,.T.);
#1136=ORIENTED_EDGE('',*,*,#2345,.T.);
#1137=ORIENTED_EDGE('',*,*,#2256,.F.);
#1138=ORIENTED_EDGE('',*,*,#2351,.T.);
#1139=ORIENTED_EDGE('',*,*,#2352,.T.);
#1140=ORIENTED_EDGE('',*,*,#2272,.F.);
#1141=ORIENTED_EDGE('',*,*,#2353,.F.);
#1142=ORIENTED_EDGE('',*,*,#2354,.F.);
#1143=ORIENTED_EDGE('',*,*,#2328,.T.);
#1144=ORIENTED_EDGE('',*,*,#2355,.T.);
#1145=ORIENTED_EDGE('',*,*,#2356,.F.);
#1146=ORIENTED_EDGE('',*,*,#2357,.F.);
#1147=ORIENTED_EDGE('',*,*,#2274,.T.);
#1148=ORIENTED_EDGE('',*,*,#2358,.T.);
#1149=ORIENTED_EDGE('',*,*,#2355,.F.);
#1150=ORIENTED_EDGE('',*,*,#2327,.F.);
#1151=ORIENTED_EDGE('',*,*,#2270,.F.);
#1152=ORIENTED_EDGE('',*,*,#2359,.T.);
#1153=ORIENTED_EDGE('',*,*,#2321,.T.);
#1154=ORIENTED_EDGE('',*,*,#2354,.T.);
#1155=ORIENTED_EDGE('',*,*,#2360,.T.);
#1156=ORIENTED_EDGE('',*,*,#2273,.F.);
#1157=ORIENTED_EDGE('',*,*,#2356,.T.);
#1158=ORIENTED_EDGE('',*,*,#2358,.F.);
#1159=ORIENTED_EDGE('',*,*,#2271,.F.);
#1160=ORIENTED_EDGE('',*,*,#2360,.F.);
#1161=ORIENTED_EDGE('',*,*,#2353,.T.);
#1162=ORIENTED_EDGE('',*,*,#2361,.F.);
#1163=ORIENTED_EDGE('',*,*,#2275,.T.);
#1164=ORIENTED_EDGE('',*,*,#2357,.T.);
#1165=ORIENTED_EDGE('',*,*,#2326,.T.);
#1166=ORIENTED_EDGE('',*,*,#2276,.F.);
#1167=ORIENTED_EDGE('',*,*,#2361,.T.);
#1168=ORIENTED_EDGE('',*,*,#2325,.F.);
#1169=ORIENTED_EDGE('',*,*,#2362,.T.);
#1170=ORIENTED_EDGE('',*,*,#2269,.F.);
#1171=ORIENTED_EDGE('',*,*,#2363,.T.);
#1172=ORIENTED_EDGE('',*,*,#2322,.F.);
#1173=ORIENTED_EDGE('',*,*,#2359,.F.);
#1174=ORIENTED_EDGE('',*,*,#2363,.F.);
#1175=ORIENTED_EDGE('',*,*,#2268,.T.);
#1176=ORIENTED_EDGE('',*,*,#2364,.F.);
#1177=ORIENTED_EDGE('',*,*,#2323,.T.);
#1178=ORIENTED_EDGE('',*,*,#2295,.T.);
#1179=ORIENTED_EDGE('',*,*,#2365,.T.);
#1180=ORIENTED_EDGE('',*,*,#2366,.F.);
#1181=ORIENTED_EDGE('',*,*,#2367,.F.);
#1182=ORIENTED_EDGE('',*,*,#2277,.T.);
#1183=ORIENTED_EDGE('',*,*,#2362,.F.);
#1184=ORIENTED_EDGE('',*,*,#2324,.F.);
#1185=ORIENTED_EDGE('',*,*,#2364,.T.);
#1186=ORIENTED_EDGE('',*,*,#2267,.T.);
#1187=ORIENTED_EDGE('',*,*,#2368,.T.);
#1188=ORIENTED_EDGE('',*,*,#2369,.T.);
#1189=ORIENTED_EDGE('',*,*,#2370,.T.);
#1190=ORIENTED_EDGE('',*,*,#2371,.T.);
#1191=ORIENTED_EDGE('',*,*,#2252,.T.);
#1192=ORIENTED_EDGE('',*,*,#2371,.F.);
#1193=ORIENTED_EDGE('',*,*,#2372,.T.);
#1194=ORIENTED_EDGE('',*,*,#2253,.T.);
#1195=ORIENTED_EDGE('',*,*,#2372,.F.);
#1196=ORIENTED_EDGE('',*,*,#2373,.T.);
#1197=ORIENTED_EDGE('',*,*,#2254,.T.);
#1198=ORIENTED_EDGE('',*,*,#2373,.F.);
#1199=ORIENTED_EDGE('',*,*,#2318,.F.);
#1200=ORIENTED_EDGE('',*,*,#2329,.T.);
#1201=ORIENTED_EDGE('',*,*,#2317,.F.);
#1202=ORIENTED_EDGE('',*,*,#2330,.T.);
#1203=ORIENTED_EDGE('',*,*,#2316,.F.);
#1204=ORIENTED_EDGE('',*,*,#2331,.T.);
#1205=ORIENTED_EDGE('',*,*,#2315,.F.);
#1206=ORIENTED_EDGE('',*,*,#2332,.T.);
#1207=ORIENTED_EDGE('',*,*,#2374,.F.);
#1208=ORIENTED_EDGE('',*,*,#2333,.T.);
#1209=ORIENTED_EDGE('',*,*,#2375,.T.);
#1210=ORIENTED_EDGE('',*,*,#2310,.F.);
#1211=ORIENTED_EDGE('',*,*,#2375,.F.);
#1212=ORIENTED_EDGE('',*,*,#2339,.T.);
#1213=ORIENTED_EDGE('',*,*,#2376,.T.);
#1214=ORIENTED_EDGE('',*,*,#2311,.F.);
#1215=ORIENTED_EDGE('',*,*,#2376,.F.);
#1216=ORIENTED_EDGE('',*,*,#2338,.T.);
#1217=ORIENTED_EDGE('',*,*,#2377,.T.);
#1218=ORIENTED_EDGE('',*,*,#2312,.F.);
#1219=ORIENTED_EDGE('',*,*,#2377,.F.);
#1220=ORIENTED_EDGE('',*,*,#2337,.T.);
#1221=ORIENTED_EDGE('',*,*,#2378,.T.);
#1222=ORIENTED_EDGE('',*,*,#2313,.F.);
#1223=ORIENTED_EDGE('',*,*,#2378,.F.);
#1224=ORIENTED_EDGE('',*,*,#2336,.T.);
#1225=ORIENTED_EDGE('',*,*,#2379,.T.);
#1226=ORIENTED_EDGE('',*,*,#2314,.F.);
#1227=ORIENTED_EDGE('',*,*,#2379,.F.);
#1228=ORIENTED_EDGE('',*,*,#2335,.T.);
#1229=ORIENTED_EDGE('',*,*,#2380,.T.);
#1230=ORIENTED_EDGE('',*,*,#2308,.F.);
#1231=ORIENTED_EDGE('',*,*,#2380,.F.);
#1232=ORIENTED_EDGE('',*,*,#2334,.T.);
#1233=ORIENTED_EDGE('',*,*,#2374,.T.);
#1234=ORIENTED_EDGE('',*,*,#2309,.F.);
#1235=ORIENTED_EDGE('',*,*,#2279,.T.);
#1236=ORIENTED_EDGE('',*,*,#2260,.T.);
#1237=ORIENTED_EDGE('',*,*,#2282,.F.);
#1238=ORIENTED_EDGE('',*,*,#2305,.T.);
#1239=ORIENTED_EDGE('',*,*,#2278,.T.);
#1240=ORIENTED_EDGE('',*,*,#2304,.T.);
#1241=ORIENTED_EDGE('',*,*,#2284,.T.);
#1242=ORIENTED_EDGE('',*,*,#2262,.T.);
#1243=ORIENTED_EDGE('',*,*,#2290,.T.);
#1244=ORIENTED_EDGE('',*,*,#2301,.F.);
#1245=ORIENTED_EDGE('',*,*,#2350,.T.);
#1246=ORIENTED_EDGE('',*,*,#2297,.F.);
#1247=ORIENTED_EDGE('',*,*,#2287,.T.);
#1248=ORIENTED_EDGE('',*,*,#2381,.T.);
#1249=ORIENTED_EDGE('',*,*,#2369,.F.);
#1250=ORIENTED_EDGE('',*,*,#2382,.F.);
#1251=ORIENTED_EDGE('',*,*,#2348,.T.);
#1252=ORIENTED_EDGE('',*,*,#2347,.T.);
#1253=ORIENTED_EDGE('',*,*,#2382,.T.);
#1254=ORIENTED_EDGE('',*,*,#2368,.F.);
#1255=ORIENTED_EDGE('',*,*,#2266,.F.);
#1256=ORIENTED_EDGE('',*,*,#2292,.T.);
#1257=ORIENTED_EDGE('',*,*,#2296,.F.);
#1258=ORIENTED_EDGE('',*,*,#2370,.F.);
#1259=ORIENTED_EDGE('',*,*,#2381,.F.);
#1260=ORIENTED_EDGE('',*,*,#2383,.T.);
#1261=ORIENTED_EDGE('',*,*,#2366,.T.);
#1262=ORIENTED_EDGE('',*,*,#2384,.F.);
#1263=ORIENTED_EDGE('',*,*,#2352,.F.);
#1264=ORIENTED_EDGE('',*,*,#2349,.T.);
#1265=ORIENTED_EDGE('',*,*,#2384,.T.);
#1266=ORIENTED_EDGE('',*,*,#2365,.F.);
#1267=ORIENTED_EDGE('',*,*,#2294,.F.);
#1268=ORIENTED_EDGE('',*,*,#2255,.T.);
#1269=ORIENTED_EDGE('',*,*,#2367,.T.);
#1270=ORIENTED_EDGE('',*,*,#2383,.F.);
#1271=ORIENTED_EDGE('',*,*,#2351,.F.);
#1272=ORIENTED_EDGE('',*,*,#2344,.T.);
#1273=ORIENTED_EDGE('',*,*,#2385,.T.);
#1274=ORIENTED_EDGE('',*,*,#2386,.T.);
#1275=ORIENTED_EDGE('',*,*,#2387,.T.);
#1276=ORIENTED_EDGE('',*,*,#2388,.F.);
#1277=ORIENTED_EDGE('',*,*,#2386,.F.);
#1278=ORIENTED_EDGE('',*,*,#2389,.T.);
#1279=ORIENTED_EDGE('',*,*,#2342,.F.);
#1280=ORIENTED_EDGE('',*,*,#2389,.F.);
#1281=ORIENTED_EDGE('',*,*,#2385,.F.);
#1282=ORIENTED_EDGE('',*,*,#2343,.F.);
#1283=ORIENTED_EDGE('',*,*,#2387,.F.);
#1284=ORIENTED_EDGE('',*,*,#2388,.T.);
#1285=ORIENTED_EDGE('',*,*,#2341,.F.);
#1286=ORIENTED_EDGE('',*,*,#2299,.T.);
#1287=ORIENTED_EDGE('',*,*,#2320,.F.);
#1288=ORIENTED_EDGE('',*,*,#2298,.T.);
#1289=ORIENTED_EDGE('',*,*,#2319,.F.);
#1290=ORIENTED_EDGE('',*,*,#2390,.F.);
#1291=ORIENTED_EDGE('',*,*,#2391,.F.);
#1292=ORIENTED_EDGE('',*,*,#2392,.T.);
#1293=ORIENTED_EDGE('',*,*,#2393,.F.);
#1294=ORIENTED_EDGE('',*,*,#2394,.F.);
#1295=ORIENTED_EDGE('',*,*,#2395,.T.);
#1296=ORIENTED_EDGE('',*,*,#2396,.F.);
#1297=ORIENTED_EDGE('',*,*,#2397,.T.);
#1298=ORIENTED_EDGE('',*,*,#2398,.T.);
#1299=ORIENTED_EDGE('',*,*,#2399,.F.);
#1300=ORIENTED_EDGE('',*,*,#2400,.T.);
#1301=ORIENTED_EDGE('',*,*,#2391,.T.);
#1302=ORIENTED_EDGE('',*,*,#2401,.T.);
#1303=ORIENTED_EDGE('',*,*,#2396,.T.);
#1304=ORIENTED_EDGE('',*,*,#2402,.T.);
#1305=ORIENTED_EDGE('',*,*,#2403,.T.);
#1306=ORIENTED_EDGE('',*,*,#2404,.T.);
#1307=ORIENTED_EDGE('',*,*,#2405,.F.);
#1308=ORIENTED_EDGE('',*,*,#2406,.T.);
#1309=ORIENTED_EDGE('',*,*,#2399,.T.);
#1310=ORIENTED_EDGE('',*,*,#2407,.T.);
#1311=ORIENTED_EDGE('',*,*,#2408,.T.);
#1312=ORIENTED_EDGE('',*,*,#2409,.T.);
#1313=ORIENTED_EDGE('',*,*,#2410,.F.);
#1314=ORIENTED_EDGE('',*,*,#2411,.F.);
#1315=ORIENTED_EDGE('',*,*,#2412,.F.);
#1316=ORIENTED_EDGE('',*,*,#2413,.T.);
#1317=ORIENTED_EDGE('',*,*,#2414,.T.);
#1318=ORIENTED_EDGE('',*,*,#2415,.F.);
#1319=ORIENTED_EDGE('',*,*,#2416,.F.);
#1320=ORIENTED_EDGE('',*,*,#2417,.T.);
#1321=ORIENTED_EDGE('',*,*,#2418,.F.);
#1322=ORIENTED_EDGE('',*,*,#2419,.F.);
#1323=ORIENTED_EDGE('',*,*,#2420,.F.);
#1324=ORIENTED_EDGE('',*,*,#2421,.T.);
#1325=ORIENTED_EDGE('',*,*,#2422,.F.);
#1326=ORIENTED_EDGE('',*,*,#2423,.T.);
#1327=ORIENTED_EDGE('',*,*,#2424,.F.);
#1328=ORIENTED_EDGE('',*,*,#2425,.T.);
#1329=ORIENTED_EDGE('',*,*,#2426,.T.);
#1330=ORIENTED_EDGE('',*,*,#2427,.T.);
#1331=ORIENTED_EDGE('',*,*,#2428,.T.);
#1332=ORIENTED_EDGE('',*,*,#2429,.F.);
#1333=ORIENTED_EDGE('',*,*,#2430,.T.);
#1334=ORIENTED_EDGE('',*,*,#2431,.T.);
#1335=ORIENTED_EDGE('',*,*,#2432,.F.);
#1336=ORIENTED_EDGE('',*,*,#2433,.F.);
#1337=ORIENTED_EDGE('',*,*,#2426,.F.);
#1338=ORIENTED_EDGE('',*,*,#2434,.F.);
#1339=ORIENTED_EDGE('',*,*,#2435,.F.);
#1340=ORIENTED_EDGE('',*,*,#2436,.F.);
#1341=ORIENTED_EDGE('',*,*,#2437,.T.);
#1342=ORIENTED_EDGE('',*,*,#2438,.T.);
#1343=ORIENTED_EDGE('',*,*,#2439,.T.);
#1344=ORIENTED_EDGE('',*,*,#2440,.F.);
#1345=ORIENTED_EDGE('',*,*,#2441,.T.);
#1346=ORIENTED_EDGE('',*,*,#2442,.F.);
#1347=ORIENTED_EDGE('',*,*,#2441,.F.);
#1348=ORIENTED_EDGE('',*,*,#2443,.F.);
#1349=ORIENTED_EDGE('',*,*,#2444,.T.);
#1350=ORIENTED_EDGE('',*,*,#2445,.T.);
#1351=ORIENTED_EDGE('',*,*,#2446,.F.);
#1352=ORIENTED_EDGE('',*,*,#2447,.F.);
#1353=ORIENTED_EDGE('',*,*,#2448,.F.);
#1354=ORIENTED_EDGE('',*,*,#2449,.T.);
#1355=ORIENTED_EDGE('',*,*,#2450,.T.);
#1356=ORIENTED_EDGE('',*,*,#2451,.F.);
#1357=ORIENTED_EDGE('',*,*,#2452,.F.);
#1358=ORIENTED_EDGE('',*,*,#2453,.F.);
#1359=ORIENTED_EDGE('',*,*,#2454,.F.);
#1360=ORIENTED_EDGE('',*,*,#2455,.T.);
#1361=ORIENTED_EDGE('',*,*,#2456,.T.);
#1362=ORIENTED_EDGE('',*,*,#2457,.T.);
#1363=ORIENTED_EDGE('',*,*,#2458,.F.);
#1364=ORIENTED_EDGE('',*,*,#2459,.F.);
#1365=ORIENTED_EDGE('',*,*,#2460,.T.);
#1366=ORIENTED_EDGE('',*,*,#2461,.F.);
#1367=ORIENTED_EDGE('',*,*,#2462,.T.);
#1368=ORIENTED_EDGE('',*,*,#2463,.F.);
#1369=ORIENTED_EDGE('',*,*,#2464,.T.);
#1370=ORIENTED_EDGE('',*,*,#2465,.T.);
#1371=ORIENTED_EDGE('',*,*,#2466,.F.);
#1372=ORIENTED_EDGE('',*,*,#2467,.F.);
#1373=ORIENTED_EDGE('',*,*,#2468,.T.);
#1374=ORIENTED_EDGE('',*,*,#2469,.T.);
#1375=ORIENTED_EDGE('',*,*,#2470,.F.);
#1376=ORIENTED_EDGE('',*,*,#2471,.F.);
#1377=ORIENTED_EDGE('',*,*,#2472,.T.);
#1378=ORIENTED_EDGE('',*,*,#2473,.F.);
#1379=ORIENTED_EDGE('',*,*,#2474,.F.);
#1380=ORIENTED_EDGE('',*,*,#2475,.T.);
#1381=ORIENTED_EDGE('',*,*,#2476,.T.);
#1382=ORIENTED_EDGE('',*,*,#2477,.F.);
#1383=ORIENTED_EDGE('',*,*,#2478,.F.);
#1384=ORIENTED_EDGE('',*,*,#2479,.T.);
#1385=ORIENTED_EDGE('',*,*,#2480,.T.);
#1386=ORIENTED_EDGE('',*,*,#2481,.T.);
#1387=ORIENTED_EDGE('',*,*,#2482,.T.);
#1388=ORIENTED_EDGE('',*,*,#2483,.F.);
#1389=ORIENTED_EDGE('',*,*,#2484,.F.);
#1390=ORIENTED_EDGE('',*,*,#2485,.T.);
#1391=ORIENTED_EDGE('',*,*,#2486,.T.);
#1392=ORIENTED_EDGE('',*,*,#2487,.F.);
#1393=ORIENTED_EDGE('',*,*,#2488,.T.);
#1394=ORIENTED_EDGE('',*,*,#2489,.F.);
#1395=ORIENTED_EDGE('',*,*,#2490,.F.);
#1396=ORIENTED_EDGE('',*,*,#2491,.T.);
#1397=ORIENTED_EDGE('',*,*,#2492,.F.);
#1398=ORIENTED_EDGE('',*,*,#2493,.F.);
#1399=ORIENTED_EDGE('',*,*,#2494,.T.);
#1400=ORIENTED_EDGE('',*,*,#2495,.T.);
#1401=ORIENTED_EDGE('',*,*,#2491,.F.);
#1402=ORIENTED_EDGE('',*,*,#2496,.T.);
#1403=ORIENTED_EDGE('',*,*,#2497,.F.);
#1404=ORIENTED_EDGE('',*,*,#2498,.F.);
#1405=ORIENTED_EDGE('',*,*,#2499,.T.);
#1406=ORIENTED_EDGE('',*,*,#2485,.F.);
#1407=ORIENTED_EDGE('',*,*,#2500,.T.);
#1408=ORIENTED_EDGE('',*,*,#2498,.T.);
#1409=ORIENTED_EDGE('',*,*,#2501,.T.);
#1410=ORIENTED_EDGE('',*,*,#2502,.T.);
#1411=ORIENTED_EDGE('',*,*,#2503,.T.);
#1412=ORIENTED_EDGE('',*,*,#2494,.F.);
#1413=ORIENTED_EDGE('',*,*,#2504,.T.);
#1414=ORIENTED_EDGE('',*,*,#2505,.F.);
#1415=ORIENTED_EDGE('',*,*,#2506,.F.);
#1416=ORIENTED_EDGE('',*,*,#2507,.F.);
#1417=ORIENTED_EDGE('',*,*,#2508,.F.);
#1418=ORIENTED_EDGE('',*,*,#2509,.F.);
#1419=ORIENTED_EDGE('',*,*,#2493,.T.);
#1420=ORIENTED_EDGE('',*,*,#2510,.F.);
#1421=ORIENTED_EDGE('',*,*,#2502,.F.);
#1422=ORIENTED_EDGE('',*,*,#2395,.F.);
#1423=ORIENTED_EDGE('',*,*,#2511,.T.);
#1424=ORIENTED_EDGE('',*,*,#2512,.F.);
#1425=ORIENTED_EDGE('',*,*,#2513,.T.);
#1426=ORIENTED_EDGE('',*,*,#2514,.T.);
#1427=ORIENTED_EDGE('',*,*,#2515,.T.);
#1428=ORIENTED_EDGE('',*,*,#2516,.F.);
#1429=ORIENTED_EDGE('',*,*,#2517,.F.);
#1430=ORIENTED_EDGE('',*,*,#2518,.F.);
#1431=ORIENTED_EDGE('',*,*,#2402,.F.);
#1432=ORIENTED_EDGE('',*,*,#2519,.F.);
#1433=ORIENTED_EDGE('',*,*,#2468,.F.);
#1434=ORIENTED_EDGE('',*,*,#2520,.T.);
#1435=ORIENTED_EDGE('',*,*,#2521,.T.);
#1436=ORIENTED_EDGE('',*,*,#2470,.T.);
#1437=ORIENTED_EDGE('',*,*,#2522,.T.);
#1438=ORIENTED_EDGE('',*,*,#2515,.F.);
#1439=ORIENTED_EDGE('',*,*,#2523,.F.);
#1440=ORIENTED_EDGE('',*,*,#2524,.T.);
#1441=ORIENTED_EDGE('',*,*,#2525,.T.);
#1442=ORIENTED_EDGE('',*,*,#2526,.T.);
#1443=ORIENTED_EDGE('',*,*,#2527,.T.);
#1444=ORIENTED_EDGE('',*,*,#2489,.T.);
#1445=ORIENTED_EDGE('',*,*,#2528,.T.);
#1446=ORIENTED_EDGE('',*,*,#2529,.T.);
#1447=ORIENTED_EDGE('',*,*,#2403,.F.);
#1448=ORIENTED_EDGE('',*,*,#2518,.T.);
#1449=ORIENTED_EDGE('',*,*,#2530,.F.);
#1450=ORIENTED_EDGE('',*,*,#2531,.F.);
#1451=ORIENTED_EDGE('',*,*,#2532,.F.);
#1452=ORIENTED_EDGE('',*,*,#2533,.F.);
#1453=ORIENTED_EDGE('',*,*,#2534,.F.);
#1454=ORIENTED_EDGE('',*,*,#2535,.T.);
#1455=ORIENTED_EDGE('',*,*,#2536,.T.);
#1456=ORIENTED_EDGE('',*,*,#2537,.T.);
#1457=ORIENTED_EDGE('',*,*,#2521,.F.);
#1458=ORIENTED_EDGE('',*,*,#2538,.F.);
#1459=ORIENTED_EDGE('',*,*,#2539,.T.);
#1460=ORIENTED_EDGE('',*,*,#2540,.T.);
#1461=ORIENTED_EDGE('',*,*,#2541,.F.);
#1462=ORIENTED_EDGE('',*,*,#2542,.T.);
#1463=ORIENTED_EDGE('',*,*,#2543,.T.);
#1464=ORIENTED_EDGE('',*,*,#2544,.T.);
#1465=ORIENTED_EDGE('',*,*,#2545,.F.);
#1466=ORIENTED_EDGE('',*,*,#2546,.F.);
#1467=ORIENTED_EDGE('',*,*,#2547,.F.);
#1468=ORIENTED_EDGE('',*,*,#2548,.F.);
#1469=ORIENTED_EDGE('',*,*,#2507,.T.);
#1470=ORIENTED_EDGE('',*,*,#2549,.T.);
#1471=ORIENTED_EDGE('',*,*,#2505,.T.);
#1472=ORIENTED_EDGE('',*,*,#2550,.T.);
#1473=ORIENTED_EDGE('',*,*,#2551,.F.);
#1474=ORIENTED_EDGE('',*,*,#2454,.T.);
#1475=ORIENTED_EDGE('',*,*,#2552,.T.);
#1476=ORIENTED_EDGE('',*,*,#2553,.T.);
#1477=ORIENTED_EDGE('',*,*,#2554,.T.);
#1478=ORIENTED_EDGE('',*,*,#2555,.T.);
#1479=ORIENTED_EDGE('',*,*,#2556,.F.);
#1480=ORIENTED_EDGE('',*,*,#2557,.T.);
#1481=ORIENTED_EDGE('',*,*,#2558,.T.);
#1482=ORIENTED_EDGE('',*,*,#2559,.T.);
#1483=ORIENTED_EDGE('',*,*,#2560,.F.);
#1484=ORIENTED_EDGE('',*,*,#2561,.F.);
#1485=ORIENTED_EDGE('',*,*,#2443,.T.);
#1486=ORIENTED_EDGE('',*,*,#2440,.T.);
#1487=ORIENTED_EDGE('',*,*,#2562,.T.);
#1488=ORIENTED_EDGE('',*,*,#2563,.F.);
#1489=ORIENTED_EDGE('',*,*,#2564,.T.);
#1490=ORIENTED_EDGE('',*,*,#2552,.F.);
#1491=ORIENTED_EDGE('',*,*,#2453,.T.);
#1492=ORIENTED_EDGE('',*,*,#2565,.F.);
#1493=ORIENTED_EDGE('',*,*,#2566,.T.);
#1494=ORIENTED_EDGE('',*,*,#2567,.T.);
#1495=ORIENTED_EDGE('',*,*,#2459,.T.);
#1496=ORIENTED_EDGE('',*,*,#2568,.F.);
#1497=ORIENTED_EDGE('',*,*,#2569,.F.);
#1498=ORIENTED_EDGE('',*,*,#2570,.T.);
#1499=ORIENTED_EDGE('',*,*,#2479,.F.);
#1500=ORIENTED_EDGE('',*,*,#2571,.F.);
#1501=ORIENTED_EDGE('',*,*,#2544,.F.);
#1502=ORIENTED_EDGE('',*,*,#2572,.F.);
#1503=ORIENTED_EDGE('',*,*,#2573,.F.);
#1504=ORIENTED_EDGE('',*,*,#2574,.F.);
#1505=ORIENTED_EDGE('',*,*,#2575,.F.);
#1506=ORIENTED_EDGE('',*,*,#2576,.T.);
#1507=ORIENTED_EDGE('',*,*,#2577,.F.);
#1508=ORIENTED_EDGE('',*,*,#2576,.F.);
#1509=ORIENTED_EDGE('',*,*,#2578,.F.);
#1510=ORIENTED_EDGE('',*,*,#2579,.T.);
#1511=ORIENTED_EDGE('',*,*,#2580,.F.);
#1512=ORIENTED_EDGE('',*,*,#2579,.F.);
#1513=ORIENTED_EDGE('',*,*,#2581,.F.);
#1514=ORIENTED_EDGE('',*,*,#2582,.T.);
#1515=ORIENTED_EDGE('',*,*,#2583,.F.);
#1516=ORIENTED_EDGE('',*,*,#2582,.F.);
#1517=ORIENTED_EDGE('',*,*,#2584,.F.);
#1518=ORIENTED_EDGE('',*,*,#2585,.T.);
#1519=ORIENTED_EDGE('',*,*,#2586,.F.);
#1520=ORIENTED_EDGE('',*,*,#2585,.F.);
#1521=ORIENTED_EDGE('',*,*,#2587,.F.);
#1522=ORIENTED_EDGE('',*,*,#2588,.T.);
#1523=ORIENTED_EDGE('',*,*,#2589,.F.);
#1524=ORIENTED_EDGE('',*,*,#2588,.F.);
#1525=ORIENTED_EDGE('',*,*,#2590,.F.);
#1526=ORIENTED_EDGE('',*,*,#2591,.T.);
#1527=ORIENTED_EDGE('',*,*,#2592,.F.);
#1528=ORIENTED_EDGE('',*,*,#2591,.F.);
#1529=ORIENTED_EDGE('',*,*,#2593,.F.);
#1530=ORIENTED_EDGE('',*,*,#2594,.T.);
#1531=ORIENTED_EDGE('',*,*,#2595,.F.);
#1532=ORIENTED_EDGE('',*,*,#2596,.T.);
#1533=ORIENTED_EDGE('',*,*,#2597,.T.);
#1534=ORIENTED_EDGE('',*,*,#2598,.F.);
#1535=ORIENTED_EDGE('',*,*,#2599,.T.);
#1536=ORIENTED_EDGE('',*,*,#2600,.F.);
#1537=ORIENTED_EDGE('',*,*,#2594,.F.);
#1538=ORIENTED_EDGE('',*,*,#2601,.F.);
#1539=ORIENTED_EDGE('',*,*,#2602,.F.);
#1540=ORIENTED_EDGE('',*,*,#2574,.T.);
#1541=ORIENTED_EDGE('',*,*,#2577,.T.);
#1542=ORIENTED_EDGE('',*,*,#2580,.T.);
#1543=ORIENTED_EDGE('',*,*,#2583,.T.);
#1544=ORIENTED_EDGE('',*,*,#2586,.T.);
#1545=ORIENTED_EDGE('',*,*,#2589,.T.);
#1546=ORIENTED_EDGE('',*,*,#2592,.T.);
#1547=ORIENTED_EDGE('',*,*,#2600,.T.);
#1548=ORIENTED_EDGE('',*,*,#2603,.T.);
#1549=ORIENTED_EDGE('',*,*,#2602,.T.);
#1550=ORIENTED_EDGE('',*,*,#2604,.T.);
#1551=ORIENTED_EDGE('',*,*,#2423,.F.);
#1552=ORIENTED_EDGE('',*,*,#2605,.F.);
#1553=ORIENTED_EDGE('',*,*,#2606,.T.);
#1554=ORIENTED_EDGE('',*,*,#2524,.F.);
#1555=ORIENTED_EDGE('',*,*,#2549,.F.);
#1556=ORIENTED_EDGE('',*,*,#2506,.T.);
#1557=ORIENTED_EDGE('',*,*,#2596,.F.);
#1558=ORIENTED_EDGE('',*,*,#2466,.T.);
#1559=ORIENTED_EDGE('',*,*,#2607,.T.);
#1560=ORIENTED_EDGE('',*,*,#2480,.F.);
#1561=ORIENTED_EDGE('',*,*,#2608,.F.);
#1562=ORIENTED_EDGE('',*,*,#2609,.F.);
#1563=ORIENTED_EDGE('',*,*,#2472,.F.);
#1564=ORIENTED_EDGE('',*,*,#2610,.F.);
#1565=ORIENTED_EDGE('',*,*,#2605,.T.);
#1566=ORIENTED_EDGE('',*,*,#2611,.F.);
#1567=ORIENTED_EDGE('',*,*,#2610,.T.);
#1568=ORIENTED_EDGE('',*,*,#2471,.T.);
#1569=ORIENTED_EDGE('',*,*,#2525,.F.);
#1570=ORIENTED_EDGE('',*,*,#2606,.F.);
#1571=ORIENTED_EDGE('',*,*,#2612,.F.);
#1572=ORIENTED_EDGE('',*,*,#2598,.T.);
#1573=ORIENTED_EDGE('',*,*,#2593,.T.);
#1574=ORIENTED_EDGE('',*,*,#2590,.T.);
#1575=ORIENTED_EDGE('',*,*,#2587,.T.);
#1576=ORIENTED_EDGE('',*,*,#2584,.T.);
#1577=ORIENTED_EDGE('',*,*,#2581,.T.);
#1578=ORIENTED_EDGE('',*,*,#2578,.T.);
#1579=ORIENTED_EDGE('',*,*,#2575,.T.);
#1580=ORIENTED_EDGE('',*,*,#2523,.T.);
#1581=ORIENTED_EDGE('',*,*,#2514,.F.);
#1582=ORIENTED_EDGE('',*,*,#2613,.F.);
#1583=ORIENTED_EDGE('',*,*,#2614,.F.);
#1584=ORIENTED_EDGE('',*,*,#2615,.F.);
#1585=ORIENTED_EDGE('',*,*,#2616,.F.);
#1586=ORIENTED_EDGE('',*,*,#2617,.F.);
#1587=ORIENTED_EDGE('',*,*,#2618,.F.);
#1588=ORIENTED_EDGE('',*,*,#2614,.T.);
#1589=ORIENTED_EDGE('',*,*,#2619,.F.);
#1590=ORIENTED_EDGE('',*,*,#2620,.F.);
#1591=ORIENTED_EDGE('',*,*,#2621,.F.);
#1592=ORIENTED_EDGE('',*,*,#2617,.T.);
#1593=ORIENTED_EDGE('',*,*,#2622,.F.);
#1594=ORIENTED_EDGE('',*,*,#2623,.F.);
#1595=ORIENTED_EDGE('',*,*,#2624,.F.);
#1596=ORIENTED_EDGE('',*,*,#2620,.T.);
#1597=ORIENTED_EDGE('',*,*,#2625,.F.);
#1598=ORIENTED_EDGE('',*,*,#2626,.F.);
#1599=ORIENTED_EDGE('',*,*,#2627,.F.);
#1600=ORIENTED_EDGE('',*,*,#2623,.T.);
#1601=ORIENTED_EDGE('',*,*,#2628,.F.);
#1602=ORIENTED_EDGE('',*,*,#2629,.F.);
#1603=ORIENTED_EDGE('',*,*,#2630,.F.);
#1604=ORIENTED_EDGE('',*,*,#2626,.T.);
#1605=ORIENTED_EDGE('',*,*,#2631,.F.);
#1606=ORIENTED_EDGE('',*,*,#2556,.T.);
#1607=ORIENTED_EDGE('',*,*,#2632,.T.);
#1608=ORIENTED_EDGE('',*,*,#2474,.T.);
#1609=ORIENTED_EDGE('',*,*,#2475,.F.);
#1610=ORIENTED_EDGE('',*,*,#2632,.F.);
#1611=ORIENTED_EDGE('',*,*,#2555,.F.);
#1612=ORIENTED_EDGE('',*,*,#2633,.T.);
#1613=ORIENTED_EDGE('',*,*,#2438,.F.);
#1614=ORIENTED_EDGE('',*,*,#2634,.T.);
#1615=ORIENTED_EDGE('',*,*,#2476,.F.);
#1616=ORIENTED_EDGE('',*,*,#2633,.F.);
#1617=ORIENTED_EDGE('',*,*,#2554,.F.);
#1618=ORIENTED_EDGE('',*,*,#2635,.T.);
#1619=ORIENTED_EDGE('',*,*,#2636,.F.);
#1620=ORIENTED_EDGE('',*,*,#2637,.F.);
#1621=ORIENTED_EDGE('',*,*,#2638,.F.);
#1622=ORIENTED_EDGE('',*,*,#2629,.T.);
#1623=ORIENTED_EDGE('',*,*,#2639,.T.);
#1624=ORIENTED_EDGE('',*,*,#2640,.T.);
#1625=ORIENTED_EDGE('',*,*,#2535,.F.);
#1626=ORIENTED_EDGE('',*,*,#2641,.T.);
#1627=ORIENTED_EDGE('',*,*,#2642,.T.);
#1628=ORIENTED_EDGE('',*,*,#2643,.T.);
#1629=ORIENTED_EDGE('',*,*,#2481,.F.);
#1630=ORIENTED_EDGE('',*,*,#2609,.T.);
#1631=ORIENTED_EDGE('',*,*,#2644,.T.);
#1632=ORIENTED_EDGE('',*,*,#2645,.F.);
#1633=ORIENTED_EDGE('',*,*,#2646,.F.);
#1634=ORIENTED_EDGE('',*,*,#2607,.F.);
#1635=ORIENTED_EDGE('',*,*,#2465,.F.);
#1636=ORIENTED_EDGE('',*,*,#2647,.F.);
#1637=ORIENTED_EDGE('',*,*,#2648,.T.);
#1638=ORIENTED_EDGE('',*,*,#2649,.T.);
#1639=ORIENTED_EDGE('',*,*,#2650,.T.);
#1640=ORIENTED_EDGE('',*,*,#2651,.T.);
#1641=ORIENTED_EDGE('',*,*,#2652,.T.);
#1642=ORIENTED_EDGE('',*,*,#2653,.T.);
#1643=ORIENTED_EDGE('',*,*,#2654,.T.);
#1644=ORIENTED_EDGE('',*,*,#2655,.T.);
#1645=ORIENTED_EDGE('',*,*,#2656,.F.);
#1646=ORIENTED_EDGE('',*,*,#2657,.T.);
#1647=ORIENTED_EDGE('',*,*,#2597,.F.);
#1648=ORIENTED_EDGE('',*,*,#2646,.T.);
#1649=ORIENTED_EDGE('',*,*,#2658,.F.);
#1650=ORIENTED_EDGE('',*,*,#2659,.F.);
#1651=ORIENTED_EDGE('',*,*,#2660,.T.);
#1652=ORIENTED_EDGE('',*,*,#2463,.T.);
#1653=ORIENTED_EDGE('',*,*,#2611,.T.);
#1654=ORIENTED_EDGE('',*,*,#2422,.T.);
#1655=ORIENTED_EDGE('',*,*,#2661,.T.);
#1656=ORIENTED_EDGE('',*,*,#2457,.F.);
#1657=ORIENTED_EDGE('',*,*,#2662,.F.);
#1658=ORIENTED_EDGE('',*,*,#2663,.F.);
#1659=ORIENTED_EDGE('',*,*,#2533,.T.);
#1660=ORIENTED_EDGE('',*,*,#2664,.F.);
#1661=ORIENTED_EDGE('',*,*,#2665,.T.);
#1662=ORIENTED_EDGE('',*,*,#2666,.F.);
#1663=ORIENTED_EDGE('',*,*,#2531,.T.);
#1664=ORIENTED_EDGE('',*,*,#2430,.F.);
#1665=ORIENTED_EDGE('',*,*,#2667,.T.);
#1666=ORIENTED_EDGE('',*,*,#2668,.T.);
#1667=ORIENTED_EDGE('',*,*,#2669,.F.);
#1668=ORIENTED_EDGE('',*,*,#2670,.F.);
#1669=ORIENTED_EDGE('',*,*,#2434,.T.);
#1670=ORIENTED_EDGE('',*,*,#2425,.F.);
#1671=ORIENTED_EDGE('',*,*,#2671,.F.);
#1672=ORIENTED_EDGE('',*,*,#2487,.T.);
#1673=ORIENTED_EDGE('',*,*,#2672,.T.);
#1674=ORIENTED_EDGE('',*,*,#2673,.F.);
#1675=ORIENTED_EDGE('',*,*,#2435,.T.);
#1676=ORIENTED_EDGE('',*,*,#2670,.T.);
#1677=ORIENTED_EDGE('',*,*,#2674,.F.);
#1678=ORIENTED_EDGE('',*,*,#2675,.F.);
#1679=ORIENTED_EDGE('',*,*,#2675,.T.);
#1680=ORIENTED_EDGE('',*,*,#2676,.T.);
#1681=ORIENTED_EDGE('',*,*,#2528,.F.);
#1682=ORIENTED_EDGE('',*,*,#2488,.F.);
#1683=ORIENTED_EDGE('',*,*,#2677,.F.);
#1684=ORIENTED_EDGE('',*,*,#2678,.F.);
#1685=ORIENTED_EDGE('',*,*,#2512,.T.);
#1686=ORIENTED_EDGE('',*,*,#2678,.T.);
#1687=ORIENTED_EDGE('',*,*,#2679,.T.);
#1688=ORIENTED_EDGE('',*,*,#2680,.T.);
#1689=ORIENTED_EDGE('',*,*,#2681,.F.);
#1690=ORIENTED_EDGE('',*,*,#2405,.T.);
#1691=ORIENTED_EDGE('',*,*,#2682,.T.);
#1692=ORIENTED_EDGE('',*,*,#2683,.F.);
#1693=ORIENTED_EDGE('',*,*,#2538,.T.);
#1694=ORIENTED_EDGE('',*,*,#2520,.F.);
#1695=ORIENTED_EDGE('',*,*,#2467,.T.);
#1696=ORIENTED_EDGE('',*,*,#2595,.T.);
#1697=ORIENTED_EDGE('',*,*,#2657,.F.);
#1698=ORIENTED_EDGE('',*,*,#2684,.T.);
#1699=ORIENTED_EDGE('',*,*,#2420,.T.);
#1700=ORIENTED_EDGE('',*,*,#2685,.T.);
#1701=ORIENTED_EDGE('',*,*,#2686,.F.);
#1702=ORIENTED_EDGE('',*,*,#2687,.F.);
#1703=ORIENTED_EDGE('',*,*,#2416,.T.);
#1704=ORIENTED_EDGE('',*,*,#2604,.F.);
#1705=ORIENTED_EDGE('',*,*,#2601,.T.);
#1706=ORIENTED_EDGE('',*,*,#2599,.F.);
#1707=ORIENTED_EDGE('',*,*,#2612,.T.);
#1708=ORIENTED_EDGE('',*,*,#2513,.F.);
#1709=ORIENTED_EDGE('',*,*,#2539,.F.);
#1710=ORIENTED_EDGE('',*,*,#2683,.T.);
#1711=ORIENTED_EDGE('',*,*,#2688,.F.);
#1712=ORIENTED_EDGE('',*,*,#2689,.F.);
#1713=ORIENTED_EDGE('',*,*,#2690,.F.);
#1714=ORIENTED_EDGE('',*,*,#2691,.F.);
#1715=ORIENTED_EDGE('',*,*,#2540,.F.);
#1716=ORIENTED_EDGE('',*,*,#2689,.T.);
#1717=ORIENTED_EDGE('',*,*,#2692,.F.);
#1718=ORIENTED_EDGE('',*,*,#2693,.F.);
#1719=ORIENTED_EDGE('',*,*,#2541,.T.);
#1720=ORIENTED_EDGE('',*,*,#2691,.T.);
#1721=ORIENTED_EDGE('',*,*,#2693,.T.);
#1722=ORIENTED_EDGE('',*,*,#2694,.T.);
#1723=ORIENTED_EDGE('',*,*,#2695,.F.);
#1724=ORIENTED_EDGE('',*,*,#2542,.F.);
#1725=ORIENTED_EDGE('',*,*,#2696,.T.);
#1726=ORIENTED_EDGE('',*,*,#2697,.T.);
#1727=ORIENTED_EDGE('',*,*,#2698,.F.);
#1728=ORIENTED_EDGE('',*,*,#2568,.T.);
#1729=ORIENTED_EDGE('',*,*,#2458,.T.);
#1730=ORIENTED_EDGE('',*,*,#2661,.F.);
#1731=ORIENTED_EDGE('',*,*,#2421,.F.);
#1732=ORIENTED_EDGE('',*,*,#2684,.F.);
#1733=ORIENTED_EDGE('',*,*,#2656,.T.);
#1734=ORIENTED_EDGE('',*,*,#2645,.T.);
#1735=ORIENTED_EDGE('',*,*,#2699,.F.);
#1736=ORIENTED_EDGE('',*,*,#2563,.T.);
#1737=ORIENTED_EDGE('',*,*,#2700,.F.);
#1738=ORIENTED_EDGE('',*,*,#2637,.T.);
#1739=ORIENTED_EDGE('',*,*,#2564,.F.);
#1740=ORIENTED_EDGE('',*,*,#2699,.T.);
#1741=ORIENTED_EDGE('',*,*,#2636,.T.);
#1742=ORIENTED_EDGE('',*,*,#2628,.T.);
#1743=ORIENTED_EDGE('',*,*,#2625,.T.);
#1744=ORIENTED_EDGE('',*,*,#2622,.T.);
#1745=ORIENTED_EDGE('',*,*,#2619,.T.);
#1746=ORIENTED_EDGE('',*,*,#2616,.T.);
#1747=ORIENTED_EDGE('',*,*,#2613,.T.);
#1748=ORIENTED_EDGE('',*,*,#2553,.F.);
#1749=ORIENTED_EDGE('',*,*,#2562,.F.);
#1750=ORIENTED_EDGE('',*,*,#2439,.F.);
#1751=ORIENTED_EDGE('',*,*,#2635,.F.);
#1752=ORIENTED_EDGE('',*,*,#2615,.T.);
#1753=ORIENTED_EDGE('',*,*,#2618,.T.);
#1754=ORIENTED_EDGE('',*,*,#2621,.T.);
#1755=ORIENTED_EDGE('',*,*,#2624,.T.);
#1756=ORIENTED_EDGE('',*,*,#2627,.T.);
#1757=ORIENTED_EDGE('',*,*,#2630,.T.);
#1758=ORIENTED_EDGE('',*,*,#2638,.T.);
#1759=ORIENTED_EDGE('',*,*,#2700,.T.);
#1760=ORIENTED_EDGE('',*,*,#2701,.F.);
#1761=ORIENTED_EDGE('',*,*,#2545,.T.);
#1762=ORIENTED_EDGE('',*,*,#2571,.T.);
#1763=ORIENTED_EDGE('',*,*,#2478,.T.);
#1764=ORIENTED_EDGE('',*,*,#2702,.T.);
#1765=ORIENTED_EDGE('',*,*,#2703,.T.);
#1766=ORIENTED_EDGE('',*,*,#2704,.T.);
#1767=ORIENTED_EDGE('',*,*,#2705,.T.);
#1768=ORIENTED_EDGE('',*,*,#2573,.T.);
#1769=ORIENTED_EDGE('',*,*,#2706,.F.);
#1770=ORIENTED_EDGE('',*,*,#2694,.F.);
#1771=ORIENTED_EDGE('',*,*,#2692,.T.);
#1772=ORIENTED_EDGE('',*,*,#2690,.T.);
#1773=ORIENTED_EDGE('',*,*,#2688,.T.);
#1774=ORIENTED_EDGE('',*,*,#2682,.F.);
#1775=ORIENTED_EDGE('',*,*,#2407,.F.);
#1776=ORIENTED_EDGE('',*,*,#2404,.F.);
#1777=ORIENTED_EDGE('',*,*,#2529,.F.);
#1778=ORIENTED_EDGE('',*,*,#2676,.F.);
#1779=ORIENTED_EDGE('',*,*,#2674,.T.);
#1780=ORIENTED_EDGE('',*,*,#2669,.T.);
#1781=ORIENTED_EDGE('',*,*,#2668,.F.);
#1782=ORIENTED_EDGE('',*,*,#2707,.T.);
#1783=ORIENTED_EDGE('',*,*,#2558,.F.);
#1784=ORIENTED_EDGE('',*,*,#2705,.F.);
#1785=ORIENTED_EDGE('',*,*,#2706,.T.);
#1786=ORIENTED_EDGE('',*,*,#2572,.T.);
#1787=ORIENTED_EDGE('',*,*,#2543,.F.);
#1788=ORIENTED_EDGE('',*,*,#2695,.T.);
#1789=ORIENTED_EDGE('',*,*,#2570,.F.);
#1790=ORIENTED_EDGE('',*,*,#2708,.F.);
#1791=ORIENTED_EDGE('',*,*,#2608,.T.);
#1792=ORIENTED_EDGE('',*,*,#2708,.T.);
#1793=ORIENTED_EDGE('',*,*,#2569,.T.);
#1794=ORIENTED_EDGE('',*,*,#2698,.T.);
#1795=ORIENTED_EDGE('',*,*,#2644,.F.);
#1796=ORIENTED_EDGE('',*,*,#2482,.F.);
#1797=ORIENTED_EDGE('',*,*,#2557,.F.);
#1798=ORIENTED_EDGE('',*,*,#2462,.F.);
#1799=ORIENTED_EDGE('',*,*,#2603,.F.);
#1800=ORIENTED_EDGE('',*,*,#2500,.F.);
#1801=ORIENTED_EDGE('',*,*,#2483,.T.);
#1802=ORIENTED_EDGE('',*,*,#2709,.F.);
#1803=ORIENTED_EDGE('',*,*,#2704,.F.);
#1804=ORIENTED_EDGE('',*,*,#2709,.T.);
#1805=ORIENTED_EDGE('',*,*,#2710,.F.);
#1806=ORIENTED_EDGE('',*,*,#2703,.F.);
#1807=ORIENTED_EDGE('',*,*,#2710,.T.);
#1808=ORIENTED_EDGE('',*,*,#2711,.F.);
#1809=ORIENTED_EDGE('',*,*,#2702,.F.);
#1810=ORIENTED_EDGE('',*,*,#2711,.T.);
#1811=ORIENTED_EDGE('',*,*,#2712,.F.);
#1812=ORIENTED_EDGE('',*,*,#2697,.F.);
#1813=ORIENTED_EDGE('',*,*,#2712,.T.);
#1814=ORIENTED_EDGE('',*,*,#2713,.F.);
#1815=ORIENTED_EDGE('',*,*,#2696,.F.);
#1816=ORIENTED_EDGE('',*,*,#2713,.T.);
#1817=ORIENTED_EDGE('',*,*,#2436,.T.);
#1818=ORIENTED_EDGE('',*,*,#2673,.T.);
#1819=ORIENTED_EDGE('',*,*,#2714,.F.);
#1820=ORIENTED_EDGE('',*,*,#2715,.F.);
#1821=ORIENTED_EDGE('',*,*,#2716,.F.);
#1822=ORIENTED_EDGE('',*,*,#2486,.F.);
#1823=ORIENTED_EDGE('',*,*,#2499,.F.);
#1824=ORIENTED_EDGE('',*,*,#2508,.T.);
#1825=ORIENTED_EDGE('',*,*,#2548,.T.);
#1826=ORIENTED_EDGE('',*,*,#2717,.T.);
#1827=ORIENTED_EDGE('',*,*,#2714,.T.);
#1828=ORIENTED_EDGE('',*,*,#2672,.F.);
#1829=ORIENTED_EDGE('',*,*,#2716,.T.);
#1830=ORIENTED_EDGE('',*,*,#2718,.F.);
#1831=ORIENTED_EDGE('',*,*,#2546,.T.);
#1832=ORIENTED_EDGE('',*,*,#2701,.T.);
#1833=ORIENTED_EDGE('',*,*,#2477,.T.);
#1834=ORIENTED_EDGE('',*,*,#2634,.F.);
#1835=ORIENTED_EDGE('',*,*,#2437,.F.);
#1836=ORIENTED_EDGE('',*,*,#2547,.T.);
#1837=ORIENTED_EDGE('',*,*,#2718,.T.);
#1838=ORIENTED_EDGE('',*,*,#2715,.T.);
#1839=ORIENTED_EDGE('',*,*,#2717,.F.);
#1840=ORIENTED_EDGE('',*,*,#2517,.T.);
#1841=ORIENTED_EDGE('',*,*,#2719,.T.);
#1842=ORIENTED_EDGE('',*,*,#2720,.T.);
#1843=ORIENTED_EDGE('',*,*,#2721,.T.);
#1844=ORIENTED_EDGE('',*,*,#2526,.F.);
#1845=ORIENTED_EDGE('',*,*,#2516,.T.);
#1846=ORIENTED_EDGE('',*,*,#2522,.F.);
#1847=ORIENTED_EDGE('',*,*,#2469,.F.);
#1848=ORIENTED_EDGE('',*,*,#2519,.T.);
#1849=ORIENTED_EDGE('',*,*,#2537,.F.);
#1850=ORIENTED_EDGE('',*,*,#2722,.T.);
#1851=ORIENTED_EDGE('',*,*,#2719,.F.);
#1852=ORIENTED_EDGE('',*,*,#2723,.T.);
#1853=ORIENTED_EDGE('',*,*,#2720,.F.);
#1854=ORIENTED_EDGE('',*,*,#2722,.F.);
#1855=ORIENTED_EDGE('',*,*,#2536,.F.);
#1856=ORIENTED_EDGE('',*,*,#2721,.F.);
#1857=ORIENTED_EDGE('',*,*,#2723,.F.);
#1858=ORIENTED_EDGE('',*,*,#2550,.F.);
#1859=ORIENTED_EDGE('',*,*,#2504,.F.);
#1860=ORIENTED_EDGE('',*,*,#2496,.F.);
#1861=ORIENTED_EDGE('',*,*,#2490,.T.);
#1862=ORIENTED_EDGE('',*,*,#2527,.F.);
#1863=ORIENTED_EDGE('',*,*,#2724,.F.);
#1864=ORIENTED_EDGE('',*,*,#2665,.F.);
#1865=ORIENTED_EDGE('',*,*,#2725,.T.);
#1866=ORIENTED_EDGE('',*,*,#2726,.T.);
#1867=ORIENTED_EDGE('',*,*,#2727,.T.);
#1868=ORIENTED_EDGE('',*,*,#2728,.T.);
#1869=ORIENTED_EDGE('',*,*,#2729,.T.);
#1870=ORIENTED_EDGE('',*,*,#2730,.T.);
#1871=ORIENTED_EDGE('',*,*,#2731,.T.);
#1872=ORIENTED_EDGE('',*,*,#2732,.T.);
#1873=ORIENTED_EDGE('',*,*,#2664,.T.);
#1874=ORIENTED_EDGE('',*,*,#2532,.T.);
#1875=ORIENTED_EDGE('',*,*,#2666,.T.);
#1876=ORIENTED_EDGE('',*,*,#2724,.T.);
#1877=ORIENTED_EDGE('',*,*,#2492,.T.);
#1878=ORIENTED_EDGE('',*,*,#2495,.F.);
#1879=ORIENTED_EDGE('',*,*,#2503,.F.);
#1880=ORIENTED_EDGE('',*,*,#2510,.T.);
#1881=ORIENTED_EDGE('',*,*,#2484,.T.);
#1882=ORIENTED_EDGE('',*,*,#2509,.T.);
#1883=ORIENTED_EDGE('',*,*,#2501,.F.);
#1884=ORIENTED_EDGE('',*,*,#2497,.T.);
#1885=ORIENTED_EDGE('',*,*,#2733,.F.);
#1886=ORIENTED_EDGE('',*,*,#2726,.F.);
#1887=ORIENTED_EDGE('',*,*,#2734,.T.);
#1888=ORIENTED_EDGE('',*,*,#2649,.F.);
#1889=ORIENTED_EDGE('',*,*,#2734,.F.);
#1890=ORIENTED_EDGE('',*,*,#2725,.F.);
#1891=ORIENTED_EDGE('',*,*,#2735,.T.);
#1892=ORIENTED_EDGE('',*,*,#2650,.F.);
#1893=ORIENTED_EDGE('',*,*,#2735,.F.);
#1894=ORIENTED_EDGE('',*,*,#2732,.F.);
#1895=ORIENTED_EDGE('',*,*,#2736,.T.);
#1896=ORIENTED_EDGE('',*,*,#2651,.F.);
#1897=ORIENTED_EDGE('',*,*,#2736,.F.);
#1898=ORIENTED_EDGE('',*,*,#2731,.F.);
#1899=ORIENTED_EDGE('',*,*,#2737,.T.);
#1900=ORIENTED_EDGE('',*,*,#2652,.F.);
#1901=ORIENTED_EDGE('',*,*,#2737,.F.);
#1902=ORIENTED_EDGE('',*,*,#2730,.F.);
#1903=ORIENTED_EDGE('',*,*,#2738,.T.);
#1904=ORIENTED_EDGE('',*,*,#2653,.F.);
#1905=ORIENTED_EDGE('',*,*,#2738,.F.);
#1906=ORIENTED_EDGE('',*,*,#2729,.F.);
#1907=ORIENTED_EDGE('',*,*,#2739,.T.);
#1908=ORIENTED_EDGE('',*,*,#2654,.F.);
#1909=ORIENTED_EDGE('',*,*,#2739,.F.);
#1910=ORIENTED_EDGE('',*,*,#2728,.F.);
#1911=ORIENTED_EDGE('',*,*,#2740,.T.);
#1912=ORIENTED_EDGE('',*,*,#2655,.F.);
#1913=ORIENTED_EDGE('',*,*,#2740,.F.);
#1914=ORIENTED_EDGE('',*,*,#2727,.F.);
#1915=ORIENTED_EDGE('',*,*,#2733,.T.);
#1916=ORIENTED_EDGE('',*,*,#2648,.F.);
#1917=ORIENTED_EDGE('',*,*,#2534,.T.);
#1918=ORIENTED_EDGE('',*,*,#2663,.T.);
#1919=ORIENTED_EDGE('',*,*,#2741,.T.);
#1920=ORIENTED_EDGE('',*,*,#2641,.F.);
#1921=ORIENTED_EDGE('',*,*,#2742,.F.);
#1922=ORIENTED_EDGE('',*,*,#2455,.F.);
#1923=ORIENTED_EDGE('',*,*,#2551,.T.);
#1924=ORIENTED_EDGE('',*,*,#2631,.T.);
#1925=ORIENTED_EDGE('',*,*,#2473,.T.);
#1926=ORIENTED_EDGE('',*,*,#2643,.F.);
#1927=ORIENTED_EDGE('',*,*,#2741,.F.);
#1928=ORIENTED_EDGE('',*,*,#2662,.T.);
#1929=ORIENTED_EDGE('',*,*,#2456,.F.);
#1930=ORIENTED_EDGE('',*,*,#2742,.T.);
#1931=ORIENTED_EDGE('',*,*,#2642,.F.);
#1932=ORIENTED_EDGE('',*,*,#2743,.F.);
#1933=ORIENTED_EDGE('',*,*,#2658,.T.);
#1934=ORIENTED_EDGE('',*,*,#2530,.T.);
#1935=ORIENTED_EDGE('',*,*,#2640,.F.);
#1936=ORIENTED_EDGE('',*,*,#2647,.T.);
#1937=ORIENTED_EDGE('',*,*,#2464,.F.);
#1938=ORIENTED_EDGE('',*,*,#2660,.F.);
#1939=ORIENTED_EDGE('',*,*,#2744,.T.);
#1940=ORIENTED_EDGE('',*,*,#2744,.F.);
#1941=ORIENTED_EDGE('',*,*,#2659,.T.);
#1942=ORIENTED_EDGE('',*,*,#2743,.T.);
#1943=ORIENTED_EDGE('',*,*,#2639,.F.);
#1944=ORIENTED_EDGE('',*,*,#2565,.T.);
#1945=ORIENTED_EDGE('',*,*,#2452,.T.);
#1946=ORIENTED_EDGE('',*,*,#2745,.F.);
#1947=ORIENTED_EDGE('',*,*,#2444,.F.);
#1948=ORIENTED_EDGE('',*,*,#2746,.T.);
#1949=ORIENTED_EDGE('',*,*,#2460,.F.);
#1950=ORIENTED_EDGE('',*,*,#2567,.F.);
#1951=ORIENTED_EDGE('',*,*,#2747,.F.);
#1952=ORIENTED_EDGE('',*,*,#2446,.T.);
#1953=ORIENTED_EDGE('',*,*,#2748,.T.);
#1954=ORIENTED_EDGE('',*,*,#2745,.T.);
#1955=ORIENTED_EDGE('',*,*,#2461,.T.);
#1956=ORIENTED_EDGE('',*,*,#2748,.F.);
#1957=ORIENTED_EDGE('',*,*,#2445,.F.);
#1958=ORIENTED_EDGE('',*,*,#2566,.F.);
#1959=ORIENTED_EDGE('',*,*,#2746,.F.);
#1960=ORIENTED_EDGE('',*,*,#2447,.T.);
#1961=ORIENTED_EDGE('',*,*,#2747,.T.);
#1962=ORIENTED_EDGE('',*,*,#2749,.F.);
#1963=ORIENTED_EDGE('',*,*,#2750,.F.);
#1964=ORIENTED_EDGE('',*,*,#2448,.T.);
#1965=ORIENTED_EDGE('',*,*,#2751,.T.);
#1966=ORIENTED_EDGE('',*,*,#2752,.T.);
#1967=ORIENTED_EDGE('',*,*,#2753,.F.);
#1968=ORIENTED_EDGE('',*,*,#2449,.F.);
#1969=ORIENTED_EDGE('',*,*,#2750,.T.);
#1970=ORIENTED_EDGE('',*,*,#2754,.T.);
#1971=ORIENTED_EDGE('',*,*,#2755,.F.);
#1972=ORIENTED_EDGE('',*,*,#2450,.F.);
#1973=ORIENTED_EDGE('',*,*,#2753,.T.);
#1974=ORIENTED_EDGE('',*,*,#2756,.F.);
#1975=ORIENTED_EDGE('',*,*,#2751,.F.);
#1976=ORIENTED_EDGE('',*,*,#2451,.T.);
#1977=ORIENTED_EDGE('',*,*,#2755,.T.);
#1978=ORIENTED_EDGE('',*,*,#2749,.T.);
#1979=ORIENTED_EDGE('',*,*,#2756,.T.);
#1980=ORIENTED_EDGE('',*,*,#2754,.F.);
#1981=ORIENTED_EDGE('',*,*,#2752,.F.);
#1982=ORIENTED_EDGE('',*,*,#2427,.F.);
#1983=ORIENTED_EDGE('',*,*,#2433,.T.);
#1984=ORIENTED_EDGE('',*,*,#2442,.T.);
#1985=ORIENTED_EDGE('',*,*,#2561,.T.);
#1986=ORIENTED_EDGE('',*,*,#2757,.F.);
#1987=ORIENTED_EDGE('',*,*,#2667,.F.);
#1988=ORIENTED_EDGE('',*,*,#2429,.T.);
#1989=ORIENTED_EDGE('',*,*,#2758,.T.);
#1990=ORIENTED_EDGE('',*,*,#2559,.F.);
#1991=ORIENTED_EDGE('',*,*,#2707,.F.);
#1992=ORIENTED_EDGE('',*,*,#2560,.T.);
#1993=ORIENTED_EDGE('',*,*,#2758,.F.);
#1994=ORIENTED_EDGE('',*,*,#2428,.F.);
#1995=ORIENTED_EDGE('',*,*,#2757,.T.);
#1996=ORIENTED_EDGE('',*,*,#2671,.T.);
#1997=ORIENTED_EDGE('',*,*,#2759,.F.);
#1998=ORIENTED_EDGE('',*,*,#2760,.T.);
#1999=ORIENTED_EDGE('',*,*,#2761,.T.);
#2000=ORIENTED_EDGE('',*,*,#2762,.F.);
#2001=ORIENTED_EDGE('',*,*,#2763,.F.);
#2002=ORIENTED_EDGE('',*,*,#2759,.T.);
#2003=ORIENTED_EDGE('',*,*,#2424,.T.);
#2004=ORIENTED_EDGE('',*,*,#2764,.T.);
#2005=ORIENTED_EDGE('',*,*,#2765,.T.);
#2006=ORIENTED_EDGE('',*,*,#2766,.F.);
#2007=ORIENTED_EDGE('',*,*,#2760,.F.);
#2008=ORIENTED_EDGE('',*,*,#2763,.T.);
#2009=ORIENTED_EDGE('',*,*,#2767,.T.);
#2010=ORIENTED_EDGE('',*,*,#2768,.F.);
#2011=ORIENTED_EDGE('',*,*,#2431,.F.);
#2012=ORIENTED_EDGE('',*,*,#2761,.F.);
#2013=ORIENTED_EDGE('',*,*,#2766,.T.);
#2014=ORIENTED_EDGE('',*,*,#2769,.F.);
#2015=ORIENTED_EDGE('',*,*,#2764,.F.);
#2016=ORIENTED_EDGE('',*,*,#2432,.T.);
#2017=ORIENTED_EDGE('',*,*,#2768,.T.);
#2018=ORIENTED_EDGE('',*,*,#2762,.T.);
#2019=ORIENTED_EDGE('',*,*,#2769,.T.);
#2020=ORIENTED_EDGE('',*,*,#2767,.F.);
#2021=ORIENTED_EDGE('',*,*,#2765,.F.);
#2022=ORIENTED_EDGE('',*,*,#2417,.F.);
#2023=ORIENTED_EDGE('',*,*,#2687,.T.);
#2024=ORIENTED_EDGE('',*,*,#2770,.F.);
#2025=ORIENTED_EDGE('',*,*,#2408,.F.);
#2026=ORIENTED_EDGE('',*,*,#2771,.T.);
#2027=ORIENTED_EDGE('',*,*,#2772,.T.);
#2028=ORIENTED_EDGE('',*,*,#2418,.T.);
#2029=ORIENTED_EDGE('',*,*,#2771,.F.);
#2030=ORIENTED_EDGE('',*,*,#2411,.T.);
#2031=ORIENTED_EDGE('',*,*,#2685,.F.);
#2032=ORIENTED_EDGE('',*,*,#2419,.T.);
#2033=ORIENTED_EDGE('',*,*,#2772,.F.);
#2034=ORIENTED_EDGE('',*,*,#2410,.T.);
#2035=ORIENTED_EDGE('',*,*,#2773,.T.);
#2036=ORIENTED_EDGE('',*,*,#2686,.T.);
#2037=ORIENTED_EDGE('',*,*,#2773,.F.);
#2038=ORIENTED_EDGE('',*,*,#2409,.F.);
#2039=ORIENTED_EDGE('',*,*,#2770,.T.);
#2040=ORIENTED_EDGE('',*,*,#2774,.F.);
#2041=ORIENTED_EDGE('',*,*,#2775,.F.);
#2042=ORIENTED_EDGE('',*,*,#2412,.T.);
#2043=ORIENTED_EDGE('',*,*,#2776,.T.);
#2044=ORIENTED_EDGE('',*,*,#2777,.T.);
#2045=ORIENTED_EDGE('',*,*,#2778,.F.);
#2046=ORIENTED_EDGE('',*,*,#2413,.F.);
#2047=ORIENTED_EDGE('',*,*,#2775,.T.);
#2048=ORIENTED_EDGE('',*,*,#2779,.T.);
#2049=ORIENTED_EDGE('',*,*,#2780,.F.);
#2050=ORIENTED_EDGE('',*,*,#2414,.F.);
#2051=ORIENTED_EDGE('',*,*,#2778,.T.);
#2052=ORIENTED_EDGE('',*,*,#2781,.F.);
#2053=ORIENTED_EDGE('',*,*,#2776,.F.);
#2054=ORIENTED_EDGE('',*,*,#2415,.T.);
#2055=ORIENTED_EDGE('',*,*,#2780,.T.);
#2056=ORIENTED_EDGE('',*,*,#2774,.T.);
#2057=ORIENTED_EDGE('',*,*,#2781,.T.);
#2058=ORIENTED_EDGE('',*,*,#2779,.F.);
#2059=ORIENTED_EDGE('',*,*,#2777,.F.);
#2060=ORIENTED_EDGE('',*,*,#2511,.F.);
#2061=ORIENTED_EDGE('',*,*,#2394,.T.);
#2062=ORIENTED_EDGE('',*,*,#2782,.T.);
#2063=ORIENTED_EDGE('',*,*,#2679,.F.);
#2064=ORIENTED_EDGE('',*,*,#2677,.T.);
#2065=ORIENTED_EDGE('',*,*,#2680,.F.);
#2066=ORIENTED_EDGE('',*,*,#2782,.F.);
#2067=ORIENTED_EDGE('',*,*,#2393,.T.);
#2068=ORIENTED_EDGE('',*,*,#2783,.T.);
#2069=ORIENTED_EDGE('',*,*,#2400,.F.);
#2070=ORIENTED_EDGE('',*,*,#2406,.F.);
#2071=ORIENTED_EDGE('',*,*,#2681,.T.);
#2072=ORIENTED_EDGE('',*,*,#2783,.F.);
#2073=ORIENTED_EDGE('',*,*,#2392,.F.);
#2074=ORIENTED_EDGE('',*,*,#2784,.F.);
#2075=ORIENTED_EDGE('',*,*,#2785,.F.);
#2076=ORIENTED_EDGE('',*,*,#2786,.T.);
#2077=ORIENTED_EDGE('',*,*,#2787,.T.);
#2078=ORIENTED_EDGE('',*,*,#2788,.T.);
#2079=ORIENTED_EDGE('',*,*,#2789,.F.);
#2080=ORIENTED_EDGE('',*,*,#2397,.F.);
#2081=ORIENTED_EDGE('',*,*,#2790,.F.);
#2082=ORIENTED_EDGE('',*,*,#2785,.T.);
#2083=ORIENTED_EDGE('',*,*,#2791,.T.);
#2084=ORIENTED_EDGE('',*,*,#2792,.F.);
#2085=ORIENTED_EDGE('',*,*,#2398,.F.);
#2086=ORIENTED_EDGE('',*,*,#2789,.T.);
#2087=ORIENTED_EDGE('',*,*,#2793,.F.);
#2088=ORIENTED_EDGE('',*,*,#2787,.F.);
#2089=ORIENTED_EDGE('',*,*,#2794,.T.);
#2090=ORIENTED_EDGE('',*,*,#2390,.T.);
#2091=ORIENTED_EDGE('',*,*,#2792,.T.);
#2092=ORIENTED_EDGE('',*,*,#2794,.F.);
#2093=ORIENTED_EDGE('',*,*,#2786,.F.);
#2094=ORIENTED_EDGE('',*,*,#2790,.T.);
#2095=ORIENTED_EDGE('',*,*,#2401,.F.);
#2096=ORIENTED_EDGE('',*,*,#2784,.T.);
#2097=ORIENTED_EDGE('',*,*,#2793,.T.);
#2098=ORIENTED_EDGE('',*,*,#2791,.F.);
#2099=ORIENTED_EDGE('',*,*,#2788,.F.);
#2100=ORIENTED_EDGE('',*,*,#2795,.F.);
#2101=ORIENTED_EDGE('',*,*,#2796,.T.);
#2102=ORIENTED_EDGE('',*,*,#2797,.F.);
#2103=ORIENTED_EDGE('',*,*,#2798,.T.);
#2104=ORIENTED_EDGE('',*,*,#2799,.F.);
#2105=ORIENTED_EDGE('',*,*,#2800,.T.);
#2106=ORIENTED_EDGE('',*,*,#2801,.T.);
#2107=ORIENTED_EDGE('',*,*,#2802,.T.);
#2108=ORIENTED_EDGE('',*,*,#2803,.F.);
#2109=ORIENTED_EDGE('',*,*,#2804,.T.);
#2110=ORIENTED_EDGE('',*,*,#2805,.F.);
#2111=ORIENTED_EDGE('',*,*,#2806,.T.);
#2112=ORIENTED_EDGE('',*,*,#2807,.F.);
#2113=ORIENTED_EDGE('',*,*,#2808,.T.);
#2114=ORIENTED_EDGE('',*,*,#2809,.F.);
#2115=ORIENTED_EDGE('',*,*,#2810,.F.);
#2116=ORIENTED_EDGE('',*,*,#2811,.T.);
#2117=ORIENTED_EDGE('',*,*,#2812,.T.);
#2118=ORIENTED_EDGE('',*,*,#2813,.T.);
#2119=ORIENTED_EDGE('',*,*,#2814,.T.);
#2120=ORIENTED_EDGE('',*,*,#2815,.T.);
#2121=ORIENTED_EDGE('',*,*,#2809,.T.);
#2122=ORIENTED_EDGE('',*,*,#2816,.T.);
#2123=ORIENTED_EDGE('',*,*,#2803,.T.);
#2124=ORIENTED_EDGE('',*,*,#2817,.T.);
#2125=ORIENTED_EDGE('',*,*,#2818,.F.);
#2126=ORIENTED_EDGE('',*,*,#2819,.F.);
#2127=ORIENTED_EDGE('',*,*,#2820,.F.);
#2128=ORIENTED_EDGE('',*,*,#2821,.F.);
#2129=ORIENTED_EDGE('',*,*,#2822,.F.);
#2130=ORIENTED_EDGE('',*,*,#2823,.F.);
#2131=ORIENTED_EDGE('',*,*,#2824,.F.);
#2132=ORIENTED_EDGE('',*,*,#2825,.F.);
#2133=ORIENTED_EDGE('',*,*,#2826,.F.);
#2134=ORIENTED_EDGE('',*,*,#2807,.T.);
#2135=ORIENTED_EDGE('',*,*,#2827,.F.);
#2136=ORIENTED_EDGE('',*,*,#2828,.F.);
#2137=ORIENTED_EDGE('',*,*,#2829,.T.);
#2138=ORIENTED_EDGE('',*,*,#2830,.T.);
#2139=ORIENTED_EDGE('',*,*,#2831,.T.);
#2140=ORIENTED_EDGE('',*,*,#2800,.F.);
#2141=ORIENTED_EDGE('',*,*,#2832,.F.);
#2142=ORIENTED_EDGE('',*,*,#2833,.F.);
#2143=ORIENTED_EDGE('',*,*,#2834,.F.);
#2144=ORIENTED_EDGE('',*,*,#2835,.F.);
#2145=ORIENTED_EDGE('',*,*,#2798,.F.);
#2146=ORIENTED_EDGE('',*,*,#2836,.F.);
#2147=ORIENTED_EDGE('',*,*,#2837,.F.);
#2148=ORIENTED_EDGE('',*,*,#2838,.T.);
#2149=ORIENTED_EDGE('',*,*,#2839,.T.);
#2150=ORIENTED_EDGE('',*,*,#2840,.T.);
#2151=ORIENTED_EDGE('',*,*,#2841,.T.);
#2152=ORIENTED_EDGE('',*,*,#2842,.T.);
#2153=ORIENTED_EDGE('',*,*,#2843,.F.);
#2154=ORIENTED_EDGE('',*,*,#2844,.F.);
#2155=ORIENTED_EDGE('',*,*,#2845,.F.);
#2156=ORIENTED_EDGE('',*,*,#2846,.T.);
#2157=ORIENTED_EDGE('',*,*,#2805,.T.);
#2158=ORIENTED_EDGE('',*,*,#2847,.F.);
#2159=ORIENTED_EDGE('',*,*,#2802,.F.);
#2160=ORIENTED_EDGE('',*,*,#2848,.T.);
#2161=ORIENTED_EDGE('',*,*,#2849,.T.);
#2162=ORIENTED_EDGE('',*,*,#2850,.T.);
#2163=ORIENTED_EDGE('',*,*,#2851,.T.);
#2164=ORIENTED_EDGE('',*,*,#2852,.T.);
#2165=ORIENTED_EDGE('',*,*,#2853,.T.);
#2166=ORIENTED_EDGE('',*,*,#2854,.T.);
#2167=ORIENTED_EDGE('',*,*,#2855,.F.);
#2168=ORIENTED_EDGE('',*,*,#2856,.F.);
#2169=ORIENTED_EDGE('',*,*,#2796,.F.);
#2170=ORIENTED_EDGE('',*,*,#2840,.F.);
#2171=ORIENTED_EDGE('',*,*,#2857,.T.);
#2172=ORIENTED_EDGE('',*,*,#2852,.F.);
#2173=ORIENTED_EDGE('',*,*,#2858,.F.);
#2174=ORIENTED_EDGE('',*,*,#2839,.F.);
#2175=ORIENTED_EDGE('',*,*,#2859,.T.);
#2176=ORIENTED_EDGE('',*,*,#2853,.F.);
#2177=ORIENTED_EDGE('',*,*,#2857,.F.);
#2178=ORIENTED_EDGE('',*,*,#2838,.F.);
#2179=ORIENTED_EDGE('',*,*,#2860,.T.);
#2180=ORIENTED_EDGE('',*,*,#2854,.F.);
#2181=ORIENTED_EDGE('',*,*,#2859,.F.);
#2182=ORIENTED_EDGE('',*,*,#2860,.F.);
#2183=ORIENTED_EDGE('',*,*,#2837,.T.);
#2184=ORIENTED_EDGE('',*,*,#2861,.T.);
#2185=ORIENTED_EDGE('',*,*,#2855,.T.);
#2186=ORIENTED_EDGE('',*,*,#2861,.F.);
#2187=ORIENTED_EDGE('',*,*,#2836,.T.);
#2188=ORIENTED_EDGE('',*,*,#2797,.T.);
#2189=ORIENTED_EDGE('',*,*,#2856,.T.);
#2190=ORIENTED_EDGE('',*,*,#2831,.F.);
#2191=ORIENTED_EDGE('',*,*,#2862,.T.);
#2192=ORIENTED_EDGE('',*,*,#2848,.F.);
#2193=ORIENTED_EDGE('',*,*,#2801,.F.);
#2194=ORIENTED_EDGE('',*,*,#2863,.F.);
#2195=ORIENTED_EDGE('',*,*,#2845,.T.);
#2196=ORIENTED_EDGE('',*,*,#2864,.T.);
#2197=ORIENTED_EDGE('',*,*,#2818,.T.);
#2198=ORIENTED_EDGE('',*,*,#2846,.F.);
#2199=ORIENTED_EDGE('',*,*,#2863,.T.);
#2200=ORIENTED_EDGE('',*,*,#2817,.F.);
#2201=ORIENTED_EDGE('',*,*,#2806,.F.);
#2202=ORIENTED_EDGE('',*,*,#2865,.F.);
#2203=ORIENTED_EDGE('',*,*,#2827,.T.);
#2204=ORIENTED_EDGE('',*,*,#2810,.T.);
#2205=ORIENTED_EDGE('',*,*,#2823,.T.);
#2206=ORIENTED_EDGE('',*,*,#2864,.F.);
#2207=ORIENTED_EDGE('',*,*,#2844,.T.);
#2208=ORIENTED_EDGE('',*,*,#2866,.T.);
#2209=ORIENTED_EDGE('',*,*,#2819,.T.);
#2210=ORIENTED_EDGE('',*,*,#2843,.T.);
#2211=ORIENTED_EDGE('',*,*,#2867,.T.);
#2212=ORIENTED_EDGE('',*,*,#2820,.T.);
#2213=ORIENTED_EDGE('',*,*,#2866,.F.);
#2214=ORIENTED_EDGE('',*,*,#2822,.T.);
#2215=ORIENTED_EDGE('',*,*,#2868,.T.);
#2216=ORIENTED_EDGE('',*,*,#2828,.T.);
#2217=ORIENTED_EDGE('',*,*,#2865,.T.);
#2218=ORIENTED_EDGE('',*,*,#2869,.F.);
#2219=ORIENTED_EDGE('',*,*,#2849,.F.);
#2220=ORIENTED_EDGE('',*,*,#2862,.F.);
#2221=ORIENTED_EDGE('',*,*,#2830,.F.);
#2222=ORIENTED_EDGE('',*,*,#2870,.F.);
#2223=ORIENTED_EDGE('',*,*,#2841,.F.);
#2224=ORIENTED_EDGE('',*,*,#2858,.T.);
#2225=ORIENTED_EDGE('',*,*,#2851,.F.);
#2226=ORIENTED_EDGE('',*,*,#2869,.T.);
#2227=ORIENTED_EDGE('',*,*,#2829,.F.);
#2228=ORIENTED_EDGE('',*,*,#2868,.F.);
#2229=ORIENTED_EDGE('',*,*,#2821,.T.);
#2230=ORIENTED_EDGE('',*,*,#2867,.F.);
#2231=ORIENTED_EDGE('',*,*,#2842,.F.);
#2232=ORIENTED_EDGE('',*,*,#2870,.T.);
#2233=ORIENTED_EDGE('',*,*,#2850,.F.);
#2234=ORIENTED_EDGE('',*,*,#2816,.F.);
#2235=ORIENTED_EDGE('',*,*,#2808,.F.);
#2236=ORIENTED_EDGE('',*,*,#2826,.T.);
#2237=ORIENTED_EDGE('',*,*,#2799,.T.);
#2238=ORIENTED_EDGE('',*,*,#2847,.T.);
#2239=ORIENTED_EDGE('',*,*,#2795,.T.);
#2240=ORIENTED_EDGE('',*,*,#2835,.T.);
#2241=ORIENTED_EDGE('',*,*,#2804,.F.);
#2242=ORIENTED_EDGE('',*,*,#2815,.F.);
#2243=ORIENTED_EDGE('',*,*,#2834,.T.);
#2244=ORIENTED_EDGE('',*,*,#2812,.F.);
#2245=ORIENTED_EDGE('',*,*,#2833,.T.);
#2246=ORIENTED_EDGE('',*,*,#2811,.F.);
#2247=ORIENTED_EDGE('',*,*,#2832,.T.);
#2248=ORIENTED_EDGE('',*,*,#2814,.F.);
#2249=ORIENTED_EDGE('',*,*,#2825,.T.);
#2250=ORIENTED_EDGE('',*,*,#2813,.F.);
#2251=ORIENTED_EDGE('',*,*,#2824,.T.);
#2252=EDGE_CURVE('',#2871,#2871,#3302,.F.);
#2253=EDGE_CURVE('',#2872,#2872,#3303,.F.);
#2254=EDGE_CURVE('',#2873,#2873,#947,.F.);
#2255=EDGE_CURVE('',#2874,#2875,#139,.T.);
#2256=EDGE_CURVE('',#2874,#2876,#948,.F.);
#2257=EDGE_CURVE('',#2877,#2876,#949,.F.);
#2258=EDGE_CURVE('',#2877,#2878,#140,.T.);
#2259=EDGE_CURVE('',#2878,#2879,#141,.T.);
#2260=EDGE_CURVE('',#2880,#2879,#142,.T.);
#2261=EDGE_CURVE('',#2881,#2880,#950,.F.);
#2262=EDGE_CURVE('',#2882,#2881,#143,.T.);
#2263=EDGE_CURVE('',#2883,#2882,#144,.T.);
#2264=EDGE_CURVE('',#2884,#2883,#145,.T.);
#2265=EDGE_CURVE('',#2884,#2885,#951,.T.);
#2266=EDGE_CURVE('',#2885,#2886,#146,.T.);
#2267=EDGE_CURVE('',#2887,#2886,#952,.F.);
#2268=EDGE_CURVE('',#2888,#2887,#953,.T.);
#2269=EDGE_CURVE('',#2888,#2889,#147,.T.);
#2270=EDGE_CURVE('',#2889,#2890,#148,.T.);
#2271=EDGE_CURVE('',#2890,#2891,#149,.T.);
#2272=EDGE_CURVE('',#2891,#2892,#954,.F.);
#2273=EDGE_CURVE('',#2892,#2893,#150,.T.);
#2274=EDGE_CURVE('',#2894,#2893,#151,.T.);
#2275=EDGE_CURVE('',#2895,#2894,#152,.T.);
#2276=EDGE_CURVE('',#2895,#2896,#955,.F.);
#2277=EDGE_CURVE('',#2875,#2896,#956,.F.);
#2278=EDGE_CURVE('',#2881,#2897,#153,.F.);
#2279=EDGE_CURVE('',#2898,#2880,#154,.T.);
#2280=EDGE_CURVE('',#2897,#2898,#3304,.T.);
#2281=EDGE_CURVE('',#2899,#2900,#155,.T.);
#2282=EDGE_CURVE('',#2900,#2879,#156,.T.);
#2283=EDGE_CURVE('',#2878,#2899,#157,.T.);
#2284=EDGE_CURVE('',#2901,#2882,#158,.T.);
#2285=EDGE_CURVE('',#2902,#2901,#159,.T.);
#2286=EDGE_CURVE('',#2883,#2902,#160,.T.);
#2287=EDGE_CURVE('',#2903,#2904,#3305,.F.);
#2288=EDGE_CURVE('',#2905,#2903,#161,.T.);
#2289=EDGE_CURVE('',#2905,#2906,#3306,.T.);
#2290=EDGE_CURVE('',#2907,#2906,#162,.F.);
#2291=EDGE_CURVE('',#2908,#2907,#957,.F.);
#2292=EDGE_CURVE('',#2904,#2908,#163,.T.);
#2293=EDGE_CURVE('',#2909,#2910,#958,.F.);
#2294=EDGE_CURVE('',#2910,#2911,#164,.T.);
#2295=EDGE_CURVE('',#2912,#2911,#959,.F.);
#2296=EDGE_CURVE('',#2912,#2908,#165,.T.);
#2297=EDGE_CURVE('',#2907,#2909,#166,.T.);
#2298=EDGE_CURVE('',#2913,#2913,#3307,.T.);
#2299=EDGE_CURVE('',#2914,#2914,#3308,.T.);
#2300=EDGE_CURVE('',#2915,#2916,#3309,.T.);
#2301=EDGE_CURVE('',#2915,#2906,#167,.T.);
#2302=EDGE_CURVE('',#2905,#2917,#3310,.T.);
#2303=EDGE_CURVE('',#2902,#2917,#168,.T.);
#2304=EDGE_CURVE('',#2897,#2901,#169,.T.);
#2305=EDGE_CURVE('',#2900,#2898,#170,.T.);
#2306=EDGE_CURVE('',#2899,#2918,#171,.T.);
#2307=EDGE_CURVE('',#2916,#2918,#3311,.T.);
#2308=EDGE_CURVE('',#2919,#2920,#172,.T.);
#2309=EDGE_CURVE('',#2920,#2921,#173,.T.);
#2310=EDGE_CURVE('',#2921,#2922,#174,.T.);
#2311=EDGE_CURVE('',#2922,#2923,#175,.T.);
#2312=EDGE_CURVE('',#2923,#2924,#176,.T.);
#2313=EDGE_CURVE('',#2924,#2925,#177,.T.);
#2314=EDGE_CURVE('',#2925,#2919,#178,.T.);
#2315=EDGE_CURVE('',#2926,#2926,#3312,.F.);
#2316=EDGE_CURVE('',#2927,#2927,#3313,.F.);
#2317=EDGE_CURVE('',#2928,#2928,#3314,.F.);
#2318=EDGE_CURVE('',#2929,#2929,#3315,.F.);
#2319=EDGE_CURVE('',#2930,#2930,#3316,.T.);
#2320=EDGE_CURVE('',#2931,#2931,#3317,.T.);
#2321=EDGE_CURVE('',#2932,#2933,#179,.T.);
#2322=EDGE_CURVE('',#2932,#2934,#180,.T.);
#2323=EDGE_CURVE('',#2935,#2934,#3318,.T.);
#2324=EDGE_CURVE('',#2935,#2936,#3319,.T.);
#2325=EDGE_CURVE('',#2936,#2937,#3320,.T.);
#2326=EDGE_CURVE('',#2938,#2937,#181,.T.);
#2327=EDGE_CURVE('',#2938,#2939,#182,.T.);
#2328=EDGE_CURVE('',#2933,#2939,#3321,.T.);
#2329=EDGE_CURVE('',#2940,#2940,#3322,.F.);
#2330=EDGE_CURVE('',#2941,#2941,#3323,.F.);
#2331=EDGE_CURVE('',#2942,#2942,#3324,.F.);
#2332=EDGE_CURVE('',#2943,#2943,#3325,.F.);
#2333=EDGE_CURVE('',#2944,#2945,#183,.T.);
#2334=EDGE_CURVE('',#2946,#2944,#184,.T.);
#2335=EDGE_CURVE('',#2947,#2946,#185,.T.);
#2336=EDGE_CURVE('',#2948,#2947,#186,.T.);
#2337=EDGE_CURVE('',#2949,#2948,#187,.T.);
#2338=EDGE_CURVE('',#2950,#2949,#188,.T.);
#2339=EDGE_CURVE('',#2945,#2950,#189,.T.);
#2340=EDGE_CURVE('',#2877,#2918,#190,.T.);
#2341=EDGE_CURVE('',#2951,#2952,#3326,.F.);
#2342=EDGE_CURVE('',#2952,#2953,#191,.T.);
#2343=EDGE_CURVE('',#2953,#2954,#3327,.F.);
#2344=EDGE_CURVE('',#2951,#2954,#192,.F.);
#2345=EDGE_CURVE('',#2916,#2876,#193,.T.);
#2346=EDGE_CURVE('',#2884,#2917,#194,.T.);
#2347=EDGE_CURVE('',#2885,#2955,#195,.T.);
#2348=EDGE_CURVE('',#2955,#2903,#3328,.T.);
#2349=EDGE_CURVE('',#2910,#2956,#196,.F.);
#2350=EDGE_CURVE('',#2915,#2909,#197,.T.);
#2351=EDGE_CURVE('',#2874,#2957,#198,.F.);
#2352=EDGE_CURVE('',#2957,#2956,#3329,.F.);
#2353=EDGE_CURVE('',#2958,#2891,#960,.F.);
#2354=EDGE_CURVE('',#2933,#2958,#199,.T.);
#2355=EDGE_CURVE('',#2939,#2959,#200,.T.);
#2356=EDGE_CURVE('',#2892,#2959,#961,.F.);
#2357=EDGE_CURVE('',#2894,#2938,#201,.T.);
#2358=EDGE_CURVE('',#2893,#2959,#202,.T.);
#2359=EDGE_CURVE('',#2889,#2932,#203,.T.);
#2360=EDGE_CURVE('',#2958,#2890,#204,.T.);
#2361=EDGE_CURVE('',#2895,#2937,#205,.T.);
#2362=EDGE_CURVE('',#2936,#2896,#206,.T.);
#2363=EDGE_CURVE('',#2888,#2934,#207,.T.);
#2364=EDGE_CURVE('',#2935,#2887,#208,.T.);
#2365=EDGE_CURVE('',#2911,#2960,#209,.F.);
#2366=EDGE_CURVE('',#2961,#2960,#3330,.F.);
#2367=EDGE_CURVE('',#2875,#2961,#210,.F.);
#2368=EDGE_CURVE('',#2886,#2962,#211,.F.);
#2369=EDGE_CURVE('',#2962,#2963,#3331,.F.);
#2370=EDGE_CURVE('',#2963,#2912,#212,.T.);
#2371=EDGE_CURVE('',#2964,#2964,#3332,.T.);
#2372=EDGE_CURVE('',#2966,#2966,#3333,.T.);
#2373=EDGE_CURVE('',#2968,#2968,#3334,.T.);
#2374=EDGE_CURVE('',#2944,#2921,#213,.T.);
#2375=EDGE_CURVE('',#2945,#2922,#214,.T.);
#2376=EDGE_CURVE('',#2950,#2923,#215,.T.);
#2377=EDGE_CURVE('',#2949,#2924,#216,.T.);
#2378=EDGE_CURVE('',#2948,#2925,#217,.T.);
#2379=EDGE_CURVE('',#2947,#2919,#218,.T.);
#2380=EDGE_CURVE('',#2946,#2920,#219,.T.);
#2381=EDGE_CURVE('',#2904,#2963,#220,.T.);
#2382=EDGE_CURVE('',#2955,#2962,#221,.T.);
#2383=EDGE_CURVE('',#2957,#2961,#222,.T.);
#2384=EDGE_CURVE('',#2956,#2960,#223,.T.);
#2385=EDGE_CURVE('',#2954,#2970,#224,.T.);
#2386=EDGE_CURVE('',#2970,#2971,#225,.T.);
#2387=EDGE_CURVE('',#2971,#2951,#226,.T.);
#2388=EDGE_CURVE('',#2971,#2952,#3335,.T.);
#2389=EDGE_CURVE('',#2970,#2953,#3336,.T.);
#2390=EDGE_CURVE('',#2972,#2973,#227,.T.);
#2391=EDGE_CURVE('',#2974,#2972,#228,.F.);
#2392=EDGE_CURVE('',#2974,#2975,#229,.T.);
#2393=EDGE_CURVE('',#2976,#2975,#230,.T.);
#2394=EDGE_CURVE('',#2977,#2976,#231,.T.);
#2395=EDGE_CURVE('',#2977,#2978,#232,.T.);
#2396=EDGE_CURVE('',#2979,#2978,#233,.F.);
#2397=EDGE_CURVE('',#2979,#2980,#234,.T.);
#2398=EDGE_CURVE('',#2980,#2973,#235,.T.);
#2399=EDGE_CURVE('',#2981,#2982,#236,.T.);
#2400=EDGE_CURVE('',#2981,#2974,#3337,.T.);
#2401=EDGE_CURVE('',#2972,#2979,#237,.F.);
#2402=EDGE_CURVE('',#2978,#2983,#962,.T.);
#2403=EDGE_CURVE('',#2983,#2984,#238,.T.);
#2404=EDGE_CURVE('',#2984,#2982,#3338,.T.);
#2405=EDGE_CURVE('',#2985,#2986,#239,.T.);
#2406=EDGE_CURVE('',#2985,#2981,#3339,.T.);
#2407=EDGE_CURVE('',#2982,#2986,#3340,.T.);
#2408=EDGE_CURVE('',#2987,#2988,#240,.T.);
#2409=EDGE_CURVE('',#2988,#2989,#241,.T.);
#2410=EDGE_CURVE('',#2990,#2989,#242,.T.);
#2411=EDGE_CURVE('',#2987,#2990,#243,.T.);
#2412=EDGE_CURVE('',#2991,#2992,#244,.T.);
#2413=EDGE_CURVE('',#2991,#2993,#245,.T.);
#2414=EDGE_CURVE('',#2993,#2994,#246,.T.);
#2415=EDGE_CURVE('',#2992,#2994,#247,.T.);
#2416=EDGE_CURVE('',#2995,#2996,#248,.F.);
#2417=EDGE_CURVE('',#2995,#2997,#3341,.T.);
#2418=EDGE_CURVE('',#2998,#2997,#249,.F.);
#2419=EDGE_CURVE('',#2999,#2998,#3342,.T.);
#2420=EDGE_CURVE('',#3000,#2999,#250,.F.);
#2421=EDGE_CURVE('',#3000,#3001,#3343,.T.);
#2422=EDGE_CURVE('',#3002,#3001,#251,.T.);
#2423=EDGE_CURVE('',#3002,#2996,#14,.T.);
#2424=EDGE_CURVE('',#3003,#3004,#252,.T.);
#2425=EDGE_CURVE('',#3003,#3005,#253,.F.);
#2426=EDGE_CURVE('',#3005,#3006,#254,.T.);
#2427=EDGE_CURVE('',#3006,#3007,#255,.T.);
#2428=EDGE_CURVE('',#3007,#3008,#256,.T.);
#2429=EDGE_CURVE('',#3009,#3008,#257,.T.);
#2430=EDGE_CURVE('',#3009,#3010,#258,.F.);
#2431=EDGE_CURVE('',#3010,#3011,#259,.T.);
#2432=EDGE_CURVE('',#3004,#3011,#260,.T.);
#2433=EDGE_CURVE('',#3006,#3012,#261,.T.);
#2434=EDGE_CURVE('',#3013,#3005,#963,.F.);
#2435=EDGE_CURVE('',#3014,#3013,#262,.T.);
#2436=EDGE_CURVE('',#3015,#3014,#263,.T.);
#2437=EDGE_CURVE('',#3015,#3016,#264,.T.);
#2438=EDGE_CURVE('',#3016,#3017,#265,.T.);
#2439=EDGE_CURVE('',#3017,#3018,#964,.F.);
#2440=EDGE_CURVE('',#3019,#3018,#266,.T.);
#2441=EDGE_CURVE('',#3019,#3012,#965,.F.);
#2442=EDGE_CURVE('',#3012,#3020,#3344,.F.);
#2443=EDGE_CURVE('',#3020,#3019,#267,.F.);
#2444=EDGE_CURVE('',#3021,#3022,#268,.T.);
#2445=EDGE_CURVE('',#3022,#3023,#269,.T.);
#2446=EDGE_CURVE('',#3024,#3023,#270,.T.);
#2447=EDGE_CURVE('',#3021,#3024,#271,.T.);
#2448=EDGE_CURVE('',#3025,#3026,#272,.T.);
#2449=EDGE_CURVE('',#3025,#3027,#273,.T.);
#2450=EDGE_CURVE('',#3027,#3028,#274,.T.);
#2451=EDGE_CURVE('',#3026,#3028,#275,.T.);
#2452=EDGE_CURVE('',#3029,#3030,#3345,.F.);
#2453=EDGE_CURVE('',#3031,#3029,#276,.T.);
#2454=EDGE_CURVE('',#3032,#3031,#15,.T.);
#2455=EDGE_CURVE('',#3032,#3033,#277,.T.);
#2456=EDGE_CURVE('',#3033,#3034,#3346,.F.);
#2457=EDGE_CURVE('',#3034,#3035,#278,.T.);
#2458=EDGE_CURVE('',#3036,#3035,#3347,.F.);
#2459=EDGE_CURVE('',#3037,#3036,#279,.T.);
#2460=EDGE_CURVE('',#3037,#3038,#3348,.F.);
#2461=EDGE_CURVE('',#3030,#3038,#280,.T.);
#2462=EDGE_CURVE('',#3039,#3039,#3349,.F.);
#2463=EDGE_CURVE('',#3040,#3041,#966,.F.);
#2464=EDGE_CURVE('',#3040,#3042,#281,.T.);
#2465=EDGE_CURVE('',#3042,#3043,#967,.F.);
#2466=EDGE_CURVE('',#3044,#3043,#968,.F.);
#2467=EDGE_CURVE('',#3045,#3044,#282,.T.);
#2468=EDGE_CURVE('',#3045,#3046,#283,.T.);
#2469=EDGE_CURVE('',#3046,#3047,#284,.T.);
#2470=EDGE_CURVE('',#3048,#3047,#285,.T.);
#2471=EDGE_CURVE('',#3049,#3048,#286,.T.);
#2472=EDGE_CURVE('',#3049,#3041,#969,.F.);
#2473=EDGE_CURVE('',#3050,#3051,#287,.T.);
#2474=EDGE_CURVE('',#3052,#3050,#970,.T.);
#2475=EDGE_CURVE('',#3052,#3053,#288,.T.);
#2476=EDGE_CURVE('',#3053,#3054,#289,.T.);
#2477=EDGE_CURVE('',#3055,#3054,#290,.T.);
#2478=EDGE_CURVE('',#3056,#3055,#291,.T.);
#2479=EDGE_CURVE('',#3056,#3057,#292,.T.);
#2480=EDGE_CURVE('',#3057,#3058,#971,.T.);
#2481=EDGE_CURVE('',#3058,#3051,#972,.F.);
#2482=EDGE_CURVE('',#3059,#3059,#3350,.F.);
#2483=EDGE_CURVE('',#3060,#3060,#973,.F.);
#2484=EDGE_CURVE('',#3061,#3062,#293,.T.);
#2485=EDGE_CURVE('',#3061,#3063,#294,.T.);
#2486=EDGE_CURVE('',#3063,#3064,#295,.T.);
#2487=EDGE_CURVE('',#3065,#3064,#296,.T.);
#2488=EDGE_CURVE('',#3065,#3066,#974,.T.);
#2489=EDGE_CURVE('',#3067,#3066,#297,.T.);
#2490=EDGE_CURVE('',#3068,#3067,#298,.T.);
#2491=EDGE_CURVE('',#3068,#3069,#299,.T.);
#2492=EDGE_CURVE('',#3070,#3069,#300,.T.);
#2493=EDGE_CURVE('',#3062,#3070,#975,.F.);
#2494=EDGE_CURVE('',#3071,#3072,#301,.T.);
#2495=EDGE_CURVE('',#3072,#3069,#302,.T.);
#2496=EDGE_CURVE('',#3068,#3071,#303,.T.);
#2497=EDGE_CURVE('',#3073,#3061,#304,.T.);
#2498=EDGE_CURVE('',#3074,#3073,#305,.T.);
#2499=EDGE_CURVE('',#3074,#3063,#306,.T.);
#2500=EDGE_CURVE('',#3075,#3075,#976,.F.);
#2501=EDGE_CURVE('',#3073,#3076,#307,.T.);
#2502=EDGE_CURVE('',#3076,#3077,#977,.F.);
#2503=EDGE_CURVE('',#3077,#3072,#308,.T.);
#2504=EDGE_CURVE('',#3071,#3078,#309,.T.);
#2505=EDGE_CURVE('',#3079,#3078,#310,.T.);
#2506=EDGE_CURVE('',#3080,#3079,#978,.F.);
#2507=EDGE_CURVE('',#3081,#3080,#311,.T.);
#2508=EDGE_CURVE('',#3074,#3081,#312,.T.);
#2509=EDGE_CURVE('',#3062,#3076,#313,.F.);
#2510=EDGE_CURVE('',#3077,#3070,#314,.T.);
#2511=EDGE_CURVE('',#2977,#3082,#315,.T.);
#2512=EDGE_CURVE('',#3083,#3082,#979,.T.);
#2513=EDGE_CURVE('',#3083,#3084,#316,.T.);
#2514=EDGE_CURVE('',#3084,#3085,#980,.T.);
#2515=EDGE_CURVE('',#3085,#3086,#317,.T.);
#2516=EDGE_CURVE('',#3087,#3086,#318,.T.);
#2517=EDGE_CURVE('',#3088,#3087,#319,.T.);
#2518=EDGE_CURVE('',#2983,#3088,#320,.T.);
#2519=EDGE_CURVE('',#3046,#3089,#321,.T.);
#2520=EDGE_CURVE('',#3045,#3090,#322,.T.);
#2521=EDGE_CURVE('',#3090,#3089,#323,.T.);
#2522=EDGE_CURVE('',#3047,#3086,#324,.T.);
#2523=EDGE_CURVE('',#3091,#3085,#325,.T.);
#2524=EDGE_CURVE('',#3091,#3092,#16,.T.);
#2525=EDGE_CURVE('',#3092,#3048,#326,.T.);
#2526=EDGE_CURVE('',#3088,#3093,#327,.T.);
#2527=EDGE_CURVE('',#3093,#3067,#328,.T.);
#2528=EDGE_CURVE('',#3066,#3094,#329,.T.);
#2529=EDGE_CURVE('',#3094,#2984,#330,.T.);
#2530=EDGE_CURVE('',#3095,#3096,#331,.T.);
#2531=EDGE_CURVE('',#3097,#3095,#981,.F.);
#2532=EDGE_CURVE('',#3098,#3097,#332,.T.);
#2533=EDGE_CURVE('',#3099,#3098,#982,.F.);
#2534=EDGE_CURVE('',#3100,#3099,#333,.T.);
#2535=EDGE_CURVE('',#3100,#3096,#983,.F.);
#2536=EDGE_CURVE('',#3101,#3102,#334,.T.);
#2537=EDGE_CURVE('',#3102,#3089,#335,.T.);
#2538=EDGE_CURVE('',#3103,#3090,#336,.T.);
#2539=EDGE_CURVE('',#3103,#3104,#984,.T.);
#2540=EDGE_CURVE('',#3104,#3105,#337,.T.);
#2541=EDGE_CURVE('',#3106,#3105,#985,.T.);
#2542=EDGE_CURVE('',#3106,#3107,#338,.T.);
#2543=EDGE_CURVE('',#3107,#3108,#986,.F.);
#2544=EDGE_CURVE('',#3108,#3109,#339,.T.);
#2545=EDGE_CURVE('',#3110,#3109,#340,.T.);
#2546=EDGE_CURVE('',#3111,#3110,#341,.T.);
#2547=EDGE_CURVE('',#3112,#3111,#342,.T.);
#2548=EDGE_CURVE('',#3081,#3112,#343,.T.);
#2549=EDGE_CURVE('',#3080,#3079,#987,.F.);
#2550=EDGE_CURVE('',#3078,#3101,#344,.T.);
#2551=EDGE_CURVE('',#3032,#3113,#17,.T.);
#2552=EDGE_CURVE('',#3031,#3114,#18,.T.);
#2553=EDGE_CURVE('',#3114,#3115,#19,.T.);
#2554=EDGE_CURVE('',#3115,#3116,#20,.T.);
#2555=EDGE_CURVE('',#3116,#3117,#21,.T.);
#2556=EDGE_CURVE('',#3113,#3117,#22,.T.);
#2557=EDGE_CURVE('',#3118,#3118,#3351,.T.);
#2558=EDGE_CURVE('',#3119,#3120,#345,.F.);
#2559=EDGE_CURVE('',#3120,#3121,#346,.T.);
#2560=EDGE_CURVE('',#3122,#3121,#347,.T.);
#2561=EDGE_CURVE('',#3020,#3122,#348,.T.);
#2562=EDGE_CURVE('',#3018,#3123,#349,.F.);
#2563=EDGE_CURVE('',#3124,#3123,#988,.T.);
#2564=EDGE_CURVE('',#3124,#3114,#350,.F.);
#2565=EDGE_CURVE('',#3125,#3029,#351,.T.);
#2566=EDGE_CURVE('',#3125,#3126,#352,.T.);
#2567=EDGE_CURVE('',#3126,#3037,#353,.T.);
#2568=EDGE_CURVE('',#3127,#3036,#354,.T.);
#2569=EDGE_CURVE('',#3128,#3127,#355,.T.);
#2570=EDGE_CURVE('',#3128,#3057,#23,.T.);
#2571=EDGE_CURVE('',#3109,#3056,#356,.T.);
#2572=EDGE_CURVE('',#3129,#3108,#357,.F.);
#2573=EDGE_CURVE('',#3119,#3129,#358,.T.);
#2574=EDGE_CURVE('',#3091,#3130,#989,.F.);
#2575=EDGE_CURVE('',#3131,#3091,#990,.T.);
#2576=EDGE_CURVE('',#3131,#3130,#359,.T.);
#2577=EDGE_CURVE('',#3130,#3132,#991,.F.);
#2578=EDGE_CURVE('',#3133,#3131,#992,.T.);
#2579=EDGE_CURVE('',#3133,#3132,#360,.T.);
#2580=EDGE_CURVE('',#3132,#3134,#993,.F.);
#2581=EDGE_CURVE('',#3135,#3133,#994,.T.);
#2582=EDGE_CURVE('',#3135,#3134,#361,.T.);
#2583=EDGE_CURVE('',#3134,#3136,#995,.F.);
#2584=EDGE_CURVE('',#3137,#3135,#996,.T.);
#2585=EDGE_CURVE('',#3137,#3136,#362,.T.);
#2586=EDGE_CURVE('',#3136,#3138,#24,.T.);
#2587=EDGE_CURVE('',#3139,#3137,#25,.T.);
#2588=EDGE_CURVE('',#3139,#3138,#363,.T.);
#2589=EDGE_CURVE('',#3138,#3140,#997,.F.);
#2590=EDGE_CURVE('',#3141,#3139,#998,.T.);
#2591=EDGE_CURVE('',#3141,#3140,#364,.T.);
#2592=EDGE_CURVE('',#3140,#3142,#999,.F.);
#2593=EDGE_CURVE('',#3143,#3141,#1000,.T.);
#2594=EDGE_CURVE('',#3143,#3142,#365,.T.);
#2595=EDGE_CURVE('',#3044,#3144,#26,.T.);
#2596=EDGE_CURVE('',#3044,#3145,#27,.T.);
#2597=EDGE_CURVE('',#3145,#3144,#28,.T.);
#2598=EDGE_CURVE('',#3146,#3143,#29,.T.);
#2599=EDGE_CURVE('',#3146,#3147,#1001,.F.);
#2600=EDGE_CURVE('',#3142,#3147,#30,.T.);
#2601=EDGE_CURVE('',#3148,#3147,#366,.T.);
#2602=EDGE_CURVE('',#3091,#3148,#31,.T.);
#2603=EDGE_CURVE('',#3149,#3149,#3352,.T.);
#2604=EDGE_CURVE('',#3148,#2996,#32,.T.);
#2605=EDGE_CURVE('',#3150,#3002,#33,.T.);
#2606=EDGE_CURVE('',#3150,#3092,#34,.T.);
#2607=EDGE_CURVE('',#3043,#3145,#367,.T.);
#2608=EDGE_CURVE('',#3151,#3057,#35,.T.);
#2609=EDGE_CURVE('',#3058,#3151,#368,.T.);
#2610=EDGE_CURVE('',#3150,#3049,#369,.T.);
#2611=EDGE_CURVE('',#3041,#3002,#370,.T.);
#2612=EDGE_CURVE('',#3146,#3084,#371,.T.);
#2613=EDGE_CURVE('',#3152,#3115,#1002,.T.);
#2614=EDGE_CURVE('',#3153,#3152,#372,.T.);
#2615=EDGE_CURVE('',#3115,#3153,#1003,.F.);
#2616=EDGE_CURVE('',#3154,#3152,#1004,.T.);
#2617=EDGE_CURVE('',#3155,#3154,#373,.T.);
#2618=EDGE_CURVE('',#3153,#3155,#1005,.F.);
#2619=EDGE_CURVE('',#3156,#3154,#1006,.T.);
#2620=EDGE_CURVE('',#3157,#3156,#374,.T.);
#2621=EDGE_CURVE('',#3155,#3157,#1007,.F.);
#2622=EDGE_CURVE('',#3158,#3156,#1008,.T.);
#2623=EDGE_CURVE('',#3159,#3158,#375,.T.);
#2624=EDGE_CURVE('',#3157,#3159,#1009,.F.);
#2625=EDGE_CURVE('',#3160,#3158,#36,.T.);
#2626=EDGE_CURVE('',#3161,#3160,#376,.T.);
#2627=EDGE_CURVE('',#3159,#3161,#37,.T.);
#2628=EDGE_CURVE('',#3162,#3160,#1010,.T.);
#2629=EDGE_CURVE('',#3163,#3162,#377,.T.);
#2630=EDGE_CURVE('',#3161,#3163,#1011,.F.);
#2631=EDGE_CURVE('',#3113,#3050,#378,.T.);
#2632=EDGE_CURVE('',#3117,#3052,#379,.T.);
#2633=EDGE_CURVE('',#3116,#3053,#380,.T.);
#2634=EDGE_CURVE('',#3016,#3054,#381,.T.);
#2635=EDGE_CURVE('',#3115,#3017,#382,.T.);
#2636=EDGE_CURVE('',#3164,#3162,#1012,.T.);
#2637=EDGE_CURVE('',#3165,#3164,#383,.T.);
#2638=EDGE_CURVE('',#3163,#3165,#1013,.F.);
#2639=EDGE_CURVE('',#3166,#3167,#3353,.F.);
#2640=EDGE_CURVE('',#3167,#3096,#384,.F.);
#2641=EDGE_CURVE('',#3100,#3168,#385,.T.);
#2642=EDGE_CURVE('',#3168,#3169,#3354,.F.);
#2643=EDGE_CURVE('',#3169,#3051,#386,.F.);
#2644=EDGE_CURVE('',#3151,#3170,#387,.T.);
#2645=EDGE_CURVE('',#3171,#3170,#3355,.F.);
#2646=EDGE_CURVE('',#3145,#3171,#388,.T.);
#2647=EDGE_CURVE('',#3166,#3042,#389,.F.);
#2648=EDGE_CURVE('',#3172,#3173,#3356,.F.);
#2649=EDGE_CURVE('',#3173,#3174,#390,.F.);
#2650=EDGE_CURVE('',#3174,#3175,#3357,.F.);
#2651=EDGE_CURVE('',#3175,#3176,#391,.F.);
#2652=EDGE_CURVE('',#3176,#3177,#3358,.F.);
#2653=EDGE_CURVE('',#3177,#3178,#392,.T.);
#2654=EDGE_CURVE('',#3178,#3179,#3359,.F.);
#2655=EDGE_CURVE('',#3179,#3172,#393,.T.);
#2656=EDGE_CURVE('',#3180,#3171,#3360,.T.);
#2657=EDGE_CURVE('',#3180,#3144,#394,.F.);
#2658=EDGE_CURVE('',#3181,#3095,#395,.F.);
#2659=EDGE_CURVE('',#3182,#3181,#3361,.F.);
#2660=EDGE_CURVE('',#3182,#3040,#396,.F.);
#2661=EDGE_CURVE('',#3001,#3035,#3362,.F.);
#2662=EDGE_CURVE('',#3183,#3034,#3363,.F.);
#2663=EDGE_CURVE('',#3099,#3183,#397,.T.);
#2664=EDGE_CURVE('',#3184,#3098,#398,.F.);
#2665=EDGE_CURVE('',#3184,#3185,#3364,.F.);
#2666=EDGE_CURVE('',#3097,#3185,#399,.T.);
#2667=EDGE_CURVE('',#3009,#3186,#3365,.F.);
#2668=EDGE_CURVE('',#3186,#3187,#400,.T.);
#2669=EDGE_CURVE('',#3188,#3187,#3366,.F.);
#2670=EDGE_CURVE('',#3013,#3188,#401,.T.);
#2671=EDGE_CURVE('',#3010,#3003,#402,.F.);
#2672=EDGE_CURVE('',#3064,#3189,#403,.T.);
#2673=EDGE_CURVE('',#3014,#3189,#404,.T.);
#2674=EDGE_CURVE('',#3190,#3188,#405,.T.);
#2675=EDGE_CURVE('',#3065,#3190,#406,.T.);
#2676=EDGE_CURVE('',#3190,#3094,#3367,.F.);
#2677=EDGE_CURVE('',#3191,#3082,#3368,.T.);
#2678=EDGE_CURVE('',#3083,#3191,#407,.T.);
#2679=EDGE_CURVE('',#3191,#3192,#408,.T.);
#2680=EDGE_CURVE('',#3192,#3193,#409,.T.);
#2681=EDGE_CURVE('',#2985,#3193,#410,.T.);
#2682=EDGE_CURVE('',#2986,#3194,#411,.T.);
#2683=EDGE_CURVE('',#3103,#3194,#412,.T.);
#2684=EDGE_CURVE('',#3180,#3000,#413,.T.);
#2685=EDGE_CURVE('',#2999,#3195,#414,.T.);
#2686=EDGE_CURVE('',#3196,#3195,#415,.T.);
#2687=EDGE_CURVE('',#2995,#3196,#416,.T.);
#2688=EDGE_CURVE('',#3197,#3194,#3369,.T.);
#2689=EDGE_CURVE('',#3104,#3197,#417,.T.);
#2690=EDGE_CURVE('',#3198,#3197,#418,.T.);
#2691=EDGE_CURVE('',#3105,#3198,#419,.T.);
#2692=EDGE_CURVE('',#3199,#3198,#3370,.F.);
#2693=EDGE_CURVE('',#3106,#3199,#420,.T.);
#2694=EDGE_CURVE('',#3199,#3200,#421,.T.);
#2695=EDGE_CURVE('',#3107,#3200,#422,.T.);
#2696=EDGE_CURVE('',#3201,#3201,#3371,.F.);
#2697=EDGE_CURVE('',#3202,#3202,#3372,.F.);
#2698=EDGE_CURVE('',#3127,#3170,#3373,.F.);
#2699=EDGE_CURVE('',#3124,#3164,#38,.T.);
#2700=EDGE_CURVE('',#3165,#3123,#39,.T.);
#2701=EDGE_CURVE('',#3110,#3055,#423,.T.);
#2702=EDGE_CURVE('',#3203,#3203,#3374,.F.);
#2703=EDGE_CURVE('',#3204,#3204,#3375,.F.);
#2704=EDGE_CURVE('',#3205,#3205,#3376,.F.);
#2705=EDGE_CURVE('',#3187,#3119,#3377,.F.);
#2706=EDGE_CURVE('',#3200,#3129,#3378,.F.);
#2707=EDGE_CURVE('',#3186,#3120,#3379,.F.);
#2708=EDGE_CURVE('',#3151,#3128,#40,.T.);
#2709=EDGE_CURVE('',#3207,#3207,#3380,.T.);
#2710=EDGE_CURVE('',#3209,#3209,#3381,.T.);
#2711=EDGE_CURVE('',#3211,#3211,#3382,.T.);
#2712=EDGE_CURVE('',#3213,#3213,#3383,.T.);
#2713=EDGE_CURVE('',#3215,#3215,#3384,.T.);
#2714=EDGE_CURVE('',#3216,#3189,#424,.T.);
#2715=EDGE_CURVE('',#3217,#3216,#425,.T.);
#2716=EDGE_CURVE('',#3015,#3217,#426,.T.);
#2717=EDGE_CURVE('',#3112,#3216,#427,.T.);
#2718=EDGE_CURVE('',#3111,#3217,#428,.T.);
#2719=EDGE_CURVE('',#3087,#3218,#429,.T.);
#2720=EDGE_CURVE('',#3218,#3219,#430,.T.);
#2721=EDGE_CURVE('',#3219,#3093,#431,.T.);
#2722=EDGE_CURVE('',#3102,#3218,#432,.T.);
#2723=EDGE_CURVE('',#3101,#3219,#433,.T.);
#2724=EDGE_CURVE('',#3185,#3184,#434,.T.);
#2725=EDGE_CURVE('',#3220,#3221,#435,.T.);
#2726=EDGE_CURVE('',#3221,#3222,#436,.T.);
#2727=EDGE_CURVE('',#3222,#3223,#437,.T.);
#2728=EDGE_CURVE('',#3223,#3224,#438,.T.);
#2729=EDGE_CURVE('',#3224,#3225,#439,.T.);
#2730=EDGE_CURVE('',#3225,#3226,#440,.T.);
#2731=EDGE_CURVE('',#3226,#3227,#441,.T.);
#2732=EDGE_CURVE('',#3227,#3220,#442,.T.);
#2733=EDGE_CURVE('',#3222,#3173,#443,.T.);
#2734=EDGE_CURVE('',#3221,#3174,#444,.T.);
#2735=EDGE_CURVE('',#3220,#3175,#445,.T.);
#2736=EDGE_CURVE('',#3227,#3176,#446,.T.);
#2737=EDGE_CURVE('',#3226,#3177,#447,.T.);
#2738=EDGE_CURVE('',#3225,#3178,#448,.T.);
#2739=EDGE_CURVE('',#3224,#3179,#449,.T.);
#2740=EDGE_CURVE('',#3223,#3172,#450,.T.);
#2741=EDGE_CURVE('',#3183,#3168,#451,.T.);
#2742=EDGE_CURVE('',#3033,#3169,#452,.T.);
#2743=EDGE_CURVE('',#3181,#3167,#453,.T.);
#2744=EDGE_CURVE('',#3182,#3166,#454,.T.);
#2745=EDGE_CURVE('',#3022,#3030,#455,.T.);
#2746=EDGE_CURVE('',#3021,#3125,#456,.T.);
#2747=EDGE_CURVE('',#3024,#3126,#457,.T.);
#2748=EDGE_CURVE('',#3023,#3038,#458,.T.);
#2749=EDGE_CURVE('',#3228,#3229,#459,.T.);
#2750=EDGE_CURVE('',#3025,#3228,#460,.T.);
#2751=EDGE_CURVE('',#3026,#3229,#461,.T.);
#2752=EDGE_CURVE('',#3228,#3230,#462,.T.);
#2753=EDGE_CURVE('',#3027,#3230,#463,.T.);
#2754=EDGE_CURVE('',#3230,#3231,#464,.T.);
#2755=EDGE_CURVE('',#3028,#3231,#465,.T.);
#2756=EDGE_CURVE('',#3229,#3231,#466,.T.);
#2757=EDGE_CURVE('',#3007,#3122,#467,.T.);
#2758=EDGE_CURVE('',#3008,#3121,#468,.T.);
#2759=EDGE_CURVE('',#3232,#3003,#469,.T.);
#2760=EDGE_CURVE('',#3232,#3233,#470,.T.);
#2761=EDGE_CURVE('',#3233,#3010,#471,.T.);
#2762=EDGE_CURVE('',#3234,#3235,#472,.T.);
#2763=EDGE_CURVE('',#3232,#3234,#473,.T.);
#2764=EDGE_CURVE('',#3004,#3235,#474,.T.);
#2765=EDGE_CURVE('',#3234,#3236,#475,.T.);
#2766=EDGE_CURVE('',#3233,#3236,#476,.T.);
#2767=EDGE_CURVE('',#3236,#3237,#477,.T.);
#2768=EDGE_CURVE('',#3011,#3237,#478,.T.);
#2769=EDGE_CURVE('',#3235,#3237,#479,.T.);
#2770=EDGE_CURVE('',#2988,#3196,#480,.T.);
#2771=EDGE_CURVE('',#2987,#2997,#481,.T.);
#2772=EDGE_CURVE('',#2990,#2998,#482,.T.);
#2773=EDGE_CURVE('',#2989,#3195,#483,.T.);
#2774=EDGE_CURVE('',#3238,#3239,#484,.T.);
#2775=EDGE_CURVE('',#2991,#3238,#485,.T.);
#2776=EDGE_CURVE('',#2992,#3239,#486,.T.);
#2777=EDGE_CURVE('',#3238,#3240,#487,.T.);
#2778=EDGE_CURVE('',#2993,#3240,#488,.T.);
#2779=EDGE_CURVE('',#3240,#3241,#489,.T.);
#2780=EDGE_CURVE('',#2994,#3241,#490,.T.);
#2781=EDGE_CURVE('',#3239,#3241,#491,.T.);
#2782=EDGE_CURVE('',#2976,#3192,#492,.T.);
#2783=EDGE_CURVE('',#2975,#3193,#493,.T.);
#2784=EDGE_CURVE('',#3242,#3243,#494,.T.);
#2785=EDGE_CURVE('',#3244,#3242,#495,.T.);
#2786=EDGE_CURVE('',#3244,#3245,#496,.T.);
#2787=EDGE_CURVE('',#3245,#3243,#497,.T.);
#2788=EDGE_CURVE('',#3242,#3246,#498,.T.);
#2789=EDGE_CURVE('',#2980,#3246,#499,.T.);
#2790=EDGE_CURVE('',#3244,#2979,#500,.T.);
#2791=EDGE_CURVE('',#3246,#3247,#501,.T.);
#2792=EDGE_CURVE('',#2973,#3247,#502,.T.);
#2793=EDGE_CURVE('',#3243,#3247,#503,.T.);
#2794=EDGE_CURVE('',#3245,#2972,#504,.T.);
#2795=EDGE_CURVE('',#3248,#3249,#505,.F.);
#2796=EDGE_CURVE('',#3248,#3250,#3385,.T.);
#2797=EDGE_CURVE('',#3251,#3250,#506,.T.);
#2798=EDGE_CURVE('',#3251,#3249,#3386,.F.);
#2799=EDGE_CURVE('',#3252,#3253,#507,.T.);
#2800=EDGE_CURVE('',#3252,#3254,#3387,.F.);
#2801=EDGE_CURVE('',#3254,#3255,#508,.T.);
#2802=EDGE_CURVE('',#3255,#3253,#3388,.T.);
#2803=EDGE_CURVE('',#3256,#3257,#3389,.T.);
#2804=EDGE_CURVE('',#3256,#3258,#509,.F.);
#2805=EDGE_CURVE('',#3259,#3258,#3390,.F.);
#2806=EDGE_CURVE('',#3259,#3257,#510,.T.);
#2807=EDGE_CURVE('',#3260,#3261,#3391,.F.);
#2808=EDGE_CURVE('',#3260,#3262,#511,.T.);
#2809=EDGE_CURVE('',#3263,#3262,#3392,.T.);
#2810=EDGE_CURVE('',#3261,#3263,#512,.T.);
#2811=EDGE_CURVE('',#3264,#3264,#3393,.T.);
#2812=EDGE_CURVE('',#3265,#3265,#3394,.T.);
#2813=EDGE_CURVE('',#3266,#3266,#3395,.T.);
#2814=EDGE_CURVE('',#3267,#3267,#3396,.T.);
#2815=EDGE_CURVE('',#3268,#3268,#3397,.T.);
#2816=EDGE_CURVE('',#3262,#3256,#513,.T.);
#2817=EDGE_CURVE('',#3257,#3269,#514,.T.);
#2818=EDGE_CURVE('',#3270,#3269,#3398,.T.);
#2819=EDGE_CURVE('',#3271,#3270,#515,.T.);
#2820=EDGE_CURVE('',#3272,#3271,#3399,.T.);
#2821=EDGE_CURVE('',#3273,#3272,#516,.T.);
#2822=EDGE_CURVE('',#3274,#3273,#3400,.T.);
#2823=EDGE_CURVE('',#3263,#3274,#3401,.T.);
#2824=EDGE_CURVE('',#3275,#3275,#3402,.F.);
#2825=EDGE_CURVE('',#3276,#3276,#3403,.F.);
#2826=EDGE_CURVE('',#3260,#3252,#517,.T.);
#2827=EDGE_CURVE('',#3277,#3261,#3404,.F.);
#2828=EDGE_CURVE('',#3278,#3277,#3405,.T.);
#2829=EDGE_CURVE('',#3278,#3279,#518,.T.);
#2830=EDGE_CURVE('',#3279,#3280,#3406,.T.);
#2831=EDGE_CURVE('',#3280,#3254,#3407,.F.);
#2832=EDGE_CURVE('',#3281,#3281,#3408,.F.);
#2833=EDGE_CURVE('',#3282,#3282,#3409,.F.);
#2834=EDGE_CURVE('',#3283,#3283,#3410,.F.);
#2835=EDGE_CURVE('',#3249,#3258,#519,.T.);
#2836=EDGE_CURVE('',#3284,#3251,#3411,.F.);
#2837=EDGE_CURVE('',#3285,#3284,#520,.T.);
#2838=EDGE_CURVE('',#3285,#3286,#3412,.F.);
#2839=EDGE_CURVE('',#3286,#3287,#521,.T.);
#2840=EDGE_CURVE('',#3287,#3288,#3413,.T.);
#2841=EDGE_CURVE('',#3288,#3289,#3414,.T.);
#2842=EDGE_CURVE('',#3289,#3290,#522,.T.);
#2843=EDGE_CURVE('',#3291,#3290,#3415,.T.);
#2844=EDGE_CURVE('',#3292,#3291,#523,.T.);
#2845=EDGE_CURVE('',#3293,#3292,#3416,.F.);
#2846=EDGE_CURVE('',#3293,#3259,#524,.T.);
#2847=EDGE_CURVE('',#3253,#3248,#525,.T.);
#2848=EDGE_CURVE('',#3255,#3294,#3417,.T.);
#2849=EDGE_CURVE('',#3294,#3295,#3418,.T.);
#2850=EDGE_CURVE('',#3295,#3296,#526,.T.);
#2851=EDGE_CURVE('',#3296,#3297,#3419,.T.);
#2852=EDGE_CURVE('',#3297,#3298,#3420,.T.);
#2853=EDGE_CURVE('',#3298,#3299,#527,.T.);
#2854=EDGE_CURVE('',#3299,#3300,#3421,.T.);
#2855=EDGE_CURVE('',#3301,#3300,#528,.T.);
#2856=EDGE_CURVE('',#3250,#3301,#3422,.T.);
#2857=EDGE_CURVE('',#3287,#3298,#529,.T.);
#2858=EDGE_CURVE('',#3288,#3297,#530,.T.);
#2859=EDGE_CURVE('',#3286,#3299,#531,.T.);
#2860=EDGE_CURVE('',#3285,#3300,#532,.T.);
#2861=EDGE_CURVE('',#3284,#3301,#533,.T.);
#2862=EDGE_CURVE('',#3280,#3294,#534,.T.);
#2863=EDGE_CURVE('',#3293,#3269,#535,.T.);
#2864=EDGE_CURVE('',#3292,#3270,#536,.T.);
#2865=EDGE_CURVE('',#3277,#3274,#537,.T.);
#2866=EDGE_CURVE('',#3291,#3271,#538,.T.);
#2867=EDGE_CURVE('',#3290,#3272,#539,.T.);
#2868=EDGE_CURVE('',#3273,#3278,#540,.F.);
#2869=EDGE_CURVE('',#3295,#3279,#541,.F.);
#2870=EDGE_CURVE('',#3289,#3296,#542,.T.);
#2871=VERTEX_POINT('',#6106);
#2872=VERTEX_POINT('',#6108);
#2873=VERTEX_POINT('',#6110);
#2874=VERTEX_POINT('',#6112);
#2875=VERTEX_POINT('',#6113);
#2876=VERTEX_POINT('',#6115);
#2877=VERTEX_POINT('',#6117);
#2878=VERTEX_POINT('',#6119);
#2879=VERTEX_POINT('',#6121);
#2880=VERTEX_POINT('',#6123);
#2881=VERTEX_POINT('',#6125);
#2882=VERTEX_POINT('',#6127);
#2883=VERTEX_POINT('',#6129);
#2884=VERTEX_POINT('',#6131);
#2885=VERTEX_POINT('',#6133);
#2886=VERTEX_POINT('',#6135);
#2887=VERTEX_POINT('',#6137);
#2888=VERTEX_POINT('',#6139);
#2889=VERTEX_POINT('',#6141);
#2890=VERTEX_POINT('',#6143);
#2891=VERTEX_POINT('',#6145);
#2892=VERTEX_POINT('',#6147);
#2893=VERTEX_POINT('',#6149);
#2894=VERTEX_POINT('',#6151);
#2895=VERTEX_POINT('',#6153);
#2896=VERTEX_POINT('',#6155);
#2897=VERTEX_POINT('',#6159);
#2898=VERTEX_POINT('',#6161);
#2899=VERTEX_POINT('',#6165);
#2900=VERTEX_POINT('',#6166);
#2901=VERTEX_POINT('',#6171);
#2902=VERTEX_POINT('',#6173);
#2903=VERTEX_POINT('',#6177);
#2904=VERTEX_POINT('',#6178);
#2905=VERTEX_POINT('',#6180);
#2906=VERTEX_POINT('',#6182);
#2907=VERTEX_POINT('',#6184);
#2908=VERTEX_POINT('',#6186);
#2909=VERTEX_POINT('',#6190);
#2910=VERTEX_POINT('',#6191);
#2911=VERTEX_POINT('',#6193);
#2912=VERTEX_POINT('',#6195);
#2913=VERTEX_POINT('',#6200);
#2914=VERTEX_POINT('',#6202);
#2915=VERTEX_POINT('',#6204);
#2916=VERTEX_POINT('',#6205);
#2917=VERTEX_POINT('',#6208);
#2918=VERTEX_POINT('',#6213);
#2919=VERTEX_POINT('',#6216);
#2920=VERTEX_POINT('',#6217);
#2921=VERTEX_POINT('',#6219);
#2922=VERTEX_POINT('',#6221);
#2923=VERTEX_POINT('',#6223);
#2924=VERTEX_POINT('',#6225);
#2925=VERTEX_POINT('',#6227);
#2926=VERTEX_POINT('',#6230);
#2927=VERTEX_POINT('',#6232);
#2928=VERTEX_POINT('',#6234);
#2929=VERTEX_POINT('',#6236);
#2930=VERTEX_POINT('',#6239);
#2931=VERTEX_POINT('',#6241);
#2932=VERTEX_POINT('',#6243);
#2933=VERTEX_POINT('',#6244);
#2934=VERTEX_POINT('',#6246);
#2935=VERTEX_POINT('',#6248);
#2936=VERTEX_POINT('',#6250);
#2937=VERTEX_POINT('',#6252);
#2938=VERTEX_POINT('',#6254);
#2939=VERTEX_POINT('',#6256);
#2940=VERTEX_POINT('',#6259);
#2941=VERTEX_POINT('',#6261);
#2942=VERTEX_POINT('',#6263);
#2943=VERTEX_POINT('',#6265);
#2944=VERTEX_POINT('',#6267);
#2945=VERTEX_POINT('',#6268);
#2946=VERTEX_POINT('',#6270);
#2947=VERTEX_POINT('',#6272);
#2948=VERTEX_POINT('',#6274);
#2949=VERTEX_POINT('',#6276);
#2950=VERTEX_POINT('',#6278);
#2951=VERTEX_POINT('',#6284);
#2952=VERTEX_POINT('',#6285);
#2953=VERTEX_POINT('',#6287);
#2954=VERTEX_POINT('',#6289);
#2955=VERTEX_POINT('',#6296);
#2956=VERTEX_POINT('',#6300);
#2957=VERTEX_POINT('',#6303);
#2958=VERTEX_POINT('',#6307);
#2959=VERTEX_POINT('',#6310);
#2960=VERTEX_POINT('',#6330);
#2961=VERTEX_POINT('',#6332);
#2962=VERTEX_POINT('',#6335);
#2963=VERTEX_POINT('',#6337);
#2964=VERTEX_POINT('',#6341);
#2965=VERTEX_POINT('',#6343);
#2966=VERTEX_POINT('',#6346);
#2967=VERTEX_POINT('',#6348);
#2968=VERTEX_POINT('',#6351);
#2969=VERTEX_POINT('',#6353);
#2970=VERTEX_POINT('',#6387);
#2971=VERTEX_POINT('',#6389);
#2972=VERTEX_POINT('',#6401);
#2973=VERTEX_POINT('',#6402);
#2974=VERTEX_POINT('',#6404);
#2975=VERTEX_POINT('',#6406);
#2976=VERTEX_POINT('',#6408);
#2977=VERTEX_POINT('',#6410);
#2978=VERTEX_POINT('',#6412);
#2979=VERTEX_POINT('',#6414);
#2980=VERTEX_POINT('',#6416);
#2981=VERTEX_POINT('',#6420);
#2982=VERTEX_POINT('',#6421);
#2983=VERTEX_POINT('',#6425);
#2984=VERTEX_POINT('',#6427);
#2985=VERTEX_POINT('',#6431);
#2986=VERTEX_POINT('',#6432);
#2987=VERTEX_POINT('',#6437);
#2988=VERTEX_POINT('',#6438);
#2989=VERTEX_POINT('',#6440);
#2990=VERTEX_POINT('',#6442);
#2991=VERTEX_POINT('',#6445);
#2992=VERTEX_POINT('',#6446);
#2993=VERTEX_POINT('',#6448);
#2994=VERTEX_POINT('',#6450);
#2995=VERTEX_POINT('',#6454);
#2996=VERTEX_POINT('',#6455);
#2997=VERTEX_POINT('',#6457);
#2998=VERTEX_POINT('',#6459);
#2999=VERTEX_POINT('',#6461);
#3000=VERTEX_POINT('',#6463);
#3001=VERTEX_POINT('',#6465);
#3002=VERTEX_POINT('',#6467);
#3003=VERTEX_POINT('',#6474);
#3004=VERTEX_POINT('',#6475);
#3005=VERTEX_POINT('',#6477);
#3006=VERTEX_POINT('',#6479);
#3007=VERTEX_POINT('',#6481);
#3008=VERTEX_POINT('',#6483);
#3009=VERTEX_POINT('',#6485);
#3010=VERTEX_POINT('',#6487);
#3011=VERTEX_POINT('',#6489);
#3012=VERTEX_POINT('',#6493);
#3013=VERTEX_POINT('',#6495);
#3014=VERTEX_POINT('',#6497);
#3015=VERTEX_POINT('',#6499);
#3016=VERTEX_POINT('',#6501);
#3017=VERTEX_POINT('',#6503);
#3018=VERTEX_POINT('',#6505);
#3019=VERTEX_POINT('',#6507);
#3020=VERTEX_POINT('',#6511);
#3021=VERTEX_POINT('',#6515);
#3022=VERTEX_POINT('',#6516);
#3023=VERTEX_POINT('',#6518);
#3024=VERTEX_POINT('',#6520);
#3025=VERTEX_POINT('',#6523);
#3026=VERTEX_POINT('',#6524);
#3027=VERTEX_POINT('',#6526);
#3028=VERTEX_POINT('',#6528);
#3029=VERTEX_POINT('',#6532);
#3030=VERTEX_POINT('',#6533);
#3031=VERTEX_POINT('',#6535);
#3032=VERTEX_POINT('',#6540);
#3033=VERTEX_POINT('',#6542);
#3034=VERTEX_POINT('',#6544);
#3035=VERTEX_POINT('',#6546);
#3036=VERTEX_POINT('',#6548);
#3037=VERTEX_POINT('',#6550);
#3038=VERTEX_POINT('',#6552);
#3039=VERTEX_POINT('',#6556);
#3040=VERTEX_POINT('',#6558);
#3041=VERTEX_POINT('',#6559);
#3042=VERTEX_POINT('',#6561);
#3043=VERTEX_POINT('',#6563);
#3044=VERTEX_POINT('',#6565);
#3045=VERTEX_POINT('',#6567);
#3046=VERTEX_POINT('',#6569);
#3047=VERTEX_POINT('',#6571);
#3048=VERTEX_POINT('',#6573);
#3049=VERTEX_POINT('',#6575);
#3050=VERTEX_POINT('',#6579);
#3051=VERTEX_POINT('',#6580);
#3052=VERTEX_POINT('',#6582);
#3053=VERTEX_POINT('',#6584);
#3054=VERTEX_POINT('',#6586);
#3055=VERTEX_POINT('',#6588);
#3056=VERTEX_POINT('',#6590);
#3057=VERTEX_POINT('',#6592);
#3058=VERTEX_POINT('',#6594);
#3059=VERTEX_POINT('',#6597);
#3060=VERTEX_POINT('',#6600);
#3061=VERTEX_POINT('',#6602);
#3062=VERTEX_POINT('',#6603);
#3063=VERTEX_POINT('',#6605);
#3064=VERTEX_POINT('',#6607);
#3065=VERTEX_POINT('',#6609);
#3066=VERTEX_POINT('',#6611);
#3067=VERTEX_POINT('',#6613);
#3068=VERTEX_POINT('',#6615);
#3069=VERTEX_POINT('',#6617);
#3070=VERTEX_POINT('',#6619);
#3071=VERTEX_POINT('',#6623);
#3072=VERTEX_POINT('',#6624);
#3073=VERTEX_POINT('',#6629);
#3074=VERTEX_POINT('',#6631);
#3075=VERTEX_POINT('',#6635);
#3076=VERTEX_POINT('',#6637);
#3077=VERTEX_POINT('',#6639);
#3078=VERTEX_POINT('',#6642);
#3079=VERTEX_POINT('',#6644);
#3080=VERTEX_POINT('',#6646);
#3081=VERTEX_POINT('',#6648);
#3082=VERTEX_POINT('',#6655);
#3083=VERTEX_POINT('',#6657);
#3084=VERTEX_POINT('',#6659);
#3085=VERTEX_POINT('',#6661);
#3086=VERTEX_POINT('',#6663);
#3087=VERTEX_POINT('',#6665);
#3088=VERTEX_POINT('',#6667);
#3089=VERTEX_POINT('',#6671);
#3090=VERTEX_POINT('',#6673);
#3091=VERTEX_POINT('',#6678);
#3092=VERTEX_POINT('',#6683);
#3093=VERTEX_POINT('',#6687);
#3094=VERTEX_POINT('',#6690);
#3095=VERTEX_POINT('',#6694);
#3096=VERTEX_POINT('',#6695);
#3097=VERTEX_POINT('',#6697);
#3098=VERTEX_POINT('',#6699);
#3099=VERTEX_POINT('',#6701);
#3100=VERTEX_POINT('',#6703);
#3101=VERTEX_POINT('',#6707);
#3102=VERTEX_POINT('',#6708);
#3103=VERTEX_POINT('',#6711);
#3104=VERTEX_POINT('',#6713);
#3105=VERTEX_POINT('',#6715);
#3106=VERTEX_POINT('',#6717);
#3107=VERTEX_POINT('',#6719);
#3108=VERTEX_POINT('',#6721);
#3109=VERTEX_POINT('',#6723);
#3110=VERTEX_POINT('',#6725);
#3111=VERTEX_POINT('',#6727);
#3112=VERTEX_POINT('',#6729);
#3113=VERTEX_POINT('',#6748);
#3114=VERTEX_POINT('',#6754);
#3115=VERTEX_POINT('',#6760);
#3116=VERTEX_POINT('',#6765);
#3117=VERTEX_POINT('',#6771);
#3118=VERTEX_POINT('',#6778);
#3119=VERTEX_POINT('',#6781);
#3120=VERTEX_POINT('',#6782);
#3121=VERTEX_POINT('',#6784);
#3122=VERTEX_POINT('',#6786);
#3123=VERTEX_POINT('',#6789);
#3124=VERTEX_POINT('',#6791);
#3125=VERTEX_POINT('',#6794);
#3126=VERTEX_POINT('',#6796);
#3127=VERTEX_POINT('',#6799);
#3128=VERTEX_POINT('',#6801);
#3129=VERTEX_POINT('',#6808);
#3130=VERTEX_POINT('',#6812);
#3131=VERTEX_POINT('',#6814);
#3132=VERTEX_POINT('',#6818);
#3133=VERTEX_POINT('',#6820);
#3134=VERTEX_POINT('',#6824);
#3135=VERTEX_POINT('',#6826);
#3136=VERTEX_POINT('',#6830);
#3137=VERTEX_POINT('',#6832);
#3138=VERTEX_POINT('',#6839);
#3139=VERTEX_POINT('',#6844);
#3140=VERTEX_POINT('',#6848);
#3141=VERTEX_POINT('',#6850);
#3142=VERTEX_POINT('',#6854);
#3143=VERTEX_POINT('',#6856);
#3144=VERTEX_POINT('',#6870);
#3145=VERTEX_POINT('',#6878);
#3146=VERTEX_POINT('',#6888);
#3147=VERTEX_POINT('',#6890);
#3148=VERTEX_POINT('',#6897);
#3149=VERTEX_POINT('',#6915);
#3150=VERTEX_POINT('',#6928);
#3151=VERTEX_POINT('',#6945);
#3152=VERTEX_POINT('',#6955);
#3153=VERTEX_POINT('',#6957);
#3154=VERTEX_POINT('',#6961);
#3155=VERTEX_POINT('',#6963);
#3156=VERTEX_POINT('',#6967);
#3157=VERTEX_POINT('',#6969);
#3158=VERTEX_POINT('',#6973);
#3159=VERTEX_POINT('',#6975);
#3160=VERTEX_POINT('',#6982);
#3161=VERTEX_POINT('',#6984);
#3162=VERTEX_POINT('',#6991);
#3163=VERTEX_POINT('',#6993);
#3164=VERTEX_POINT('',#7005);
#3165=VERTEX_POINT('',#7007);
#3166=VERTEX_POINT('',#7011);
#3167=VERTEX_POINT('',#7012);
#3168=VERTEX_POINT('',#7015);
#3169=VERTEX_POINT('',#7017);
#3170=VERTEX_POINT('',#7020);
#3171=VERTEX_POINT('',#7022);
#3172=VERTEX_POINT('',#7026);
#3173=VERTEX_POINT('',#7027);
#3174=VERTEX_POINT('',#7029);
#3175=VERTEX_POINT('',#7031);
#3176=VERTEX_POINT('',#7033);
#3177=VERTEX_POINT('',#7035);
#3178=VERTEX_POINT('',#7037);
#3179=VERTEX_POINT('',#7039);
#3180=VERTEX_POINT('',#7043);
#3181=VERTEX_POINT('',#7047);
#3182=VERTEX_POINT('',#7049);
#3183=VERTEX_POINT('',#7053);
#3184=VERTEX_POINT('',#7056);
#3185=VERTEX_POINT('',#7058);
#3186=VERTEX_POINT('',#7062);
#3187=VERTEX_POINT('',#7064);
#3188=VERTEX_POINT('',#7066);
#3189=VERTEX_POINT('',#7071);
#3190=VERTEX_POINT('',#7074);
#3191=VERTEX_POINT('',#7080);
#3192=VERTEX_POINT('',#7084);
#3193=VERTEX_POINT('',#7086);
#3194=VERTEX_POINT('',#7089);
#3195=VERTEX_POINT('',#7093);
#3196=VERTEX_POINT('',#7095);
#3197=VERTEX_POINT('',#7099);
#3198=VERTEX_POINT('',#7103);
#3199=VERTEX_POINT('',#7107);
#3200=VERTEX_POINT('',#7111);
#3201=VERTEX_POINT('',#7115);
#3202=VERTEX_POINT('',#7117);
#3203=VERTEX_POINT('',#7134);
#3204=VERTEX_POINT('',#7136);
#3205=VERTEX_POINT('',#7138);
#3206=VERTEX_POINT('',#7161);
#3207=VERTEX_POINT('',#7163);
#3208=VERTEX_POINT('',#7166);
#3209=VERTEX_POINT('',#7168);
#3210=VERTEX_POINT('',#7171);
#3211=VERTEX_POINT('',#7173);
#3212=VERTEX_POINT('',#7176);
#3213=VERTEX_POINT('',#7178);
#3214=VERTEX_POINT('',#7181);
#3215=VERTEX_POINT('',#7183);
#3216=VERTEX_POINT('',#7187);
#3217=VERTEX_POINT('',#7189);
#3218=VERTEX_POINT('',#7198);
#3219=VERTEX_POINT('',#7200);
#3220=VERTEX_POINT('',#7211);
#3221=VERTEX_POINT('',#7212);
#3222=VERTEX_POINT('',#7214);
#3223=VERTEX_POINT('',#7216);
#3224=VERTEX_POINT('',#7218);
#3225=VERTEX_POINT('',#7220);
#3226=VERTEX_POINT('',#7222);
#3227=VERTEX_POINT('',#7224);
#3228=VERTEX_POINT('',#7264);
#3229=VERTEX_POINT('',#7265);
#3230=VERTEX_POINT('',#7270);
#3231=VERTEX_POINT('',#7274);
#3232=VERTEX_POINT('',#7286);
#3233=VERTEX_POINT('',#7288);
#3234=VERTEX_POINT('',#7292);
#3235=VERTEX_POINT('',#7293);
#3236=VERTEX_POINT('',#7298);
#3237=VERTEX_POINT('',#7302);
#3238=VERTEX_POINT('',#7317);
#3239=VERTEX_POINT('',#7318);
#3240=VERTEX_POINT('',#7323);
#3241=VERTEX_POINT('',#7327);
#3242=VERTEX_POINT('',#7339);
#3243=VERTEX_POINT('',#7340);
#3244=VERTEX_POINT('',#7342);
#3245=VERTEX_POINT('',#7344);
#3246=VERTEX_POINT('',#7348);
#3247=VERTEX_POINT('',#7353);
#3248=VERTEX_POINT('',#7363);
#3249=VERTEX_POINT('',#7364);
#3250=VERTEX_POINT('',#7366);
#3251=VERTEX_POINT('',#7368);
#3252=VERTEX_POINT('',#7372);
#3253=VERTEX_POINT('',#7373);
#3254=VERTEX_POINT('',#7375);
#3255=VERTEX_POINT('',#7377);
#3256=VERTEX_POINT('',#7381);
#3257=VERTEX_POINT('',#7382);
#3258=VERTEX_POINT('',#7384);
#3259=VERTEX_POINT('',#7386);
#3260=VERTEX_POINT('',#7390);
#3261=VERTEX_POINT('',#7391);
#3262=VERTEX_POINT('',#7393);
#3263=VERTEX_POINT('',#7395);
#3264=VERTEX_POINT('',#7399);
#3265=VERTEX_POINT('',#7401);
#3266=VERTEX_POINT('',#7403);
#3267=VERTEX_POINT('',#7405);
#3268=VERTEX_POINT('',#7407);
#3269=VERTEX_POINT('',#7410);
#3270=VERTEX_POINT('',#7412);
#3271=VERTEX_POINT('',#7414);
#3272=VERTEX_POINT('',#7416);
#3273=VERTEX_POINT('',#7418);
#3274=VERTEX_POINT('',#7420);
#3275=VERTEX_POINT('',#7424);
#3276=VERTEX_POINT('',#7426);
#3277=VERTEX_POINT('',#7429);
#3278=VERTEX_POINT('',#7431);
#3279=VERTEX_POINT('',#7433);
#3280=VERTEX_POINT('',#7435);
#3281=VERTEX_POINT('',#7439);
#3282=VERTEX_POINT('',#7441);
#3283=VERTEX_POINT('',#7443);
#3284=VERTEX_POINT('',#7446);
#3285=VERTEX_POINT('',#7448);
#3286=VERTEX_POINT('',#7450);
#3287=VERTEX_POINT('',#7452);
#3288=VERTEX_POINT('',#7454);
#3289=VERTEX_POINT('',#7456);
#3290=VERTEX_POINT('',#7458);
#3291=VERTEX_POINT('',#7460);
#3292=VERTEX_POINT('',#7462);
#3293=VERTEX_POINT('',#7464);
#3294=VERTEX_POINT('',#7469);
#3295=VERTEX_POINT('',#7471);
#3296=VERTEX_POINT('',#7473);
#3297=VERTEX_POINT('',#7475);
#3298=VERTEX_POINT('',#7477);
#3299=VERTEX_POINT('',#7479);
#3300=VERTEX_POINT('',#7481);
#3301=VERTEX_POINT('',#7483);
#3302=CIRCLE('',#4441,0.00175);
#3303=CIRCLE('',#4442,0.00175);
#3304=CIRCLE('',#4454,0.022407360536779);
#3305=CIRCLE('',#4458,0.0930943050748751);
#3306=CIRCLE('',#4459,0.0930943050748751);
#3307=CIRCLE('',#4465,0.00275);
#3308=CIRCLE('',#4466,0.00275);
#3309=CIRCLE('',#4467,0.0930943050748751);
#3310=CIRCLE('',#4468,0.0215848670680913);
#3311=CIRCLE('',#4469,0.0215848670680913);
#3312=CIRCLE('',#4470,0.002);
#3313=CIRCLE('',#4471,0.002);
#3314=CIRCLE('',#4472,0.002);
#3315=CIRCLE('',#4473,0.002);
#3316=CIRCLE('',#4475,0.00275);
#3317=CIRCLE('',#4476,0.00275);
#3318=CIRCLE('',#4477,0.0269810838351142);
#3319=CIRCLE('',#4478,0.116367881343594);
#3320=CIRCLE('',#4479,0.0269810838351141);
#3321=CIRCLE('',#4480,0.0280092006709736);
#3322=CIRCLE('',#4481,0.002);
#3323=CIRCLE('',#4482,0.002);
#3324=CIRCLE('',#4483,0.002);
#3325=CIRCLE('',#4484,0.002);
#3326=CIRCLE('',#4487,0.0215848670680913);
#3327=CIRCLE('',#4488,0.0215848670680913);
#3328=CIRCLE('',#4491,0.0215848670680913);
#3329=CIRCLE('',#4493,0.0930943050748751);
#3330=CIRCLE('',#4506,0.116367881343594);
#3331=CIRCLE('',#4507,0.116367881343594);
#3332=CIRCLE('',#4509,0.00175);
#3333=CIRCLE('',#4512,0.00175);
#3334=CIRCLE('',#4515,0.00175);
#3335=CIRCLE('',#4539,0.003245);
#3336=CIRCLE('',#4540,0.003245);
#3337=CIRCLE('',#4548,0.0156330086668712);
#3338=CIRCLE('',#4550,0.0156330086668712);
#3339=CIRCLE('',#4552,0.0700353686195068);
#3340=CIRCLE('',#4553,0.0700353686195068);
#3341=CIRCLE('',#4556,0.275763228200863);
#3342=CIRCLE('',#4557,0.275763228200863);
#3343=CIRCLE('',#4558,0.275763228200863);
#3344=CIRCLE('',#4565,0.0700353686195068);
#3345=CIRCLE('',#4568,0.275763228200863);
#3346=CIRCLE('',#4569,0.275763228200863);
#3347=CIRCLE('',#4570,0.275763228200863);
#3348=CIRCLE('',#4571,0.275763228200863);
#3349=CIRCLE('',#4573,0.00175);
#3350=CIRCLE('',#4582,0.00175);
#3351=CIRCLE('',#4609,0.00175);
#3352=CIRCLE('',#4634,0.00175);
#3353=CIRCLE('',#4664,0.116367881343594);
#3354=CIRCLE('',#4665,0.116367881343594);
#3355=CIRCLE('',#4666,0.116367881343594);
#3356=CIRCLE('',#4667,0.116367881343594);
#3357=CIRCLE('',#4668,0.116367881343594);
#3358=CIRCLE('',#4669,0.116367881343594);
#3359=CIRCLE('',#4670,0.116367881343594);
#3360=CIRCLE('',#4672,0.344704035251079);
#3361=CIRCLE('',#4674,0.0930943050748751);
#3362=CIRCLE('',#4675,0.0930943050748751);
#3363=CIRCLE('',#4676,0.0930943050748751);
#3364=CIRCLE('',#4677,0.0930943050748751);
#3365=CIRCLE('',#4679,0.0156330086668712);
#3366=CIRCLE('',#4680,0.0156330086668712);
#3367=CIRCLE('',#4683,0.0184752164762067);
#3368=CIRCLE('',#4685,0.0700353686195068);
#3369=CIRCLE('',#4688,0.019541260833589);
#3370=CIRCLE('',#4691,0.0230940205952583);
#3371=CIRCLE('',#4694,0.00175);
#3372=CIRCLE('',#4695,0.00175);
#3373=CIRCLE('',#4696,0.344704035251079);
#3374=CIRCLE('',#4702,0.00175);
#3375=CIRCLE('',#4703,0.00175);
#3376=CIRCLE('',#4704,0.00175);
#3377=CIRCLE('',#4705,0.0700353686195068);
#3378=CIRCLE('',#4706,0.019541260833589);
#3379=CIRCLE('',#4708,0.0700353686195068);
#3380=CIRCLE('',#4715,0.00175);
#3381=CIRCLE('',#4718,0.00175);
#3382=CIRCLE('',#4721,0.00175);
#3383=CIRCLE('',#4724,0.00175);
#3384=CIRCLE('',#4727,0.00175);
#3385=CIRCLE('',#4793,0.0700353686195068);
#3386=CIRCLE('',#4794,0.0700353686195068);
#3387=CIRCLE('',#4796,0.275763228200863);
#3388=CIRCLE('',#4797,0.275763228200863);
#3389=CIRCLE('',#4799,0.019541260833589);
#3390=CIRCLE('',#4800,0.019541260833589);
#3391=CIRCLE('',#4802,0.344704035251079);
#3392=CIRCLE('',#4803,0.344704035251079);
#3393=CIRCLE('',#4805,0.00175);
#3394=CIRCLE('',#4806,0.00175);
#3395=CIRCLE('',#4807,0.00175);
#3396=CIRCLE('',#4808,0.00175);
#3397=CIRCLE('',#4809,0.00175);
#3398=CIRCLE('',#4810,0.0230940205952583);
#3399=CIRCLE('',#4811,0.019541260833589);
#3400=CIRCLE('',#4812,0.344704035251079);
#3401=CIRCLE('',#4813,0.116367881343594);
#3402=CIRCLE('',#4815,0.00175);
#3403=CIRCLE('',#4816,0.00175);
#3404=CIRCLE('',#4817,0.116367881343594);
#3405=CIRCLE('',#4818,0.344704035251079);
#3406=CIRCLE('',#4819,0.275763228200863);
#3407=CIRCLE('',#4820,0.0930943050748751);
#3408=CIRCLE('',#4822,0.00175);
#3409=CIRCLE('',#4823,0.00175);
#3410=CIRCLE('',#4824,0.00175);
#3411=CIRCLE('',#4825,0.0156330086668712);
#3412=CIRCLE('',#4826,0.0184752164762067);
#3413=CIRCLE('',#4827,0.0156330086668712);
#3414=CIRCLE('',#4828,0.0700353686195068);
#3415=CIRCLE('',#4829,0.019541260833589);
#3416=CIRCLE('',#4830,0.0230940205952583);
#3417=CIRCLE('',#4832,0.0930943050748751);
#3418=CIRCLE('',#4833,0.275763228200863);
#3419=CIRCLE('',#4834,0.0700353686195068);
#3420=CIRCLE('',#4835,0.0156330086668712);
#3421=CIRCLE('',#4836,0.0184752164762067);
#3422=CIRCLE('',#4837,0.0156330086668712);
#3423=EDGE_LOOP('',(#1014));
#3424=EDGE_LOOP('',(#1015));
#3425=EDGE_LOOP('',(#1016));
#3426=EDGE_LOOP('',(#1017,#1018,#1019,#1020,#1021,#1022,#1023,#1024,#1025,
#1026,#1027,#1028,#1029,#1030,#1031,#1032,#1033,#1034,#1035,#1036,#1037,
#1038,#1039));
#3427=EDGE_LOOP('',(#1040,#1041,#1042,#1043));
#3428=EDGE_LOOP('',(#1044,#1045,#1046,#1047));
#3429=EDGE_LOOP('',(#1048,#1049,#1050,#1051));
#3430=EDGE_LOOP('',(#1052,#1053,#1054,#1055,#1056,#1057));
#3431=EDGE_LOOP('',(#1058,#1059,#1060,#1061,#1062,#1063));
#3432=EDGE_LOOP('',(#1064));
#3433=EDGE_LOOP('',(#1065));
#3434=EDGE_LOOP('',(#1066,#1067,#1068,#1069,#1070,#1071,#1072,#1073,#1074,
#1075,#1076,#1077));
#3435=EDGE_LOOP('',(#1078,#1079,#1080,#1081,#1082,#1083,#1084));
#3436=EDGE_LOOP('',(#1085));
#3437=EDGE_LOOP('',(#1086));
#3438=EDGE_LOOP('',(#1087));
#3439=EDGE_LOOP('',(#1088));
#3440=EDGE_LOOP('',(#1089));
#3441=EDGE_LOOP('',(#1090));
#3442=EDGE_LOOP('',(#1091,#1092,#1093,#1094,#1095,#1096,#1097,#1098));
#3443=EDGE_LOOP('',(#1099));
#3444=EDGE_LOOP('',(#1100));
#3445=EDGE_LOOP('',(#1101));
#3446=EDGE_LOOP('',(#1102));
#3447=EDGE_LOOP('',(#1103,#1104,#1105,#1106,#1107,#1108,#1109));
#3448=EDGE_LOOP('',(#1110,#1111,#1112,#1113));
#3449=EDGE_LOOP('',(#1114,#1115,#1116,#1117));
#3450=EDGE_LOOP('',(#1118,#1119,#1120,#1121));
#3451=EDGE_LOOP('',(#1122,#1123,#1124,#1125));
#3452=EDGE_LOOP('',(#1126,#1127,#1128,#1129,#1130,#1131));
#3453=EDGE_LOOP('',(#1132,#1133,#1134,#1135,#1136,#1137,#1138,#1139));
#3454=EDGE_LOOP('',(#1140,#1141,#1142,#1143,#1144,#1145));
#3455=EDGE_LOOP('',(#1146,#1147,#1148,#1149,#1150));
#3456=EDGE_LOOP('',(#1151,#1152,#1153,#1154,#1155));
#3457=EDGE_LOOP('',(#1156,#1157,#1158));
#3458=EDGE_LOOP('',(#1159,#1160,#1161));
#3459=EDGE_LOOP('',(#1162,#1163,#1164,#1165));
#3460=EDGE_LOOP('',(#1166,#1167,#1168,#1169));
#3461=EDGE_LOOP('',(#1170,#1171,#1172,#1173));
#3462=EDGE_LOOP('',(#1174,#1175,#1176,#1177));
#3463=EDGE_LOOP('',(#1178,#1179,#1180,#1181,#1182,#1183,#1184,#1185,#1186,
#1187,#1188,#1189));
#3464=EDGE_LOOP('',(#1190));
#3465=EDGE_LOOP('',(#1191));
#3466=EDGE_LOOP('',(#1192));
#3467=EDGE_LOOP('',(#1193));
#3468=EDGE_LOOP('',(#1194));
#3469=EDGE_LOOP('',(#1195));
#3470=EDGE_LOOP('',(#1196));
#3471=EDGE_LOOP('',(#1197));
#3472=EDGE_LOOP('',(#1198));
#3473=EDGE_LOOP('',(#1199));
#3474=EDGE_LOOP('',(#1200));
#3475=EDGE_LOOP('',(#1201));
#3476=EDGE_LOOP('',(#1202));
#3477=EDGE_LOOP('',(#1203));
#3478=EDGE_LOOP('',(#1204));
#3479=EDGE_LOOP('',(#1205));
#3480=EDGE_LOOP('',(#1206));
#3481=EDGE_LOOP('',(#1207,#1208,#1209,#1210));
#3482=EDGE_LOOP('',(#1211,#1212,#1213,#1214));
#3483=EDGE_LOOP('',(#1215,#1216,#1217,#1218));
#3484=EDGE_LOOP('',(#1219,#1220,#1221,#1222));
#3485=EDGE_LOOP('',(#1223,#1224,#1225,#1226));
#3486=EDGE_LOOP('',(#1227,#1228,#1229,#1230));
#3487=EDGE_LOOP('',(#1231,#1232,#1233,#1234));
#3488=EDGE_LOOP('',(#1235,#1236,#1237,#1238));
#3489=EDGE_LOOP('',(#1239,#1240,#1241,#1242));
#3490=EDGE_LOOP('',(#1243,#1244,#1245,#1246));
#3491=EDGE_LOOP('',(#1247,#1248,#1249,#1250,#1251));
#3492=EDGE_LOOP('',(#1252,#1253,#1254,#1255));
#3493=EDGE_LOOP('',(#1256,#1257,#1258,#1259));
#3494=EDGE_LOOP('',(#1260,#1261,#1262,#1263));
#3495=EDGE_LOOP('',(#1264,#1265,#1266,#1267));
#3496=EDGE_LOOP('',(#1268,#1269,#1270,#1271));
#3497=EDGE_LOOP('',(#1272,#1273,#1274,#1275));
#3498=EDGE_LOOP('',(#1276,#1277,#1278,#1279));
#3499=EDGE_LOOP('',(#1280,#1281,#1282));
#3500=EDGE_LOOP('',(#1283,#1284,#1285));
#3501=EDGE_LOOP('',(#1286));
#3502=EDGE_LOOP('',(#1287));
#3503=EDGE_LOOP('',(#1288));
#3504=EDGE_LOOP('',(#1289));
#3505=EDGE_LOOP('',(#1290,#1291,#1292,#1293,#1294,#1295,#1296,#1297,#1298));
#3506=EDGE_LOOP('',(#1299,#1300,#1301,#1302,#1303,#1304,#1305,#1306));
#3507=EDGE_LOOP('',(#1307,#1308,#1309,#1310));
#3508=EDGE_LOOP('',(#1311,#1312,#1313,#1314));
#3509=EDGE_LOOP('',(#1315,#1316,#1317,#1318));
#3510=EDGE_LOOP('',(#1319,#1320,#1321,#1322,#1323,#1324,#1325,#1326));
#3511=EDGE_LOOP('',(#1327,#1328,#1329,#1330,#1331,#1332,#1333,#1334,#1335));
#3512=EDGE_LOOP('',(#1336,#1337,#1338,#1339,#1340,#1341,#1342,#1343,#1344,
#1345));
#3513=EDGE_LOOP('',(#1346,#1347,#1348));
#3514=EDGE_LOOP('',(#1349,#1350,#1351,#1352));
#3515=EDGE_LOOP('',(#1353,#1354,#1355,#1356));
#3516=EDGE_LOOP('',(#1357,#1358,#1359,#1360,#1361,#1362,#1363,#1364,#1365,
#1366));
#3517=EDGE_LOOP('',(#1367));
#3518=EDGE_LOOP('',(#1368,#1369,#1370,#1371,#1372,#1373,#1374,#1375,#1376,
#1377));
#3519=EDGE_LOOP('',(#1378,#1379,#1380,#1381,#1382,#1383,#1384,#1385,#1386));
#3520=EDGE_LOOP('',(#1387));
#3521=EDGE_LOOP('',(#1388));
#3522=EDGE_LOOP('',(#1389,#1390,#1391,#1392,#1393,#1394,#1395,#1396,#1397,
#1398));
#3523=EDGE_LOOP('',(#1399,#1400,#1401,#1402));
#3524=EDGE_LOOP('',(#1403,#1404,#1405,#1406));
#3525=EDGE_LOOP('',(#1407));
#3526=EDGE_LOOP('',(#1408,#1409,#1410,#1411,#1412,#1413,#1414,#1415,#1416,
#1417));
#3527=EDGE_LOOP('',(#1418,#1419,#1420,#1421));
#3528=EDGE_LOOP('',(#1422,#1423,#1424,#1425,#1426,#1427,#1428,#1429,#1430,
#1431));
#3529=EDGE_LOOP('',(#1432,#1433,#1434,#1435));
#3530=EDGE_LOOP('',(#1436,#1437,#1438,#1439,#1440,#1441));
#3531=EDGE_LOOP('',(#1442,#1443,#1444,#1445,#1446,#1447,#1448));
#3532=EDGE_LOOP('',(#1449,#1450,#1451,#1452,#1453,#1454));
#3533=EDGE_LOOP('',(#1455,#1456,#1457,#1458,#1459,#1460,#1461,#1462,#1463,
#1464,#1465,#1466,#1467,#1468,#1469,#1470,#1471,#1472));
#3534=EDGE_LOOP('',(#1473,#1474,#1475,#1476,#1477,#1478,#1479));
#3535=EDGE_LOOP('',(#1480));
#3536=EDGE_LOOP('',(#1481,#1482,#1483,#1484,#1485,#1486,#1487,#1488,#1489,
#1490,#1491,#1492,#1493,#1494,#1495,#1496,#1497,#1498,#1499,#1500,#1501,
#1502,#1503));
#3537=EDGE_LOOP('',(#1504,#1505,#1506));
#3538=EDGE_LOOP('',(#1507,#1508,#1509,#1510));
#3539=EDGE_LOOP('',(#1511,#1512,#1513,#1514));
#3540=EDGE_LOOP('',(#1515,#1516,#1517,#1518));
#3541=EDGE_LOOP('',(#1519,#1520,#1521,#1522));
#3542=EDGE_LOOP('',(#1523,#1524,#1525,#1526));
#3543=EDGE_LOOP('',(#1527,#1528,#1529,#1530));
#3544=EDGE_LOOP('',(#1531,#1532,#1533));
#3545=EDGE_LOOP('',(#1534,#1535,#1536,#1537));
#3546=EDGE_LOOP('',(#1538,#1539,#1540,#1541,#1542,#1543,#1544,#1545,#1546,
#1547));
#3547=EDGE_LOOP('',(#1548));
#3548=EDGE_LOOP('',(#1549,#1550,#1551,#1552,#1553,#1554));
#3549=EDGE_LOOP('',(#1555,#1556));
#3550=EDGE_LOOP('',(#1557,#1558,#1559));
#3551=EDGE_LOOP('',(#1560,#1561,#1562));
#3552=EDGE_LOOP('',(#1563,#1564,#1565,#1566));
#3553=EDGE_LOOP('',(#1567,#1568,#1569,#1570));
#3554=EDGE_LOOP('',(#1571,#1572,#1573,#1574,#1575,#1576,#1577,#1578,#1579,
#1580,#1581));
#3555=EDGE_LOOP('',(#1582,#1583,#1584));
#3556=EDGE_LOOP('',(#1585,#1586,#1587,#1588));
#3557=EDGE_LOOP('',(#1589,#1590,#1591,#1592));
#3558=EDGE_LOOP('',(#1593,#1594,#1595,#1596));
#3559=EDGE_LOOP('',(#1597,#1598,#1599,#1600));
#3560=EDGE_LOOP('',(#1601,#1602,#1603,#1604));
#3561=EDGE_LOOP('',(#1605,#1606,#1607,#1608));
#3562=EDGE_LOOP('',(#1609,#1610,#1611,#1612));
#3563=EDGE_LOOP('',(#1613,#1614,#1615,#1616,#1617,#1618));
#3564=EDGE_LOOP('',(#1619,#1620,#1621,#1622));
#3565=EDGE_LOOP('',(#1623,#1624,#1625,#1626,#1627,#1628,#1629,#1630,#1631,
#1632,#1633,#1634,#1635,#1636));
#3566=EDGE_LOOP('',(#1637,#1638,#1639,#1640,#1641,#1642,#1643,#1644));
#3567=EDGE_LOOP('',(#1645,#1646,#1647,#1648));
#3568=EDGE_LOOP('',(#1649,#1650,#1651,#1652,#1653,#1654,#1655,#1656,#1657,
#1658,#1659,#1660,#1661,#1662,#1663));
#3569=EDGE_LOOP('',(#1664,#1665,#1666,#1667,#1668,#1669,#1670,#1671));
#3570=EDGE_LOOP('',(#1672,#1673,#1674,#1675,#1676,#1677,#1678));
#3571=EDGE_LOOP('',(#1679,#1680,#1681,#1682));
#3572=EDGE_LOOP('',(#1683,#1684,#1685));
#3573=EDGE_LOOP('',(#1686,#1687,#1688,#1689,#1690,#1691,#1692,#1693,#1694,
#1695,#1696,#1697,#1698,#1699,#1700,#1701,#1702,#1703,#1704,#1705,#1706,
#1707,#1708));
#3574=EDGE_LOOP('',(#1709,#1710,#1711,#1712));
#3575=EDGE_LOOP('',(#1713,#1714,#1715,#1716));
#3576=EDGE_LOOP('',(#1717,#1718,#1719,#1720));
#3577=EDGE_LOOP('',(#1721,#1722,#1723,#1724));
#3578=EDGE_LOOP('',(#1725));
#3579=EDGE_LOOP('',(#1726));
#3580=EDGE_LOOP('',(#1727,#1728,#1729,#1730,#1731,#1732,#1733,#1734));
#3581=EDGE_LOOP('',(#1735,#1736,#1737,#1738));
#3582=EDGE_LOOP('',(#1739,#1740,#1741,#1742,#1743,#1744,#1745,#1746,#1747,
#1748));
#3583=EDGE_LOOP('',(#1749,#1750,#1751,#1752,#1753,#1754,#1755,#1756,#1757,
#1758,#1759));
#3584=EDGE_LOOP('',(#1760,#1761,#1762,#1763));
#3585=EDGE_LOOP('',(#1764));
#3586=EDGE_LOOP('',(#1765));
#3587=EDGE_LOOP('',(#1766));
#3588=EDGE_LOOP('',(#1767,#1768,#1769,#1770,#1771,#1772,#1773,#1774,#1775,
#1776,#1777,#1778,#1779,#1780));
#3589=EDGE_LOOP('',(#1781,#1782,#1783,#1784));
#3590=EDGE_LOOP('',(#1785,#1786,#1787,#1788));
#3591=EDGE_LOOP('',(#1789,#1790,#1791));
#3592=EDGE_LOOP('',(#1792,#1793,#1794,#1795));
#3593=EDGE_LOOP('',(#1796));
#3594=EDGE_LOOP('',(#1797));
#3595=EDGE_LOOP('',(#1798));
#3596=EDGE_LOOP('',(#1799));
#3597=EDGE_LOOP('',(#1800));
#3598=EDGE_LOOP('',(#1801));
#3599=EDGE_LOOP('',(#1802));
#3600=EDGE_LOOP('',(#1803));
#3601=EDGE_LOOP('',(#1804));
#3602=EDGE_LOOP('',(#1805));
#3603=EDGE_LOOP('',(#1806));
#3604=EDGE_LOOP('',(#1807));
#3605=EDGE_LOOP('',(#1808));
#3606=EDGE_LOOP('',(#1809));
#3607=EDGE_LOOP('',(#1810));
#3608=EDGE_LOOP('',(#1811));
#3609=EDGE_LOOP('',(#1812));
#3610=EDGE_LOOP('',(#1813));
#3611=EDGE_LOOP('',(#1814));
#3612=EDGE_LOOP('',(#1815));
#3613=EDGE_LOOP('',(#1816));
#3614=EDGE_LOOP('',(#1817,#1818,#1819,#1820,#1821));
#3615=EDGE_LOOP('',(#1822,#1823,#1824,#1825,#1826,#1827,#1828));
#3616=EDGE_LOOP('',(#1829,#1830,#1831,#1832,#1833,#1834,#1835));
#3617=EDGE_LOOP('',(#1836,#1837,#1838,#1839));
#3618=EDGE_LOOP('',(#1840,#1841,#1842,#1843,#1844));
#3619=EDGE_LOOP('',(#1845,#1846,#1847,#1848,#1849,#1850,#1851));
#3620=EDGE_LOOP('',(#1852,#1853,#1854,#1855));
#3621=EDGE_LOOP('',(#1856,#1857,#1858,#1859,#1860,#1861,#1862));
#3622=EDGE_LOOP('',(#1863,#1864));
#3623=EDGE_LOOP('',(#1865,#1866,#1867,#1868,#1869,#1870,#1871,#1872));
#3624=EDGE_LOOP('',(#1873,#1874,#1875,#1876));
#3625=EDGE_LOOP('',(#1877,#1878,#1879,#1880));
#3626=EDGE_LOOP('',(#1881,#1882,#1883,#1884));
#3627=EDGE_LOOP('',(#1885,#1886,#1887,#1888));
#3628=EDGE_LOOP('',(#1889,#1890,#1891,#1892));
#3629=EDGE_LOOP('',(#1893,#1894,#1895,#1896));
#3630=EDGE_LOOP('',(#1897,#1898,#1899,#1900));
#3631=EDGE_LOOP('',(#1901,#1902,#1903,#1904));
#3632=EDGE_LOOP('',(#1905,#1906,#1907,#1908));
#3633=EDGE_LOOP('',(#1909,#1910,#1911,#1912));
#3634=EDGE_LOOP('',(#1913,#1914,#1915,#1916));
#3635=EDGE_LOOP('',(#1917,#1918,#1919,#1920));
#3636=EDGE_LOOP('',(#1921,#1922,#1923,#1924,#1925,#1926));
#3637=EDGE_LOOP('',(#1927,#1928,#1929,#1930,#1931));
#3638=EDGE_LOOP('',(#1932,#1933,#1934,#1935));
#3639=EDGE_LOOP('',(#1936,#1937,#1938,#1939));
#3640=EDGE_LOOP('',(#1940,#1941,#1942,#1943));
#3641=EDGE_LOOP('',(#1944,#1945,#1946,#1947,#1948));
#3642=EDGE_LOOP('',(#1949,#1950,#1951,#1952,#1953));
#3643=EDGE_LOOP('',(#1954,#1955,#1956,#1957));
#3644=EDGE_LOOP('',(#1958,#1959,#1960,#1961));
#3645=EDGE_LOOP('',(#1962,#1963,#1964,#1965));
#3646=EDGE_LOOP('',(#1966,#1967,#1968,#1969));
#3647=EDGE_LOOP('',(#1970,#1971,#1972,#1973));
#3648=EDGE_LOOP('',(#1974,#1975,#1976,#1977));
#3649=EDGE_LOOP('',(#1978,#1979,#1980,#1981));
#3650=EDGE_LOOP('',(#1982,#1983,#1984,#1985,#1986));
#3651=EDGE_LOOP('',(#1987,#1988,#1989,#1990,#1991));
#3652=EDGE_LOOP('',(#1992,#1993,#1994,#1995));
#3653=EDGE_LOOP('',(#1996,#1997,#1998,#1999));
#3654=EDGE_LOOP('',(#2000,#2001,#2002,#2003,#2004));
#3655=EDGE_LOOP('',(#2005,#2006,#2007,#2008));
#3656=EDGE_LOOP('',(#2009,#2010,#2011,#2012,#2013));
#3657=EDGE_LOOP('',(#2014,#2015,#2016,#2017));
#3658=EDGE_LOOP('',(#2018,#2019,#2020,#2021));
#3659=EDGE_LOOP('',(#2022,#2023,#2024,#2025,#2026));
#3660=EDGE_LOOP('',(#2027,#2028,#2029,#2030));
#3661=EDGE_LOOP('',(#2031,#2032,#2033,#2034,#2035));
#3662=EDGE_LOOP('',(#2036,#2037,#2038,#2039));
#3663=EDGE_LOOP('',(#2040,#2041,#2042,#2043));
#3664=EDGE_LOOP('',(#2044,#2045,#2046,#2047));
#3665=EDGE_LOOP('',(#2048,#2049,#2050,#2051));
#3666=EDGE_LOOP('',(#2052,#2053,#2054,#2055));
#3667=EDGE_LOOP('',(#2056,#2057,#2058,#2059));
#3668=EDGE_LOOP('',(#2060,#2061,#2062,#2063,#2064));
#3669=EDGE_LOOP('',(#2065,#2066,#2067,#2068));
#3670=EDGE_LOOP('',(#2069,#2070,#2071,#2072,#2073));
#3671=EDGE_LOOP('',(#2074,#2075,#2076,#2077));
#3672=EDGE_LOOP('',(#2078,#2079,#2080,#2081,#2082));
#3673=EDGE_LOOP('',(#2083,#2084,#2085,#2086));
#3674=EDGE_LOOP('',(#2087,#2088,#2089,#2090,#2091));
#3675=EDGE_LOOP('',(#2092,#2093,#2094,#2095));
#3676=EDGE_LOOP('',(#2096,#2097,#2098,#2099));
#3677=EDGE_LOOP('',(#2100,#2101,#2102,#2103));
#3678=EDGE_LOOP('',(#2104,#2105,#2106,#2107));
#3679=EDGE_LOOP('',(#2108,#2109,#2110,#2111));
#3680=EDGE_LOOP('',(#2112,#2113,#2114,#2115));
#3681=EDGE_LOOP('',(#2116));
#3682=EDGE_LOOP('',(#2117));
#3683=EDGE_LOOP('',(#2118));
#3684=EDGE_LOOP('',(#2119));
#3685=EDGE_LOOP('',(#2120));
#3686=EDGE_LOOP('',(#2121,#2122,#2123,#2124,#2125,#2126,#2127,#2128,#2129,
#2130));
#3687=EDGE_LOOP('',(#2131));
#3688=EDGE_LOOP('',(#2132));
#3689=EDGE_LOOP('',(#2133,#2134,#2135,#2136,#2137,#2138,#2139,#2140));
#3690=EDGE_LOOP('',(#2141));
#3691=EDGE_LOOP('',(#2142));
#3692=EDGE_LOOP('',(#2143));
#3693=EDGE_LOOP('',(#2144,#2145,#2146,#2147,#2148,#2149,#2150,#2151,#2152,
#2153,#2154,#2155,#2156,#2157));
#3694=EDGE_LOOP('',(#2158,#2159,#2160,#2161,#2162,#2163,#2164,#2165,#2166,
#2167,#2168,#2169));
#3695=EDGE_LOOP('',(#2170,#2171,#2172,#2173));
#3696=EDGE_LOOP('',(#2174,#2175,#2176,#2177));
#3697=EDGE_LOOP('',(#2178,#2179,#2180,#2181));
#3698=EDGE_LOOP('',(#2182,#2183,#2184,#2185));
#3699=EDGE_LOOP('',(#2186,#2187,#2188,#2189));
#3700=EDGE_LOOP('',(#2190,#2191,#2192,#2193));
#3701=EDGE_LOOP('',(#2194,#2195,#2196,#2197));
#3702=EDGE_LOOP('',(#2198,#2199,#2200,#2201));
#3703=EDGE_LOOP('',(#2202,#2203,#2204,#2205));
#3704=EDGE_LOOP('',(#2206,#2207,#2208,#2209));
#3705=EDGE_LOOP('',(#2210,#2211,#2212,#2213));
#3706=EDGE_LOOP('',(#2214,#2215,#2216,#2217));
#3707=EDGE_LOOP('',(#2218,#2219,#2220,#2221));
#3708=EDGE_LOOP('',(#2222,#2223,#2224,#2225));
#3709=EDGE_LOOP('',(#2226,#2227,#2228,#2229,#2230,#2231,#2232,#2233));
#3710=EDGE_LOOP('',(#2234,#2235,#2236,#2237,#2238,#2239,#2240,#2241));
#3711=EDGE_LOOP('',(#2242));
#3712=EDGE_LOOP('',(#2243));
#3713=EDGE_LOOP('',(#2244));
#3714=EDGE_LOOP('',(#2245));
#3715=EDGE_LOOP('',(#2246));
#3716=EDGE_LOOP('',(#2247));
#3717=EDGE_LOOP('',(#2248));
#3718=EDGE_LOOP('',(#2249));
#3719=EDGE_LOOP('',(#2250));
#3720=EDGE_LOOP('',(#2251));
#3721=FACE_BOUND('',#3423,.T.);
#3722=FACE_BOUND('',#3424,.T.);
#3723=FACE_BOUND('',#3425,.T.);
#3724=FACE_BOUND('',#3426,.T.);
#3725=FACE_BOUND('',#3427,.T.);
#3726=FACE_BOUND('',#3428,.T.);
#3727=FACE_BOUND('',#3429,.T.);
#3728=FACE_BOUND('',#3430,.T.);
#3729=FACE_BOUND('',#3431,.T.);
#3730=FACE_BOUND('',#3432,.T.);
#3731=FACE_BOUND('',#3433,.T.);
#3732=FACE_BOUND('',#3434,.T.);
#3733=FACE_BOUND('',#3435,.T.);
#3734=FACE_BOUND('',#3436,.T.);
#3735=FACE_BOUND('',#3437,.T.);
#3736=FACE_BOUND('',#3438,.T.);
#3737=FACE_BOUND('',#3439,.T.);
#3738=FACE_BOUND('',#3440,.T.);
#3739=FACE_BOUND('',#3441,.T.);
#3740=FACE_BOUND('',#3442,.T.);
#3741=FACE_BOUND('',#3443,.T.);
#3742=FACE_BOUND('',#3444,.T.);
#3743=FACE_BOUND('',#3445,.T.);
#3744=FACE_BOUND('',#3446,.T.);
#3745=FACE_BOUND('',#3447,.T.);
#3746=FACE_BOUND('',#3448,.T.);
#3747=FACE_BOUND('',#3449,.T.);
#3748=FACE_BOUND('',#3450,.T.);
#3749=FACE_BOUND('',#3451,.T.);
#3750=FACE_BOUND('',#3452,.T.);
#3751=FACE_BOUND('',#3453,.T.);
#3752=FACE_BOUND('',#3454,.T.);
#3753=FACE_BOUND('',#3455,.T.);
#3754=FACE_BOUND('',#3456,.T.);
#3755=FACE_BOUND('',#3457,.T.);
#3756=FACE_BOUND('',#3458,.T.);
#3757=FACE_BOUND('',#3459,.T.);
#3758=FACE_BOUND('',#3460,.T.);
#3759=FACE_BOUND('',#3461,.T.);
#3760=FACE_BOUND('',#3462,.T.);
#3761=FACE_BOUND('',#3463,.T.);
#3762=FACE_BOUND('',#3464,.T.);
#3763=FACE_BOUND('',#3465,.T.);
#3764=FACE_BOUND('',#47,.T.);
#3765=FACE_BOUND('',#3466,.T.);
#3766=FACE_BOUND('',#3467,.T.);
#3767=FACE_BOUND('',#3468,.T.);
#3768=FACE_BOUND('',#48,.T.);
#3769=FACE_BOUND('',#3469,.T.);
#3770=FACE_BOUND('',#3470,.T.);
#3771=FACE_BOUND('',#3471,.T.);
#3772=FACE_BOUND('',#49,.T.);
#3773=FACE_BOUND('',#3472,.T.);
#3774=FACE_BOUND('',#3473,.T.);
#3775=FACE_BOUND('',#3474,.T.);
#3776=FACE_BOUND('',#3475,.T.);
#3777=FACE_BOUND('',#3476,.T.);
#3778=FACE_BOUND('',#3477,.T.);
#3779=FACE_BOUND('',#3478,.T.);
#3780=FACE_BOUND('',#3479,.T.);
#3781=FACE_BOUND('',#3480,.T.);
#3782=FACE_BOUND('',#3481,.T.);
#3783=FACE_BOUND('',#3482,.T.);
#3784=FACE_BOUND('',#3483,.T.);
#3785=FACE_BOUND('',#3484,.T.);
#3786=FACE_BOUND('',#3485,.T.);
#3787=FACE_BOUND('',#3486,.T.);
#3788=FACE_BOUND('',#3487,.T.);
#3789=FACE_BOUND('',#3488,.T.);
#3790=FACE_BOUND('',#3489,.T.);
#3791=FACE_BOUND('',#3490,.T.);
#3792=FACE_BOUND('',#3491,.T.);
#3793=FACE_BOUND('',#3492,.T.);
#3794=FACE_BOUND('',#3493,.T.);
#3795=FACE_BOUND('',#3494,.T.);
#3796=FACE_BOUND('',#3495,.T.);
#3797=FACE_BOUND('',#3496,.T.);
#3798=FACE_BOUND('',#3497,.T.);
#3799=FACE_BOUND('',#3498,.T.);
#3800=FACE_BOUND('',#3499,.T.);
#3801=FACE_BOUND('',#3500,.T.);
#3802=FACE_BOUND('',#3501,.T.);
#3803=FACE_BOUND('',#3502,.T.);
#3804=FACE_BOUND('',#3503,.T.);
#3805=FACE_BOUND('',#3504,.T.);
#3806=FACE_BOUND('',#3505,.T.);
#3807=FACE_BOUND('',#3506,.T.);
#3808=FACE_BOUND('',#3507,.T.);
#3809=FACE_BOUND('',#3508,.T.);
#3810=FACE_BOUND('',#3509,.T.);
#3811=FACE_BOUND('',#3510,.T.);
#3812=FACE_BOUND('',#3511,.T.);
#3813=FACE_BOUND('',#3512,.T.);
#3814=FACE_BOUND('',#3513,.T.);
#3815=FACE_BOUND('',#3514,.T.);
#3816=FACE_BOUND('',#3515,.T.);
#3817=FACE_BOUND('',#3516,.T.);
#3818=FACE_BOUND('',#3517,.T.);
#3819=FACE_BOUND('',#3518,.T.);
#3820=FACE_BOUND('',#3519,.T.);
#3821=FACE_BOUND('',#3520,.T.);
#3822=FACE_BOUND('',#3521,.T.);
#3823=FACE_BOUND('',#3522,.T.);
#3824=FACE_BOUND('',#3523,.T.);
#3825=FACE_BOUND('',#3524,.T.);
#3826=FACE_BOUND('',#3525,.T.);
#3827=FACE_BOUND('',#3526,.T.);
#3828=FACE_BOUND('',#3527,.T.);
#3829=FACE_BOUND('',#3528,.T.);
#3830=FACE_BOUND('',#3529,.T.);
#3831=FACE_BOUND('',#3530,.T.);
#3832=FACE_BOUND('',#3531,.T.);
#3833=FACE_BOUND('',#3532,.T.);
#3834=FACE_BOUND('',#3533,.T.);
#3835=FACE_BOUND('',#3534,.T.);
#3836=FACE_BOUND('',#3535,.T.);
#3837=FACE_BOUND('',#3536,.T.);
#3838=FACE_BOUND('',#3537,.T.);
#3839=FACE_BOUND('',#3538,.T.);
#3840=FACE_BOUND('',#3539,.T.);
#3841=FACE_BOUND('',#3540,.T.);
#3842=FACE_BOUND('',#3541,.T.);
#3843=FACE_BOUND('',#3542,.T.);
#3844=FACE_BOUND('',#3543,.T.);
#3845=FACE_BOUND('',#3544,.T.);
#3846=FACE_BOUND('',#3545,.T.);
#3847=FACE_BOUND('',#3546,.T.);
#3848=FACE_BOUND('',#3547,.T.);
#3849=FACE_BOUND('',#3548,.T.);
#3850=FACE_BOUND('',#3549,.T.);
#3851=FACE_BOUND('',#3550,.T.);
#3852=FACE_BOUND('',#3551,.T.);
#3853=FACE_BOUND('',#3552,.T.);
#3854=FACE_BOUND('',#3553,.T.);
#3855=FACE_BOUND('',#3554,.T.);
#3856=FACE_BOUND('',#3555,.T.);
#3857=FACE_BOUND('',#3556,.T.);
#3858=FACE_BOUND('',#3557,.T.);
#3859=FACE_BOUND('',#3558,.T.);
#3860=FACE_BOUND('',#3559,.T.);
#3861=FACE_BOUND('',#3560,.T.);
#3862=FACE_BOUND('',#3561,.T.);
#3863=FACE_BOUND('',#3562,.T.);
#3864=FACE_BOUND('',#3563,.T.);
#3865=FACE_BOUND('',#3564,.T.);
#3866=FACE_BOUND('',#3565,.T.);
#3867=FACE_BOUND('',#3566,.T.);
#3868=FACE_BOUND('',#3567,.T.);
#3869=FACE_BOUND('',#3568,.T.);
#3870=FACE_BOUND('',#3569,.T.);
#3871=FACE_BOUND('',#3570,.T.);
#3872=FACE_BOUND('',#3571,.T.);
#3873=FACE_BOUND('',#3572,.T.);
#3874=FACE_BOUND('',#3573,.T.);
#3875=FACE_BOUND('',#3574,.T.);
#3876=FACE_BOUND('',#3575,.T.);
#3877=FACE_BOUND('',#3576,.T.);
#3878=FACE_BOUND('',#3577,.T.);
#3879=FACE_BOUND('',#3578,.T.);
#3880=FACE_BOUND('',#3579,.T.);
#3881=FACE_BOUND('',#3580,.T.);
#3882=FACE_BOUND('',#3581,.T.);
#3883=FACE_BOUND('',#3582,.T.);
#3884=FACE_BOUND('',#3583,.T.);
#3885=FACE_BOUND('',#3584,.T.);
#3886=FACE_BOUND('',#3585,.T.);
#3887=FACE_BOUND('',#3586,.T.);
#3888=FACE_BOUND('',#3587,.T.);
#3889=FACE_BOUND('',#3588,.T.);
#3890=FACE_BOUND('',#3589,.T.);
#3891=FACE_BOUND('',#3590,.T.);
#3892=FACE_BOUND('',#3591,.T.);
#3893=FACE_BOUND('',#3592,.T.);
#3894=FACE_BOUND('',#3593,.T.);
#3895=FACE_BOUND('',#3594,.T.);
#3896=FACE_BOUND('',#3595,.T.);
#3897=FACE_BOUND('',#3596,.T.);
#3898=FACE_BOUND('',#3597,.T.);
#3899=FACE_BOUND('',#3598,.T.);
#3900=FACE_BOUND('',#50,.T.);
#3901=FACE_BOUND('',#3599,.T.);
#3902=FACE_BOUND('',#3600,.T.);
#3903=FACE_BOUND('',#3601,.T.);
#3904=FACE_BOUND('',#51,.T.);
#3905=FACE_BOUND('',#3602,.T.);
#3906=FACE_BOUND('',#3603,.T.);
#3907=FACE_BOUND('',#3604,.T.);
#3908=FACE_BOUND('',#52,.T.);
#3909=FACE_BOUND('',#3605,.T.);
#3910=FACE_BOUND('',#3606,.T.);
#3911=FACE_BOUND('',#3607,.T.);
#3912=FACE_BOUND('',#53,.T.);
#3913=FACE_BOUND('',#3608,.T.);
#3914=FACE_BOUND('',#3609,.T.);
#3915=FACE_BOUND('',#3610,.T.);
#3916=FACE_BOUND('',#54,.T.);
#3917=FACE_BOUND('',#3611,.T.);
#3918=FACE_BOUND('',#3612,.T.);
#3919=FACE_BOUND('',#3613,.T.);
#3920=FACE_BOUND('',#3614,.T.);
#3921=FACE_BOUND('',#3615,.T.);
#3922=FACE_BOUND('',#3616,.T.);
#3923=FACE_BOUND('',#3617,.T.);
#3924=FACE_BOUND('',#3618,.T.);
#3925=FACE_BOUND('',#3619,.T.);
#3926=FACE_BOUND('',#3620,.T.);
#3927=FACE_BOUND('',#3621,.T.);
#3928=FACE_BOUND('',#3622,.T.);
#3929=FACE_BOUND('',#3623,.T.);
#3930=FACE_BOUND('',#3624,.T.);
#3931=FACE_BOUND('',#3625,.T.);
#3932=FACE_BOUND('',#3626,.T.);
#3933=FACE_BOUND('',#3627,.T.);
#3934=FACE_BOUND('',#3628,.T.);
#3935=FACE_BOUND('',#3629,.T.);
#3936=FACE_BOUND('',#3630,.T.);
#3937=FACE_BOUND('',#3631,.T.);
#3938=FACE_BOUND('',#3632,.T.);
#3939=FACE_BOUND('',#3633,.T.);
#3940=FACE_BOUND('',#3634,.T.);
#3941=FACE_BOUND('',#3635,.T.);
#3942=FACE_BOUND('',#3636,.T.);
#3943=FACE_BOUND('',#3637,.T.);
#3944=FACE_BOUND('',#3638,.T.);
#3945=FACE_BOUND('',#3639,.T.);
#3946=FACE_BOUND('',#3640,.T.);
#3947=FACE_BOUND('',#3641,.T.);
#3948=FACE_BOUND('',#3642,.T.);
#3949=FACE_BOUND('',#3643,.T.);
#3950=FACE_BOUND('',#3644,.T.);
#3951=FACE_BOUND('',#3645,.T.);
#3952=FACE_BOUND('',#3646,.T.);
#3953=FACE_BOUND('',#3647,.T.);
#3954=FACE_BOUND('',#3648,.T.);
#3955=FACE_BOUND('',#3649,.T.);
#3956=FACE_BOUND('',#3650,.T.);
#3957=FACE_BOUND('',#3651,.T.);
#3958=FACE_BOUND('',#3652,.T.);
#3959=FACE_BOUND('',#3653,.T.);
#3960=FACE_BOUND('',#3654,.T.);
#3961=FACE_BOUND('',#3655,.T.);
#3962=FACE_BOUND('',#3656,.T.);
#3963=FACE_BOUND('',#3657,.T.);
#3964=FACE_BOUND('',#3658,.T.);
#3965=FACE_BOUND('',#3659,.T.);
#3966=FACE_BOUND('',#3660,.T.);
#3967=FACE_BOUND('',#3661,.T.);
#3968=FACE_BOUND('',#3662,.T.);
#3969=FACE_BOUND('',#3663,.T.);
#3970=FACE_BOUND('',#3664,.T.);
#3971=FACE_BOUND('',#3665,.T.);
#3972=FACE_BOUND('',#3666,.T.);
#3973=FACE_BOUND('',#3667,.T.);
#3974=FACE_BOUND('',#3668,.T.);
#3975=FACE_BOUND('',#3669,.T.);
#3976=FACE_BOUND('',#3670,.T.);
#3977=FACE_BOUND('',#3671,.T.);
#3978=FACE_BOUND('',#3672,.T.);
#3979=FACE_BOUND('',#3673,.T.);
#3980=FACE_BOUND('',#3674,.T.);
#3981=FACE_BOUND('',#3675,.T.);
#3982=FACE_BOUND('',#3676,.T.);
#3983=FACE_BOUND('',#3677,.T.);
#3984=FACE_BOUND('',#3678,.T.);
#3985=FACE_BOUND('',#3679,.T.);
#3986=FACE_BOUND('',#3680,.T.);
#3987=FACE_BOUND('',#3681,.T.);
#3988=FACE_BOUND('',#3682,.T.);
#3989=FACE_BOUND('',#3683,.T.);
#3990=FACE_BOUND('',#3684,.T.);
#3991=FACE_BOUND('',#3685,.T.);
#3992=FACE_BOUND('',#3686,.T.);
#3993=FACE_BOUND('',#3687,.T.);
#3994=FACE_BOUND('',#3688,.T.);
#3995=FACE_BOUND('',#3689,.T.);
#3996=FACE_BOUND('',#3690,.T.);
#3997=FACE_BOUND('',#3691,.T.);
#3998=FACE_BOUND('',#3692,.T.);
#3999=FACE_BOUND('',#3693,.T.);
#4000=FACE_BOUND('',#3694,.T.);
#4001=FACE_BOUND('',#3695,.T.);
#4002=FACE_BOUND('',#3696,.T.);
#4003=FACE_BOUND('',#3697,.T.);
#4004=FACE_BOUND('',#3698,.T.);
#4005=FACE_BOUND('',#3699,.T.);
#4006=FACE_BOUND('',#3700,.T.);
#4007=FACE_BOUND('',#3701,.T.);
#4008=FACE_BOUND('',#3702,.T.);
#4009=FACE_BOUND('',#3703,.T.);
#4010=FACE_BOUND('',#3704,.T.);
#4011=FACE_BOUND('',#3705,.T.);
#4012=FACE_BOUND('',#3706,.T.);
#4013=FACE_BOUND('',#3707,.T.);
#4014=FACE_BOUND('',#3708,.T.);
#4015=FACE_BOUND('',#3709,.T.);
#4016=FACE_BOUND('',#3710,.T.);
#4017=FACE_BOUND('',#3711,.T.);
#4018=FACE_BOUND('',#3712,.T.);
#4019=FACE_BOUND('',#3713,.T.);
#4020=FACE_BOUND('',#3714,.T.);
#4021=FACE_BOUND('',#3715,.T.);
#4022=FACE_BOUND('',#3716,.T.);
#4023=FACE_BOUND('',#3717,.T.);
#4024=FACE_BOUND('',#3718,.T.);
#4025=FACE_BOUND('',#3719,.T.);
#4026=FACE_BOUND('',#3720,.T.);
#4027=PLANE('',#4440);
#4028=PLANE('',#4455);
#4029=PLANE('',#4456);
#4030=PLANE('',#4461);
#4031=PLANE('',#4464);
#4032=PLANE('',#4474);
#4033=PLANE('',#4485);
#4034=PLANE('',#4489);
#4035=PLANE('',#4497);
#4036=PLANE('',#4498);
#4037=PLANE('',#4499);
#4038=PLANE('',#4500);
#4039=PLANE('',#4501);
#4040=PLANE('',#4503);
#4041=PLANE('',#4521);
#4042=PLANE('',#4522);
#4043=PLANE('',#4523);
#4044=PLANE('',#4524);
#4045=PLANE('',#4525);
#4046=PLANE('',#4526);
#4047=PLANE('',#4527);
#4048=PLANE('',#4528);
#4049=PLANE('',#4529);
#4050=PLANE('',#4530);
#4051=PLANE('',#4531);
#4052=PLANE('',#4532);
#4053=PLANE('',#4533);
#4054=PLANE('',#4534);
#4055=PLANE('',#4535);
#4056=PLANE('',#4536);
#4057=PLANE('',#4537);
#4058=PLANE('',#4541);
#4059=PLANE('',#4542);
#4060=PLANE('',#4546);
#4061=PLANE('',#4554);
#4062=PLANE('',#4559);
#4063=PLANE('',#4560);
#4064=PLANE('',#4566);
#4065=PLANE('',#4572);
#4066=PLANE('',#4578);
#4067=PLANE('',#4583);
#4068=PLANE('',#4587);
#4069=PLANE('',#4588);
#4070=PLANE('',#4589);
#4071=PLANE('',#4594);
#4072=PLANE('',#4597);
#4073=PLANE('',#4598);
#4074=PLANE('',#4599);
#4075=PLANE('',#4600);
#4076=PLANE('',#4604);
#4077=PLANE('',#4610);
#4078=PLANE('',#4612);
#4079=PLANE('',#4615);
#4080=PLANE('',#4618);
#4081=PLANE('',#4621);
#4082=PLANE('',#4625);
#4083=PLANE('',#4628);
#4084=PLANE('',#4639);
#4085=PLANE('',#4641);
#4086=PLANE('',#4644);
#4087=PLANE('',#4647);
#4088=PLANE('',#4650);
#4089=PLANE('',#4654);
#4090=PLANE('',#4658);
#4091=PLANE('',#4659);
#4092=PLANE('',#4660);
#4093=PLANE('',#4681);
#4094=PLANE('',#4686);
#4095=PLANE('',#4689);
#4096=PLANE('',#4692);
#4097=PLANE('',#4693);
#4098=PLANE('',#4700);
#4099=PLANE('',#4701);
#4100=PLANE('',#4729);
#4101=PLANE('',#4730);
#4102=PLANE('',#4731);
#4103=PLANE('',#4732);
#4104=PLANE('',#4733);
#4105=PLANE('',#4734);
#4106=PLANE('',#4735);
#4107=PLANE('',#4736);
#4108=PLANE('',#4737);
#4109=PLANE('',#4738);
#4110=PLANE('',#4739);
#4111=PLANE('',#4740);
#4112=PLANE('',#4741);
#4113=PLANE('',#4742);
#4114=PLANE('',#4743);
#4115=PLANE('',#4744);
#4116=PLANE('',#4745);
#4117=PLANE('',#4746);
#4118=PLANE('',#4747);
#4119=PLANE('',#4748);
#4120=PLANE('',#4749);
#4121=PLANE('',#4750);
#4122=PLANE('',#4751);
#4123=PLANE('',#4752);
#4124=PLANE('',#4753);
#4125=PLANE('',#4754);
#4126=PLANE('',#4755);
#4127=PLANE('',#4756);
#4128=PLANE('',#4757);
#4129=PLANE('',#4758);
#4130=PLANE('',#4759);
#4131=PLANE('',#4760);
#4132=PLANE('',#4761);
#4133=PLANE('',#4762);
#4134=PLANE('',#4763);
#4135=PLANE('',#4764);
#4136=PLANE('',#4765);
#4137=PLANE('',#4766);
#4138=PLANE('',#4767);
#4139=PLANE('',#4768);
#4140=PLANE('',#4769);
#4141=PLANE('',#4770);
#4142=PLANE('',#4771);
#4143=PLANE('',#4772);
#4144=PLANE('',#4773);
#4145=PLANE('',#4774);
#4146=PLANE('',#4775);
#4147=PLANE('',#4776);
#4148=PLANE('',#4777);
#4149=PLANE('',#4778);
#4150=PLANE('',#4779);
#4151=PLANE('',#4780);
#4152=PLANE('',#4781);
#4153=PLANE('',#4782);
#4154=PLANE('',#4783);
#4155=PLANE('',#4784);
#4156=PLANE('',#4785);
#4157=PLANE('',#4786);
#4158=PLANE('',#4787);
#4159=PLANE('',#4788);
#4160=PLANE('',#4789);
#4161=PLANE('',#4790);
#4162=PLANE('',#4804);
#4163=PLANE('',#4814);
#4164=PLANE('',#4821);
#4165=PLANE('',#4831);
#4166=PLANE('',#4839);
#4167=PLANE('',#4841);
#4168=PLANE('',#4845);
#4169=PLANE('',#4847);
#4170=PLANE('',#4852);
#4171=PLANE('',#4853);
#4172=ADVANCED_FACE('',(#3721,#3722,#3723,#3724),#4027,.F.);
#4173=ADVANCED_FACE('',(#3725),#63,.F.);
#4174=ADVANCED_FACE('',(#3726),#4028,.T.);
#4175=ADVANCED_FACE('',(#3727),#4029,.F.);
#4176=ADVANCED_FACE('',(#3728),#64,.T.);
#4177=ADVANCED_FACE('',(#3729),#4030,.F.);
#4178=ADVANCED_FACE('',(#3730,#3731,#3732,#3733,#3734,#3735,#3736,#3737),
#4031,.T.);
#4179=ADVANCED_FACE('',(#3738,#3739,#3740,#3741,#3742,#3743,#3744,#3745),
#4032,.F.);
#4180=ADVANCED_FACE('',(#3746),#4033,.T.);
#4181=ADVANCED_FACE('',(#3747,#3748),#65,.F.);
#4182=ADVANCED_FACE('',(#3749),#4034,.F.);
#4183=ADVANCED_FACE('',(#3750),#66,.F.);
#4184=ADVANCED_FACE('',(#3751),#67,.T.);
#4185=ADVANCED_FACE('',(#3752),#68,.T.);
#4186=ADVANCED_FACE('',(#3753),#4035,.F.);
#4187=ADVANCED_FACE('',(#3754),#4036,.T.);
#4188=ADVANCED_FACE('',(#3755),#4037,.T.);
#4189=ADVANCED_FACE('',(#3756),#4038,.T.);
#4190=ADVANCED_FACE('',(#3757),#4039,.F.);
#4191=ADVANCED_FACE('',(#3758),#69,.T.);
#4192=ADVANCED_FACE('',(#3759),#4040,.T.);
#4193=ADVANCED_FACE('',(#3760),#70,.T.);
#4194=ADVANCED_FACE('',(#3761),#71,.F.);
#4195=ADVANCED_FACE('',(#3762,#3763),#72,.F.);
#4196=ADVANCED_FACE('',(#3764,#3765),#55,.F.);
#4197=ADVANCED_FACE('',(#3766,#3767),#73,.F.);
#4198=ADVANCED_FACE('',(#3768,#3769),#56,.F.);
#4199=ADVANCED_FACE('',(#3770,#3771),#74,.F.);
#4200=ADVANCED_FACE('',(#3772,#3773),#57,.F.);
#4201=ADVANCED_FACE('',(#3774,#3775),#75,.F.);
#4202=ADVANCED_FACE('',(#3776,#3777),#76,.F.);
#4203=ADVANCED_FACE('',(#3778,#3779),#77,.F.);
#4204=ADVANCED_FACE('',(#3780,#3781),#78,.F.);
#4205=ADVANCED_FACE('',(#3782),#4041,.T.);
#4206=ADVANCED_FACE('',(#3783),#4042,.T.);
#4207=ADVANCED_FACE('',(#3784),#4043,.T.);
#4208=ADVANCED_FACE('',(#3785),#4044,.T.);
#4209=ADVANCED_FACE('',(#3786),#4045,.T.);
#4210=ADVANCED_FACE('',(#3787),#4046,.T.);
#4211=ADVANCED_FACE('',(#3788),#4047,.T.);
#4212=ADVANCED_FACE('',(#3789),#4048,.T.);
#4213=ADVANCED_FACE('',(#3790),#4049,.T.);
#4214=ADVANCED_FACE('',(#3791),#4050,.F.);
#4215=ADVANCED_FACE('',(#3792),#4051,.F.);
#4216=ADVANCED_FACE('',(#3793),#4052,.F.);
#4217=ADVANCED_FACE('',(#3794),#4053,.F.);
#4218=ADVANCED_FACE('',(#3795),#4054,.T.);
#4219=ADVANCED_FACE('',(#3796),#4055,.F.);
#4220=ADVANCED_FACE('',(#3797),#4056,.T.);
#4221=ADVANCED_FACE('',(#3798),#4057,.T.);
#4222=ADVANCED_FACE('',(#3799),#79,.F.);
#4223=ADVANCED_FACE('',(#3800),#4058,.F.);
#4224=ADVANCED_FACE('',(#3801),#4059,.F.);
#4225=ADVANCED_FACE('',(#3802,#3803),#80,.F.);
#4226=ADVANCED_FACE('',(#3804,#3805),#81,.F.);
#4227=ADVANCED_FACE('',(#3806),#4060,.F.);
#4228=ADVANCED_FACE('',(#3807),#82,.F.);
#4229=ADVANCED_FACE('',(#3808),#83,.F.);
#4230=ADVANCED_FACE('',(#3809,#3810),#4061,.F.);
#4231=ADVANCED_FACE('',(#3811),#84,.F.);
#4232=ADVANCED_FACE('',(#3812),#4062,.F.);
#4233=ADVANCED_FACE('',(#3813),#4063,.F.);
#4234=ADVANCED_FACE('',(#3814),#85,.F.);
#4235=ADVANCED_FACE('',(#3815,#3816),#4064,.F.);
#4236=ADVANCED_FACE('',(#3817),#86,.F.);
#4237=ADVANCED_FACE('',(#3818,#3819),#4065,.T.);
#4238=ADVANCED_FACE('',(#3820,#3821),#4066,.T.);
#4239=ADVANCED_FACE('',(#3822,#3823),#4067,.F.);
#4240=ADVANCED_FACE('',(#3824),#4068,.T.);
#4241=ADVANCED_FACE('',(#3825),#4069,.F.);
#4242=ADVANCED_FACE('',(#3826,#3827),#4070,.T.);
#4243=ADVANCED_FACE('',(#3828),#87,.F.);
#4244=ADVANCED_FACE('',(#3829),#4071,.F.);
#4245=ADVANCED_FACE('',(#3830),#4072,.F.);
#4246=ADVANCED_FACE('',(#3831),#4073,.T.);
#4247=ADVANCED_FACE('',(#3832),#4074,.T.);
#4248=ADVANCED_FACE('',(#3833),#4075,.T.);
#4249=ADVANCED_FACE('',(#3834),#4076,.T.);
#4250=ADVANCED_FACE('',(#3835,#3836),#10,.T.);
#4251=ADVANCED_FACE('',(#3837),#4077,.T.);
#4252=ADVANCED_FACE('',(#3838),#4078,.F.);
#4253=ADVANCED_FACE('',(#3839),#4079,.F.);
#4254=ADVANCED_FACE('',(#3840),#4080,.F.);
#4255=ADVANCED_FACE('',(#3841),#4081,.F.);
#4256=ADVANCED_FACE('',(#3842),#88,.F.);
#4257=ADVANCED_FACE('',(#3843),#4082,.F.);
#4258=ADVANCED_FACE('',(#3844),#4083,.F.);
#4259=ADVANCED_FACE('',(#3845),#11,.T.);
#4260=ADVANCED_FACE('',(#3846),#89,.F.);
#4261=ADVANCED_FACE('',(#3847),#90,.T.);
#4262=ADVANCED_FACE('',(#3848,#3849),#12,.F.);
#4263=ADVANCED_FACE('',(#3850),#91,.T.);
#4264=ADVANCED_FACE('',(#3851),#92,.T.);
#4265=ADVANCED_FACE('',(#3852),#93,.T.);
#4266=ADVANCED_FACE('',(#3853),#94,.F.);
#4267=ADVANCED_FACE('',(#3854),#4084,.T.);
#4268=ADVANCED_FACE('',(#3855),#95,.F.);
#4269=ADVANCED_FACE('',(#3856),#4085,.T.);
#4270=ADVANCED_FACE('',(#3857),#4086,.T.);
#4271=ADVANCED_FACE('',(#3858),#4087,.T.);
#4272=ADVANCED_FACE('',(#3859),#4088,.T.);
#4273=ADVANCED_FACE('',(#3860),#96,.F.);
#4274=ADVANCED_FACE('',(#3861),#4089,.T.);
#4275=ADVANCED_FACE('',(#3862),#97,.F.);
#4276=ADVANCED_FACE('',(#3863),#4090,.F.);
#4277=ADVANCED_FACE('',(#3864),#4091,.F.);
#4278=ADVANCED_FACE('',(#3865),#4092,.T.);
#4279=ADVANCED_FACE('',(#3866,#3867),#98,.F.);
#4280=ADVANCED_FACE('',(#3868),#99,.T.);
#4281=ADVANCED_FACE('',(#3869),#100,.T.);
#4282=ADVANCED_FACE('',(#3870),#101,.F.);
#4283=ADVANCED_FACE('',(#3871),#4093,.F.);
#4284=ADVANCED_FACE('',(#3872),#102,.T.);
#4285=ADVANCED_FACE('',(#3873),#103,.F.);
#4286=ADVANCED_FACE('',(#3874),#4094,.F.);
#4287=ADVANCED_FACE('',(#3875),#104,.T.);
#4288=ADVANCED_FACE('',(#3876),#4095,.F.);
#4289=ADVANCED_FACE('',(#3877),#105,.F.);
#4290=ADVANCED_FACE('',(#3878),#4096,.T.);
#4291=ADVANCED_FACE('',(#3879,#3880,#3881),#4097,.T.);
#4292=ADVANCED_FACE('',(#3882),#106,.F.);
#4293=ADVANCED_FACE('',(#3883),#107,.T.);
#4294=ADVANCED_FACE('',(#3884),#108,.F.);
#4295=ADVANCED_FACE('',(#3885),#4098,.T.);
#4296=ADVANCED_FACE('',(#3886,#3887,#3888,#3889),#4099,.T.);
#4297=ADVANCED_FACE('',(#3890),#109,.F.);
#4298=ADVANCED_FACE('',(#3891),#110,.T.);
#4299=ADVANCED_FACE('',(#3892),#13,.F.);
#4300=ADVANCED_FACE('',(#3893),#111,.T.);
#4301=ADVANCED_FACE('',(#3894,#3895),#112,.F.);
#4302=ADVANCED_FACE('',(#3896,#3897),#113,.F.);
#4303=ADVANCED_FACE('',(#3898,#3899),#114,.F.);
#4304=ADVANCED_FACE('',(#3900,#3901),#58,.F.);
#4305=ADVANCED_FACE('',(#3902,#3903),#115,.F.);
#4306=ADVANCED_FACE('',(#3904,#3905),#59,.F.);
#4307=ADVANCED_FACE('',(#3906,#3907),#116,.F.);
#4308=ADVANCED_FACE('',(#3908,#3909),#60,.F.);
#4309=ADVANCED_FACE('',(#3910,#3911),#117,.F.);
#4310=ADVANCED_FACE('',(#3912,#3913),#61,.F.);
#4311=ADVANCED_FACE('',(#3914,#3915),#118,.F.);
#4312=ADVANCED_FACE('',(#3916,#3917),#62,.F.);
#4313=ADVANCED_FACE('',(#3918,#3919),#119,.F.);
#4314=ADVANCED_FACE('',(#3920),#4100,.T.);
#4315=ADVANCED_FACE('',(#3921),#4101,.F.);
#4316=ADVANCED_FACE('',(#3922),#4102,.F.);
#4317=ADVANCED_FACE('',(#3923),#4103,.F.);
#4318=ADVANCED_FACE('',(#3924),#4104,.T.);
#4319=ADVANCED_FACE('',(#3925),#4105,.T.);
#4320=ADVANCED_FACE('',(#3926),#4106,.T.);
#4321=ADVANCED_FACE('',(#3927),#4107,.T.);
#4322=ADVANCED_FACE('',(#3928),#4108,.T.);
#4323=ADVANCED_FACE('',(#3929,#3930),#4109,.F.);
#4324=ADVANCED_FACE('',(#3931),#4110,.T.);
#4325=ADVANCED_FACE('',(#3932),#4111,.T.);
#4326=ADVANCED_FACE('',(#3933),#4112,.F.);
#4327=ADVANCED_FACE('',(#3934),#4113,.F.);
#4328=ADVANCED_FACE('',(#3935),#4114,.F.);
#4329=ADVANCED_FACE('',(#3936),#4115,.F.);
#4330=ADVANCED_FACE('',(#3937),#4116,.F.);
#4331=ADVANCED_FACE('',(#3938),#4117,.F.);
#4332=ADVANCED_FACE('',(#3939),#4118,.F.);
#4333=ADVANCED_FACE('',(#3940),#4119,.F.);
#4334=ADVANCED_FACE('',(#3941),#4120,.F.);
#4335=ADVANCED_FACE('',(#3942),#4121,.F.);
#4336=ADVANCED_FACE('',(#3943),#4122,.F.);
#4337=ADVANCED_FACE('',(#3944),#4123,.F.);
#4338=ADVANCED_FACE('',(#3945),#4124,.T.);
#4339=ADVANCED_FACE('',(#3946),#4125,.F.);
#4340=ADVANCED_FACE('',(#3947),#4126,.F.);
#4341=ADVANCED_FACE('',(#3948),#4127,.T.);
#4342=ADVANCED_FACE('',(#3949),#4128,.F.);
#4343=ADVANCED_FACE('',(#3950),#4129,.T.);
#4344=ADVANCED_FACE('',(#3951),#4130,.T.);
#4345=ADVANCED_FACE('',(#3952),#4131,.F.);
#4346=ADVANCED_FACE('',(#3953),#4132,.F.);
#4347=ADVANCED_FACE('',(#3954),#4133,.T.);
#4348=ADVANCED_FACE('',(#3955),#4134,.F.);
#4349=ADVANCED_FACE('',(#3956),#4135,.F.);
#4350=ADVANCED_FACE('',(#3957),#4136,.T.);
#4351=ADVANCED_FACE('',(#3958),#4137,.F.);
#4352=ADVANCED_FACE('',(#3959),#4138,.T.);
#4353=ADVANCED_FACE('',(#3960),#4139,.T.);
#4354=ADVANCED_FACE('',(#3961),#4140,.F.);
#4355=ADVANCED_FACE('',(#3962),#4141,.F.);
#4356=ADVANCED_FACE('',(#3963),#4142,.T.);
#4357=ADVANCED_FACE('',(#3964),#4143,.F.);
#4358=ADVANCED_FACE('',(#3965),#4144,.F.);
#4359=ADVANCED_FACE('',(#3966),#4145,.T.);
#4360=ADVANCED_FACE('',(#3967),#4146,.T.);
#4361=ADVANCED_FACE('',(#3968),#4147,.F.);
#4362=ADVANCED_FACE('',(#3969),#4148,.T.);
#4363=ADVANCED_FACE('',(#3970),#4149,.F.);
#4364=ADVANCED_FACE('',(#3971),#4150,.F.);
#4365=ADVANCED_FACE('',(#3972),#4151,.T.);
#4366=ADVANCED_FACE('',(#3973),#4152,.F.);
#4367=ADVANCED_FACE('',(#3974),#4153,.T.);
#4368=ADVANCED_FACE('',(#3975),#4154,.T.);
#4369=ADVANCED_FACE('',(#3976),#4155,.F.);
#4370=ADVANCED_FACE('',(#3977),#4156,.T.);
#4371=ADVANCED_FACE('',(#3978),#4157,.F.);
#4372=ADVANCED_FACE('',(#3979),#4158,.F.);
#4373=ADVANCED_FACE('',(#3980),#4159,.T.);
#4374=ADVANCED_FACE('',(#3981),#4160,.T.);
#4375=ADVANCED_FACE('',(#3982),#4161,.F.);
#4376=ADVANCED_FACE('',(#3983),#120,.F.);
#4377=ADVANCED_FACE('',(#3984),#121,.F.);
#4378=ADVANCED_FACE('',(#3985),#122,.T.);
#4379=ADVANCED_FACE('',(#3986),#123,.T.);
#4380=ADVANCED_FACE('',(#3987,#3988,#3989,#3990,#3991,#3992),#4162,.T.);
#4381=ADVANCED_FACE('',(#3993,#3994,#3995),#4163,.F.);
#4382=ADVANCED_FACE('',(#3996,#3997,#3998,#3999),#4164,.F.);
#4383=ADVANCED_FACE('',(#4000),#4165,.F.);
#4384=ADVANCED_FACE('',(#4001),#124,.F.);
#4385=ADVANCED_FACE('',(#4002),#4166,.T.);
#4386=ADVANCED_FACE('',(#4003),#125,.T.);
#4387=ADVANCED_FACE('',(#4004),#4167,.F.);
#4388=ADVANCED_FACE('',(#4005),#126,.F.);
#4389=ADVANCED_FACE('',(#4006),#127,.T.);
#4390=ADVANCED_FACE('',(#4007),#128,.F.);
#4391=ADVANCED_FACE('',(#4008),#4168,.T.);
#4392=ADVANCED_FACE('',(#4009),#129,.F.);
#4393=ADVANCED_FACE('',(#4010),#4169,.F.);
#4394=ADVANCED_FACE('',(#4011),#130,.T.);
#4395=ADVANCED_FACE('',(#4012),#131,.T.);
#4396=ADVANCED_FACE('',(#4013),#132,.F.);
#4397=ADVANCED_FACE('',(#4014),#133,.F.);
#4398=ADVANCED_FACE('',(#4015),#4170,.F.);
#4399=ADVANCED_FACE('',(#4016),#4171,.T.);
#4400=ADVANCED_FACE('',(#4017,#4018),#134,.F.);
#4401=ADVANCED_FACE('',(#4019,#4020),#135,.F.);
#4402=ADVANCED_FACE('',(#4021,#4022),#136,.F.);
#4403=ADVANCED_FACE('',(#4023,#4024),#137,.F.);
#4404=ADVANCED_FACE('',(#4025,#4026),#138,.F.);
#4405=CLOSED_SHELL('',(#4172,#4173,#4174,#4175,#4176,#4177,#4178,#4179,
#4180,#4181,#4182,#4183,#4184,#4185,#4186,#4187,#4188,#4189,#4190,#4191,
#4192,#4193,#4194,#4195,#4196,#4197,#4198,#4199,#4200,#4201,#4202,#4203,
#4204,#4205,#4206,#4207,#4208,#4209,#4210,#4211,#4212,#4213,#4214,#4215,
#4216,#4217,#4218,#4219,#4220,#4221,#4222,#4223,#4224,#4225,#4226));
#4406=CLOSED_SHELL('',(#4227,#4228,#4229,#4230,#4231,#4232,#4233,#4234,
#4235,#4236,#4237,#4238,#4239,#4240,#4241,#4242,#4243,#4244,#4245,#4246,
#4247,#4248,#4249,#4250,#4251,#4252,#4253,#4254,#4255,#4256,#4257,#4258,
#4259,#4260,#4261,#4262,#4263,#4264,#4265,#4266,#4267,#4268,#4269,#4270,
#4271,#4272,#4273,#4274,#4275,#4276,#4277,#4278,#4279,#4280,#4281,#4282,
#4283,#4284,#4285,#4286,#4287,#4288,#4289,#4290,#4291,#4292,#4293,#4294,
#4295,#4296,#4297,#4298,#4299,#4300,#4301,#4302,#4303,#4304,#4305,#4306,
#4307,#4308,#4309,#4310,#4311,#4312,#4313,#4314,#4315,#4316,#4317,#4318,
#4319,#4320,#4321,#4322,#4323,#4324,#4325,#4326,#4327,#4328,#4329,#4330,
#4331,#4332,#4333,#4334,#4335,#4336,#4337,#4338,#4339,#4340,#4341,#4342,
#4343,#4344,#4345,#4346,#4347,#4348,#4349,#4350,#4351,#4352,#4353,#4354,
#4355,#4356,#4357,#4358,#4359,#4360,#4361,#4362,#4363,#4364,#4365,#4366,
#4367,#4368,#4369,#4370,#4371,#4372,#4373,#4374,#4375));
#4407=CLOSED_SHELL('',(#4376,#4377,#4378,#4379,#4380,#4381,#4382,#4383,
#4384,#4385,#4386,#4387,#4388,#4389,#4390,#4391,#4392,#4393,#4394,#4395,
#4396,#4397,#4398,#4399,#4400,#4401,#4402,#4403,#4404));
#4408=STYLED_ITEM('',(#4411),#4430);
#4409=STYLED_ITEM('',(#4412),#4431);
#4410=STYLED_ITEM('',(#4413),#4432);
#4411=PRESENTATION_STYLE_ASSIGNMENT((#4414));
#4412=PRESENTATION_STYLE_ASSIGNMENT((#4415));
#4413=PRESENTATION_STYLE_ASSIGNMENT((#4416));
#4414=SURFACE_STYLE_USAGE(.BOTH.,#4417);
#4415=SURFACE_STYLE_USAGE(.BOTH.,#4418);
#4416=SURFACE_STYLE_USAGE(.BOTH.,#4419);
#4417=SURFACE_SIDE_STYLE('',(#4420));
#4418=SURFACE_SIDE_STYLE('',(#4421));
#4419=SURFACE_SIDE_STYLE('',(#4422));
#4420=SURFACE_STYLE_FILL_AREA(#4423);
#4421=SURFACE_STYLE_FILL_AREA(#4424);
#4422=SURFACE_STYLE_FILL_AREA(#4425);
#4423=FILL_AREA_STYLE('',(#4426));
#4424=FILL_AREA_STYLE('',(#4427));
#4425=FILL_AREA_STYLE('',(#4428));
#4426=FILL_AREA_STYLE_COLOUR('',#4429);
#4427=FILL_AREA_STYLE_COLOUR('',#4429);
#4428=FILL_AREA_STYLE_COLOUR('',#4429);
#4429=COLOUR_RGB('',0.615686274509804,0.811764705882353,0.929411764705882);
#4430=MANIFOLD_SOLID_BREP('Top Case',#4405);
#4431=MANIFOLD_SOLID_BREP('Base',#4406);
#4432=MANIFOLD_SOLID_BREP('Base Bottom',#4407);
#4433=SHAPE_DEFINITION_REPRESENTATION(#7538,#4436);
#4434=SHAPE_DEFINITION_REPRESENTATION(#7539,#4437);
#4435=SHAPE_DEFINITION_REPRESENTATION(#7540,#4438);
#4436=SHAPE_REPRESENTATION('Top Case',(#4439),#7523);
#4437=SHAPE_REPRESENTATION('Base',(#4545),#7524);
#4438=SHAPE_REPRESENTATION('Base Bottom',(#4791),#7525);
#4439=AXIS2_PLACEMENT_3D('',#6103,#4859,#4860);
#4440=AXIS2_PLACEMENT_3D('',#6104,#4861,#4862);
#4441=AXIS2_PLACEMENT_3D('',#6105,#4863,#4864);
#4442=AXIS2_PLACEMENT_3D('',#6107,#4865,#4866);
#4443=AXIS2_PLACEMENT_3D('',#6109,#4867,#4868);
#4444=AXIS2_PLACEMENT_3D('',#6114,#4870,#4871);
#4445=AXIS2_PLACEMENT_3D('',#6116,#4872,#4873);
#4446=AXIS2_PLACEMENT_3D('',#6124,#4877,#4878);
#4447=AXIS2_PLACEMENT_3D('',#6132,#4882,#4883);
#4448=AXIS2_PLACEMENT_3D('',#6136,#4885,#4886);
#4449=AXIS2_PLACEMENT_3D('',#6138,#4887,#4888);
#4450=AXIS2_PLACEMENT_3D('',#6146,#4892,#4893);
#4451=AXIS2_PLACEMENT_3D('',#6154,#4897,#4898);
#4452=AXIS2_PLACEMENT_3D('',#6156,#4899,#4900);
#4453=AXIS2_PLACEMENT_3D('',#6157,#4901,#4902);
#4454=AXIS2_PLACEMENT_3D('',#6162,#4905,#4906);
#4455=AXIS2_PLACEMENT_3D('',#6163,#4907,#4908);
#4456=AXIS2_PLACEMENT_3D('',#6169,#4912,#4913);
#4457=AXIS2_PLACEMENT_3D('',#6175,#4917,#4918);
#4458=AXIS2_PLACEMENT_3D('',#6176,#4919,#4920);
#4459=AXIS2_PLACEMENT_3D('',#6181,#4922,#4923);
#4460=AXIS2_PLACEMENT_3D('',#6185,#4925,#4926);
#4461=AXIS2_PLACEMENT_3D('',#6188,#4928,#4929);
#4462=AXIS2_PLACEMENT_3D('',#6189,#4930,#4931);
#4463=AXIS2_PLACEMENT_3D('',#6194,#4933,#4934);
#4464=AXIS2_PLACEMENT_3D('',#6198,#4937,#4938);
#4465=AXIS2_PLACEMENT_3D('',#6199,#4939,#4940);
#4466=AXIS2_PLACEMENT_3D('',#6201,#4941,#4942);
#4467=AXIS2_PLACEMENT_3D('',#6203,#4943,#4944);
#4468=AXIS2_PLACEMENT_3D('',#6207,#4946,#4947);
#4469=AXIS2_PLACEMENT_3D('',#6214,#4952,#4953);
#4470=AXIS2_PLACEMENT_3D('',#6229,#4961,#4962);
#4471=AXIS2_PLACEMENT_3D('',#6231,#4963,#4964);
#4472=AXIS2_PLACEMENT_3D('',#6233,#4965,#4966);
#4473=AXIS2_PLACEMENT_3D('',#6235,#4967,#4968);
#4474=AXIS2_PLACEMENT_3D('',#6237,#4969,#4970);
#4475=AXIS2_PLACEMENT_3D('',#6238,#4971,#4972);
#4476=AXIS2_PLACEMENT_3D('',#6240,#4973,#4974);
#4477=AXIS2_PLACEMENT_3D('',#6247,#4977,#4978);
#4478=AXIS2_PLACEMENT_3D('',#6249,#4979,#4980);
#4479=AXIS2_PLACEMENT_3D('',#6251,#4981,#4982);
#4480=AXIS2_PLACEMENT_3D('',#6257,#4985,#4986);
#4481=AXIS2_PLACEMENT_3D('',#6258,#4987,#4988);
#4482=AXIS2_PLACEMENT_3D('',#6260,#4989,#4990);
#4483=AXIS2_PLACEMENT_3D('',#6262,#4991,#4992);
#4484=AXIS2_PLACEMENT_3D('',#6264,#4993,#4994);
#4485=AXIS2_PLACEMENT_3D('',#6280,#5002,#5003);
#4486=AXIS2_PLACEMENT_3D('',#6282,#5005,#5006);
#4487=AXIS2_PLACEMENT_3D('',#6283,#5007,#5008);
#4488=AXIS2_PLACEMENT_3D('',#6288,#5010,#5011);
#4489=AXIS2_PLACEMENT_3D('',#6292,#5014,#5015);
#4490=AXIS2_PLACEMENT_3D('',#6294,#5017,#5018);
#4491=AXIS2_PLACEMENT_3D('',#6297,#5020,#5021);
#4492=AXIS2_PLACEMENT_3D('',#6298,#5022,#5023);
#4493=AXIS2_PLACEMENT_3D('',#6304,#5027,#5028);
#4494=AXIS2_PLACEMENT_3D('',#6305,#5029,#5030);
#4495=AXIS2_PLACEMENT_3D('',#6306,#5031,#5032);
#4496=AXIS2_PLACEMENT_3D('',#6311,#5035,#5036);
#4497=AXIS2_PLACEMENT_3D('',#6312,#5037,#5038);
#4498=AXIS2_PLACEMENT_3D('',#6315,#5041,#5042);
#4499=AXIS2_PLACEMENT_3D('',#6318,#5045,#5046);
#4500=AXIS2_PLACEMENT_3D('',#6319,#5047,#5048);
#4501=AXIS2_PLACEMENT_3D('',#6320,#5049,#5050);
#4502=AXIS2_PLACEMENT_3D('',#6322,#5052,#5053);
#4503=AXIS2_PLACEMENT_3D('',#6324,#5055,#5056);
#4504=AXIS2_PLACEMENT_3D('',#6326,#5058,#5059);
#4505=AXIS2_PLACEMENT_3D('',#6328,#5061,#5062);
#4506=AXIS2_PLACEMENT_3D('',#6331,#5064,#5065);
#4507=AXIS2_PLACEMENT_3D('',#6336,#5068,#5069);
#4508=AXIS2_PLACEMENT_3D('',#6339,#5071,#5072);
#4509=AXIS2_PLACEMENT_3D('',#6340,#5073,#5074);
#4510=AXIS2_PLACEMENT_3D('',#6342,#5075,#5076);
#4511=AXIS2_PLACEMENT_3D('',#6344,#5077,#5078);
#4512=AXIS2_PLACEMENT_3D('',#6345,#5079,#5080);
#4513=AXIS2_PLACEMENT_3D('',#6347,#5081,#5082);
#4514=AXIS2_PLACEMENT_3D('',#6349,#5083,#5084);
#4515=AXIS2_PLACEMENT_3D('',#6350,#5085,#5086);
#4516=AXIS2_PLACEMENT_3D('',#6352,#5087,#5088);
#4517=AXIS2_PLACEMENT_3D('',#6354,#5089,#5090);
#4518=AXIS2_PLACEMENT_3D('',#6355,#5091,#5092);
#4519=AXIS2_PLACEMENT_3D('',#6356,#5093,#5094);
#4520=AXIS2_PLACEMENT_3D('',#6357,#5095,#5096);
#4521=AXIS2_PLACEMENT_3D('',#6358,#5097,#5098);
#4522=AXIS2_PLACEMENT_3D('',#6361,#5101,#5102);
#4523=AXIS2_PLACEMENT_3D('',#6363,#5104,#5105);
#4524=AXIS2_PLACEMENT_3D('',#6365,#5107,#5108);
#4525=AXIS2_PLACEMENT_3D('',#6367,#5110,#5111);
#4526=AXIS2_PLACEMENT_3D('',#6369,#5113,#5114);
#4527=AXIS2_PLACEMENT_3D('',#6371,#5116,#5117);
#4528=AXIS2_PLACEMENT_3D('',#6372,#5118,#5119);
#4529=AXIS2_PLACEMENT_3D('',#6373,#5120,#5121);
#4530=AXIS2_PLACEMENT_3D('',#6374,#5122,#5123);
#4531=AXIS2_PLACEMENT_3D('',#6375,#5124,#5125);
#4532=AXIS2_PLACEMENT_3D('',#6378,#5128,#5129);
#4533=AXIS2_PLACEMENT_3D('',#6379,#5130,#5131);
#4534=AXIS2_PLACEMENT_3D('',#6380,#5132,#5133);
#4535=AXIS2_PLACEMENT_3D('',#6383,#5136,#5137);
#4536=AXIS2_PLACEMENT_3D('',#6384,#5138,#5139);
#4537=AXIS2_PLACEMENT_3D('',#6385,#5140,#5141);
#4538=AXIS2_PLACEMENT_3D('',#6391,#5145,#5146);
#4539=AXIS2_PLACEMENT_3D('',#6392,#5147,#5148);
#4540=AXIS2_PLACEMENT_3D('',#6393,#5149,#5150);
#4541=AXIS2_PLACEMENT_3D('',#6394,#5151,#5152);
#4542=AXIS2_PLACEMENT_3D('',#6395,#5153,#5154);
#4543=AXIS2_PLACEMENT_3D('',#6396,#5155,#5156);
#4544=AXIS2_PLACEMENT_3D('',#6397,#5157,#5158);
#4545=AXIS2_PLACEMENT_3D('',#6398,#5159,#5160);
#4546=AXIS2_PLACEMENT_3D('',#6399,#5161,#5162);
#4547=AXIS2_PLACEMENT_3D('',#6418,#5172,#5173);
#4548=AXIS2_PLACEMENT_3D('',#6422,#5175,#5176);
#4549=AXIS2_PLACEMENT_3D('',#6424,#5178,#5179);
#4550=AXIS2_PLACEMENT_3D('',#6428,#5181,#5182);
#4551=AXIS2_PLACEMENT_3D('',#6429,#5183,#5184);
#4552=AXIS2_PLACEMENT_3D('',#6433,#5186,#5187);
#4553=AXIS2_PLACEMENT_3D('',#6434,#5188,#5189);
#4554=AXIS2_PLACEMENT_3D('',#6435,#5190,#5191);
#4555=AXIS2_PLACEMENT_3D('',#6452,#5200,#5201);
#4556=AXIS2_PLACEMENT_3D('',#6456,#5203,#5204);
#4557=AXIS2_PLACEMENT_3D('',#6460,#5206,#5207);
#4558=AXIS2_PLACEMENT_3D('',#6464,#5209,#5210);
#4559=AXIS2_PLACEMENT_3D('',#6472,#5212,#5213);
#4560=AXIS2_PLACEMENT_3D('',#6491,#5223,#5224);
#4561=AXIS2_PLACEMENT_3D('',#6494,#5226,#5227);
#4562=AXIS2_PLACEMENT_3D('',#6504,#5232,#5233);
#4563=AXIS2_PLACEMENT_3D('',#6508,#5235,#5236);
#4564=AXIS2_PLACEMENT_3D('',#6509,#5237,#5238);
#4565=AXIS2_PLACEMENT_3D('',#6510,#5239,#5240);
#4566=AXIS2_PLACEMENT_3D('',#6513,#5242,#5243);
#4567=AXIS2_PLACEMENT_3D('',#6530,#5252,#5253);
#4568=AXIS2_PLACEMENT_3D('',#6531,#5254,#5255);
#4569=AXIS2_PLACEMENT_3D('',#6543,#5258,#5259);
#4570=AXIS2_PLACEMENT_3D('',#6547,#5261,#5262);
#4571=AXIS2_PLACEMENT_3D('',#6551,#5264,#5265);
#4572=AXIS2_PLACEMENT_3D('',#6554,#5267,#5268);
#4573=AXIS2_PLACEMENT_3D('',#6555,#5269,#5270);
#4574=AXIS2_PLACEMENT_3D('',#6557,#5271,#5272);
#4575=AXIS2_PLACEMENT_3D('',#6562,#5274,#5275);
#4576=AXIS2_PLACEMENT_3D('',#6564,#5276,#5277);
#4577=AXIS2_PLACEMENT_3D('',#6576,#5283,#5284);
#4578=AXIS2_PLACEMENT_3D('',#6577,#5285,#5286);
#4579=AXIS2_PLACEMENT_3D('',#6581,#5288,#5289);
#4580=AXIS2_PLACEMENT_3D('',#6593,#5295,#5296);
#4581=AXIS2_PLACEMENT_3D('',#6595,#5297,#5298);
#4582=AXIS2_PLACEMENT_3D('',#6596,#5299,#5300);
#4583=AXIS2_PLACEMENT_3D('',#6598,#5301,#5302);
#4584=AXIS2_PLACEMENT_3D('',#6599,#5303,#5304);
#4585=AXIS2_PLACEMENT_3D('',#6610,#5309,#5310);
#4586=AXIS2_PLACEMENT_3D('',#6620,#5315,#5316);
#4587=AXIS2_PLACEMENT_3D('',#6621,#5317,#5318);
#4588=AXIS2_PLACEMENT_3D('',#6627,#5322,#5323);
#4589=AXIS2_PLACEMENT_3D('',#6633,#5327,#5328);
#4590=AXIS2_PLACEMENT_3D('',#6634,#5329,#5330);
#4591=AXIS2_PLACEMENT_3D('',#6638,#5332,#5333);
#4592=AXIS2_PLACEMENT_3D('',#6645,#5337,#5338);
#4593=AXIS2_PLACEMENT_3D('',#6650,#5341,#5342);
#4594=AXIS2_PLACEMENT_3D('',#6653,#5345,#5346);
#4595=AXIS2_PLACEMENT_3D('',#6656,#5348,#5349);
#4596=AXIS2_PLACEMENT_3D('',#6660,#5351,#5352);
#4597=AXIS2_PLACEMENT_3D('',#6669,#5357,#5358);
#4598=AXIS2_PLACEMENT_3D('',#6675,#5362,#5363);
#4599=AXIS2_PLACEMENT_3D('',#6685,#5367,#5368);
#4600=AXIS2_PLACEMENT_3D('',#6692,#5373,#5374);
#4601=AXIS2_PLACEMENT_3D('',#6696,#5376,#5377);
#4602=AXIS2_PLACEMENT_3D('',#6700,#5379,#5380);
#4603=AXIS2_PLACEMENT_3D('',#6704,#5382,#5383);
#4604=AXIS2_PLACEMENT_3D('',#6705,#5384,#5385);
#4605=AXIS2_PLACEMENT_3D('',#6712,#5389,#5390);
#4606=AXIS2_PLACEMENT_3D('',#6716,#5392,#5393);
#4607=AXIS2_PLACEMENT_3D('',#6720,#5395,#5396);
#4608=AXIS2_PLACEMENT_3D('',#6731,#5402,#5403);
#4609=AXIS2_PLACEMENT_3D('',#6777,#5405,#5406);
#4610=AXIS2_PLACEMENT_3D('',#6779,#5407,#5408);
#4611=AXIS2_PLACEMENT_3D('',#6790,#5414,#5415);
#4612=AXIS2_PLACEMENT_3D('',#6810,#5425,#5426);
#4613=AXIS2_PLACEMENT_3D('',#6811,#5427,#5428);
#4614=AXIS2_PLACEMENT_3D('',#6813,#5429,#5430);
#4615=AXIS2_PLACEMENT_3D('',#6816,#5432,#5433);
#4616=AXIS2_PLACEMENT_3D('',#6817,#5434,#5435);
#4617=AXIS2_PLACEMENT_3D('',#6819,#5436,#5437);
#4618=AXIS2_PLACEMENT_3D('',#6822,#5439,#5440);
#4619=AXIS2_PLACEMENT_3D('',#6823,#5441,#5442);
#4620=AXIS2_PLACEMENT_3D('',#6825,#5443,#5444);
#4621=AXIS2_PLACEMENT_3D('',#6828,#5446,#5447);
#4622=AXIS2_PLACEMENT_3D('',#6829,#5448,#5449);
#4623=AXIS2_PLACEMENT_3D('',#6831,#5450,#5451);
#4624=AXIS2_PLACEMENT_3D('',#6834,#5453,#5454);
#4625=AXIS2_PLACEMENT_3D('',#6846,#5456,#5457);
#4626=AXIS2_PLACEMENT_3D('',#6847,#5458,#5459);
#4627=AXIS2_PLACEMENT_3D('',#6849,#5460,#5461);
#4628=AXIS2_PLACEMENT_3D('',#6852,#5463,#5464);
#4629=AXIS2_PLACEMENT_3D('',#6853,#5465,#5466);
#4630=AXIS2_PLACEMENT_3D('',#6855,#5467,#5468);
#4631=AXIS2_PLACEMENT_3D('',#6883,#5470,#5471);
#4632=AXIS2_PLACEMENT_3D('',#6889,#5472,#5473);
#4633=AXIS2_PLACEMENT_3D('',#6895,#5474,#5475);
#4634=AXIS2_PLACEMENT_3D('',#6914,#5477,#5478);
#4635=AXIS2_PLACEMENT_3D('',#6934,#5479,#5480);
#4636=AXIS2_PLACEMENT_3D('',#6935,#5481,#5482);
#4637=AXIS2_PLACEMENT_3D('',#6937,#5484,#5485);
#4638=AXIS2_PLACEMENT_3D('',#6947,#5487,#5488);
#4639=AXIS2_PLACEMENT_3D('',#6950,#5491,#5492);
#4640=AXIS2_PLACEMENT_3D('',#6951,#5493,#5494);
#4641=AXIS2_PLACEMENT_3D('',#6953,#5496,#5497);
#4642=AXIS2_PLACEMENT_3D('',#6954,#5498,#5499);
#4643=AXIS2_PLACEMENT_3D('',#6958,#5501,#5502);
#4644=AXIS2_PLACEMENT_3D('',#6959,#5503,#5504);
#4645=AXIS2_PLACEMENT_3D('',#6960,#5505,#5506);
#4646=AXIS2_PLACEMENT_3D('',#6964,#5508,#5509);
#4647=AXIS2_PLACEMENT_3D('',#6965,#5510,#5511);
#4648=AXIS2_PLACEMENT_3D('',#6966,#5512,#5513);
#4649=AXIS2_PLACEMENT_3D('',#6970,#5515,#5516);
#4650=AXIS2_PLACEMENT_3D('',#6971,#5517,#5518);
#4651=AXIS2_PLACEMENT_3D('',#6972,#5519,#5520);
#4652=AXIS2_PLACEMENT_3D('',#6976,#5522,#5523);
#4653=AXIS2_PLACEMENT_3D('',#6977,#5524,#5525);
#4654=AXIS2_PLACEMENT_3D('',#6989,#5527,#5528);
#4655=AXIS2_PLACEMENT_3D('',#6990,#5529,#5530);
#4656=AXIS2_PLACEMENT_3D('',#6994,#5532,#5533);
#4657=AXIS2_PLACEMENT_3D('',#6995,#5534,#5535);
#4658=AXIS2_PLACEMENT_3D('',#6998,#5538,#5539);
#4659=AXIS2_PLACEMENT_3D('',#7000,#5541,#5542);
#4660=AXIS2_PLACEMENT_3D('',#7003,#5545,#5546);
#4661=AXIS2_PLACEMENT_3D('',#7004,#5547,#5548);
#4662=AXIS2_PLACEMENT_3D('',#7008,#5550,#5551);
#4663=AXIS2_PLACEMENT_3D('',#7009,#5552,#5553);
#4664=AXIS2_PLACEMENT_3D('',#7010,#5554,#5555);
#4665=AXIS2_PLACEMENT_3D('',#7016,#5558,#5559);
#4666=AXIS2_PLACEMENT_3D('',#7021,#5562,#5563);
#4667=AXIS2_PLACEMENT_3D('',#7025,#5566,#5567);
#4668=AXIS2_PLACEMENT_3D('',#7030,#5569,#5570);
#4669=AXIS2_PLACEMENT_3D('',#7034,#5572,#5573);
#4670=AXIS2_PLACEMENT_3D('',#7038,#5575,#5576);
#4671=AXIS2_PLACEMENT_3D('',#7041,#5578,#5579);
#4672=AXIS2_PLACEMENT_3D('',#7042,#5580,#5581);
#4673=AXIS2_PLACEMENT_3D('',#7045,#5583,#5584);
#4674=AXIS2_PLACEMENT_3D('',#7048,#5586,#5587);
#4675=AXIS2_PLACEMENT_3D('',#7051,#5589,#5590);
#4676=AXIS2_PLACEMENT_3D('',#7052,#5591,#5592);
#4677=AXIS2_PLACEMENT_3D('',#7057,#5595,#5596);
#4678=AXIS2_PLACEMENT_3D('',#7060,#5598,#5599);
#4679=AXIS2_PLACEMENT_3D('',#7061,#5600,#5601);
#4680=AXIS2_PLACEMENT_3D('',#7065,#5603,#5604);
#4681=AXIS2_PLACEMENT_3D('',#7069,#5607,#5608);
#4682=AXIS2_PLACEMENT_3D('',#7076,#5613,#5614);
#4683=AXIS2_PLACEMENT_3D('',#7077,#5615,#5616);
#4684=AXIS2_PLACEMENT_3D('',#7078,#5617,#5618);
#4685=AXIS2_PLACEMENT_3D('',#7079,#5619,#5620);
#4686=AXIS2_PLACEMENT_3D('',#7082,#5622,#5623);
#4687=AXIS2_PLACEMENT_3D('',#7097,#5633,#5634);
#4688=AXIS2_PLACEMENT_3D('',#7098,#5635,#5636);
#4689=AXIS2_PLACEMENT_3D('',#7101,#5638,#5639);
#4690=AXIS2_PLACEMENT_3D('',#7105,#5642,#5643);
#4691=AXIS2_PLACEMENT_3D('',#7106,#5644,#5645);
#4692=AXIS2_PLACEMENT_3D('',#7109,#5647,#5648);
#4693=AXIS2_PLACEMENT_3D('',#7113,#5651,#5652);
#4694=AXIS2_PLACEMENT_3D('',#7114,#5653,#5654);
#4695=AXIS2_PLACEMENT_3D('',#7116,#5655,#5656);
#4696=AXIS2_PLACEMENT_3D('',#7118,#5657,#5658);
#4697=AXIS2_PLACEMENT_3D('',#7119,#5659,#5660);
#4698=AXIS2_PLACEMENT_3D('',#7128,#5661,#5662);
#4699=AXIS2_PLACEMENT_3D('',#7129,#5663,#5664);
#4700=AXIS2_PLACEMENT_3D('',#7130,#5665,#5666);
#4701=AXIS2_PLACEMENT_3D('',#7132,#5668,#5669);
#4702=AXIS2_PLACEMENT_3D('',#7133,#5670,#5671);
#4703=AXIS2_PLACEMENT_3D('',#7135,#5672,#5673);
#4704=AXIS2_PLACEMENT_3D('',#7137,#5674,#5675);
#4705=AXIS2_PLACEMENT_3D('',#7139,#5676,#5677);
#4706=AXIS2_PLACEMENT_3D('',#7140,#5678,#5679);
#4707=AXIS2_PLACEMENT_3D('',#7141,#5680,#5681);
#4708=AXIS2_PLACEMENT_3D('',#7142,#5682,#5683);
#4709=AXIS2_PLACEMENT_3D('',#7143,#5684,#5685);
#4710=AXIS2_PLACEMENT_3D('',#7156,#5686,#5687);
#4711=AXIS2_PLACEMENT_3D('',#7157,#5688,#5689);
#4712=AXIS2_PLACEMENT_3D('',#7158,#5690,#5691);
#4713=AXIS2_PLACEMENT_3D('',#7159,#5692,#5693);
#4714=AXIS2_PLACEMENT_3D('',#7160,#5694,#5695);
#4715=AXIS2_PLACEMENT_3D('',#7162,#5696,#5697);
#4716=AXIS2_PLACEMENT_3D('',#7164,#5698,#5699);
#4717=AXIS2_PLACEMENT_3D('',#7165,#5700,#5701);
#4718=AXIS2_PLACEMENT_3D('',#7167,#5702,#5703);
#4719=AXIS2_PLACEMENT_3D('',#7169,#5704,#5705);
#4720=AXIS2_PLACEMENT_3D('',#7170,#5706,#5707);
#4721=AXIS2_PLACEMENT_3D('',#7172,#5708,#5709);
#4722=AXIS2_PLACEMENT_3D('',#7174,#5710,#5711);
#4723=AXIS2_PLACEMENT_3D('',#7175,#5712,#5713);
#4724=AXIS2_PLACEMENT_3D('',#7177,#5714,#5715);
#4725=AXIS2_PLACEMENT_3D('',#7179,#5716,#5717);
#4726=AXIS2_PLACEMENT_3D('',#7180,#5718,#5719);
#4727=AXIS2_PLACEMENT_3D('',#7182,#5720,#5721);
#4728=AXIS2_PLACEMENT_3D('',#7184,#5722,#5723);
#4729=AXIS2_PLACEMENT_3D('',#7185,#5724,#5725);
#4730=AXIS2_PLACEMENT_3D('',#7191,#5729,#5730);
#4731=AXIS2_PLACEMENT_3D('',#7193,#5732,#5733);
#4732=AXIS2_PLACEMENT_3D('',#7195,#5735,#5736);
#4733=AXIS2_PLACEMENT_3D('',#7196,#5737,#5738);
#4734=AXIS2_PLACEMENT_3D('',#7202,#5742,#5743);
#4735=AXIS2_PLACEMENT_3D('',#7204,#5745,#5746);
#4736=AXIS2_PLACEMENT_3D('',#7206,#5748,#5749);
#4737=AXIS2_PLACEMENT_3D('',#7207,#5750,#5751);
#4738=AXIS2_PLACEMENT_3D('',#7209,#5753,#5754);
#4739=AXIS2_PLACEMENT_3D('',#7226,#5763,#5764);
#4740=AXIS2_PLACEMENT_3D('',#7227,#5765,#5766);
#4741=AXIS2_PLACEMENT_3D('',#7228,#5767,#5768);
#4742=AXIS2_PLACEMENT_3D('',#7231,#5771,#5772);
#4743=AXIS2_PLACEMENT_3D('',#7233,#5774,#5775);
#4744=AXIS2_PLACEMENT_3D('',#7235,#5777,#5778);
#4745=AXIS2_PLACEMENT_3D('',#7237,#5780,#5781);
#4746=AXIS2_PLACEMENT_3D('',#7239,#5783,#5784);
#4747=AXIS2_PLACEMENT_3D('',#7241,#5786,#5787);
#4748=AXIS2_PLACEMENT_3D('',#7243,#5789,#5790);
#4749=AXIS2_PLACEMENT_3D('',#7244,#5791,#5792);
#4750=AXIS2_PLACEMENT_3D('',#7246,#5794,#5795);
#4751=AXIS2_PLACEMENT_3D('',#7248,#5797,#5798);
#4752=AXIS2_PLACEMENT_3D('',#7249,#5799,#5800);
#4753=AXIS2_PLACEMENT_3D('',#7251,#5802,#5803);
#4754=AXIS2_PLACEMENT_3D('',#7253,#5805,#5806);
#4755=AXIS2_PLACEMENT_3D('',#7254,#5807,#5808);
#4756=AXIS2_PLACEMENT_3D('',#7257,#5811,#5812);
#4757=AXIS2_PLACEMENT_3D('',#7260,#5815,#5816);
#4758=AXIS2_PLACEMENT_3D('',#7261,#5817,#5818);
#4759=AXIS2_PLACEMENT_3D('',#7262,#5819,#5820);
#4760=AXIS2_PLACEMENT_3D('',#7268,#5824,#5825);
#4761=AXIS2_PLACEMENT_3D('',#7272,#5828,#5829);
#4762=AXIS2_PLACEMENT_3D('',#7276,#5832,#5833);
#4763=AXIS2_PLACEMENT_3D('',#7278,#5835,#5836);
#4764=AXIS2_PLACEMENT_3D('',#7279,#5837,#5838);
#4765=AXIS2_PLACEMENT_3D('',#7281,#5840,#5841);
#4766=AXIS2_PLACEMENT_3D('',#7283,#5843,#5844);
#4767=AXIS2_PLACEMENT_3D('',#7284,#5845,#5846);
#4768=AXIS2_PLACEMENT_3D('',#7290,#5850,#5851);
#4769=AXIS2_PLACEMENT_3D('',#7296,#5855,#5856);
#4770=AXIS2_PLACEMENT_3D('',#7300,#5859,#5860);
#4771=AXIS2_PLACEMENT_3D('',#7304,#5863,#5864);
#4772=AXIS2_PLACEMENT_3D('',#7306,#5866,#5867);
#4773=AXIS2_PLACEMENT_3D('',#7307,#5868,#5869);
#4774=AXIS2_PLACEMENT_3D('',#7310,#5872,#5873);
#4775=AXIS2_PLACEMENT_3D('',#7312,#5875,#5876);
#4776=AXIS2_PLACEMENT_3D('',#7314,#5878,#5879);
#4777=AXIS2_PLACEMENT_3D('',#7315,#5880,#5881);
#4778=AXIS2_PLACEMENT_3D('',#7321,#5885,#5886);
#4779=AXIS2_PLACEMENT_3D('',#7325,#5889,#5890);
#4780=AXIS2_PLACEMENT_3D('',#7329,#5893,#5894);
#4781=AXIS2_PLACEMENT_3D('',#7331,#5896,#5897);
#4782=AXIS2_PLACEMENT_3D('',#7332,#5898,#5899);
#4783=AXIS2_PLACEMENT_3D('',#7334,#5901,#5902);
#4784=AXIS2_PLACEMENT_3D('',#7336,#5904,#5905);
#4785=AXIS2_PLACEMENT_3D('',#7337,#5906,#5907);
#4786=AXIS2_PLACEMENT_3D('',#7346,#5912,#5913);
#4787=AXIS2_PLACEMENT_3D('',#7351,#5917,#5918);
#4788=AXIS2_PLACEMENT_3D('',#7355,#5921,#5922);
#4789=AXIS2_PLACEMENT_3D('',#7358,#5925,#5926);
#4790=AXIS2_PLACEMENT_3D('',#7359,#5927,#5928);
#4791=AXIS2_PLACEMENT_3D('',#7360,#5929,#5930);
#4792=AXIS2_PLACEMENT_3D('',#7361,#5931,#5932);
#4793=AXIS2_PLACEMENT_3D('',#7365,#5934,#5935);
#4794=AXIS2_PLACEMENT_3D('',#7369,#5937,#5938);
#4795=AXIS2_PLACEMENT_3D('',#7370,#5939,#5940);
#4796=AXIS2_PLACEMENT_3D('',#7374,#5942,#5943);
#4797=AXIS2_PLACEMENT_3D('',#7378,#5945,#5946);
#4798=AXIS2_PLACEMENT_3D('',#7379,#5947,#5948);
#4799=AXIS2_PLACEMENT_3D('',#7380,#5949,#5950);
#4800=AXIS2_PLACEMENT_3D('',#7385,#5952,#5953);
#4801=AXIS2_PLACEMENT_3D('',#7388,#5955,#5956);
#4802=AXIS2_PLACEMENT_3D('',#7389,#5957,#5958);
#4803=AXIS2_PLACEMENT_3D('',#7394,#5960,#5961);
#4804=AXIS2_PLACEMENT_3D('',#7397,#5963,#5964);
#4805=AXIS2_PLACEMENT_3D('',#7398,#5965,#5966);
#4806=AXIS2_PLACEMENT_3D('',#7400,#5967,#5968);
#4807=AXIS2_PLACEMENT_3D('',#7402,#5969,#5970);
#4808=AXIS2_PLACEMENT_3D('',#7404,#5971,#5972);
#4809=AXIS2_PLACEMENT_3D('',#7406,#5973,#5974);
#4810=AXIS2_PLACEMENT_3D('',#7411,#5977,#5978);
#4811=AXIS2_PLACEMENT_3D('',#7415,#5980,#5981);
#4812=AXIS2_PLACEMENT_3D('',#7419,#5983,#5984);
#4813=AXIS2_PLACEMENT_3D('',#7421,#5985,#5986);
#4814=AXIS2_PLACEMENT_3D('',#7422,#5987,#5988);
#4815=AXIS2_PLACEMENT_3D('',#7423,#5989,#5990);
#4816=AXIS2_PLACEMENT_3D('',#7425,#5991,#5992);
#4817=AXIS2_PLACEMENT_3D('',#7428,#5994,#5995);
#4818=AXIS2_PLACEMENT_3D('',#7430,#5996,#5997);
#4819=AXIS2_PLACEMENT_3D('',#7434,#5999,#6000);
#4820=AXIS2_PLACEMENT_3D('',#7436,#6001,#6002);
#4821=AXIS2_PLACEMENT_3D('',#7437,#6003,#6004);
#4822=AXIS2_PLACEMENT_3D('',#7438,#6005,#6006);
#4823=AXIS2_PLACEMENT_3D('',#7440,#6007,#6008);
#4824=AXIS2_PLACEMENT_3D('',#7442,#6009,#6010);
#4825=AXIS2_PLACEMENT_3D('',#7445,#6012,#6013);
#4826=AXIS2_PLACEMENT_3D('',#7449,#6015,#6016);
#4827=AXIS2_PLACEMENT_3D('',#7453,#6018,#6019);
#4828=AXIS2_PLACEMENT_3D('',#7455,#6020,#6021);
#4829=AXIS2_PLACEMENT_3D('',#7459,#6023,#6024);
#4830=AXIS2_PLACEMENT_3D('',#7463,#6026,#6027);
#4831=AXIS2_PLACEMENT_3D('',#7466,#6029,#6030);
#4832=AXIS2_PLACEMENT_3D('',#7468,#6032,#6033);
#4833=AXIS2_PLACEMENT_3D('',#7470,#6034,#6035);
#4834=AXIS2_PLACEMENT_3D('',#7474,#6037,#6038);
#4835=AXIS2_PLACEMENT_3D('',#7476,#6039,#6040);
#4836=AXIS2_PLACEMENT_3D('',#7480,#6042,#6043);
#4837=AXIS2_PLACEMENT_3D('',#7484,#6045,#6046);
#4838=AXIS2_PLACEMENT_3D('',#7485,#6047,#6048);
#4839=AXIS2_PLACEMENT_3D('',#7488,#6051,#6052);
#4840=AXIS2_PLACEMENT_3D('',#7490,#6054,#6055);
#4841=AXIS2_PLACEMENT_3D('',#7492,#6057,#6058);
#4842=AXIS2_PLACEMENT_3D('',#7494,#6060,#6061);
#4843=AXIS2_PLACEMENT_3D('',#7495,#6062,#6063);
#4844=AXIS2_PLACEMENT_3D('',#7497,#6065,#6066);
#4845=AXIS2_PLACEMENT_3D('',#7500,#6069,#6070);
#4846=AXIS2_PLACEMENT_3D('',#7501,#6071,#6072);
#4847=AXIS2_PLACEMENT_3D('',#7503,#6074,#6075);
#4848=AXIS2_PLACEMENT_3D('',#7505,#6077,#6078);
#4849=AXIS2_PLACEMENT_3D('',#7507,#6080,#6081);
#4850=AXIS2_PLACEMENT_3D('',#7509,#6083,#6084);
#4851=AXIS2_PLACEMENT_3D('',#7511,#6086,#6087);
#4852=AXIS2_PLACEMENT_3D('',#7513,#6089,#6090);
#4853=AXIS2_PLACEMENT_3D('',#7514,#6091,#6092);
#4854=AXIS2_PLACEMENT_3D('',#7515,#6093,#6094);
#4855=AXIS2_PLACEMENT_3D('',#7516,#6095,#6096);
#4856=AXIS2_PLACEMENT_3D('',#7517,#6097,#6098);
#4857=AXIS2_PLACEMENT_3D('',#7518,#6099,#6100);
#4858=AXIS2_PLACEMENT_3D('',#7519,#6101,#6102);
#4859=DIRECTION('',(0.,0.,1.));
#4860=DIRECTION('',(1.,0.,0.));
#4861=DIRECTION('',(3.46944695195361E-17,0.228765168726251,0.973481637000745));
#4862=DIRECTION('',(1.,-7.93688617350448E-18,-3.37744289827505E-17));
#4863=DIRECTION('',(3.46944695195361E-17,0.228765168726251,0.973481637000745));
#4864=DIRECTION('',(0.,-0.973481637000745,0.228765168726251));
#4865=DIRECTION('',(3.46944695195361E-17,0.228765168726251,0.973481637000745));
#4866=DIRECTION('',(0.,-0.973481637000745,0.228765168726251));
#4867=DIRECTION('',(3.46944695195361E-17,0.228765168726251,0.973481637000745));
#4868=DIRECTION('',(-6.20245999613744E-16,-0.973481637000745,0.228765168726251));
#4869=DIRECTION('',(0.,0.973481637000745,-0.228765168726251));
#4870=DIRECTION('',(3.46944695195361E-17,0.228765168726251,0.973481637000745));
#4871=DIRECTION('',(1.47637986896363E-16,0.973481637000745,-0.228765168726251));
#4872=DIRECTION('',(3.46944695195361E-17,0.228765168726251,0.973481637000745));
#4873=DIRECTION('',(-1.47637986896363E-16,-0.973481637000745,0.228765168726251));
#4874=DIRECTION('',(-0.271090698659382,-0.937028456614568,0.220198784272052));
#4875=DIRECTION('',(0.92869915721324,0.361000115410654,-0.0848339086976032));
#4876=DIRECTION('',(-1.,0.,3.56395726440493E-17));
#4877=DIRECTION('',(3.46944695195361E-17,0.228765168726251,0.973481637000745));
#4878=DIRECTION('',(1.47637986896362E-16,0.973481637000745,-0.228765168726251));
#4879=DIRECTION('',(-1.,0.,3.56395726440493E-17));
#4880=DIRECTION('',(-0.92869915721324,0.361000115410654,-0.0848339086976031));
#4881=DIRECTION('',(0.271090698659382,-0.937028456614568,0.220198784272052));
#4882=DIRECTION('',(3.46944695195361E-17,0.228765168726251,0.973481637000745));
#4883=DIRECTION('',(-1.47637986896363E-16,-0.973481637000745,0.228765168726251));
#4884=DIRECTION('',(0.,0.973481637000745,-0.228765168726251));
#4885=DIRECTION('',(3.46944695195361E-17,0.228765168726251,0.973481637000745));
#4886=DIRECTION('',(1.47637986896363E-16,0.973481637000745,-0.228765168726251));
#4887=DIRECTION('',(3.46944695195361E-17,0.228765168726251,0.973481637000745));
#4888=DIRECTION('',(-1.47637986896363E-16,-0.973481637000745,0.228765168726251));
#4889=DIRECTION('',(0.271090698659382,-0.937028456614568,0.220198784272052));
#4890=DIRECTION('',(-0.92869915721324,0.361000115410654,-0.0848339086976031));
#4891=DIRECTION('',(-1.,4.58645194768228E-17,2.48615526610635E-17));
#4892=DIRECTION('',(3.46944695195361E-17,0.228765168726251,0.973481637000745));
#4893=DIRECTION('',(1.47637986896362E-16,0.973481637000745,-0.228765168726251));
#4894=DIRECTION('',(-1.,4.58645194768228E-17,2.48615526610635E-17));
#4895=DIRECTION('',(0.92869915721324,0.361000115410654,-0.0848339086976032));
#4896=DIRECTION('',(-0.271090698659382,-0.937028456614568,0.220198784272052));
#4897=DIRECTION('',(3.46944695195361E-17,0.228765168726251,0.973481637000745));
#4898=DIRECTION('',(-1.47637986896363E-16,-0.973481637000745,0.228765168726251));
#4899=DIRECTION('',(3.46944695195361E-17,0.228765168726251,0.973481637000745));
#4900=DIRECTION('',(1.47637986896363E-16,0.973481637000745,-0.228765168726251));
#4901=DIRECTION('',(0.,0.,-1.));
#4902=DIRECTION('',(-1.,0.,0.));
#4903=DIRECTION('',(0.,0.,-1.));
#4904=DIRECTION('',(0.,0.,-1.));
#4905=DIRECTION('',(0.,0.,-1.));
#4906=DIRECTION('',(1.,0.,0.));
#4907=DIRECTION('',(-0.362306190701075,0.932059131267795,0.));
#4908=DIRECTION('',(-0.932059131267795,-0.362306190701075,0.));
#4909=DIRECTION('',(0.932059131267795,0.362306190701075,0.));
#4910=DIRECTION('',(0.,0.,-1.));
#4911=DIRECTION('',(-3.99194227282071E-17,-1.55173137609519E-17,1.));
#4912=DIRECTION('',(-0.362306190701075,-0.932059131267795,0.));
#4913=DIRECTION('',(0.932059131267795,-0.362306190701075,0.));
#4914=DIRECTION('',(0.,0.,-1.));
#4915=DIRECTION('',(-0.932059131267795,0.362306190701075,0.));
#4916=DIRECTION('',(3.99194227282071E-17,-1.55173137609519E-17,1.));
#4917=DIRECTION('',(0.,-1.22464679914735E-16,-1.));
#4918=DIRECTION('',(-1.,-1.22464679914735E-16,1.49975978266186E-32));
#4919=DIRECTION('',(0.,0.,1.));
#4920=DIRECTION('',(1.,0.,0.));
#4921=DIRECTION('',(0.,-1.22464679914735E-16,-1.));
#4922=DIRECTION('',(0.,-1.22464679914735E-16,-1.));
#4923=DIRECTION('',(-1.,-1.22464679914735E-16,1.49975978266186E-32));
#4924=DIRECTION('',(0.,-1.22464679914735E-16,-1.));
#4925=DIRECTION('',(3.46944695195361E-17,0.228765168726251,0.973481637000745));
#4926=DIRECTION('',(1.47637986896363E-16,0.973481637000745,-0.228765168726251));
#4927=DIRECTION('',(0.,-1.22464679914735E-16,-1.));
#4928=DIRECTION('',(3.46944695195361E-17,0.228765168726251,0.973481637000745));
#4929=DIRECTION('',(1.,-7.93688617350448E-18,-3.37744289827505E-17));
#4930=DIRECTION('',(3.46944695195361E-17,0.228765168726251,0.973481637000745));
#4931=DIRECTION('',(1.47637986896363E-16,0.973481637000745,-0.228765168726251));
#4932=DIRECTION('',(9.9211077168806E-17,0.973481637000745,-0.228765168726251));
#4933=DIRECTION('',(3.46944695195361E-17,0.228765168726251,0.973481637000745));
#4934=DIRECTION('',(1.47637986896363E-16,0.973481637000745,-0.228765168726251));
#4935=DIRECTION('',(0.,-0.973481637000745,0.228765168726251));
#4936=DIRECTION('',(-1.,0.,3.56395726440493E-17));
#4937=DIRECTION('',(0.,-1.22464679914735E-16,-1.));
#4938=DIRECTION('',(-1.,-1.22464679914735E-16,1.49975978266186E-32));
#4939=DIRECTION('',(0.,-1.22464679914735E-16,-1.));
#4940=DIRECTION('',(0.,1.,-1.22464679914735E-16));
#4941=DIRECTION('',(0.,-1.22464679914735E-16,-1.));
#4942=DIRECTION('',(0.,1.,-1.22464679914735E-16));
#4943=DIRECTION('',(0.,-1.22464679914735E-16,-1.));
#4944=DIRECTION('',(-1.,-1.22464679914735E-16,1.49975978266186E-32));
#4945=DIRECTION('',(1.,0.,0.));
#4946=DIRECTION('',(0.,-1.22464679914735E-16,-1.));
#4947=DIRECTION('',(-1.,-1.22464679914735E-16,1.49975978266186E-32));
#4948=DIRECTION('',(-0.27791204431987,0.960606524869549,-1.17640370592155E-16));
#4949=DIRECTION('',(1.,0.,0.));
#4950=DIRECTION('',(1.,0.,0.));
#4951=DIRECTION('',(0.27791204431987,0.960606524869549,-1.17640370592155E-16));
#4952=DIRECTION('',(0.,1.22464679914735E-16,1.));
#4953=DIRECTION('',(-1.,-1.22464679914735E-16,1.49975978266186E-32));
#4954=DIRECTION('',(-0.726022464979238,0.687670982625755,-8.42154067739147E-17));
#4955=DIRECTION('',(0.,1.,-1.22464679914735E-16));
#4956=DIRECTION('',(-1.,0.,0.));
#4957=DIRECTION('',(0.,-1.,1.22464679914735E-16));
#4958=DIRECTION('',(1.,0.,0.));
#4959=DIRECTION('',(0.,1.,-1.22464679914735E-16));
#4960=DIRECTION('',(0.687670982625757,0.726022464979236,-8.89121087845893E-17));
#4961=DIRECTION('',(0.,-1.22464679914735E-16,-1.));
#4962=DIRECTION('',(0.,1.,-1.22464679914735E-16));
#4963=DIRECTION('',(0.,-1.22464679914735E-16,-1.));
#4964=DIRECTION('',(0.,1.,-1.22464679914735E-16));
#4965=DIRECTION('',(0.,-1.22464679914735E-16,-1.));
#4966=DIRECTION('',(0.,1.,-1.22464679914735E-16));
#4967=DIRECTION('',(0.,-1.22464679914735E-16,-1.));
#4968=DIRECTION('',(0.,1.,-1.22464679914735E-16));
#4969=DIRECTION('',(0.,-1.22464679914735E-16,-1.));
#4970=DIRECTION('',(-1.,-1.22464679914735E-16,1.49975978266186E-32));
#4971=DIRECTION('',(0.,-1.22464679914735E-16,-1.));
#4972=DIRECTION('',(0.,1.,-1.22464679914735E-16));
#4973=DIRECTION('',(0.,-1.22464679914735E-16,-1.));
#4974=DIRECTION('',(0.,1.,-1.22464679914735E-16));
#4975=DIRECTION('',(-0.932059131267795,0.362306190701075,0.));
#4976=DIRECTION('',(-0.27791204431987,0.960606524869549,-1.17640370592155E-16));
#4977=DIRECTION('',(0.,-1.22464679914735E-16,-1.));
#4978=DIRECTION('',(-1.,-1.22464679914735E-16,1.49975978266186E-32));
#4979=DIRECTION('',(0.,-1.22464679914735E-16,-1.));
#4980=DIRECTION('',(-1.,-1.22464679914735E-16,1.49975978266186E-32));
#4981=DIRECTION('',(0.,1.22464679914735E-16,1.));
#4982=DIRECTION('',(-1.,-1.22464679914735E-16,1.49975978266186E-32));
#4983=DIRECTION('',(0.27791204431987,0.960606524869549,-1.17640370592155E-16));
#4984=DIRECTION('',(0.932059131267795,0.362306190701075,0.));
#4985=DIRECTION('',(0.,0.,-1.));
#4986=DIRECTION('',(1.,0.,0.));
#4987=DIRECTION('',(0.,-1.22464679914735E-16,-1.));
#4988=DIRECTION('',(0.,1.,-1.22464679914735E-16));
#4989=DIRECTION('',(0.,-1.22464679914735E-16,-1.));
#4990=DIRECTION('',(0.,1.,-1.22464679914735E-16));
#4991=DIRECTION('',(0.,-1.22464679914735E-16,-1.));
#4992=DIRECTION('',(0.,1.,-1.22464679914735E-16));
#4993=DIRECTION('',(0.,-1.22464679914735E-16,-1.));
#4994=DIRECTION('',(0.,1.,-1.22464679914735E-16));
#4995=DIRECTION('',(-1.,0.,0.));
#4996=DIRECTION('',(0.,1.,-1.22464679914735E-16));
#4997=DIRECTION('',(-0.726022464979238,0.687670982625755,-8.42154067739147E-17));
#4998=DIRECTION('',(0.687670982625757,0.726022464979236,-8.89121087845893E-17));
#4999=DIRECTION('',(0.,1.,-1.22464679914735E-16));
#5000=DIRECTION('',(1.,0.,0.));
#5001=DIRECTION('',(0.,-1.,1.22464679914735E-16));
#5002=DIRECTION('',(0.960606524869549,-0.27791204431987,3.40344095520825E-17));
#5003=DIRECTION('',(-0.27791204431987,-0.960606524869549,1.17640370592155E-16));
#5004=DIRECTION('',(0.,1.22464679914735E-16,1.));
#5005=DIRECTION('',(0.,1.22464679914735E-16,1.));
#5006=DIRECTION('',(1.,1.22464679914735E-16,-1.49975978266186E-32));
#5007=DIRECTION('',(0.,6.12323399573677E-17,1.));
#5008=DIRECTION('',(0.,-1.,6.12323399573677E-17));
#5009=DIRECTION('',(0.,-6.12323399573677E-17,-1.));
#5010=DIRECTION('',(0.,-6.12323399573677E-17,-1.));
#5011=DIRECTION('',(0.,1.,-6.12323399573677E-17));
#5012=DIRECTION('',(0.,1.22464679914735E-16,1.));
#5013=DIRECTION('',(0.,-1.22464679914735E-16,-1.));
#5014=DIRECTION('',(0.960606524869549,0.27791204431987,-3.40344095520825E-17));
#5015=DIRECTION('',(0.27791204431987,-0.960606524869549,1.17640370592155E-16));
#5016=DIRECTION('',(0.,1.22464679914735E-16,1.));
#5017=DIRECTION('',(0.,1.22464679914735E-16,1.));
#5018=DIRECTION('',(1.,1.22464679914735E-16,-1.49975978266186E-32));
#5019=DIRECTION('',(0.,1.22464679914735E-16,1.));
#5020=DIRECTION('',(0.,0.,1.));
#5021=DIRECTION('',(1.,0.,0.));
#5022=DIRECTION('',(0.,-1.22464679914735E-16,-1.));
#5023=DIRECTION('',(-1.,-1.22464679914735E-16,1.49975978266186E-32));
#5024=DIRECTION('',(0.,-1.22464679914735E-16,-1.));
#5025=DIRECTION('',(0.,-1.22464679914735E-16,-1.));
#5026=DIRECTION('',(0.,-1.22464679914735E-16,-1.));
#5027=DIRECTION('',(0.,0.,-1.));
#5028=DIRECTION('',(-1.,0.,0.));
#5029=DIRECTION('',(0.,0.,-1.));
#5030=DIRECTION('',(-1.,0.,0.));
#5031=DIRECTION('',(0.,-0.476553907411761,0.879145251554362));
#5032=DIRECTION('',(0.,-0.879145251554362,-0.476553907411761));
#5033=DIRECTION('',(0.,0.,-1.));
#5034=DIRECTION('',(0.,0.,-1.));
#5035=DIRECTION('',(0.,-0.476553907411761,0.879145251554362));
#5036=DIRECTION('',(0.,-0.879145251554362,-0.476553907411761));
#5037=DIRECTION('',(-0.362306190701075,0.932059131267795,0.));
#5038=DIRECTION('',(-0.932059131267795,-0.362306190701075,0.));
#5039=DIRECTION('',(-3.99194227282071E-17,-1.55173137609519E-17,1.));
#5040=DIRECTION('',(0.914587985721938,0.355514878886669,0.192712187635566));
#5041=DIRECTION('',(-0.362306190701075,-0.932059131267795,0.));
#5042=DIRECTION('',(0.932059131267795,-0.362306190701075,0.));
#5043=DIRECTION('',(3.99194227282071E-17,-1.55173137609519E-17,1.));
#5044=DIRECTION('',(0.914587985721938,-0.355514878886669,-0.192712187635566));
#5045=DIRECTION('',(0.,-0.476553907411761,0.879145251554362));
#5046=DIRECTION('',(0.,-0.879145251554362,-0.476553907411761));
#5047=DIRECTION('',(0.,-0.476553907411761,0.879145251554362));
#5048=DIRECTION('',(0.,-0.879145251554362,-0.476553907411761));
#5049=DIRECTION('',(0.960606524869549,-0.27791204431987,3.40344095520825E-17));
#5050=DIRECTION('',(-0.27791204431987,-0.960606524869549,1.17640370592155E-16));
#5051=DIRECTION('',(0.,1.22464679914735E-16,1.));
#5052=DIRECTION('',(0.,1.22464679914735E-16,1.));
#5053=DIRECTION('',(1.,1.22464679914735E-16,-1.49975978266186E-32));
#5054=DIRECTION('',(0.,-1.22464679914735E-16,-1.));
#5055=DIRECTION('',(0.960606524869549,0.27791204431987,-3.40344095520825E-17));
#5056=DIRECTION('',(0.27791204431987,-0.960606524869549,1.17640370592155E-16));
#5057=DIRECTION('',(0.,1.22464679914735E-16,1.));
#5058=DIRECTION('',(0.,1.22464679914735E-16,1.));
#5059=DIRECTION('',(1.,1.22464679914735E-16,-1.49975978266186E-32));
#5060=DIRECTION('',(0.,-1.22464679914735E-16,-1.));
#5061=DIRECTION('',(0.,-1.22464679914735E-16,-1.));
#5062=DIRECTION('',(-1.,-1.22464679914735E-16,1.49975978266186E-32));
#5063=DIRECTION('',(0.,-1.22464679914735E-16,-1.));
#5064=DIRECTION('',(0.,0.,-1.));
#5065=DIRECTION('',(-1.,0.,0.));
#5066=DIRECTION('',(0.,-1.22464679914735E-16,-1.));
#5067=DIRECTION('',(0.,-1.22464679914735E-16,-1.));
#5068=DIRECTION('',(0.,0.,1.));
#5069=DIRECTION('',(1.,0.,0.));
#5070=DIRECTION('',(0.,-1.22464679914735E-16,-1.));
#5071=DIRECTION('',(3.46944695195361E-17,0.228765168726251,0.973481637000745));
#5072=DIRECTION('',(0.,-0.973481637000745,0.228765168726251));
#5073=DIRECTION('',(3.46944695195361E-17,0.228765168726251,0.973481637000745));
#5074=DIRECTION('',(0.,-0.973481637000745,0.228765168726251));
#5075=DIRECTION('',(-3.46944695195361E-17,-0.228765168726251,-0.973481637000745));
#5076=DIRECTION('',(0.,0.973481637000745,-0.228765168726251));
#5077=DIRECTION('',(3.46944695195361E-17,0.228765168726251,0.973481637000745));
#5078=DIRECTION('',(0.,-0.973481637000745,0.228765168726251));
#5079=DIRECTION('',(3.46944695195361E-17,0.228765168726251,0.973481637000745));
#5080=DIRECTION('',(0.,-0.973481637000745,0.228765168726251));
#5081=DIRECTION('',(-3.46944695195361E-17,-0.228765168726251,-0.973481637000745));
#5082=DIRECTION('',(0.,0.973481637000745,-0.228765168726251));
#5083=DIRECTION('',(-1.0811625177067E-16,-6.11096416504339E-32,1.));
#5084=DIRECTION('',(1.,0.,1.0811625177067E-16));
#5085=DIRECTION('',(-1.0811625177067E-16,-6.11096416504339E-32,1.));
#5086=DIRECTION('',(1.,0.,1.0811625177067E-16));
#5087=DIRECTION('',(1.0811625177067E-16,6.11096416504339E-32,-1.));
#5088=DIRECTION('',(-1.,0.,-1.0811625177067E-16));
#5089=DIRECTION('',(-1.49975978266186E-32,-1.22464679914735E-16,1.));
#5090=DIRECTION('',(0.,-1.,-1.22464679914735E-16));
#5091=DIRECTION('',(-1.49975978266186E-32,-1.22464679914735E-16,1.));
#5092=DIRECTION('',(0.,-1.,-1.22464679914735E-16));
#5093=DIRECTION('',(-1.49975978266186E-32,-1.22464679914735E-16,1.));
#5094=DIRECTION('',(0.,-1.,-1.22464679914735E-16));
#5095=DIRECTION('',(-1.49975978266186E-32,-1.22464679914735E-16,1.));
#5096=DIRECTION('',(0.,-1.,-1.22464679914735E-16));
#5097=DIRECTION('',(0.,-1.,0.));
#5098=DIRECTION('',(0.,0.,-1.));
#5099=DIRECTION('',(0.,0.,-1.));
#5100=DIRECTION('',(0.,0.,-1.));
#5101=DIRECTION('',(1.,0.,0.));
#5102=DIRECTION('',(0.,0.,-1.));
#5103=DIRECTION('',(0.,0.,-1.));
#5104=DIRECTION('',(0.,1.,0.));
#5105=DIRECTION('',(0.,0.,1.));
#5106=DIRECTION('',(0.,0.,-1.));
#5107=DIRECTION('',(-1.,0.,0.));
#5108=DIRECTION('',(0.,0.,1.));
#5109=DIRECTION('',(0.,0.,-1.));
#5110=DIRECTION('',(-0.726022464979236,0.687670982625757,0.));
#5111=DIRECTION('',(-0.687670982625757,-0.726022464979236,0.));
#5112=DIRECTION('',(0.,0.,-1.));
#5113=DIRECTION('',(-0.687670982625755,-0.726022464979238,0.));
#5114=DIRECTION('',(0.726022464979238,-0.687670982625755,0.));
#5115=DIRECTION('',(0.,0.,-1.));
#5116=DIRECTION('',(-1.,0.,0.));
#5117=DIRECTION('',(0.,0.,1.));
#5118=DIRECTION('',(0.,1.,0.));
#5119=DIRECTION('',(0.,0.,1.));
#5120=DIRECTION('',(0.,1.,0.));
#5121=DIRECTION('',(0.,0.,1.));
#5122=DIRECTION('',(0.,1.,0.));
#5123=DIRECTION('',(0.,0.,1.));
#5124=DIRECTION('',(0.,0.,1.));
#5125=DIRECTION('',(1.,0.,0.));
#5126=DIRECTION('',(0.,1.,0.));
#5127=DIRECTION('',(0.,1.,0.));
#5128=DIRECTION('',(1.,0.,0.));
#5129=DIRECTION('',(0.,0.,-1.));
#5130=DIRECTION('',(-1.,0.,0.));
#5131=DIRECTION('',(0.,0.,1.));
#5132=DIRECTION('',(0.,0.,-1.));
#5133=DIRECTION('',(-1.,0.,0.));
#5134=DIRECTION('',(0.,1.,0.));
#5135=DIRECTION('',(0.,1.,0.));
#5136=DIRECTION('',(1.,0.,4.33680868994202E-16));
#5137=DIRECTION('',(4.33680868994202E-16,0.,-1.));
#5138=DIRECTION('',(1.,0.,0.));
#5139=DIRECTION('',(0.,0.,-1.));
#5140=DIRECTION('',(1.,0.,0.));
#5141=DIRECTION('',(0.,6.12323399573677E-17,1.));
#5142=DIRECTION('',(0.,1.,-6.12323399573677E-17));
#5143=DIRECTION('',(-1.22464679914735E-16,6.12323399573677E-17,1.));
#5144=DIRECTION('',(0.,-1.,6.12323399573677E-17));
#5145=DIRECTION('',(0.,-6.12323399573677E-17,-1.));
#5146=DIRECTION('',(1.,0.,0.));
#5147=DIRECTION('',(1.22464679914735E-16,-6.12323399573677E-17,-1.));
#5148=DIRECTION('',(1.,7.49879891330927E-33,1.22464679914735E-16));
#5149=DIRECTION('',(1.22464679914735E-16,-6.12323399573677E-17,-1.));
#5150=DIRECTION('',(1.,7.49879891330927E-33,1.22464679914735E-16));
#5151=DIRECTION('',(0.,-6.12323399573677E-17,-1.));
#5152=DIRECTION('',(0.,1.,-6.12323399573677E-17));
#5153=DIRECTION('',(0.,6.12323399573677E-17,1.));
#5154=DIRECTION('',(0.,-1.,6.12323399573677E-17));
#5155=DIRECTION('',(0.,-6.12323399573677E-17,-1.));
#5156=DIRECTION('',(1.,0.,0.));
#5157=DIRECTION('',(0.,-6.12323399573677E-17,-1.));
#5158=DIRECTION('',(1.,0.,0.));
#5159=DIRECTION('',(0.,0.,1.));
#5160=DIRECTION('',(1.,0.,0.));
#5161=DIRECTION('',(-0.960606524869549,0.27791204431987,0.));
#5162=DIRECTION('',(-0.27791204431987,-0.960606524869549,0.));
#5163=DIRECTION('',(0.27791204431987,0.960606524869549,-1.50845519650157E-16));
#5164=DIRECTION('',(0.,-1.22464679914735E-16,-1.));
#5165=DIRECTION('',(0.27791204431987,0.960606524869549,-1.50845519650157E-16));
#5166=DIRECTION('',(0.,0.,-1.));
#5167=DIRECTION('',(0.27791204431987,0.960606524869549,-1.50845519650157E-16));
#5168=DIRECTION('',(-0.246496437600506,-0.852018079661243,-0.461849215849315));
#5169=DIRECTION('',(0.,-1.22464679914735E-16,-1.));
#5170=DIRECTION('',(0.27791204431987,0.960606524869549,-1.50845519650157E-16));
#5171=DIRECTION('',(0.,0.,-1.));
#5172=DIRECTION('',(0.,-1.22464679914735E-16,-1.));
#5173=DIRECTION('',(-1.,-1.22464679914735E-16,1.49975978266186E-32));
#5174=DIRECTION('',(0.,-1.22464679914735E-16,-1.));
#5175=DIRECTION('',(4.19217867424682E-17,1.44903190423279E-16,1.));
#5176=DIRECTION('',(0.,-1.,1.44903190423279E-16));
#5177=DIRECTION('',(0.,-1.22464679914735E-16,-1.));
#5178=DIRECTION('',(0.,-0.476553907411761,0.879145251554362));
#5179=DIRECTION('',(0.,-0.879145251554362,-0.476553907411761));
#5180=DIRECTION('',(0.,-1.22464679914735E-16,-1.));
#5181=DIRECTION('',(0.,0.,-1.));
#5182=DIRECTION('',(-1.,0.,0.));
#5183=DIRECTION('',(0.,-1.22464679914735E-16,-1.));
#5184=DIRECTION('',(-1.,-1.22464679914735E-16,1.49975978266186E-32));
#5185=DIRECTION('',(0.,-1.22464679914735E-16,-1.));
#5186=DIRECTION('',(4.19217867424682E-17,1.44903190423279E-16,1.));
#5187=DIRECTION('',(0.,-1.,1.44903190423279E-16));
#5188=DIRECTION('',(0.,0.,-1.));
#5189=DIRECTION('',(-1.,0.,0.));
#5190=DIRECTION('',(-0.960606524869549,0.27791204431987,0.));
#5191=DIRECTION('',(-0.27791204431987,-0.960606524869549,0.));
#5192=DIRECTION('',(-0.27791204431987,-0.960606524869549,0.));
#5193=DIRECTION('',(0.,0.,-1.));
#5194=DIRECTION('',(-0.27791204431987,-0.960606524869549,0.));
#5195=DIRECTION('',(0.,0.,-1.));
#5196=DIRECTION('',(-0.27791204431987,-0.960606524869549,0.));
#5197=DIRECTION('',(0.,0.,-1.));
#5198=DIRECTION('',(-0.27791204431987,-0.960606524869549,0.));
#5199=DIRECTION('',(0.,0.,-1.));
#5200=DIRECTION('',(0.,-1.22464679914735E-16,-1.));
#5201=DIRECTION('',(-1.,-1.22464679914735E-16,1.49975978266186E-32));
#5202=DIRECTION('',(0.,-1.22464679914735E-16,-1.));
#5203=DIRECTION('',(0.,0.,-1.));
#5204=DIRECTION('',(-1.,0.,0.));
#5205=DIRECTION('',(0.,-1.22464679914735E-16,-1.));
#5206=DIRECTION('',(0.,0.,-1.));
#5207=DIRECTION('',(-1.,0.,0.));
#5208=DIRECTION('',(0.,-1.22464679914735E-16,-1.));
#5209=DIRECTION('',(0.,0.,-1.));
#5210=DIRECTION('',(-1.,0.,0.));
#5211=DIRECTION('',(0.,-1.22464679914735E-16,-1.));
#5212=DIRECTION('',(0.960606524869549,0.27791204431987,0.));
#5213=DIRECTION('',(-0.27791204431987,0.960606524869549,0.));
#5214=DIRECTION('',(-0.27791204431987,0.960606524869549,1.50845519650157E-16));
#5215=DIRECTION('',(0.,-1.22464679914735E-16,-1.));
#5216=DIRECTION('',(-0.246496437600506,0.852018079661243,0.461849215849315));
#5217=DIRECTION('',(-0.27791204431987,0.960606524869549,1.50845519650157E-16));
#5218=DIRECTION('',(0.,0.,-1.));
#5219=DIRECTION('',(-0.27791204431987,0.960606524869549,0.));
#5220=DIRECTION('',(0.,-1.22464679914735E-16,-1.));
#5221=DIRECTION('',(-0.27791204431987,0.960606524869549,0.));
#5222=DIRECTION('',(0.,0.,-1.));
#5223=DIRECTION('',(0.,-0.476553907411761,0.879145251554362));
#5224=DIRECTION('',(0.,-0.879145251554362,-0.476553907411761));
#5225=DIRECTION('',(1.,-7.73371893045274E-17,-4.19217867424682E-17));
#5226=DIRECTION('',(0.,0.476553907411761,-0.879145251554362));
#5227=DIRECTION('',(0.,-0.879145251554362,-0.476553907411761));
#5228=DIRECTION('',(0.932104534254108,-0.318417061742907,-0.172602757839922));
#5229=DIRECTION('',(-1.,0.,0.));
#5230=DIRECTION('',(0.302894986287779,0.837846470116552,0.454167281731038));
#5231=DIRECTION('',(0.914587985721938,-0.355514878886669,-0.192712187635566));
#5232=DIRECTION('',(0.,0.476553907411761,-0.879145251554362));
#5233=DIRECTION('',(0.,-0.879145251554362,-0.476553907411761));
#5234=DIRECTION('',(-0.246496437600506,0.852018079661243,0.461849215849315));
#5235=DIRECTION('',(0.,-0.476553907411761,0.879145251554362));
#5236=DIRECTION('',(0.,-0.879145251554362,-0.476553907411761));
#5237=DIRECTION('',(0.,-1.22464679914735E-16,-1.));
#5238=DIRECTION('',(-1.,-1.22464679914735E-16,1.49975978266186E-32));
#5239=DIRECTION('',(-4.19217867424682E-17,1.44903190423279E-16,-1.));
#5240=DIRECTION('',(0.,1.,1.44903190423279E-16));
#5241=DIRECTION('',(0.,-1.22464679914735E-16,-1.));
#5242=DIRECTION('',(0.960606524869549,0.27791204431987,0.));
#5243=DIRECTION('',(-0.27791204431987,0.960606524869549,0.));
#5244=DIRECTION('',(-0.27791204431987,0.960606524869549,0.));
#5245=DIRECTION('',(0.,0.,-1.));
#5246=DIRECTION('',(-0.27791204431987,0.960606524869549,0.));
#5247=DIRECTION('',(0.,0.,-1.));
#5248=DIRECTION('',(-0.27791204431987,0.960606524869549,0.));
#5249=DIRECTION('',(0.,0.,-1.));
#5250=DIRECTION('',(-0.27791204431987,0.960606524869549,0.));
#5251=DIRECTION('',(0.,0.,-1.));
#5252=DIRECTION('',(0.,-1.22464679914735E-16,-1.));
#5253=DIRECTION('',(-1.,-1.22464679914735E-16,1.49975978266186E-32));
#5254=DIRECTION('',(0.,0.,-1.));
#5255=DIRECTION('',(-1.,0.,0.));
#5256=DIRECTION('',(0.,-1.22464679914735E-16,-1.));
#5257=DIRECTION('',(0.,-1.22464679914735E-16,-1.));
#5258=DIRECTION('',(2.19793241950665E-16,0.,-1.));
#5259=DIRECTION('',(-1.,0.,-2.19793241950665E-16));
#5260=DIRECTION('',(0.,-1.22464679914735E-16,-1.));
#5261=DIRECTION('',(0.,0.,-1.));
#5262=DIRECTION('',(-1.,0.,0.));
#5263=DIRECTION('',(0.,-1.22464679914735E-16,-1.));
#5264=DIRECTION('',(0.,0.,-1.));
#5265=DIRECTION('',(-1.,0.,0.));
#5266=DIRECTION('',(0.,-1.22464679914735E-16,-1.));
#5267=DIRECTION('',(3.46944695195361E-17,0.228765168726251,0.973481637000745));
#5268=DIRECTION('',(1.,-7.93688617350448E-18,-3.37744289827505E-17));
#5269=DIRECTION('',(3.46944695195361E-17,0.228765168726251,0.973481637000745));
#5270=DIRECTION('',(0.,-0.973481637000745,0.228765168726251));
#5271=DIRECTION('',(3.46944695195361E-17,0.228765168726251,0.973481637000745));
#5272=DIRECTION('',(1.47637986896363E-16,0.973481637000745,-0.228765168726251));
#5273=DIRECTION('',(0.,0.973481637000745,-0.228765168726251));
#5274=DIRECTION('',(3.46944695195361E-17,0.228765168726251,0.973481637000745));
#5275=DIRECTION('',(1.47637986896363E-16,0.973481637000745,-0.228765168726251));
#5276=DIRECTION('',(3.46944695195361E-17,0.228765168726251,0.973481637000745));
#5277=DIRECTION('',(-1.47637986896363E-16,-0.973481637000745,0.228765168726251));
#5278=DIRECTION('',(0.271090698659382,0.937028456614568,-0.220198784272052));
#5279=DIRECTION('',(0.92869915721324,0.361000115410654,-0.0848339086976032));
#5280=DIRECTION('',(-0.331971204179602,0.918275026638967,-0.215791786328278));
#5281=DIRECTION('',(0.92869915721324,0.361000115410654,-0.0848339086976032));
#5282=DIRECTION('',(-0.271090698659382,-0.937028456614568,0.220198784272052));
#5283=DIRECTION('',(3.46944695195361E-17,0.228765168726251,0.973481637000745));
#5284=DIRECTION('',(-1.47637986896363E-16,-0.973481637000745,0.228765168726251));
#5285=DIRECTION('',(3.46944695195361E-17,0.228765168726251,0.973481637000745));
#5286=DIRECTION('',(1.,-7.93688617350448E-18,-3.37744289827505E-17));
#5287=DIRECTION('',(0.,0.973481637000745,-0.228765168726251));
#5288=DIRECTION('',(3.46944695195361E-17,0.228765168726251,0.973481637000745));
#5289=DIRECTION('',(-1.47637986896363E-16,-0.973481637000745,0.228765168726251));
#5290=DIRECTION('',(0.271090698659382,-0.937028456614568,0.220198784272052));
#5291=DIRECTION('',(-0.92869915721324,0.361000115410654,-0.0848339086976031));
#5292=DIRECTION('',(0.331971204179602,0.918275026638967,-0.215791786328278));
#5293=DIRECTION('',(-0.92869915721324,0.361000115410654,-0.0848339086976031));
#5294=DIRECTION('',(-0.271090698659382,0.937028456614568,-0.220198784272052));
#5295=DIRECTION('',(3.46944695195361E-17,0.228765168726251,0.973481637000745));
#5296=DIRECTION('',(-1.47637986896363E-16,-0.973481637000745,0.228765168726251));
#5297=DIRECTION('',(3.46944695195361E-17,0.228765168726251,0.973481637000745));
#5298=DIRECTION('',(1.47637986896363E-16,0.973481637000745,-0.228765168726251));
#5299=DIRECTION('',(3.46944695195361E-17,0.228765168726251,0.973481637000745));
#5300=DIRECTION('',(0.,-0.973481637000745,0.228765168726251));
#5301=DIRECTION('',(0.,-0.476553907411761,0.879145251554362));
#5302=DIRECTION('',(0.,-0.879145251554362,-0.476553907411761));
#5303=DIRECTION('',(0.,-0.476553907411761,0.879145251554362));
#5304=DIRECTION('',(-2.26870979524366E-16,0.879145251554362,0.476553907411761));
#5305=DIRECTION('',(-1.,0.,0.));
#5306=DIRECTION('',(0.914587985721938,-0.355514878886669,-0.192712187635566));
#5307=DIRECTION('',(-0.302894986287779,-0.837846470116552,-0.454167281731038));
#5308=DIRECTION('',(0.932104534254108,-0.318417061742907,-0.172602757839922));
#5309=DIRECTION('',(0.,-0.476553907411761,0.879145251554362));
#5310=DIRECTION('',(0.,-0.879145251554362,-0.476553907411761));
#5311=DIRECTION('',(0.932104534254108,0.318417061742907,0.172602757839922));
#5312=DIRECTION('',(0.302894986287779,-0.837846470116552,-0.454167281731038));
#5313=DIRECTION('',(0.914587985721938,0.355514878886669,0.192712187635566));
#5314=DIRECTION('',(-1.,0.,0.));
#5315=DIRECTION('',(0.,-0.476553907411761,0.879145251554362));
#5316=DIRECTION('',(0.,-0.879145251554362,-0.476553907411761));
#5317=DIRECTION('',(-0.362306190701075,0.932059131267795,0.));
#5318=DIRECTION('',(-0.932059131267795,-0.362306190701075,0.));
#5319=DIRECTION('',(0.92869915721324,0.361000115410654,-0.0848339086976032));
#5320=DIRECTION('',(0.,0.,-1.));
#5321=DIRECTION('',(0.,0.,1.));
#5322=DIRECTION('',(-0.362306190701075,-0.932059131267795,0.));
#5323=DIRECTION('',(0.932059131267795,-0.362306190701075,0.));
#5324=DIRECTION('',(0.,0.,-1.));
#5325=DIRECTION('',(-0.92869915721324,0.361000115410654,-0.0848339086976031));
#5326=DIRECTION('',(0.,0.,-1.));
#5327=DIRECTION('',(3.46944695195361E-17,0.228765168726251,0.973481637000745));
#5328=DIRECTION('',(1.,-7.93688617350448E-18,-3.37744289827505E-17));
#5329=DIRECTION('',(3.46944695195361E-17,0.228765168726251,0.973481637000745));
#5330=DIRECTION('',(-6.20245999613744E-16,-0.973481637000745,0.228765168726251));
#5331=DIRECTION('',(-1.,0.,3.56395726440493E-17));
#5332=DIRECTION('',(3.46944695195361E-17,0.228765168726251,0.973481637000745));
#5333=DIRECTION('',(1.47637986896362E-16,0.973481637000745,-0.228765168726251));
#5334=DIRECTION('',(-1.,0.,3.56395726440493E-17));
#5335=DIRECTION('',(0.331971204179602,-0.918275026638967,0.215791786328278));
#5336=DIRECTION('',(-1.,4.58645194768228E-17,2.48615526610635E-17));
#5337=DIRECTION('',(3.46944695195361E-17,0.228765168726251,0.973481637000745));
#5338=DIRECTION('',(1.47637986896362E-16,0.973481637000745,-0.228765168726251));
#5339=DIRECTION('',(-1.,4.58645194768228E-17,2.48615526610635E-17));
#5340=DIRECTION('',(-0.331971204179602,-0.918275026638967,0.215791786328278));
#5341=DIRECTION('',(0.,0.,-1.));
#5342=DIRECTION('',(-1.,0.,0.));
#5343=DIRECTION('',(0.,0.,-1.));
#5344=DIRECTION('',(0.,0.,-1.));
#5345=DIRECTION('',(0.,-0.476553907411761,0.879145251554362));
#5346=DIRECTION('',(0.,-0.879145251554362,-0.476553907411761));
#5347=DIRECTION('',(-1.,7.73371893045272E-17,4.19217867424682E-17));
#5348=DIRECTION('',(0.,-0.476553907411761,0.879145251554362));
#5349=DIRECTION('',(0.,-0.879145251554362,-0.476553907411761));
#5350=DIRECTION('',(0.246496437600506,0.852018079661243,0.461849215849315));
#5351=DIRECTION('',(0.,-0.476553907411761,0.879145251554362));
#5352=DIRECTION('',(0.,-0.879145251554362,-0.476553907411761));
#5353=DIRECTION('',(0.914587985721938,0.355514878886669,0.192712187635566));
#5354=DIRECTION('',(-0.302894986287779,0.837846470116552,0.454167281731038));
#5355=DIRECTION('',(-1.,0.,0.));
#5356=DIRECTION('',(0.932104534254108,0.318417061742907,0.172602757839922));
#5357=DIRECTION('',(-0.362306190701075,0.932059131267795,0.));
#5358=DIRECTION('',(-0.932059131267795,-0.362306190701075,0.));
#5359=DIRECTION('',(0.,0.,-1.));
#5360=DIRECTION('',(0.,0.,-1.));
#5361=DIRECTION('',(0.914587985721938,0.355514878886669,0.192712187635566));
#5362=DIRECTION('',(-0.362306190701075,0.932059131267795,0.));
#5363=DIRECTION('',(-0.932059131267795,-0.362306190701075,0.));
#5364=DIRECTION('',(0.,0.,-1.));
#5365=DIRECTION('',(0.,0.,-1.));
#5366=DIRECTION('',(-3.99194227282071E-17,-1.55173137609519E-17,1.));
#5367=DIRECTION('',(-0.32326883667711,0.946307169598449,-1.15889204625893E-16));
#5368=DIRECTION('',(0.946307169598449,0.32326883667711,-3.95890146100711E-17));
#5369=DIRECTION('',(0.946307169598449,0.32326883667711,0.));
#5370=DIRECTION('',(-3.94063537400108E-17,1.0900304024796E-16,1.));
#5371=DIRECTION('',(0.,-1.22464679914735E-16,-1.));
#5372=DIRECTION('',(-0.946307169598449,-0.32326883667711,0.));
#5373=DIRECTION('',(3.46944695195361E-17,0.228765168726251,0.973481637000745));
#5374=DIRECTION('',(1.,-7.93688617350448E-18,-3.37744289827505E-17));
#5375=DIRECTION('',(9.9211077168806E-17,0.973481637000745,-0.228765168726251));
#5376=DIRECTION('',(3.46944695195361E-17,0.228765168726251,0.973481637000745));
#5377=DIRECTION('',(1.47637986896363E-16,0.973481637000745,-0.228765168726251));
#5378=DIRECTION('',(-1.,0.,3.56395726440493E-17));
#5379=DIRECTION('',(3.46944695195361E-17,0.228765168726251,0.973481637000745));
#5380=DIRECTION('',(1.47637986896363E-16,0.973481637000745,-0.228765168726251));
#5381=DIRECTION('',(0.,-0.973481637000745,0.228765168726251));
#5382=DIRECTION('',(3.46944695195361E-17,0.228765168726251,0.973481637000745));
#5383=DIRECTION('',(1.47637986896363E-16,0.973481637000745,-0.228765168726251));
#5384=DIRECTION('',(0.,-0.476553907411761,0.879145251554362));
#5385=DIRECTION('',(0.,-0.879145251554362,-0.476553907411761));
#5386=DIRECTION('',(-0.924857587287963,-0.334350905817825,-0.181239937692246));
#5387=DIRECTION('',(-0.302894986287779,0.837846470116552,0.454167281731038));
#5388=DIRECTION('',(0.246496437600506,0.852018079661243,0.461849215849315));
#5389=DIRECTION('',(0.,-0.476553907411761,0.879145251554362));
#5390=DIRECTION('',(0.,-0.879145251554362,-0.476553907411761));
#5391=DIRECTION('',(0.932104534254108,0.318417061742907,0.172602757839922));
#5392=DIRECTION('',(0.,-0.476553907411761,0.879145251554362));
#5393=DIRECTION('',(0.,-0.879145251554362,-0.476553907411761));
#5394=DIRECTION('',(0.932104534254108,-0.318417061742907,-0.172602757839922));
#5395=DIRECTION('',(0.,0.476553907411761,-0.879145251554362));
#5396=DIRECTION('',(0.,-0.879145251554362,-0.476553907411761));
#5397=DIRECTION('',(-0.246496437600506,0.852018079661243,0.461849215849315));
#5398=DIRECTION('',(0.914587985721938,-0.355514878886669,-0.192712187635566));
#5399=DIRECTION('',(0.302894986287779,0.837846470116552,0.454167281731038));
#5400=DIRECTION('',(0.924857587287963,-0.334350905817825,-0.181239937692246));
#5401=DIRECTION('',(-0.302894986287779,-0.837846470116552,-0.454167281731038));
#5402=DIRECTION('',(0.,-0.476553907411761,0.879145251554362));
#5403=DIRECTION('',(0.,-0.879145251554362,-0.476553907411761));
#5404=DIRECTION('',(0.302894986287779,-0.837846470116552,-0.454167281731038));
#5405=DIRECTION('',(3.46944695195361E-17,0.228765168726251,0.973481637000745));
#5406=DIRECTION('',(0.,-0.973481637000745,0.228765168726251));
#5407=DIRECTION('',(0.960606524869549,0.27791204431987,0.));
#5408=DIRECTION('',(-0.27791204431987,0.960606524869549,0.));
#5409=DIRECTION('',(0.,-1.22464679914735E-16,-1.));
#5410=DIRECTION('',(-0.27791204431987,0.960606524869549,0.));
#5411=DIRECTION('',(0.,0.,-1.));
#5412=DIRECTION('',(-0.27791204431987,0.960606524869549,1.50845519650157E-16));
#5413=DIRECTION('',(0.,0.,-1.));
#5414=DIRECTION('',(0.960606524869549,0.27791204431987,0.));
#5415=DIRECTION('',(-0.27791204431987,0.960606524869549,0.));
#5416=DIRECTION('',(0.,1.22464679914735E-16,1.));
#5417=DIRECTION('',(-0.27791204431987,0.960606524869549,0.));
#5418=DIRECTION('',(0.,0.,-1.));
#5419=DIRECTION('',(-0.27791204431987,0.960606524869549,0.));
#5420=DIRECTION('',(0.27791204431987,-0.960606524869549,0.));
#5421=DIRECTION('',(0.,-1.22464679914735E-16,-1.));
#5422=DIRECTION('',(0.,0.,1.));
#5423=DIRECTION('',(0.,-1.22464679914735E-16,-1.));
#5424=DIRECTION('',(0.27791204431987,-0.960606524869549,0.));
#5425=DIRECTION('',(0.126492678197434,0.,0.991967540982285));
#5426=DIRECTION('',(0.991967540982285,0.,-0.126492678197434));
#5427=DIRECTION('',(0.126492678197434,0.,0.991967540982285));
#5428=DIRECTION('',(-0.991967540982285,9.68156273231783E-16,0.126492678197434));
#5429=DIRECTION('',(0.126492678197434,0.,0.991967540982285));
#5430=DIRECTION('',(0.991967540982285,0.,-0.126492678197434));
#5431=DIRECTION('',(0.,1.,0.));
#5432=DIRECTION('',(0.103134549406301,0.,0.994667414123314));
#5433=DIRECTION('',(0.994667414123313,0.,-0.103134549406301));
#5434=DIRECTION('',(0.103134549406301,0.,0.994667414123314));
#5435=DIRECTION('',(-0.994667414123313,1.18742633404334E-15,0.103134549406301));
#5436=DIRECTION('',(0.103134549406301,0.,0.994667414123314));
#5437=DIRECTION('',(0.994667414123313,0.,-0.103134549406301));
#5438=DIRECTION('',(0.,1.,0.));
#5439=DIRECTION('',(0.10839128651603,0.,0.994108308489271));
#5440=DIRECTION('',(0.994108308489271,0.,-0.10839128651603));
#5441=DIRECTION('',(0.10839128651603,0.,0.994108308489271));
#5442=DIRECTION('',(-0.994108308489271,1.12983878917817E-15,0.10839128651603));
#5443=DIRECTION('',(0.10839128651603,0.,0.994108308489271));
#5444=DIRECTION('',(0.994108308489271,0.,-0.10839128651603));
#5445=DIRECTION('',(0.,1.,0.));
#5446=DIRECTION('',(0.0561977411722919,0.,0.998419658203469));
#5447=DIRECTION('',(0.998419658203469,0.,-0.0561977411722919));
#5448=DIRECTION('',(0.0561977411722919,0.,0.998419658203469));
#5449=DIRECTION('',(-0.998419658203469,2.1791744180479E-15,0.0561977411722919));
#5450=DIRECTION('',(0.0561977411722919,0.,0.998419658203469));
#5451=DIRECTION('',(0.998419658203469,0.,-0.0561977411722919));
#5452=DIRECTION('',(0.,1.,0.));
#5453=DIRECTION('',(0.,1.,0.));
#5454=DIRECTION('',(0.,0.,1.));
#5455=DIRECTION('',(0.,1.,0.));
#5456=DIRECTION('',(0.0448666993534274,0.,0.998992982602545));
#5457=DIRECTION('',(0.998992982602545,0.,-0.0448666993534274));
#5458=DIRECTION('',(0.0448666993534274,0.,0.998992982602545));
#5459=DIRECTION('',(-0.998992982602545,2.7295228238219E-15,0.0448666993534274));
#5460=DIRECTION('',(0.0448666993534274,0.,0.998992982602545));
#5461=DIRECTION('',(0.998992982602545,0.,-0.0448666993534274));
#5462=DIRECTION('',(0.,1.,0.));
#5463=DIRECTION('',(0.0253379982010996,0.,0.999678941384263));
#5464=DIRECTION('',(0.999678941384263,0.,-0.0253379982010996));
#5465=DIRECTION('',(0.0253379982010996,0.,0.999678941384263));
#5466=DIRECTION('',(-0.999678941384263,4.83324211102914E-15,0.0253379982010996));
#5467=DIRECTION('',(0.0253379982010996,0.,0.999678941384263));
#5468=DIRECTION('',(0.999678941384263,0.,-0.0253379982010996));
#5469=DIRECTION('',(0.,1.,0.));
#5470=DIRECTION('',(0.,1.,0.));
#5471=DIRECTION('',(0.,0.,1.));
#5472=DIRECTION('',(0.960606524869549,-0.27791204431987,0.));
#5473=DIRECTION('',(0.27791204431987,0.960606524869549,0.));
#5474=DIRECTION('',(0.,1.22464679914735E-16,1.));
#5475=DIRECTION('',(1.,1.22464679914735E-16,-1.49975978266186E-32));
#5476=DIRECTION('',(0.,1.22464679914735E-16,1.));
#5477=DIRECTION('',(3.46944695195361E-17,0.228765168726251,0.973481637000745));
#5478=DIRECTION('',(0.,-0.973481637000745,0.228765168726251));
#5479=DIRECTION('',(0.,0.,-1.));
#5480=DIRECTION('',(-1.,0.,0.));
#5481=DIRECTION('',(0.,1.22464679914735E-16,1.));
#5482=DIRECTION('',(1.,1.22464679914735E-16,-1.49975978266186E-32));
#5483=DIRECTION('',(0.,-1.22464679914735E-16,-1.));
#5484=DIRECTION('',(0.,1.22464679914735E-16,1.));
#5485=DIRECTION('',(1.,1.22464679914735E-16,-1.49975978266186E-32));
#5486=DIRECTION('',(0.,-1.22464679914735E-16,-1.));
#5487=DIRECTION('',(0.,1.22464679914735E-16,1.));
#5488=DIRECTION('',(1.,1.22464679914735E-16,-1.49975978266186E-32));
#5489=DIRECTION('',(0.,1.22464679914735E-16,1.));
#5490=DIRECTION('',(0.,-1.22464679914735E-16,-1.));
#5491=DIRECTION('',(0.960606524869549,-0.27791204431987,3.40344095520825E-17));
#5492=DIRECTION('',(-0.27791204431987,-0.960606524869549,1.17640370592155E-16));
#5493=DIRECTION('',(0.,0.,-1.));
#5494=DIRECTION('',(-1.,0.,0.));
#5495=DIRECTION('',(0.,0.,-1.));
#5496=DIRECTION('',(0.126492678197434,0.,-0.991967540982285));
#5497=DIRECTION('',(-0.991967540982285,0.,-0.126492678197434));
#5498=DIRECTION('',(0.126492678197434,0.,-0.991967540982285));
#5499=DIRECTION('',(0.991967540982285,9.68156273231783E-16,0.126492678197434));
#5500=DIRECTION('',(0.,1.,0.));
#5501=DIRECTION('',(0.126492678197434,0.,-0.991967540982285));
#5502=DIRECTION('',(-0.991967540982285,0.,-0.126492678197434));
#5503=DIRECTION('',(0.103134549406301,0.,-0.994667414123314));
#5504=DIRECTION('',(-0.994667414123313,0.,-0.103134549406301));
#5505=DIRECTION('',(0.103134549406301,0.,-0.994667414123314));
#5506=DIRECTION('',(0.994667414123313,1.18742633404334E-15,0.103134549406301));
#5507=DIRECTION('',(0.,1.,0.));
#5508=DIRECTION('',(0.103134549406301,0.,-0.994667414123314));
#5509=DIRECTION('',(-0.994667414123313,0.,-0.103134549406301));
#5510=DIRECTION('',(0.10839128651603,0.,-0.994108308489271));
#5511=DIRECTION('',(-0.994108308489271,0.,-0.10839128651603));
#5512=DIRECTION('',(0.10839128651603,0.,-0.994108308489271));
#5513=DIRECTION('',(0.994108308489271,1.12983878917817E-15,0.10839128651603));
#5514=DIRECTION('',(0.,1.,0.));
#5515=DIRECTION('',(0.10839128651603,0.,-0.994108308489271));
#5516=DIRECTION('',(-0.994108308489271,0.,-0.10839128651603));
#5517=DIRECTION('',(0.0561977411722919,0.,-0.998419658203469));
#5518=DIRECTION('',(-0.998419658203469,0.,-0.0561977411722919));
#5519=DIRECTION('',(0.0561977411722919,0.,-0.998419658203469));
#5520=DIRECTION('',(0.998419658203469,2.1791744180479E-15,0.0561977411722919));
#5521=DIRECTION('',(0.,1.,0.));
#5522=DIRECTION('',(0.0561977411722919,0.,-0.998419658203469));
#5523=DIRECTION('',(-0.998419658203469,0.,-0.0561977411722919));
#5524=DIRECTION('',(0.,1.,0.));
#5525=DIRECTION('',(0.,0.,1.));
#5526=DIRECTION('',(0.,1.,0.));
#5527=DIRECTION('',(0.0448666993534274,0.,-0.998992982602545));
#5528=DIRECTION('',(-0.998992982602545,0.,-0.0448666993534274));
#5529=DIRECTION('',(0.0448666993534274,0.,-0.998992982602545));
#5530=DIRECTION('',(0.998992982602545,2.7295228238219E-15,0.0448666993534274));
#5531=DIRECTION('',(0.,1.,0.));
#5532=DIRECTION('',(0.0448666993534274,0.,-0.998992982602545));
#5533=DIRECTION('',(-0.998992982602545,0.,-0.0448666993534274));
#5534=DIRECTION('',(0.,1.22464679914735E-16,1.));
#5535=DIRECTION('',(1.,1.22464679914735E-16,-1.49975978266186E-32));
#5536=DIRECTION('',(0.,1.22464679914735E-16,1.));
#5537=DIRECTION('',(0.,1.22464679914735E-16,1.));
#5538=DIRECTION('',(0.960606524869549,0.27791204431987,-3.40344095520825E-17));
#5539=DIRECTION('',(0.27791204431987,-0.960606524869549,1.17640370592155E-16));
#5540=DIRECTION('',(3.99194227282071E-17,-1.55173137609519E-17,1.));
#5541=DIRECTION('',(-0.362306190701075,-0.932059131267795,0.));
#5542=DIRECTION('',(0.932059131267795,-0.362306190701075,0.));
#5543=DIRECTION('',(0.,0.,1.));
#5544=DIRECTION('',(0.,0.,-1.));
#5545=DIRECTION('',(0.0253379982010996,0.,-0.999678941384263));
#5546=DIRECTION('',(-0.999678941384263,0.,-0.0253379982010996));
#5547=DIRECTION('',(0.0253379982010996,0.,-0.999678941384263));
#5548=DIRECTION('',(0.999678941384263,4.83324211102914E-15,0.0253379982010996));
#5549=DIRECTION('',(0.,1.,0.));
#5550=DIRECTION('',(0.0253379982010996,0.,-0.999678941384263));
#5551=DIRECTION('',(-0.999678941384263,0.,-0.0253379982010996));
#5552=DIRECTION('',(0.,-1.22464679914735E-16,-1.));
#5553=DIRECTION('',(-1.,-1.22464679914735E-16,1.49975978266186E-32));
#5554=DIRECTION('',(0.,0.,-1.));
#5555=DIRECTION('',(-1.,0.,0.));
#5556=DIRECTION('',(0.,-1.22464679914735E-16,-1.));
#5557=DIRECTION('',(0.,-1.22464679914735E-16,-1.));
#5558=DIRECTION('',(2.19793241950665E-16,0.,-1.));
#5559=DIRECTION('',(-1.,0.,-2.19793241950665E-16));
#5560=DIRECTION('',(0.,-1.22464679914735E-16,-1.));
#5561=DIRECTION('',(0.,-1.22464679914735E-16,-1.));
#5562=DIRECTION('',(0.,0.,-1.));
#5563=DIRECTION('',(-1.,0.,0.));
#5564=DIRECTION('',(0.,-1.22464679914735E-16,-1.));
#5565=DIRECTION('',(0.,-1.22464679914735E-16,-1.));
#5566=DIRECTION('',(2.02168355879665E-16,0.,-1.));
#5567=DIRECTION('',(-1.,0.,-2.02168355879665E-16));
#5568=DIRECTION('',(0.,-1.22464679914735E-16,-1.));
#5569=DIRECTION('',(0.,0.,1.));
#5570=DIRECTION('',(1.,0.,0.));
#5571=DIRECTION('',(0.,-1.22464679914735E-16,-1.));
#5572=DIRECTION('',(0.,0.,1.));
#5573=DIRECTION('',(1.,0.,0.));
#5574=DIRECTION('',(0.,-1.22464679914735E-16,-1.));
#5575=DIRECTION('',(0.,0.,1.));
#5576=DIRECTION('',(1.,0.,0.));
#5577=DIRECTION('',(0.,-1.22464679914735E-16,-1.));
#5578=DIRECTION('',(0.,-1.22464679914735E-16,-1.));
#5579=DIRECTION('',(-1.,-1.22464679914735E-16,1.49975978266186E-32));
#5580=DIRECTION('',(0.,0.,-1.));
#5581=DIRECTION('',(-1.,0.,0.));
#5582=DIRECTION('',(0.,-1.22464679914735E-16,-1.));
#5583=DIRECTION('',(0.,-1.22464679914735E-16,-1.));
#5584=DIRECTION('',(-1.,-1.22464679914735E-16,1.49975978266186E-32));
#5585=DIRECTION('',(0.,-1.22464679914735E-16,-1.));
#5586=DIRECTION('',(0.,0.,-1.));
#5587=DIRECTION('',(-1.,0.,0.));
#5588=DIRECTION('',(0.,-1.22464679914735E-16,-1.));
#5589=DIRECTION('',(0.,0.,-1.));
#5590=DIRECTION('',(-1.,0.,0.));
#5591=DIRECTION('',(2.19793241950665E-16,0.,-1.));
#5592=DIRECTION('',(-1.,0.,-2.19793241950665E-16));
#5593=DIRECTION('',(0.,-1.22464679914735E-16,-1.));
#5594=DIRECTION('',(0.,-1.22464679914735E-16,-1.));
#5595=DIRECTION('',(0.,0.,1.));
#5596=DIRECTION('',(1.,0.,0.));
#5597=DIRECTION('',(0.,-1.22464679914735E-16,-1.));
#5598=DIRECTION('',(0.,-1.22464679914735E-16,-1.));
#5599=DIRECTION('',(-1.,-1.22464679914735E-16,1.49975978266186E-32));
#5600=DIRECTION('',(0.,0.,-1.));
#5601=DIRECTION('',(-1.,0.,0.));
#5602=DIRECTION('',(0.,-1.22464679914735E-16,-1.));
#5603=DIRECTION('',(0.,0.,-1.));
#5604=DIRECTION('',(-1.,0.,0.));
#5605=DIRECTION('',(0.,-1.22464679914735E-16,-1.));
#5606=DIRECTION('',(0.,-1.22464679914735E-16,-1.));
#5607=DIRECTION('',(-0.32326883667711,-0.946307169598449,1.15889204625893E-16));
#5608=DIRECTION('',(-0.946307169598449,0.32326883667711,-3.95890146100711E-17));
#5609=DIRECTION('',(-3.94063537400108E-17,-1.0900304024796E-16,-1.));
#5610=DIRECTION('',(-0.946307169598449,0.32326883667711,0.));
#5611=DIRECTION('',(0.946307169598449,-0.32326883667711,0.));
#5612=DIRECTION('',(0.,-1.22464679914735E-16,-1.));
#5613=DIRECTION('',(0.,-1.22464679914735E-16,-1.));
#5614=DIRECTION('',(-1.,-1.22464679914735E-16,1.49975978266186E-32));
#5615=DIRECTION('',(0.,0.,-1.));
#5616=DIRECTION('',(-1.,0.,0.));
#5617=DIRECTION('',(0.,-1.22464679914735E-16,-1.));
#5618=DIRECTION('',(-1.,-1.22464679914735E-16,1.49975978266186E-32));
#5619=DIRECTION('',(4.19217867424682E-17,1.44903190423279E-16,1.));
#5620=DIRECTION('',(0.,-1.,1.44903190423279E-16));
#5621=DIRECTION('',(0.,-1.22464679914735E-16,-1.));
#5622=DIRECTION('',(0.960606524869549,-0.27791204431987,0.));
#5623=DIRECTION('',(0.27791204431987,0.960606524869549,0.));
#5624=DIRECTION('',(0.27791204431987,0.960606524869549,-1.50845519650157E-16));
#5625=DIRECTION('',(0.,0.,-1.));
#5626=DIRECTION('',(0.27791204431987,0.960606524869549,-1.50845519650157E-16));
#5627=DIRECTION('',(-0.27791204431987,-0.960606524869549,0.));
#5628=DIRECTION('',(0.,-1.22464679914735E-16,-1.));
#5629=DIRECTION('',(-0.27791204431987,-0.960606524869549,0.));
#5630=DIRECTION('',(-0.27791204431987,-0.960606524869549,0.));
#5631=DIRECTION('',(0.,0.,-1.));
#5632=DIRECTION('',(-0.27791204431987,-0.960606524869549,0.));
#5633=DIRECTION('',(0.,-1.22464679914735E-16,-1.));
#5634=DIRECTION('',(-1.,-1.22464679914735E-16,1.49975978266186E-32));
#5635=DIRECTION('',(0.,0.,-1.));
#5636=DIRECTION('',(-1.,0.,0.));
#5637=DIRECTION('',(0.,-1.22464679914735E-16,-1.));
#5638=DIRECTION('',(-0.32326883667711,0.946307169598449,-1.15889204625893E-16));
#5639=DIRECTION('',(0.946307169598449,0.32326883667711,-3.95890146100711E-17));
#5640=DIRECTION('',(-0.946307169598449,-0.32326883667711,0.));
#5641=DIRECTION('',(0.,-1.22464679914735E-16,-1.));
#5642=DIRECTION('',(0.,-1.22464679914735E-16,-1.));
#5643=DIRECTION('',(-1.,-1.22464679914735E-16,1.49975978266186E-32));
#5644=DIRECTION('',(0.,0.,-1.));
#5645=DIRECTION('',(-1.,0.,0.));
#5646=DIRECTION('',(0.,-1.22464679914735E-16,-1.));
#5647=DIRECTION('',(-0.32326883667711,-0.946307169598449,1.15889204625893E-16));
#5648=DIRECTION('',(-0.946307169598449,0.32326883667711,-3.95890146100711E-17));
#5649=DIRECTION('',(0.946307169598449,-0.32326883667711,0.));
#5650=DIRECTION('',(0.,-1.22464679914735E-16,-1.));
#5651=DIRECTION('',(0.,0.,-1.));
#5652=DIRECTION('',(1.,0.,0.));
#5653=DIRECTION('',(0.,0.,-1.));
#5654=DIRECTION('',(-1.,0.,0.));
#5655=DIRECTION('',(0.,0.,-1.));
#5656=DIRECTION('',(-1.,0.,0.));
#5657=DIRECTION('',(0.,0.,-1.));
#5658=DIRECTION('',(-1.,0.,0.));
#5659=DIRECTION('',(0.,1.,0.));
#5660=DIRECTION('',(0.,0.,1.));
#5661=DIRECTION('',(0.,1.22464679914735E-16,1.));
#5662=DIRECTION('',(1.,1.22464679914735E-16,-1.49975978266186E-32));
#5663=DIRECTION('',(0.,0.,-1.));
#5664=DIRECTION('',(-1.,0.,0.));
#5665=DIRECTION('',(-0.362306190701075,-0.932059131267795,0.));
#5666=DIRECTION('',(0.932059131267795,-0.362306190701075,0.));
#5667=DIRECTION('',(0.,0.,1.));
#5668=DIRECTION('',(0.,0.,-1.));
#5669=DIRECTION('',(1.,0.,0.));
#5670=DIRECTION('',(0.,0.,-1.));
#5671=DIRECTION('',(-1.,0.,0.));
#5672=DIRECTION('',(0.,0.,-1.));
#5673=DIRECTION('',(-1.,0.,0.));
#5674=DIRECTION('',(0.,0.,-1.));
#5675=DIRECTION('',(-1.,0.,0.));
#5676=DIRECTION('',(0.,0.,-1.));
#5677=DIRECTION('',(-1.,0.,0.));
#5678=DIRECTION('',(0.,0.,-1.));
#5679=DIRECTION('',(-1.,0.,0.));
#5680=DIRECTION('',(0.,-1.22464679914735E-16,-1.));
#5681=DIRECTION('',(-1.,-1.22464679914735E-16,1.49975978266186E-32));
#5682=DIRECTION('',(0.,0.,-1.));
#5683=DIRECTION('',(-1.,0.,0.));
#5684=DIRECTION('',(0.,-1.22464679914735E-16,-1.));
#5685=DIRECTION('',(-1.,-1.22464679914735E-16,1.49975978266186E-32));
#5686=DIRECTION('',(0.,-1.22464679914735E-16,-1.));
#5687=DIRECTION('',(-1.,-1.22464679914735E-16,1.49975978266186E-32));
#5688=DIRECTION('',(3.46944695195361E-17,0.228765168726251,0.973481637000745));
#5689=DIRECTION('',(0.,-0.973481637000745,0.228765168726251));
#5690=DIRECTION('',(3.46944695195361E-17,0.228765168726251,0.973481637000745));
#5691=DIRECTION('',(0.,-0.973481637000745,0.228765168726251));
#5692=DIRECTION('',(-1.0811625177067E-16,-6.11096416504339E-32,1.));
#5693=DIRECTION('',(1.,0.,1.0811625177067E-16));
#5694=DIRECTION('',(0.,-1.22464679914735E-16,-1.));
#5695=DIRECTION('',(0.,1.,-1.22464679914735E-16));
#5696=DIRECTION('',(0.,1.22464679914735E-16,1.));
#5697=DIRECTION('',(0.,-1.,1.22464679914735E-16));
#5698=DIRECTION('',(0.,1.22464679914735E-16,1.));
#5699=DIRECTION('',(0.,-1.,1.22464679914735E-16));
#5700=DIRECTION('',(0.,-1.22464679914735E-16,-1.));
#5701=DIRECTION('',(0.,1.,-1.22464679914735E-16));
#5702=DIRECTION('',(0.,1.22464679914735E-16,1.));
#5703=DIRECTION('',(0.,-1.,1.22464679914735E-16));
#5704=DIRECTION('',(0.,1.22464679914735E-16,1.));
#5705=DIRECTION('',(0.,-1.,1.22464679914735E-16));
#5706=DIRECTION('',(0.,-1.22464679914735E-16,-1.));
#5707=DIRECTION('',(0.,1.,-1.22464679914735E-16));
#5708=DIRECTION('',(0.,1.22464679914735E-16,1.));
#5709=DIRECTION('',(0.,-1.,1.22464679914735E-16));
#5710=DIRECTION('',(0.,1.22464679914735E-16,1.));
#5711=DIRECTION('',(0.,-1.,1.22464679914735E-16));
#5712=DIRECTION('',(0.,-1.22464679914735E-16,-1.));
#5713=DIRECTION('',(0.,1.,-1.22464679914735E-16));
#5714=DIRECTION('',(0.,1.22464679914735E-16,1.));
#5715=DIRECTION('',(0.,-1.,1.22464679914735E-16));
#5716=DIRECTION('',(0.,1.22464679914735E-16,1.));
#5717=DIRECTION('',(0.,-1.,1.22464679914735E-16));
#5718=DIRECTION('',(0.,-1.22464679914735E-16,-1.));
#5719=DIRECTION('',(0.,1.,-1.22464679914735E-16));
#5720=DIRECTION('',(0.,1.22464679914735E-16,1.));
#5721=DIRECTION('',(0.,-1.,1.22464679914735E-16));
#5722=DIRECTION('',(0.,1.22464679914735E-16,1.));
#5723=DIRECTION('',(0.,-1.,1.22464679914735E-16));
#5724=DIRECTION('',(0.,0.,1.));
#5725=DIRECTION('',(1.,0.,0.));
#5726=DIRECTION('',(0.33998136867812,0.940432171372158,0.));
#5727=DIRECTION('',(-0.940432171372158,0.33998136867812,0.));
#5728=DIRECTION('',(-0.33998136867812,-0.940432171372158,0.));
#5729=DIRECTION('',(-0.940432171372158,0.33998136867812,0.));
#5730=DIRECTION('',(-0.33998136867812,-0.940432171372158,0.));
#5731=DIRECTION('',(0.,0.,-1.));
#5732=DIRECTION('',(0.940432171372158,-0.33998136867812,0.));
#5733=DIRECTION('',(0.33998136867812,0.940432171372158,0.));
#5734=DIRECTION('',(0.,0.,-1.));
#5735=DIRECTION('',(-0.33998136867812,-0.940432171372158,0.));
#5736=DIRECTION('',(0.940432171372158,-0.33998136867812,0.));
#5737=DIRECTION('',(0.,0.,1.));
#5738=DIRECTION('',(1.,0.,0.));
#5739=DIRECTION('',(0.33998136867812,-0.940432171372158,0.));
#5740=DIRECTION('',(0.940432171372158,0.33998136867812,0.));
#5741=DIRECTION('',(-0.33998136867812,0.940432171372158,0.));
#5742=DIRECTION('',(0.940432171372158,0.33998136867812,0.));
#5743=DIRECTION('',(-0.33998136867812,0.940432171372158,0.));
#5744=DIRECTION('',(0.,0.,-1.));
#5745=DIRECTION('',(-0.33998136867812,0.940432171372158,0.));
#5746=DIRECTION('',(-0.940432171372158,-0.33998136867812,0.));
#5747=DIRECTION('',(0.,0.,-1.));
#5748=DIRECTION('',(-0.940432171372158,-0.33998136867812,0.));
#5749=DIRECTION('',(0.33998136867812,-0.940432171372158,0.));
#5750=DIRECTION('',(0.,0.,1.));
#5751=DIRECTION('',(1.,0.,0.));
#5752=DIRECTION('',(1.,0.,0.));
#5753=DIRECTION('',(0.,1.,0.));
#5754=DIRECTION('',(0.,0.,1.));
#5755=DIRECTION('',(1.,0.,0.));
#5756=DIRECTION('',(0.,0.,-1.));
#5757=DIRECTION('',(-1.,0.,-2.02168355879665E-16));
#5758=DIRECTION('',(0.,0.,1.));
#5759=DIRECTION('',(1.,0.,0.));
#5760=DIRECTION('',(0.,0.,1.));
#5761=DIRECTION('',(1.,0.,0.));
#5762=DIRECTION('',(0.,0.,-1.));
#5763=DIRECTION('',(0.,1.,0.));
#5764=DIRECTION('',(0.,0.,1.));
#5765=DIRECTION('',(0.,1.,0.));
#5766=DIRECTION('',(0.,0.,1.));
#5767=DIRECTION('',(1.,0.,0.));
#5768=DIRECTION('',(0.,0.,-1.));
#5769=DIRECTION('',(0.,1.,0.));
#5770=DIRECTION('',(0.,1.,0.));
#5771=DIRECTION('',(0.,0.,1.));
#5772=DIRECTION('',(1.,0.,0.));
#5773=DIRECTION('',(0.,1.,0.));
#5774=DIRECTION('',(1.,0.,0.));
#5775=DIRECTION('',(0.,0.,-1.));
#5776=DIRECTION('',(0.,1.,0.));
#5777=DIRECTION('',(0.,0.,1.));
#5778=DIRECTION('',(1.,0.,0.));
#5779=DIRECTION('',(0.,1.,0.));
#5780=DIRECTION('',(-1.,0.,0.));
#5781=DIRECTION('',(0.,0.,1.));
#5782=DIRECTION('',(0.,1.,0.));
#5783=DIRECTION('',(0.,0.,1.));
#5784=DIRECTION('',(1.,0.,0.));
#5785=DIRECTION('',(0.,1.,0.));
#5786=DIRECTION('',(-1.,0.,0.));
#5787=DIRECTION('',(0.,0.,1.));
#5788=DIRECTION('',(0.,1.,0.));
#5789=DIRECTION('',(2.02168355879665E-16,0.,-1.));
#5790=DIRECTION('',(-1.,0.,-2.02168355879665E-16));
#5791=DIRECTION('',(-1.,0.,0.));
#5792=DIRECTION('',(0.,0.,1.));
#5793=DIRECTION('',(0.,1.,0.));
#5794=DIRECTION('',(1.,0.,0.));
#5795=DIRECTION('',(0.,0.,-1.));
#5796=DIRECTION('',(0.,1.,0.));
#5797=DIRECTION('',(2.19793241950665E-16,0.,-1.));
#5798=DIRECTION('',(-1.,0.,-2.19793241950665E-16));
#5799=DIRECTION('',(1.,0.,4.33680868994202E-16));
#5800=DIRECTION('',(4.33680868994202E-16,0.,-1.));
#5801=DIRECTION('',(0.,1.,0.));
#5802=DIRECTION('',(1.,0.,0.));
#5803=DIRECTION('',(0.,0.,-1.));
#5804=DIRECTION('',(0.,1.,0.));
#5805=DIRECTION('',(0.,0.,-1.));
#5806=DIRECTION('',(-1.,0.,0.));
#5807=DIRECTION('',(0.,0.,-1.));
#5808=DIRECTION('',(-1.,0.,0.));
#5809=DIRECTION('',(0.960606524869549,0.27791204431987,0.));
#5810=DIRECTION('',(0.960606524869549,0.27791204431987,0.));
#5811=DIRECTION('',(0.,0.,-1.));
#5812=DIRECTION('',(-1.,0.,0.));
#5813=DIRECTION('',(0.960606524869549,0.27791204431987,0.));
#5814=DIRECTION('',(0.960606524869549,0.27791204431987,0.));
#5815=DIRECTION('',(0.27791204431987,-0.960606524869549,0.));
#5816=DIRECTION('',(0.960606524869549,0.27791204431987,0.));
#5817=DIRECTION('',(0.27791204431987,-0.960606524869549,0.));
#5818=DIRECTION('',(0.960606524869549,0.27791204431987,0.));
#5819=DIRECTION('',(0.,0.,-1.));
#5820=DIRECTION('',(-1.,0.,0.));
#5821=DIRECTION('',(-0.27791204431987,0.960606524869549,0.));
#5822=DIRECTION('',(0.960606524869549,0.27791204431987,0.));
#5823=DIRECTION('',(0.960606524869549,0.27791204431987,0.));
#5824=DIRECTION('',(0.27791204431987,-0.960606524869549,0.));
#5825=DIRECTION('',(0.960606524869549,0.27791204431987,0.));
#5826=DIRECTION('',(0.,0.,-1.));
#5827=DIRECTION('',(0.960606524869549,0.27791204431987,0.));
#5828=DIRECTION('',(0.,0.,-1.));
#5829=DIRECTION('',(-1.,0.,0.));
#5830=DIRECTION('',(-0.27791204431987,0.960606524869549,0.));
#5831=DIRECTION('',(0.960606524869549,0.27791204431987,0.));
#5832=DIRECTION('',(0.27791204431987,-0.960606524869549,0.));
#5833=DIRECTION('',(0.960606524869549,0.27791204431987,0.));
#5834=DIRECTION('',(0.,0.,-1.));
#5835=DIRECTION('',(0.960606524869549,0.27791204431987,0.));
#5836=DIRECTION('',(-0.27791204431987,0.960606524869549,0.));
#5837=DIRECTION('',(-4.19217867424682E-17,1.44903190423279E-16,-1.));
#5838=DIRECTION('',(0.,1.,1.44903190423279E-16));
#5839=DIRECTION('',(0.960606524869549,0.27791204431987,0.));
#5840=DIRECTION('',(0.,0.,-1.));
#5841=DIRECTION('',(-1.,0.,0.));
#5842=DIRECTION('',(0.960606524869549,0.27791204431987,0.));
#5843=DIRECTION('',(0.27791204431987,-0.960606524869549,0.));
#5844=DIRECTION('',(0.960606524869549,0.27791204431987,0.));
#5845=DIRECTION('',(0.960606524869549,0.27791204431987,0.));
#5846=DIRECTION('',(-0.27791204431987,0.960606524869549,0.));
#5847=DIRECTION('',(-0.27791204431987,0.960606524869549,1.50845519650157E-16));
#5848=DIRECTION('',(0.,0.,-1.));
#5849=DIRECTION('',(-0.27791204431987,0.960606524869549,0.));
#5850=DIRECTION('',(-4.19217867424682E-17,1.44903190423279E-16,-1.));
#5851=DIRECTION('',(0.,1.,1.44903190423279E-16));
#5852=DIRECTION('',(-0.27791204431987,0.960606524869549,1.50845519650157E-16));
#5853=DIRECTION('',(0.960606524869549,0.27791204431987,0.));
#5854=DIRECTION('',(0.960606524869549,0.27791204431987,0.));
#5855=DIRECTION('',(0.27791204431987,-0.960606524869549,0.));
#5856=DIRECTION('',(0.960606524869549,0.27791204431987,0.));
#5857=DIRECTION('',(0.,0.,-1.));
#5858=DIRECTION('',(0.960606524869549,0.27791204431987,0.));
#5859=DIRECTION('',(0.,0.,-1.));
#5860=DIRECTION('',(-1.,0.,0.));
#5861=DIRECTION('',(-0.27791204431987,0.960606524869549,0.));
#5862=DIRECTION('',(0.960606524869549,0.27791204431987,0.));
#5863=DIRECTION('',(0.27791204431987,-0.960606524869549,0.));
#5864=DIRECTION('',(0.960606524869549,0.27791204431987,0.));
#5865=DIRECTION('',(0.,0.,-1.));
#5866=DIRECTION('',(0.960606524869549,0.27791204431987,0.));
#5867=DIRECTION('',(-0.27791204431987,0.960606524869549,0.));
#5868=DIRECTION('',(0.,0.,-1.));
#5869=DIRECTION('',(-1.,0.,0.));
#5870=DIRECTION('',(-0.960606524869549,0.27791204431987,0.));
#5871=DIRECTION('',(-0.960606524869549,0.27791204431987,0.));
#5872=DIRECTION('',(0.27791204431987,0.960606524869549,0.));
#5873=DIRECTION('',(-0.960606524869549,0.27791204431987,0.));
#5874=DIRECTION('',(-0.960606524869549,0.27791204431987,0.));
#5875=DIRECTION('',(0.,0.,-1.));
#5876=DIRECTION('',(-1.,0.,0.));
#5877=DIRECTION('',(-0.960606524869549,0.27791204431987,0.));
#5878=DIRECTION('',(0.27791204431987,0.960606524869549,0.));
#5879=DIRECTION('',(-0.960606524869549,0.27791204431987,0.));
#5880=DIRECTION('',(0.,0.,-1.));
#5881=DIRECTION('',(-1.,0.,0.));
#5882=DIRECTION('',(-0.27791204431987,-0.960606524869549,0.));
#5883=DIRECTION('',(-0.960606524869549,0.27791204431987,0.));
#5884=DIRECTION('',(-0.960606524869549,0.27791204431987,0.));
#5885=DIRECTION('',(0.27791204431987,0.960606524869549,0.));
#5886=DIRECTION('',(-0.960606524869549,0.27791204431987,0.));
#5887=DIRECTION('',(0.,0.,-1.));
#5888=DIRECTION('',(-0.960606524869549,0.27791204431987,0.));
#5889=DIRECTION('',(0.,0.,-1.));
#5890=DIRECTION('',(-1.,0.,0.));
#5891=DIRECTION('',(-0.27791204431987,-0.960606524869549,0.));
#5892=DIRECTION('',(-0.960606524869549,0.27791204431987,0.));
#5893=DIRECTION('',(0.27791204431987,0.960606524869549,0.));
#5894=DIRECTION('',(-0.960606524869549,0.27791204431987,0.));
#5895=DIRECTION('',(0.,0.,-1.));
#5896=DIRECTION('',(-0.960606524869549,0.27791204431987,0.));
#5897=DIRECTION('',(-0.27791204431987,-0.960606524869549,0.));
#5898=DIRECTION('',(4.19217867424682E-17,1.44903190423279E-16,1.));
#5899=DIRECTION('',(0.,-1.,1.44903190423279E-16));
#5900=DIRECTION('',(-0.960606524869549,0.27791204431987,0.));
#5901=DIRECTION('',(0.27791204431987,0.960606524869549,0.));
#5902=DIRECTION('',(-0.960606524869549,0.27791204431987,0.));
#5903=DIRECTION('',(-0.960606524869549,0.27791204431987,0.));
#5904=DIRECTION('',(4.19217867424682E-17,1.44903190423279E-16,1.));
#5905=DIRECTION('',(0.,-1.,1.44903190423279E-16));
#5906=DIRECTION('',(0.27791204431987,0.960606524869549,0.));
#5907=DIRECTION('',(-0.960606524869549,0.27791204431987,0.));
#5908=DIRECTION('',(0.,0.,-1.));
#5909=DIRECTION('',(-0.960606524869549,0.27791204431987,0.));
#5910=DIRECTION('',(0.,0.,-1.));
#5911=DIRECTION('',(-0.960606524869549,0.27791204431987,0.));
#5912=DIRECTION('',(4.19217867424682E-17,1.44903190423279E-16,1.));
#5913=DIRECTION('',(0.,-1.,1.44903190423279E-16));
#5914=DIRECTION('',(0.27791204431987,0.960606524869549,-1.50845519650157E-16));
#5915=DIRECTION('',(-0.960606524869549,0.27791204431987,0.));
#5916=DIRECTION('',(0.27791204431987,0.960606524869549,-1.50845519650157E-16));
#5917=DIRECTION('',(0.27791204431987,0.960606524869549,0.));
#5918=DIRECTION('',(-0.960606524869549,0.27791204431987,0.));
#5919=DIRECTION('',(0.,0.,-1.));
#5920=DIRECTION('',(-0.960606524869549,0.27791204431987,0.));
#5921=DIRECTION('',(4.19217867424682E-17,1.44903190423279E-16,1.));
#5922=DIRECTION('',(0.,-1.,1.44903190423279E-16));
#5923=DIRECTION('',(0.27791204431987,0.960606524869549,-1.50845519650157E-16));
#5924=DIRECTION('',(0.27791204431987,0.960606524869549,-1.50845519650157E-16));
#5925=DIRECTION('',(-0.960606524869549,0.27791204431987,0.));
#5926=DIRECTION('',(-0.27791204431987,-0.960606524869549,0.));
#5927=DIRECTION('',(-0.960606524869549,0.27791204431987,0.));
#5928=DIRECTION('',(-0.27791204431987,-0.960606524869549,0.));
#5929=DIRECTION('',(0.,0.,1.));
#5930=DIRECTION('',(1.,0.,0.));
#5931=DIRECTION('',(0.,-1.22464679914735E-16,-1.));
#5932=DIRECTION('',(-1.,-1.22464679914735E-16,1.49975978266186E-32));
#5933=DIRECTION('',(0.,-1.22464679914735E-16,-1.));
#5934=DIRECTION('',(0.,-1.22464679914735E-16,-1.));
#5935=DIRECTION('',(-1.,-1.22464679914735E-16,1.49975978266186E-32));
#5936=DIRECTION('',(0.,-1.22464679914735E-16,-1.));
#5937=DIRECTION('',(0.,0.,-1.));
#5938=DIRECTION('',(-1.,0.,0.));
#5939=DIRECTION('',(0.,-1.22464679914735E-16,-1.));
#5940=DIRECTION('',(-1.,-1.22464679914735E-16,1.49975978266186E-32));
#5941=DIRECTION('',(0.,-1.22464679914735E-16,-1.));
#5942=DIRECTION('',(0.,0.,-1.));
#5943=DIRECTION('',(-1.,0.,0.));
#5944=DIRECTION('',(0.,-1.22464679914735E-16,-1.));
#5945=DIRECTION('',(0.,-1.22464679914735E-16,-1.));
#5946=DIRECTION('',(-1.,-1.22464679914735E-16,1.49975978266186E-32));
#5947=DIRECTION('',(0.,-1.22464679914735E-16,-1.));
#5948=DIRECTION('',(-1.,-1.22464679914735E-16,1.49975978266186E-32));
#5949=DIRECTION('',(0.,-1.22464679914735E-16,-1.));
#5950=DIRECTION('',(-1.,-1.22464679914735E-16,1.49975978266186E-32));
#5951=DIRECTION('',(0.,-1.22464679914735E-16,-1.));
#5952=DIRECTION('',(0.,0.,-1.));
#5953=DIRECTION('',(-1.,0.,0.));
#5954=DIRECTION('',(0.,-1.22464679914735E-16,-1.));
#5955=DIRECTION('',(0.,-1.22464679914735E-16,-1.));
#5956=DIRECTION('',(-1.,-1.22464679914735E-16,1.49975978266186E-32));
#5957=DIRECTION('',(0.,0.,-1.));
#5958=DIRECTION('',(-1.,0.,0.));
#5959=DIRECTION('',(0.,-1.22464679914735E-16,-1.));
#5960=DIRECTION('',(0.,-1.22464679914735E-16,-1.));
#5961=DIRECTION('',(-1.,-1.22464679914735E-16,1.49975978266186E-32));
#5962=DIRECTION('',(0.,-1.22464679914735E-16,-1.));
#5963=DIRECTION('',(0.,-1.22464679914735E-16,-1.));
#5964=DIRECTION('',(-1.,-1.22464679914735E-16,1.49975978266186E-32));
#5965=DIRECTION('',(0.,1.22464679914735E-16,1.));
#5966=DIRECTION('',(0.,-1.,1.22464679914735E-16));
#5967=DIRECTION('',(0.,1.22464679914735E-16,1.));
#5968=DIRECTION('',(0.,-1.,1.22464679914735E-16));
#5969=DIRECTION('',(0.,1.22464679914735E-16,1.));
#5970=DIRECTION('',(0.,-1.,1.22464679914735E-16));
#5971=DIRECTION('',(0.,1.22464679914735E-16,1.));
#5972=DIRECTION('',(0.,-1.,1.22464679914735E-16));
#5973=DIRECTION('',(0.,1.22464679914735E-16,1.));
#5974=DIRECTION('',(0.,-1.,1.22464679914735E-16));
#5975=DIRECTION('',(0.27791204431987,-0.960606524869549,1.17640370592155E-16));
#5976=DIRECTION('',(-0.946307169598449,0.32326883667711,-3.95890146100711E-17));
#5977=DIRECTION('',(0.,-1.22464679914735E-16,-1.));
#5978=DIRECTION('',(-1.,-1.22464679914735E-16,1.49975978266186E-32));
#5979=DIRECTION('',(0.946307169598449,0.32326883667711,-3.95890146100711E-17));
#5980=DIRECTION('',(0.,1.22464679914735E-16,1.));
#5981=DIRECTION('',(-1.,-1.22464679914735E-16,1.49975978266186E-32));
#5982=DIRECTION('',(-0.27791204431987,-0.960606524869549,1.17640370592155E-16));
#5983=DIRECTION('',(0.,1.22464679914735E-16,1.));
#5984=DIRECTION('',(-1.,-1.22464679914735E-16,1.49975978266186E-32));
#5985=DIRECTION('',(0.,-1.22464679914735E-16,-1.));
#5986=DIRECTION('',(-1.,-1.22464679914735E-16,1.49975978266186E-32));
#5987=DIRECTION('',(0.,0.,-1.));
#5988=DIRECTION('',(1.,0.,0.));
#5989=DIRECTION('',(0.,0.,-1.));
#5990=DIRECTION('',(-1.,0.,0.));
#5991=DIRECTION('',(0.,0.,-1.));
#5992=DIRECTION('',(-1.,0.,0.));
#5993=DIRECTION('',(0.27791204431987,-0.960606524869549,0.));
#5994=DIRECTION('',(0.,0.,-1.));
#5995=DIRECTION('',(-1.,0.,0.));
#5996=DIRECTION('',(0.,0.,-1.));
#5997=DIRECTION('',(-1.,0.,0.));
#5998=DIRECTION('',(-0.27791204431987,-0.960606524869549,0.));
#5999=DIRECTION('',(0.,0.,-1.));
#6000=DIRECTION('',(-1.,0.,0.));
#6001=DIRECTION('',(0.,0.,-1.));
#6002=DIRECTION('',(-1.,0.,0.));
#6003=DIRECTION('',(0.,0.,-1.));
#6004=DIRECTION('',(1.,0.,0.));
#6005=DIRECTION('',(0.,0.,-1.));
#6006=DIRECTION('',(-1.,0.,0.));
#6007=DIRECTION('',(0.,0.,-1.));
#6008=DIRECTION('',(-1.,0.,0.));
#6009=DIRECTION('',(0.,0.,-1.));
#6010=DIRECTION('',(-1.,0.,0.));
#6011=DIRECTION('',(0.27791204431987,-0.960606524869549,0.));
#6012=DIRECTION('',(0.,0.,-1.));
#6013=DIRECTION('',(-1.,0.,0.));
#6014=DIRECTION('',(0.946307169598449,-0.32326883667711,0.));
#6015=DIRECTION('',(0.,0.,-1.));
#6016=DIRECTION('',(-1.,0.,0.));
#6017=DIRECTION('',(-0.946307169598449,-0.32326883667711,0.));
#6018=DIRECTION('',(0.,0.,-1.));
#6019=DIRECTION('',(-1.,0.,0.));
#6020=DIRECTION('',(0.,0.,-1.));
#6021=DIRECTION('',(-1.,0.,0.));
#6022=DIRECTION('',(-0.27791204431987,-0.960606524869549,0.));
#6023=DIRECTION('',(0.,0.,-1.));
#6024=DIRECTION('',(-1.,0.,0.));
#6025=DIRECTION('',(-0.946307169598449,-0.32326883667711,0.));
#6026=DIRECTION('',(0.,0.,-1.));
#6027=DIRECTION('',(-1.,0.,0.));
#6028=DIRECTION('',(0.946307169598449,-0.32326883667711,0.));
#6029=DIRECTION('',(0.,-1.22464679914735E-16,-1.));
#6030=DIRECTION('',(-1.,-1.22464679914735E-16,1.49975978266186E-32));
#6031=DIRECTION('',(0.27791204431987,-0.960606524869549,1.17640370592155E-16));
#6032=DIRECTION('',(0.,-1.22464679914735E-16,-1.));
#6033=DIRECTION('',(-1.,-1.22464679914735E-16,1.49975978266186E-32));
#6034=DIRECTION('',(0.,1.22464679914735E-16,1.));
#6035=DIRECTION('',(-1.,-1.22464679914735E-16,1.49975978266186E-32));
#6036=DIRECTION('',(-0.27791204431987,-0.960606524869549,1.17640370592155E-16));
#6037=DIRECTION('',(0.,1.22464679914735E-16,1.));
#6038=DIRECTION('',(-1.,-1.22464679914735E-16,1.49975978266186E-32));
#6039=DIRECTION('',(0.,1.22464679914735E-16,1.));
#6040=DIRECTION('',(-1.,-1.22464679914735E-16,1.49975978266186E-32));
#6041=DIRECTION('',(0.946307169598449,0.32326883667711,-3.95890146100711E-17));
#6042=DIRECTION('',(0.,-1.22464679914735E-16,-1.));
#6043=DIRECTION('',(-1.,-1.22464679914735E-16,1.49975978266186E-32));
#6044=DIRECTION('',(-0.946307169598449,0.32326883667711,-3.95890146100711E-17));
#6045=DIRECTION('',(0.,-1.22464679914735E-16,-1.));
#6046=DIRECTION('',(-1.,-1.22464679914735E-16,1.49975978266186E-32));
#6047=DIRECTION('',(0.,-1.22464679914735E-16,-1.));
#6048=DIRECTION('',(-1.,-1.22464679914735E-16,1.49975978266186E-32));
#6049=DIRECTION('',(0.,-1.22464679914735E-16,-1.));
#6050=DIRECTION('',(0.,-1.22464679914735E-16,-1.));
#6051=DIRECTION('',(-0.32326883667711,0.946307169598449,-1.15889204625893E-16));
#6052=DIRECTION('',(0.946307169598449,0.32326883667711,-3.95890146100711E-17));
#6053=DIRECTION('',(0.,-1.22464679914735E-16,-1.));
#6054=DIRECTION('',(0.,-1.22464679914735E-16,-1.));
#6055=DIRECTION('',(-1.,-1.22464679914735E-16,1.49975978266186E-32));
#6056=DIRECTION('',(0.,-1.22464679914735E-16,-1.));
#6057=DIRECTION('',(-0.32326883667711,-0.946307169598449,1.15889204625893E-16));
#6058=DIRECTION('',(-0.946307169598449,0.32326883667711,-3.95890146100711E-17));
#6059=DIRECTION('',(0.,-1.22464679914735E-16,-1.));
#6060=DIRECTION('',(0.,-1.22464679914735E-16,-1.));
#6061=DIRECTION('',(-1.,-1.22464679914735E-16,1.49975978266186E-32));
#6062=DIRECTION('',(0.,-1.22464679914735E-16,-1.));
#6063=DIRECTION('',(-1.,-1.22464679914735E-16,1.49975978266186E-32));
#6064=DIRECTION('',(0.,-1.22464679914735E-16,-1.));
#6065=DIRECTION('',(0.,-1.22464679914735E-16,-1.));
#6066=DIRECTION('',(-1.,-1.22464679914735E-16,1.49975978266186E-32));
#6067=DIRECTION('',(0.,-1.22464679914735E-16,-1.));
#6068=DIRECTION('',(0.,-1.22464679914735E-16,-1.));
#6069=DIRECTION('',(-0.32326883667711,-0.946307169598449,1.15889204625893E-16));
#6070=DIRECTION('',(-0.946307169598449,0.32326883667711,-3.95890146100711E-17));
#6071=DIRECTION('',(0.,-1.22464679914735E-16,-1.));
#6072=DIRECTION('',(-1.,-1.22464679914735E-16,1.49975978266186E-32));
#6073=DIRECTION('',(0.,-1.22464679914735E-16,-1.));
#6074=DIRECTION('',(-0.32326883667711,0.946307169598449,-1.15889204625893E-16));
#6075=DIRECTION('',(0.946307169598449,0.32326883667711,-3.95890146100711E-17));
#6076=DIRECTION('',(0.,-1.22464679914735E-16,-1.));
#6077=DIRECTION('',(0.,-1.22464679914735E-16,-1.));
#6078=DIRECTION('',(-1.,-1.22464679914735E-16,1.49975978266186E-32));
#6079=DIRECTION('',(0.,-1.22464679914735E-16,-1.));
#6080=DIRECTION('',(0.,-1.22464679914735E-16,-1.));
#6081=DIRECTION('',(-1.,-1.22464679914735E-16,1.49975978266186E-32));
#6082=DIRECTION('',(0.,-1.22464679914735E-16,-1.));
#6083=DIRECTION('',(0.,-1.22464679914735E-16,-1.));
#6084=DIRECTION('',(-1.,-1.22464679914735E-16,1.49975978266186E-32));
#6085=DIRECTION('',(0.,-1.22464679914735E-16,-1.));
#6086=DIRECTION('',(0.,-1.22464679914735E-16,-1.));
#6087=DIRECTION('',(-1.,-1.22464679914735E-16,1.49975978266186E-32));
#6088=DIRECTION('',(0.,-1.22464679914735E-16,-1.));
#6089=DIRECTION('',(0.960606524869549,-0.27791204431987,0.));
#6090=DIRECTION('',(0.27791204431987,0.960606524869549,0.));
#6091=DIRECTION('',(0.960606524869549,0.27791204431987,0.));
#6092=DIRECTION('',(-0.27791204431987,0.960606524869549,0.));
#6093=DIRECTION('',(0.,1.22464679914735E-16,1.));
#6094=DIRECTION('',(0.,-1.,1.22464679914735E-16));
#6095=DIRECTION('',(0.,1.22464679914735E-16,1.));
#6096=DIRECTION('',(0.,-1.,1.22464679914735E-16));
#6097=DIRECTION('',(0.,1.22464679914735E-16,1.));
#6098=DIRECTION('',(0.,-1.,1.22464679914735E-16));
#6099=DIRECTION('',(0.,1.22464679914735E-16,1.));
#6100=DIRECTION('',(0.,-1.,1.22464679914735E-16));
#6101=DIRECTION('',(0.,1.22464679914735E-16,1.));
#6102=DIRECTION('',(0.,-1.,1.22464679914735E-16));
#6103=CARTESIAN_POINT('',(0.,0.,0.));
#6104=CARTESIAN_POINT('',(-0.0580084212124348,-0.054257526116951,0.00317634685216146));
#6105=CARTESIAN_POINT('',(0.0494119658184128,-0.0531357217791912,0.00291272630827927));
#6106=CARTESIAN_POINT('',(0.0494119658184128,-0.0548393146439425,0.00331306535355021));
#6107=CARTESIAN_POINT('',(-0.0494119658184127,-0.0531357217791912,0.00291272630827928));
#6108=CARTESIAN_POINT('',(-0.0494119658184127,-0.0548393146439425,0.00331306535355022));
#6109=CARTESIAN_POINT('',(-6.56427055924522E-18,-0.0965773777308304,0.0131213808691838));
#6110=CARTESIAN_POINT('',(-7.67926899174593E-18,-0.0983273777308304,0.0135326254474631));
#6111=CARTESIAN_POINT('',(-0.0348137058317661,-0.054257526116951,0.00317634685216146));
#6112=CARTESIAN_POINT('',(-0.0348137058317661,-0.0493033986479031,0.00201214224544709));
#6113=CARTESIAN_POINT('',(-0.0348137058317661,-0.0447427736985238,0.000940409511734401));
#6114=CARTESIAN_POINT('',(-5.55111512312578E-18,0.037036369267196,-0.0182774357231078));
#6115=CARTESIAN_POINT('',(-0.0365266872607155,-0.0485927773776923,0.00184514844854191));
#6116=CARTESIAN_POINT('',(-0.0264770568630898,-0.0676954320418558,0.00633421311218624));
#6117=CARTESIAN_POINT('',(-0.0464067369699478,-0.0594060208935608,0.00438622717397841));
#6118=CARTESIAN_POINT('',(-0.0528005114207741,-0.0815061838103531,0.00957969699033178));
#6119=CARTESIAN_POINT('',(-0.0603981482533541,-0.107767512400219,0.0157510278480413));
#6120=CARTESIAN_POINT('',(-0.0404547960062335,-0.10001521456839,0.0139292618751581));
#6121=CARTESIAN_POINT('',(-0.0191188484419739,-0.0917215928144889,0.0119802864576779));
#6122=CARTESIAN_POINT('',(-0.0580084212124348,-0.0917215928144889,0.0119802864576779));
#6123=CARTESIAN_POINT('',(-0.0112962970584032,-0.0917215928144889,0.0119802864576779));
#6124=CARTESIAN_POINT('',(-9.71445146547012E-18,-0.0723700171940515,0.00743272614049768));
#6125=CARTESIAN_POINT('',(0.0112962970584032,-0.0917215928144889,0.0119802864576779));
#6126=CARTESIAN_POINT('',(-0.0580084212124348,-0.0917215928144889,0.0119802864576779));
#6127=CARTESIAN_POINT('',(0.0191188484419739,-0.0917215928144889,0.0119802864576779));
#6128=CARTESIAN_POINT('',(0.0404547960062335,-0.10001521456839,0.0139292618751581));
#6129=CARTESIAN_POINT('',(0.0603981482533541,-0.107767512400219,0.0157510278480413));
#6130=CARTESIAN_POINT('',(0.0528005114207741,-0.081506183810353,0.00957969699033177));
#6131=CARTESIAN_POINT('',(0.0464067369699479,-0.0594060208935607,0.00438622717397839));
#6132=CARTESIAN_POINT('',(0.0264770568630898,-0.0676954320418559,0.00633421311218625));
#6133=CARTESIAN_POINT('',(0.039162165123006,-0.0502313398873413,0.00223020556183605));
#6134=CARTESIAN_POINT('',(0.039162165123006,-0.054257526116951,0.00317634685216145));
#6135=CARTESIAN_POINT('',(0.039162165123006,-0.0432846854832322,0.000597763298482129));
#6136=CARTESIAN_POINT('',(-6.93889390390723E-18,0.0662954615839951,-0.0251532317691963));
#6137=CARTESIAN_POINT('',(0.0456583590758944,-0.0407409717221154,-1.55463417833568E-9));
#6138=CARTESIAN_POINT('',(0.0330963210788622,-0.0646192900523198,0.00561132927492125));
#6139=CARTESIAN_POINT('',(0.0580084212124348,-0.054257526116951,0.00317634685216145));
#6140=CARTESIAN_POINT('',(0.0661385247161573,-0.0823593325451449,0.00978018429984545));
#6141=CARTESIAN_POINT('',(0.0754976853166926,-0.114709390500274,0.0173823476947401));
#6142=CARTESIAN_POINT('',(0.050750479090969,-0.105089758314556,0.0151217639339305));
#6143=CARTESIAN_POINT('',(0.0289000769011578,-0.0965961598752505,0.0131257946149331));
#6144=CARTESIAN_POINT('',(-0.1116,-0.0965961598752505,0.0131257946149331));
#6145=CARTESIAN_POINT('',(0.0100771160115313,-0.0965961598752505,0.0131257946149331));
#6146=CARTESIAN_POINT('',(-1.21430643318376E-17,-0.0704625214925643,0.00698447056031053));
#6147=CARTESIAN_POINT('',(-0.0100771160115314,-0.0965961598752505,0.0131257946149331));
#6148=CARTESIAN_POINT('',(-0.1116,-0.0965961598752505,0.0131257946149331));
#6149=CARTESIAN_POINT('',(-0.0289000769011579,-0.0965961598752505,0.0131257946149331));
#6150=CARTESIAN_POINT('',(-0.0507504790909691,-0.105089758314556,0.0151217639339305));
#6151=CARTESIAN_POINT('',(-0.0754976853166926,-0.114709390500274,0.0173823476947401));
#6152=CARTESIAN_POINT('',(-0.0661385247161573,-0.0823593325451449,0.00978018429984547));
#6153=CARTESIAN_POINT('',(-0.0580084212124348,-0.054257526116951,0.00317634685216146));
#6154=CARTESIAN_POINT('',(-0.0330963210788622,-0.0646192900523198,0.00561132927492123));
#6155=CARTESIAN_POINT('',(-0.0456583590758944,-0.0407409717221154,-1.55463417833568E-9));
#6156=CARTESIAN_POINT('',(-6.93889390390723E-18,0.0662954615839951,-0.0251532317691963));
#6157=CARTESIAN_POINT('',(-9.71445146547012E-18,-0.0723700171940515,0.01998624));
#6158=CARTESIAN_POINT('',(0.0112962970584032,-0.0917215928144889,0.01998624));
#6159=CARTESIAN_POINT('',(0.0112962970584032,-0.0917215928144889,0.01998624));
#6160=CARTESIAN_POINT('',(-0.0112962970584032,-0.0917215928144889,0.01998624));
#6161=CARTESIAN_POINT('',(-0.0112962970584032,-0.0917215928144889,0.01998624));
#6162=CARTESIAN_POINT('',(-9.71445146547012E-18,-0.0723700171940515,0.01998624));
#6163=CARTESIAN_POINT('',(-0.0399741366922393,-0.0998283746574486,0.01998624));
#6164=CARTESIAN_POINT('',(-0.0399741366922393,-0.0998283746574486,0.01998624));
#6165=CARTESIAN_POINT('',(-0.060397988328678,-0.107767450234957,0.01998624));
#6166=CARTESIAN_POINT('',(-0.0191188484419739,-0.0917215928144889,0.01998624));
#6167=CARTESIAN_POINT('',(-0.0191188484419739,-0.0917215928144889,0.01998624));
#6168=CARTESIAN_POINT('',(-0.0603981482533541,-0.107767512400219,-1.37599999999807E-5));
#6169=CARTESIAN_POINT('',(0.0399741366922393,-0.0998283746574486,0.01998624));
#6170=CARTESIAN_POINT('',(0.0191188484419739,-0.0917215928144889,0.01998624));
#6171=CARTESIAN_POINT('',(0.0191188484419739,-0.0917215928144889,0.01998624));
#6172=CARTESIAN_POINT('',(0.0399741366922393,-0.0998283746574486,0.01998624));
#6173=CARTESIAN_POINT('',(0.0603979883286781,-0.107767450234957,0.01998624));
#6174=CARTESIAN_POINT('',(0.0603981482533541,-0.107767512400219,0.01998624));
#6175=CARTESIAN_POINT('',(-5.55111512312578E-18,0.037036369267196,0.01998624));
#6176=CARTESIAN_POINT('',(-5.55111512312578E-18,0.037036369267196,0.00894070762442589));
#6177=CARTESIAN_POINT('',(0.0365266872607155,-0.0485927773776923,0.00894070762442589));
#6178=CARTESIAN_POINT('',(0.0233771167695522,-0.0530750065347339,0.00894070762442589));
#6179=CARTESIAN_POINT('',(0.0365266872607155,-0.0485927773776923,0.01998624));
#6180=CARTESIAN_POINT('',(0.0365266872607155,-0.0485927773776923,0.01998624));
#6181=CARTESIAN_POINT('',(-5.55111512312578E-18,0.037036369267196,0.01998624));
#6182=CARTESIAN_POINT('',(0.0207253939927171,-0.0537215928144889,0.01998624));
#6183=CARTESIAN_POINT('',(0.0207253939927171,-0.0537215928144889,0.01998624));
#6184=CARTESIAN_POINT('',(0.020725393992717,-0.0537215928144889,0.00305040418647185));
#6185=CARTESIAN_POINT('',(-5.55111512312578E-18,0.037036369267196,-0.0182774357231078));
#6186=CARTESIAN_POINT('',(0.0233771167695522,-0.0530750065347339,0.00289845841393528));
#6187=CARTESIAN_POINT('',(0.0233771167695522,-0.0530750065347339,0.01998624));
#6188=CARTESIAN_POINT('',(-0.0580084212124348,-0.054257526116951,0.00317634685216146));
#6189=CARTESIAN_POINT('',(-5.55111512312578E-18,0.037036369267196,-0.0182774357231078));
#6190=CARTESIAN_POINT('',(-0.0207253939927171,-0.0537215928144889,0.00305040418647185));
#6191=CARTESIAN_POINT('',(-0.0238137058317661,-0.0529606143040995,0.00287157659413775));
#6192=CARTESIAN_POINT('',(-0.0238137058317661,-0.054257526116951,0.00317634685216146));
#6193=CARTESIAN_POINT('',(-0.0238137058317661,-0.0476097236489646,0.00161413386791537));
#6194=CARTESIAN_POINT('',(-6.93889390390723E-18,0.0662954615839951,-0.0251532317691963));
#6195=CARTESIAN_POINT('',(0.0233771167695522,-0.0477001270145971,0.00163537837875797));
#6196=CARTESIAN_POINT('',(0.0233771167695522,-0.054257526116951,0.00317634685216145));
#6197=CARTESIAN_POINT('',(-0.0580084212124348,-0.0537215928144889,0.00305040418647185));
#6198=CARTESIAN_POINT('',(-0.000569829473233761,-0.0689434603677008,0.01998624));
#6199=CARTESIAN_POINT('',(-0.0453,-0.072667887,0.01998624));
#6200=CARTESIAN_POINT('',(-0.0453,-0.069917887,0.01998624));
#6201=CARTESIAN_POINT('',(-0.043617,-0.0608978869999999,0.01998624));
#6202=CARTESIAN_POINT('',(-0.043617,-0.0581478869999999,0.01998624));
#6203=CARTESIAN_POINT('',(-5.55111512312578E-18,0.037036369267196,0.01998624));
#6204=CARTESIAN_POINT('',(-0.0207253939927171,-0.0537215928144889,0.01998624));
#6205=CARTESIAN_POINT('',(-0.0365266872607155,-0.0485927773776923,0.01998624));
#6206=CARTESIAN_POINT('',(0.000950000000000055,-0.0537215928144889,0.01998624));
#6207=CARTESIAN_POINT('',(0.0264770568630898,-0.0676954320418559,0.01998624));
#6208=CARTESIAN_POINT('',(0.0464067369699479,-0.0594060208935607,0.01998624));
#6209=CARTESIAN_POINT('',(0.0534023640619028,-0.083586495138684,0.01998624));
#6210=CARTESIAN_POINT('',(0.000950000000000062,-0.0917215928144889,0.01998624));
#6211=CARTESIAN_POINT('',(0.000950000000000062,-0.0917215928144889,0.01998624));
#6212=CARTESIAN_POINT('',(-0.0534023640619028,-0.083586495138684,0.01998624));
#6213=CARTESIAN_POINT('',(-0.0464067369699478,-0.0594060208935608,0.01998624));
#6214=CARTESIAN_POINT('',(-0.0264770568630898,-0.0676954320418558,0.01998624));
#6215=CARTESIAN_POINT('',(0.0182221027859026,-0.0491035000884315,0.01998624));
#6216=CARTESIAN_POINT('',(0.0426526106894017,-0.0722434884309768,0.01998624));
#6217=CARTESIAN_POINT('',(0.03713830465174,-0.0670204706397489,0.01998624));
#6218=CARTESIAN_POINT('',(0.03713830465174,-0.0689434603677008,0.01998624));
#6219=CARTESIAN_POINT('',(0.03713830465174,-0.0606215928144889,0.01998624));
#6220=CARTESIAN_POINT('',(-0.000569829473233761,-0.0606215928144889,0.01998624));
#6221=CARTESIAN_POINT('',(-0.0337698431899519,-0.0606215928144889,0.01998624));
#6222=CARTESIAN_POINT('',(-0.0337698431899519,-0.0689434603677008,0.01998624));
#6223=CARTESIAN_POINT('',(-0.0337698431899519,-0.0848215928144889,0.01998624));
#6224=CARTESIAN_POINT('',(-0.000569829473233761,-0.0848215928144889,0.01998624));
#6225=CARTESIAN_POINT('',(0.0360129624605179,-0.0848215928144889,0.01998624));
#6226=CARTESIAN_POINT('',(0.0360129624605179,-0.0689434603677008,0.01998624));
#6227=CARTESIAN_POINT('',(0.0360129624605178,-0.0792534305334091,0.01998624));
#6228=CARTESIAN_POINT('',(0.0238606784302653,-0.092083448710246,0.01998624));
#6229=CARTESIAN_POINT('',(-0.0365841116315593,-0.0879670646337311,0.01998624));
#6230=CARTESIAN_POINT('',(-0.0365841116315593,-0.0859670646337311,0.01998624));
#6231=CARTESIAN_POINT('',(0.0384841116315595,-0.0879670646337311,0.01998624));
#6232=CARTESIAN_POINT('',(0.0384841116315595,-0.0859670646337311,0.01998624));
#6233=CARTESIAN_POINT('',(0.03845,-0.0569670646337311,0.01998624));
#6234=CARTESIAN_POINT('',(0.03845,-0.0549670646337311,0.01998624));
#6235=CARTESIAN_POINT('',(-0.03655,-0.0569670646337311,0.01998624));
#6236=CARTESIAN_POINT('',(-0.03655,-0.0549670646337311,0.01998624));
#6237=CARTESIAN_POINT('',(-0.000712286841542201,-0.066179325459626,0.02498624));
#6238=CARTESIAN_POINT('',(-0.0453,-0.072667887,0.02498624));
#6239=CARTESIAN_POINT('',(-0.0453,-0.069917887,0.02498624));
#6240=CARTESIAN_POINT('',(-0.043617,-0.0608978869999999,0.02498624));
#6241=CARTESIAN_POINT('',(-0.043617,-0.0581478869999999,0.02498624));
#6242=CARTESIAN_POINT('',(0.0499676708652992,-0.104785468321811,0.02498624));
#6243=CARTESIAN_POINT('',(0.0754974854108476,-0.114709312793696,0.02498624));
#6244=CARTESIAN_POINT('',(0.0176398684989619,-0.0922191379934406,0.02498624));
#6245=CARTESIAN_POINT('',(0.0667529550773785,-0.0844831189233549,0.02498624));
#6246=CARTESIAN_POINT('',(0.0580084212124348,-0.0542575261169509,0.02498624));
#6247=CARTESIAN_POINT('',(0.0330963210788622,-0.0646192900523198,0.02498624));
#6248=CARTESIAN_POINT('',(0.0456583590758944,-0.0407409717221154,0.02498624));
#6249=CARTESIAN_POINT('',(-6.93889390390723E-18,0.0662954615839951,0.02498624));
#6250=CARTESIAN_POINT('',(-0.0456583590758944,-0.0407409717221154,0.02498624));
#6251=CARTESIAN_POINT('',(-0.0330963210788622,-0.0646192900523198,0.02498624));
#6252=CARTESIAN_POINT('',(-0.0580084212124348,-0.054257526116951,0.02498624));
#6253=CARTESIAN_POINT('',(-0.0667529550773785,-0.0844831189233549,0.02498624));
#6254=CARTESIAN_POINT('',(-0.0754974854108475,-0.114709312793696,0.02498624));
#6255=CARTESIAN_POINT('',(-0.0499676708652992,-0.104785468321811,0.02498624));
#6256=CARTESIAN_POINT('',(-0.0176398684989619,-0.0922191379934406,0.02498624));
#6257=CARTESIAN_POINT('',(-1.21430643318376E-17,-0.0704625214925643,0.02498624));
#6258=CARTESIAN_POINT('',(-0.03655,-0.0569670646337311,0.02498624));
#6259=CARTESIAN_POINT('',(-0.03655,-0.0549670646337311,0.02498624));
#6260=CARTESIAN_POINT('',(0.03845,-0.0569670646337311,0.02498624));
#6261=CARTESIAN_POINT('',(0.03845,-0.0549670646337311,0.02498624));
#6262=CARTESIAN_POINT('',(0.0384841116315595,-0.0879670646337311,0.02498624));
#6263=CARTESIAN_POINT('',(0.0384841116315595,-0.0859670646337311,0.02498624));
#6264=CARTESIAN_POINT('',(-0.0365841116315593,-0.0879670646337311,0.02498624));
#6265=CARTESIAN_POINT('',(-0.0365841116315593,-0.0859670646337311,0.02498624));
#6266=CARTESIAN_POINT('',(-0.000712286841542201,-0.0606215928144889,0.02498624));
#6267=CARTESIAN_POINT('',(0.03713830465174,-0.0606215928144889,0.02498624));
#6268=CARTESIAN_POINT('',(-0.0337698431899519,-0.0606215928144889,0.02498624));
#6269=CARTESIAN_POINT('',(0.03713830465174,-0.066179325459626,0.02498624));
#6270=CARTESIAN_POINT('',(0.03713830465174,-0.0670204706397489,0.02498624));
#6271=CARTESIAN_POINT('',(0.016766977619937,-0.0477252405978638,0.02498624));
#6272=CARTESIAN_POINT('',(0.0426526106894017,-0.0722434884309768,0.02498624));
#6273=CARTESIAN_POINT('',(0.0251733462279224,-0.090697573292739,0.02498624));
#6274=CARTESIAN_POINT('',(0.0360129624605178,-0.0792534305334091,0.02498624));
#6275=CARTESIAN_POINT('',(0.0360129624605179,-0.066179325459626,0.02498624));
#6276=CARTESIAN_POINT('',(0.0360129624605179,-0.0848215928144889,0.02498624));
#6277=CARTESIAN_POINT('',(-0.000712286841542201,-0.0848215928144889,0.02498624));
#6278=CARTESIAN_POINT('',(-0.0337698431899519,-0.0848215928144889,0.02498624));
#6279=CARTESIAN_POINT('',(-0.0337698431899519,-0.066179325459626,0.02498624));
#6280=CARTESIAN_POINT('',(-0.0534023640619028,-0.083586495138684,-1.37599999999807E-5));
#6281=CARTESIAN_POINT('',(-0.0464067369699478,-0.0594060208935608,-1.37599999999842E-5));
#6282=CARTESIAN_POINT('',(-0.0264770568630898,-0.0676954320418558,-1.37599999999807E-5));
#6283=CARTESIAN_POINT('',(-0.0264770568630898,-0.0676954320418558,0.019958353));
#6284=CARTESIAN_POINT('',(-0.046367,-0.0593111223888402,0.019958353));
#6285=CARTESIAN_POINT('',(-0.0462087987961152,-0.0589452979494172,0.019958353));
#6286=CARTESIAN_POINT('',(-0.0462087987961152,-0.0589452979494172,0.019408353));
#6287=CARTESIAN_POINT('',(-0.0462087987961152,-0.0589452979494172,0.018858353));
#6288=CARTESIAN_POINT('',(-0.0264770568630898,-0.0676954320418558,0.018858353));
#6289=CARTESIAN_POINT('',(-0.046367,-0.0593111223888402,0.018858353));
#6290=CARTESIAN_POINT('',(-0.046367,-0.0593111223888402,-1.37599999999807E-5));
#6291=CARTESIAN_POINT('',(-0.0365266872607155,-0.0485927773776923,0.01998624));
#6292=CARTESIAN_POINT('',(0.0534023640619028,-0.0835864951386839,-1.37599999999807E-5));
#6293=CARTESIAN_POINT('',(0.0464067369699479,-0.0594060208935607,-1.37599999999842E-5));
#6294=CARTESIAN_POINT('',(0.0264770568630898,-0.0676954320418559,-1.37599999999807E-5));
#6295=CARTESIAN_POINT('',(0.039162165123006,-0.0502313398873413,-1.37599999999842E-5));
#6296=CARTESIAN_POINT('',(0.039162165123006,-0.0502313398873413,0.00894070762442589));
#6297=CARTESIAN_POINT('',(0.0264770568630898,-0.0676954320418559,0.00894070762442589));
#6298=CARTESIAN_POINT('',(-5.55111512312578E-18,0.037036369267196,0.01998624));
#6299=CARTESIAN_POINT('',(-0.0238137058317661,-0.0529606143040994,0.01998624));
#6300=CARTESIAN_POINT('',(-0.0238137058317661,-0.0529606143040994,0.00349664678471327));
#6301=CARTESIAN_POINT('',(-0.0207253939927171,-0.0537215928144889,0.01998624));
#6302=CARTESIAN_POINT('',(-0.0348137058317661,-0.049303398647903,0.01998624));
#6303=CARTESIAN_POINT('',(-0.0348137058317661,-0.049303398647903,0.00349664678471327));
#6304=CARTESIAN_POINT('',(-5.55111512312578E-18,0.037036369267196,0.00349664678471327));
#6305=CARTESIAN_POINT('',(-1.21430643318376E-17,-0.0704625214925643,0.02498624));
#6306=CARTESIAN_POINT('',(-1.21430643318376E-17,-0.0704625214925643,0.0272919263936532));
#6307=CARTESIAN_POINT('',(0.0176398684989618,-0.0922191379934406,0.0154984251636569));
#6308=CARTESIAN_POINT('',(0.0176398684989619,-0.0922191379934406,0.02498624));
#6309=CARTESIAN_POINT('',(-0.0176398684989619,-0.0922191379934406,0.02498624));
#6310=CARTESIAN_POINT('',(-0.0176398684989619,-0.0922191379934406,0.0154984251636569));
#6311=CARTESIAN_POINT('',(-1.21430643318376E-17,-0.0704625214925643,0.0272919263936532));
#6312=CARTESIAN_POINT('',(-0.0499676708652992,-0.104785468321811,0.02498624));
#6313=CARTESIAN_POINT('',(-0.0754976853166926,-0.114709390500274,-1.37599999999807E-5));
#6314=CARTESIAN_POINT('',(-0.0452794344353269,-0.102963076345736,0.0096745117730935));
#6315=CARTESIAN_POINT('',(0.0499676708652992,-0.104785468321811,0.02498624));
#6316=CARTESIAN_POINT('',(0.0754976853166926,-0.114709390500274,0.02498624));
#6317=CARTESIAN_POINT('',(0.0452794344353268,-0.102963076345736,0.0096745117730935));
#6318=CARTESIAN_POINT('',(-0.1116,-0.112142186537385,0.00469883702462703));
#6319=CARTESIAN_POINT('',(-0.1116,-0.112142186537385,0.00469883702462703));
#6320=CARTESIAN_POINT('',(-0.0667529550773785,-0.0844831189233549,-1.37599999999807E-5));
#6321=CARTESIAN_POINT('',(-0.0580084212124348,-0.054257526116951,-1.37599999999842E-5));
#6322=CARTESIAN_POINT('',(-0.0330963210788622,-0.0646192900523198,-1.37599999999807E-5));
#6323=CARTESIAN_POINT('',(-0.0456583590758944,-0.0407409717221154,0.02498624));
#6324=CARTESIAN_POINT('',(0.0667529550773785,-0.0844831189233549,-1.37599999999807E-5));
#6325=CARTESIAN_POINT('',(0.0580084212124348,-0.0542575261169509,-1.37599999999842E-5));
#6326=CARTESIAN_POINT('',(0.0330963210788622,-0.0646192900523198,-1.37599999999807E-5));
#6327=CARTESIAN_POINT('',(0.0456583590758944,-0.0407409717221154,0.02498624));
#6328=CARTESIAN_POINT('',(-6.93889390390723E-18,0.0662954615839951,0.02498624));
#6329=CARTESIAN_POINT('',(-0.0238137058317661,-0.0476097236489646,0.02498624));
#6330=CARTESIAN_POINT('',(-0.0238137058317661,-0.0476097236489646,0.00349664678471327));
#6331=CARTESIAN_POINT('',(-6.93889390390723E-18,0.0662954615839951,0.00349664678471327));
#6332=CARTESIAN_POINT('',(-0.0348137058317661,-0.0447427736985238,0.00349664678471327));
#6333=CARTESIAN_POINT('',(-0.0348137058317661,-0.0447427736985238,0.02498624));
#6334=CARTESIAN_POINT('',(0.039162165123006,-0.0432846854832322,0.02498624));
#6335=CARTESIAN_POINT('',(0.039162165123006,-0.0432846854832322,0.00894070762442589));
#6336=CARTESIAN_POINT('',(-6.93889390390723E-18,0.0662954615839951,0.00894070762442589));
#6337=CARTESIAN_POINT('',(0.0233771167695522,-0.0477001270145971,0.00894070762442589));
#6338=CARTESIAN_POINT('',(0.0233771167695522,-0.0477001270145971,0.02498624));
#6339=CARTESIAN_POINT('',(0.0494119658184128,-0.0535932521166437,0.00096576303427779));
#6340=CARTESIAN_POINT('',(0.0494119658184128,-0.0503120633760462,0.0149284523907488));
#6341=CARTESIAN_POINT('',(0.0494119658184128,-0.0520156562407975,0.0153287914360197));
#6342=CARTESIAN_POINT('',(0.0494119658184128,-0.0503120633760462,0.0149284523907488));
#6343=CARTESIAN_POINT('',(0.0494119658184128,-0.0500715154094838,0.0159520742540342));
#6344=CARTESIAN_POINT('',(-0.0494119658184127,-0.0535932521166437,0.000965763034277787));
#6345=CARTESIAN_POINT('',(-0.0494119658184127,-0.0503120633760462,0.0149284523907488));
#6346=CARTESIAN_POINT('',(-0.0494119658184127,-0.0520156562407975,0.0153287914360197));
#6347=CARTESIAN_POINT('',(-0.0494119658184127,-0.0503120633760462,0.0149284523907488));
#6348=CARTESIAN_POINT('',(-0.0494119658184127,-0.0500715154094838,0.0159520742540342));
#6349=CARTESIAN_POINT('',(-5.97795672881689E-18,-0.0965773777308304,0.00769838644581094));
#6350=CARTESIAN_POINT('',(-7.71911567735936E-18,-0.0965773777308304,0.023802893585364));
#6351=CARTESIAN_POINT('',(0.00174999999999999,-0.0965773777308304,0.023802893585364));
#6352=CARTESIAN_POINT('',(-7.71911567735936E-18,-0.0965773777308304,0.023802893585364));
#6353=CARTESIAN_POINT('',(-7.80625564189563E-18,-0.0965773777308304,0.0248543996686622));
#6354=CARTESIAN_POINT('',(-0.03655,-0.0569670646337311,0.01852694811399));
#6355=CARTESIAN_POINT('',(0.03845,-0.0569670646337311,0.01852694811399));
#6356=CARTESIAN_POINT('',(0.0384841116315595,-0.0879670646337311,0.01852694811399));
#6357=CARTESIAN_POINT('',(-0.0365841116315593,-0.0879670646337311,0.01852694811399));
#6358=CARTESIAN_POINT('',(0.00168423073089407,-0.0606215928144889,0.03138624));
#6359=CARTESIAN_POINT('',(0.03713830465174,-0.0606215928144889,0.03138624));
#6360=CARTESIAN_POINT('',(-0.0337698431899519,-0.0606215928144889,0.03138624));
#6361=CARTESIAN_POINT('',(-0.0337698431899519,-0.0727215928144889,0.03138624));
#6362=CARTESIAN_POINT('',(-0.0337698431899519,-0.0848215928144889,0.03138624));
#6363=CARTESIAN_POINT('',(0.00112155963528299,-0.0848215928144889,0.03138624));
#6364=CARTESIAN_POINT('',(0.0360129624605179,-0.0848215928144889,0.03138624));
#6365=CARTESIAN_POINT('',(0.0360129624605179,-0.082037511673949,0.03138624));
#6366=CARTESIAN_POINT('',(0.0360129624605178,-0.0792534305334091,0.03138624));
#6367=CARTESIAN_POINT('',(0.0393327865749597,-0.0757484594821929,0.03138624));
#6368=CARTESIAN_POINT('',(0.0426526106894017,-0.0722434884309768,0.03138624));
#6369=CARTESIAN_POINT('',(0.039895457670571,-0.0696319795353627,0.03138624));
#6370=CARTESIAN_POINT('',(0.03713830465174,-0.0670204706397489,0.03138624));
#6371=CARTESIAN_POINT('',(0.03713830465174,-0.0638210317271189,0.03138624));
#6372=CARTESIAN_POINT('',(0.000950000000000062,-0.0917215928144889,0.01998624));
#6373=CARTESIAN_POINT('',(0.000950000000000062,-0.0917215928144889,0.01998624));
#6374=CARTESIAN_POINT('',(0.000950000000000055,-0.0537215928144889,0.01998624));
#6375=CARTESIAN_POINT('',(0.0312696409462791,-0.0631,0.00894070762442589));
#6376=CARTESIAN_POINT('',(0.0233771167695522,-0.0631,0.00894070762442589));
#6377=CARTESIAN_POINT('',(0.039162165123006,-0.0631,0.00894070762442589));
#6378=CARTESIAN_POINT('',(0.039162165123006,-0.0631,-0.00202514444244861));
#6379=CARTESIAN_POINT('',(0.0233771167695522,-0.0631,-0.00202514444244862));
#6380=CARTESIAN_POINT('',(-0.0293137058317661,-0.0616,0.00349664678471327));
#6381=CARTESIAN_POINT('',(-0.0348137058317661,-0.0616,0.00349664678471327));
#6382=CARTESIAN_POINT('',(-0.0238137058317661,-0.0616,0.00349664678471327));
#6383=CARTESIAN_POINT('',(-0.0238137058317661,-0.0616,-0.00450335321528673));
#6384=CARTESIAN_POINT('',(-0.0348137058317661,-0.0616,-0.00450335321528673));
#6385=CARTESIAN_POINT('',(-0.046367,-0.0608978869999999,0.018858353));
#6386=CARTESIAN_POINT('',(-0.046367,-0.0608978869999999,0.018858353));
#6387=CARTESIAN_POINT('',(-0.046367,-0.0591752364260297,0.018858353));
#6388=CARTESIAN_POINT('',(-0.046367,-0.0591752364260297,0.019408353));
#6389=CARTESIAN_POINT('',(-0.046367,-0.0591752364260297,0.019958353));
#6390=CARTESIAN_POINT('',(-0.046367,-0.0608978869999999,0.019958353));
#6391=CARTESIAN_POINT('',(-0.043617,-0.0608978869999999,0.019408353));
#6392=CARTESIAN_POINT('',(-0.043617,-0.0608978869999999,0.019958353));
#6393=CARTESIAN_POINT('',(-0.043617,-0.0608978869999999,0.018858353));
#6394=CARTESIAN_POINT('',(-0.043617,-0.0608978869999999,0.018858353));
#6395=CARTESIAN_POINT('',(-0.040372,-0.0608978869999999,0.019958353));
#6396=CARTESIAN_POINT('',(-0.043617,-0.0608978869999999,0.022763353));
#6397=CARTESIAN_POINT('',(-0.0453,-0.072667887,0.022763353));
#6398=CARTESIAN_POINT('',(0.,0.,0.));
#6399=CARTESIAN_POINT('',(-0.0603125683140081,-0.00241026761467009,0.00899999532494329));
#6400=CARTESIAN_POINT('',(-0.0679711683509993,-0.0288823162979303,0.00264999532494329));
#6401=CARTESIAN_POINT('',(-0.0700106230328948,-0.0359317174111458,0.0026499953249433));
#6402=CARTESIAN_POINT('',(-0.0650947786922887,-0.0189400387655304,0.00264999532494329));
#6403=CARTESIAN_POINT('',(-0.0700106230328948,-0.0359317174111458,0.03917817));
#6404=CARTESIAN_POINT('',(-0.0700106230328948,-0.0359317174111458,0.00199999532494329));
#6405=CARTESIAN_POINT('',(-0.0679711683509993,-0.0288823162979303,0.00199999532494329));
#6406=CARTESIAN_POINT('',(-0.0647751798413208,-0.0178353412619304,0.00199999532494329));
#6407=CARTESIAN_POINT('',(-0.0647751798413208,-0.0178353412619304,0.00849999532494329));
#6408=CARTESIAN_POINT('',(-0.0647751798413208,-0.0178353412619304,0.0149999953249433));
#6409=CARTESIAN_POINT('',(-0.0679711683509993,-0.0288823162979303,0.0149999953249433));
#6410=CARTESIAN_POINT('',(-0.0698500404789863,-0.0353766617659607,0.0149999953249433));
#6411=CARTESIAN_POINT('',(-0.0670462556901253,-0.0256853438919865,0.0202533199520698));
#6412=CARTESIAN_POINT('',(-0.0700107111633504,-0.0359320201361941,0.0146988847394196));
#6413=CARTESIAN_POINT('',(-0.0700106230328948,-0.0359317174111458,0.03917817));
#6414=CARTESIAN_POINT('',(-0.0700106230328948,-0.0359317174111458,0.0143499953249433));
#6415=CARTESIAN_POINT('',(-0.0679711683509993,-0.0288823162979303,0.0143499953249433));
#6416=CARTESIAN_POINT('',(-0.0650947786922887,-0.0189400387655304,0.0143499953249433));
#6417=CARTESIAN_POINT('',(-0.0650947786922887,-0.0189400387655304,0.00849999532494329));
#6418=CARTESIAN_POINT('',(-0.0661613723340861,-0.0207800102784102,0.03917817));
#6419=CARTESIAN_POINT('',(-0.0712150368595888,-0.0355736384622651,0.03917817));
#6420=CARTESIAN_POINT('',(-0.0712150368595888,-0.0355736384622651,0.0019999953249433));
#6421=CARTESIAN_POINT('',(-0.0712150368595888,-0.0355736384622651,-4.67505670287416E-9));
#6422=CARTESIAN_POINT('',(-0.0661613723340861,-0.0207800102784102,0.00199999532494329));
#6423=CARTESIAN_POINT('',(-0.0700106230328948,-0.0359317174111458,0.03917817));
#6424=CARTESIAN_POINT('',(-0.0661613723340861,-0.0207804922277525,0.0229120685737943));
#6425=CARTESIAN_POINT('',(-0.0611077078085835,-0.0355736384622651,0.0148930905199093));
#6426=CARTESIAN_POINT('',(-0.0611077078085835,-0.0355736384622651,0.03917817));
#6427=CARTESIAN_POINT('',(-0.0611077078085835,-0.0355736384622651,-4.67505670981305E-9));
#6428=CARTESIAN_POINT('',(-0.0661613723340861,-0.0207800102784102,-4.67505670981305E-9));
#6429=CARTESIAN_POINT('',(-0.0355845178634187,0.0247207972157787,0.03917817));
#6430=CARTESIAN_POINT('',(-0.0762473009315694,-0.0323010488681803,0.03917817));
#6431=CARTESIAN_POINT('',(-0.0762473009315694,-0.0323010488681803,0.00199999532494329));
#6432=CARTESIAN_POINT('',(-0.0762473009315694,-0.0323010488681803,-4.67505670287416E-9));
#6433=CARTESIAN_POINT('',(-0.0355845178634187,0.0247207972157787,0.00199999532494329));
#6434=CARTESIAN_POINT('',(-0.0355845178634187,0.0247207972157787,-4.67505670287416E-9));
#6435=CARTESIAN_POINT('',(-0.0603125683140081,-0.00241026761467009,0.00899999532494329));
#6436=CARTESIAN_POINT('',(-0.0512644080554176,0.0288648136929378,0.0159999953249433));
#6437=CARTESIAN_POINT('',(-0.0494579797673384,0.0351087561045898,0.0159999953249433));
#6438=CARTESIAN_POINT('',(-0.0530708363434967,0.0226208712812857,0.0159999953249433));
#6439=CARTESIAN_POINT('',(-0.0530708363434967,0.0226208712812857,0.00949999532494329));
#6440=CARTESIAN_POINT('',(-0.0530708363434967,0.0226208712812857,0.0029999953249433));
#6441=CARTESIAN_POINT('',(-0.0512644080554176,0.0288648136929378,0.0029999953249433));
#6442=CARTESIAN_POINT('',(-0.0494579797673384,0.0351087561045898,0.0029999953249433));
#6443=CARTESIAN_POINT('',(-0.0494579797673384,0.0351087561045898,0.00949999532494329));
#6444=CARTESIAN_POINT('',(-0.0512644080554176,0.0288648136929378,0.0153499953249433));
#6445=CARTESIAN_POINT('',(-0.0496386225961463,0.0344843618634246,0.0153499953249433));
#6446=CARTESIAN_POINT('',(-0.0528901935146888,0.0232452655224509,0.0153499953249433));
#6447=CARTESIAN_POINT('',(-0.0496386225961463,0.0344843618634246,0.00949999532494329));
#6448=CARTESIAN_POINT('',(-0.0496386225961463,0.0344843618634246,0.00364999532494329));
#6449=CARTESIAN_POINT('',(-0.0512644080554176,0.0288648136929378,0.00364999532494329));
#6450=CARTESIAN_POINT('',(-0.0528901935146888,0.0232452655224509,0.00364999532494329));
#6451=CARTESIAN_POINT('',(-0.0528901935146888,0.0232452655224509,0.00949999532494329));
#6452=CARTESIAN_POINT('',(-0.0245327857681997,-0.239095053874184,0.03917817));
#6453=CARTESIAN_POINT('',(-0.0568434100792901,0.0347687472832327,0.03917817));
#6454=CARTESIAN_POINT('',(-0.0568434100792901,0.0347687472832327,0.0159999953249433));
#6455=CARTESIAN_POINT('',(-0.0568434100792905,0.0347687472832314,0.0195639010487747));
#6456=CARTESIAN_POINT('',(-0.0245327857681997,-0.239095053874184,0.0159999953249433));
#6457=CARTESIAN_POINT('',(-0.0505849634482638,0.0354348025456377,0.0159999953249433));
#6458=CARTESIAN_POINT('',(-0.0505849634482638,0.0354348025456377,0.03917817));
#6459=CARTESIAN_POINT('',(-0.0505849634482638,0.0354348025456377,0.0029999953249433));
#6460=CARTESIAN_POINT('',(-0.0245327857681997,-0.239095053874184,0.0029999953249433));
#6461=CARTESIAN_POINT('',(-0.0568434100792901,0.0347687472832327,0.0029999953249433));
#6462=CARTESIAN_POINT('',(-0.0568434100792901,0.0347687472832327,0.03917817));
#6463=CARTESIAN_POINT('',(-0.0568434100792901,0.0347687472832327,-4.67505670981305E-9));
#6464=CARTESIAN_POINT('',(-0.0245327857681997,-0.239095053874184,-4.67505670981305E-9));
#6465=CARTESIAN_POINT('',(-0.0365266872607155,0.0364072226223076,-4.67505670981305E-9));
#6466=CARTESIAN_POINT('',(-0.0365266872607155,0.0364072226223076,0.03917817));
#6467=CARTESIAN_POINT('',(-0.0365266872607155,0.0364072226223076,0.01917817));
#6468=CARTESIAN_POINT('',(-0.0365266872607155,0.0364072226223077,0.01917817));
#6469=CARTESIAN_POINT('',(-0.0433423773675009,0.0361105037828707,0.0192479007577588));
#6470=CARTESIAN_POINT('',(-0.0501143293467008,0.0355626484800716,0.0193767083467935));
#6471=CARTESIAN_POINT('',(-0.0568434100792907,0.0347687472832327,0.0195639010487744));
#6472=CARTESIAN_POINT('',(0.0603125683140081,-0.00241026761467009,0.00899999532494329));
#6473=CARTESIAN_POINT('',(0.0679711683509993,-0.0288823162979303,0.0143499953249433));
#6474=CARTESIAN_POINT('',(0.0700106230328947,-0.0359317174111458,0.0143499953249433));
#6475=CARTESIAN_POINT('',(0.0650947786922887,-0.0189400387655304,0.0143499953249433));
#6476=CARTESIAN_POINT('',(0.0700106230328947,-0.0359317174111458,0.03917817));
#6477=CARTESIAN_POINT('',(0.0700107099841033,-0.0359320161409576,0.0146988823650918));
#6478=CARTESIAN_POINT('',(0.0561968619261717,0.011815723994576,0.0405813378784113));
#6479=CARTESIAN_POINT('',(0.0698500404789863,-0.0353766617659607,0.0149999953249433));
#6480=CARTESIAN_POINT('',(0.0679711683509993,-0.0288823162979303,0.0149999953249433));
#6481=CARTESIAN_POINT('',(0.0647751798413208,-0.0178353412619304,0.0149999953249433));
#6482=CARTESIAN_POINT('',(0.0647751798413208,-0.0178353412619304,0.0084999953249433));
#6483=CARTESIAN_POINT('',(0.0647751798413208,-0.0178353412619304,0.00199999532494329));
#6484=CARTESIAN_POINT('',(0.0679711683509993,-0.0288823162979303,0.00199999532494329));
#6485=CARTESIAN_POINT('',(0.0700106230328947,-0.0359317174111458,0.00199999532494329));
#6486=CARTESIAN_POINT('',(0.0700106230328947,-0.0359317174111458,0.03917817));
#6487=CARTESIAN_POINT('',(0.0700106230328947,-0.0359317174111458,0.00264999532494329));
#6488=CARTESIAN_POINT('',(0.0679711683509993,-0.0288823162979303,0.00264999532494329));
#6489=CARTESIAN_POINT('',(0.0650947786922886,-0.0189400387655304,0.00264999532494329));
#6490=CARTESIAN_POINT('',(0.0650947786922886,-0.0189400387655304,0.0084999953249433));
#6491=CARTESIAN_POINT('',(-0.08928,-0.020713749229908,0.0229482476197016));
#6492=CARTESIAN_POINT('',(-0.08928,-0.0353766617659607,0.0149999953249433));
#6493=CARTESIAN_POINT('',(0.0715462792442012,-0.0353766617659607,0.0149999953249433));
#6494=CARTESIAN_POINT('',(0.0661613723340861,-0.0207804922277525,0.0229120685737943));
#6495=CARTESIAN_POINT('',(0.0611077078085835,-0.0355736384622651,0.0148930905199093));
#6496=CARTESIAN_POINT('',(-0.0752582780519587,0.0110104676585525,0.0401448365690753));
#6497=CARTESIAN_POINT('',(0.0390478091217908,-0.028037736785941,0.01897817));
#6498=CARTESIAN_POINT('',(-0.08928,-0.0280377367859416,0.01897817));
#6499=CARTESIAN_POINT('',(0.0426092912211675,-0.0280377367859416,0.01897817));
#6500=CARTESIAN_POINT('',(0.0329138806027202,-0.0548564889302202,0.00444066200155835));
#6501=CARTESIAN_POINT('',(0.0464716165874451,-0.0173540483094913,0.024769424039103));
#6502=CARTESIAN_POINT('',(0.0362235475482615,-0.0133704610765891,0.0269287874184748));
#6503=CARTESIAN_POINT('',(0.0658363785853092,-0.0248814389201448,0.0206890887341244));
#6504=CARTESIAN_POINT('',(0.0753240226643978,-0.0126029256323741,0.0273448415510212));
#6505=CARTESIAN_POINT('',(0.0750368959385989,-0.0281172685760105,0.0189350585969028));
#6506=CARTESIAN_POINT('',(0.0630411591212638,0.0133461486916742,0.0414109276056062));
#6507=CARTESIAN_POINT('',(0.0762473009315694,-0.0323010488681803,0.0166671775585183));
#6508=CARTESIAN_POINT('',(0.0355845178634187,0.0247207972157787,0.0475767269317284));
#6509=CARTESIAN_POINT('',(0.0355845178634187,0.0247207972157787,0.03917817));
#6510=CARTESIAN_POINT('',(0.0355845178634187,0.0247207972157787,0.0149999953249433));
#6511=CARTESIAN_POINT('',(0.0762473009315694,-0.0323010488681803,0.0149999953249433));
#6512=CARTESIAN_POINT('',(0.0762473009315694,-0.0323010488681803,0.03917817));
#6513=CARTESIAN_POINT('',(0.0603125683140081,-0.00241026761467009,0.00899999532494329));
#6514=CARTESIAN_POINT('',(0.0512644080554175,0.0288648136929378,0.0159999953249433));
#6515=CARTESIAN_POINT('',(0.0530708363434967,0.0226208712812857,0.0159999953249433));
#6516=CARTESIAN_POINT('',(0.0494579797673384,0.0351087561045898,0.0159999953249433));
#6517=CARTESIAN_POINT('',(0.0494579797673384,0.0351087561045898,0.00949999532494329));
#6518=CARTESIAN_POINT('',(0.0494579797673384,0.0351087561045898,0.0029999953249433));
#6519=CARTESIAN_POINT('',(0.0512644080554175,0.0288648136929378,0.0029999953249433));
#6520=CARTESIAN_POINT('',(0.0530708363434967,0.0226208712812857,0.0029999953249433));
#6521=CARTESIAN_POINT('',(0.0530708363434967,0.0226208712812857,0.00949999532494329));
#6522=CARTESIAN_POINT('',(0.0512644080554175,0.0288648136929378,0.0153499953249433));
#6523=CARTESIAN_POINT('',(0.0528901935146888,0.0232452655224509,0.0153499953249433));
#6524=CARTESIAN_POINT('',(0.0496386225961463,0.0344843618634246,0.0153499953249433));
#6525=CARTESIAN_POINT('',(0.0528901935146888,0.0232452655224509,0.00949999532494329));
#6526=CARTESIAN_POINT('',(0.0528901935146888,0.0232452655224509,0.00364999532494329));
#6527=CARTESIAN_POINT('',(0.0512644080554175,0.0288648136929378,0.00364999532494329));
#6528=CARTESIAN_POINT('',(0.0496386225961463,0.0344843618634246,0.00364999532494329));
#6529=CARTESIAN_POINT('',(0.0496386225961463,0.0344843618634246,0.00949999532494329));
#6530=CARTESIAN_POINT('',(0.0245327857681997,-0.239095053874184,0.03917817));
#6531=CARTESIAN_POINT('',(0.0245327857681997,-0.239095053874184,0.0159999953249433));
#6532=CARTESIAN_POINT('',(0.0568434100792901,0.0347687472832327,0.0159999953249433));
#6533=CARTESIAN_POINT('',(0.0505849634482638,0.0354348025456377,0.0159999953249433));
#6534=CARTESIAN_POINT('',(0.0568434100792901,0.0347687472832327,0.03917817));
#6535=CARTESIAN_POINT('',(0.0568434100792904,0.0347687472832315,0.0195639010487747));
#6536=CARTESIAN_POINT('',(0.039162165123006,0.0362798529119186,0.0192081072003168));
#6537=CARTESIAN_POINT('',(0.0450888093742523,0.0359649980543559,0.0192821223540808));
#6538=CARTESIAN_POINT('',(0.0509823774123734,0.0354602356207766,0.0194008561121896));
#6539=CARTESIAN_POINT('',(0.0568434100792906,0.0347687472832327,0.0195639010487743));
#6540=CARTESIAN_POINT('',(0.039162165123006,0.0362798529119186,0.0192081072003168));
#6541=CARTESIAN_POINT('',(0.039162165123006,0.0362798529119186,0.03917817));
#6542=CARTESIAN_POINT('',(0.039162165123006,0.0362798529119186,0.00620093349067688));
#6543=CARTESIAN_POINT('',(0.0245327857681997,-0.239095053874184,0.00620093349067688));
#6544=CARTESIAN_POINT('',(0.0365266872607155,0.0364072226223076,0.00620093349067682));
#6545=CARTESIAN_POINT('',(0.0365266872607155,0.0364072226223076,0.03917817));
#6546=CARTESIAN_POINT('',(0.0365266872607155,0.0364072226223076,-4.67505670981305E-9));
#6547=CARTESIAN_POINT('',(0.0245327857681997,-0.239095053874184,-4.67505670981305E-9));
#6548=CARTESIAN_POINT('',(0.0568434100792901,0.0347687472832327,-4.67505670981305E-9));
#6549=CARTESIAN_POINT('',(0.0568434100792901,0.0347687472832327,0.03917817));
#6550=CARTESIAN_POINT('',(0.0568434100792901,0.0347687472832327,0.0029999953249433));
#6551=CARTESIAN_POINT('',(0.0245327857681997,-0.239095053874184,0.0029999953249433));
#6552=CARTESIAN_POINT('',(0.0505849634482638,0.0354348025456378,0.0029999953249433));
#6553=CARTESIAN_POINT('',(0.0505849634482638,0.0354348025456377,0.03917817));
#6554=CARTESIAN_POINT('',(-0.0580084212124348,0.030742473883049,0.0223682768521614));
#6555=CARTESIAN_POINT('',(-0.0494119658184127,0.0318642782208087,0.0221046563082793));
#6556=CARTESIAN_POINT('',(-0.0494119658184127,0.0301606853560574,0.0225049953535502));
#6557=CARTESIAN_POINT('',(-5.55111512312578E-18,0.122036369267196,0.000914494276892212));
#6558=CARTESIAN_POINT('',(-0.0348137058317661,0.035696601352097,0.0212040722454471));
#6559=CARTESIAN_POINT('',(-0.0365266872607155,0.0364072226223076,0.0210370784485419));
#6560=CARTESIAN_POINT('',(-0.0348137058317661,0.030742473883049,0.0223682768521614));
#6561=CARTESIAN_POINT('',(-0.0348137058317661,0.0402572263014762,0.0201323395117344));
#6562=CARTESIAN_POINT('',(-6.93889390390723E-18,0.151295461583995,-0.00596130176919631));
#6563=CARTESIAN_POINT('',(-0.0456583590758944,0.0442590282778846,0.0191919284453658));
#6564=CARTESIAN_POINT('',(-0.0330963210788622,0.0203807099476802,0.0248032592749213));
#6565=CARTESIAN_POINT('',(-0.0580078488078183,0.0307438499702268,0.022367953475938));
#6566=CARTESIAN_POINT('',(-0.058008259730749,0.030742429609877,0.0223682872562197));
#6567=CARTESIAN_POINT('',(-0.0754974889423222,-0.0297093141664368,0.0365742597565248));
#6568=CARTESIAN_POINT('',(-0.0507504790909691,-0.0200897583145563,0.0343136939339305));
#6569=CARTESIAN_POINT('',(-0.0461316796434073,-0.0182943575965974,0.0338917803275881));
#6570=CARTESIAN_POINT('',(-0.0632144900102817,0.0289588919238739,0.0227874130868057));
#6571=CARTESIAN_POINT('',(-0.0464716165874451,-0.0173540483094913,0.033670810558315));
#6572=CARTESIAN_POINT('',(-0.0404547960062335,-0.0150152145683901,0.0331211918751581));
#6573=CARTESIAN_POINT('',(-0.0603981482533541,-0.0227675124002193,0.0349429578480413));
#6574=CARTESIAN_POINT('',(-0.0528005114207741,0.00349381618964692,0.0287716269903318));
#6575=CARTESIAN_POINT('',(-0.0464067369699478,0.0255939791064392,0.0235781571739784));
#6576=CARTESIAN_POINT('',(-0.0264770568630898,0.0173045679581441,0.0255261431121862));
#6577=CARTESIAN_POINT('',(-0.0580084212124348,0.030742473883049,0.0223682768521614));
#6578=CARTESIAN_POINT('',(0.039162165123006,0.030742473883049,0.0223682768521614));
#6579=CARTESIAN_POINT('',(0.039162165123006,0.0347686601126587,0.021422135561836));
#6580=CARTESIAN_POINT('',(0.039162165123006,0.0417153145167677,0.0197896932984821));
#6581=CARTESIAN_POINT('',(0.0264770568630898,0.0173045679581441,0.0255261431121862));
#6582=CARTESIAN_POINT('',(0.0464067369699479,0.0255939791064392,0.0235781571739784));
#6583=CARTESIAN_POINT('',(0.0528005114207741,0.00349381618964698,0.0287716269903317));
#6584=CARTESIAN_POINT('',(0.0603981482533541,-0.0227675124002193,0.0349429578480413));
#6585=CARTESIAN_POINT('',(0.0404547960062335,-0.0150152145683901,0.0331211918751581));
#6586=CARTESIAN_POINT('',(0.0464716165874451,-0.0173540483094913,0.033670810558315));
#6587=CARTESIAN_POINT('',(0.0504288677659465,-0.0064077828334366,0.0310984720843535));
#6588=CARTESIAN_POINT('',(0.0461316796434073,-0.0182943575965974,0.0338917803275881));
#6589=CARTESIAN_POINT('',(0.050750479090969,-0.0200897583145563,0.0343136939339305));
#6590=CARTESIAN_POINT('',(0.0754974889423222,-0.0297093141664368,0.0365742597565248));
#6591=CARTESIAN_POINT('',(0.0494821626177771,0.0602129929977866,0.0154427961635842));
#6592=CARTESIAN_POINT('',(0.0580078488078181,0.0307438499702274,0.0223679534759378));
#6593=CARTESIAN_POINT('',(0.0330963210788622,0.0203807099476801,0.0248032592749213));
#6594=CARTESIAN_POINT('',(0.0456583590758944,0.0442590282778846,0.0191919284453658));
#6595=CARTESIAN_POINT('',(-6.93889390390723E-18,0.151295461583995,-0.00596130176919631));
#6596=CARTESIAN_POINT('',(0.0494119658184128,0.0318642782208087,0.0221046563082792));
#6597=CARTESIAN_POINT('',(0.0494119658184128,0.0301606853560574,0.0225049953535502));
#6598=CARTESIAN_POINT('',(-0.08928,-0.020713749229908,0.0229482476197016));
#6599=CARTESIAN_POINT('',(-6.0872015814015E-18,-0.0115773777308304,0.027900755216999));
#6600=CARTESIAN_POINT('',(-6.53880410495001E-18,-0.0098273777308304,0.0288493690399095));
#6601=CARTESIAN_POINT('',(-0.08928,-0.00672159281448892,0.0305329064699828));
#6602=CARTESIAN_POINT('',(0.0191188484419739,-0.00672159281448892,0.0305329064699828));
#6603=CARTESIAN_POINT('',(0.0112962970584032,-0.00672159281448892,0.0305329064699828));
#6604=CARTESIAN_POINT('',(0.0362235475482615,-0.0133704610765891,0.0269287874184748));
#6605=CARTESIAN_POINT('',(0.0231717080989092,-0.00829700374550248,0.0296789312780264));
#6606=CARTESIAN_POINT('',(0.00877776237956963,-0.0481125079894051,0.00809633831121671));
#6607=CARTESIAN_POINT('',(0.0185647311453246,-0.0210404942396033,0.0227711305724079));
#6608=CARTESIAN_POINT('',(-0.0752582780519587,0.0110104676585525,0.0401448365690753));
#6609=CARTESIAN_POINT('',(0.00597246173762111,-0.0167388378500819,0.025099104490545));
#6610=CARTESIAN_POINT('',(-1.11022302462516E-17,-0.034222549610742,0.0156255991784459));
#6611=CARTESIAN_POINT('',(-0.00597246173762109,-0.0167388378500819,0.025099104490545));
#6612=CARTESIAN_POINT('',(-0.0304543162839621,-0.0251021060289039,0.0205694728086212));
#6613=CARTESIAN_POINT('',(-0.0185647311453246,-0.0210404942396033,0.0227711305724079));
#6614=CARTESIAN_POINT('',(-0.0251598161321447,-0.00279764134841713,0.0326599433849232));
#6615=CARTESIAN_POINT('',(-0.0231717080989092,-0.00829700374550249,0.0296789312780264));
#6616=CARTESIAN_POINT('',(-0.0362235475482615,-0.0133704610765891,0.0269287874184748));
#6617=CARTESIAN_POINT('',(-0.0191188484419739,-0.00672159281448892,0.0305329064699828));
#6618=CARTESIAN_POINT('',(-0.08928,-0.00672159281448892,0.0305329064699828));
#6619=CARTESIAN_POINT('',(-0.0112962970584032,-0.00672159281448892,0.0305329064699828));
#6620=CARTESIAN_POINT('',(-9.71445146547012E-18,0.0126299828059485,0.0410227191149225));
#6621=CARTESIAN_POINT('',(-0.0399741366922393,-0.0148283746574486,0.03917817));
#6622=CARTESIAN_POINT('',(-0.0404547960062335,-0.0150152145683901,0.0331211918751581));
#6623=CARTESIAN_POINT('',(-0.0231717080989092,-0.00829700374550249,0.0315424331456443));
#6624=CARTESIAN_POINT('',(-0.0191188484419739,-0.00672159281448892,0.0311722164576778));
#6625=CARTESIAN_POINT('',(-0.0191188484419739,-0.00672159281448892,0.03917817));
#6626=CARTESIAN_POINT('',(-0.0231717080989092,-0.00829700374550249,0.03917817));
#6627=CARTESIAN_POINT('',(0.0399741366922393,-0.0148283746574486,0.03917817));
#6628=CARTESIAN_POINT('',(0.0191188484419739,-0.00672159281448892,0.03917817));
#6629=CARTESIAN_POINT('',(0.0191188484419739,-0.00672159281448892,0.0311722164576778));
#6630=CARTESIAN_POINT('',(0.0404547960062335,-0.0150152145683901,0.0331211918751581));
#6631=CARTESIAN_POINT('',(0.0231717080989092,-0.00829700374550248,0.0315424331456443));
#6632=CARTESIAN_POINT('',(0.0231717080989092,-0.00829700374550248,0.03917817));
#6633=CARTESIAN_POINT('',(-0.0580084212124348,0.030742473883049,0.0223682768521614));
#6634=CARTESIAN_POINT('',(-6.56427055924522E-18,-0.0115773777308304,0.0323133108691839));
#6635=CARTESIAN_POINT('',(-7.67926899174593E-18,-0.0133273777308304,0.0327245554474631));
#6636=CARTESIAN_POINT('',(-0.0580084212124348,-0.00672159281448892,0.0311722164576778));
#6637=CARTESIAN_POINT('',(0.0112962970584032,-0.00672159281448892,0.0311722164576778));
#6638=CARTESIAN_POINT('',(-9.71445146547012E-18,0.0126299828059485,0.0266246561404977));
#6639=CARTESIAN_POINT('',(-0.0112962970584032,-0.00672159281448892,0.0311722164576778));
#6640=CARTESIAN_POINT('',(-0.0580084212124348,-0.00672159281448892,0.0311722164576778));
#6641=CARTESIAN_POINT('',(-0.0395689179913254,0.0370597867266526,0.0208837279057468));
#6642=CARTESIAN_POINT('',(-0.0219790100494178,-0.0115961598752505,0.0323177246149332));
#6643=CARTESIAN_POINT('',(-0.1116,-0.0115961598752505,0.0323177246149332));
#6644=CARTESIAN_POINT('',(-0.0100771160115314,-0.0115961598752505,0.0323177246149332));
#6645=CARTESIAN_POINT('',(-1.21430643318376E-17,0.0145374785074357,0.0261764005603106));
#6646=CARTESIAN_POINT('',(0.0100771160115313,-0.0115961598752505,0.0323177246149332));
#6647=CARTESIAN_POINT('',(-0.1116,-0.0115961598752505,0.0323177246149332));
#6648=CARTESIAN_POINT('',(0.0219790100494178,-0.0115961598752505,0.0323177246149332));
#6649=CARTESIAN_POINT('',(0.0267832957469902,0.00169311196934207,0.0291947869032946));
#6650=CARTESIAN_POINT('',(-9.71445146547012E-18,0.0126299828059485,0.03917817));
#6651=CARTESIAN_POINT('',(0.0112962970584032,-0.00672159281448892,0.03917817));
#6652=CARTESIAN_POINT('',(-0.0112962970584032,-0.00672159281448892,0.03917817));
#6653=CARTESIAN_POINT('',(-0.08928,-0.020713749229908,0.0229482476197016));
#6654=CARTESIAN_POINT('',(-0.08928,-0.0353766617659607,0.0149999953249433));
#6655=CARTESIAN_POINT('',(-0.0715462792442012,-0.0353766617659607,0.0149999953249433));
#6656=CARTESIAN_POINT('',(-0.0355845178634187,0.0247207972157787,0.0475767269317284));
#6657=CARTESIAN_POINT('',(-0.0762473009315694,-0.0323010488681803,0.0166671775585183));
#6658=CARTESIAN_POINT('',(-0.0738905528852174,-0.0241549191948884,0.0210829096792647));
#6659=CARTESIAN_POINT('',(-0.075036895938599,-0.0281172685760105,0.0189350585969028));
#6660=CARTESIAN_POINT('',(-0.0753240226643979,-0.0126029256323741,0.0273448415510212));
#6661=CARTESIAN_POINT('',(-0.0658363785853092,-0.0248814389201448,0.0206890887341244));
#6662=CARTESIAN_POINT('',(-0.0362235475482615,-0.0133704610765891,0.0269287874184748));
#6663=CARTESIAN_POINT('',(-0.0464716165874451,-0.0173540483094913,0.024769424039103));
#6664=CARTESIAN_POINT('',(-0.0492959343552951,-0.00954162228923232,0.0290042670752648));
#6665=CARTESIAN_POINT('',(-0.0426092912211675,-0.0280377367859416,0.01897817));
#6666=CARTESIAN_POINT('',(-0.08928,-0.0280377367859416,0.01897817));
#6667=CARTESIAN_POINT('',(-0.0390478091217923,-0.0280377367859416,0.01897817));
#6668=CARTESIAN_POINT('',(-0.0304543162839621,-0.0251021060289039,0.0205694728086212));
#6669=CARTESIAN_POINT('',(-0.0499676708652992,-0.0197854683218108,0.04417817));
#6670=CARTESIAN_POINT('',(-0.0461316796434073,-0.0182943575965974,0.04417817));
#6671=CARTESIAN_POINT('',(-0.0461316796434073,-0.0182943575965974,0.0286868657880433));
#6672=CARTESIAN_POINT('',(-0.0754974889423222,-0.0297093141664368,0.04417817));
#6673=CARTESIAN_POINT('',(-0.0754974889423223,-0.0297093141664368,0.0224992168794304));
#6674=CARTESIAN_POINT('',(-0.0452794344353269,-0.0179630763457364,0.0288664417730935));
#6675=CARTESIAN_POINT('',(-0.0399741366922393,-0.0148283746574486,0.03917817));
#6676=CARTESIAN_POINT('',(-0.0464716165874451,-0.0173540483094913,0.03917817));
#6677=CARTESIAN_POINT('',(-0.0658363785853092,-0.0248814389201448,0.03917817));
#6678=CARTESIAN_POINT('',(-0.0658359361890698,-0.0248812560615259,0.031633252977943));
#6679=CARTESIAN_POINT('',(-0.0658363189231902,-0.0248809337791891,0.0316292507403228));
#6680=CARTESIAN_POINT('',(-0.064023564263385,-0.0241762872461131,0.031512638991314));
#6681=CARTESIAN_POINT('',(-0.0622108126855501,-0.023471641911048,0.0313959721380975));
#6682=CARTESIAN_POINT('',(-0.0603980708181912,-0.0227670003505991,0.0312791316660493));
#6683=CARTESIAN_POINT('',(-0.060397988762468,-0.0227672094289071,0.0312791438243323));
#6684=CARTESIAN_POINT('',(-0.0603981482533541,-0.0227675124002193,0.01917817));
#6685=CARTESIAN_POINT('',(-0.0335400847731023,-0.0261562381561735,0.03917817));
#6686=CARTESIAN_POINT('',(-0.0335400847731023,-0.0261562381561735,0.01897817));
#6687=CARTESIAN_POINT('',(-0.0185647311453246,-0.0210404942396033,0.01897817));
#6688=CARTESIAN_POINT('',(-0.0185647311453246,-0.0210404942396033,0.03917817));
#6689=CARTESIAN_POINT('',(-0.0059724617376211,-0.0167388378500819,0.03917817));
#6690=CARTESIAN_POINT('',(-0.0059724617376211,-0.0167388378500819,-4.6750567132825E-9));
#6691=CARTESIAN_POINT('',(-0.0335400847731023,-0.0261562381561735,-4.67505670981305E-9));
#6692=CARTESIAN_POINT('',(-0.0580084212124348,0.030742473883049,0.0223682768521614));
#6693=CARTESIAN_POINT('',(-0.0238137058317661,0.030742473883049,0.0223682768521614));
#6694=CARTESIAN_POINT('',(-0.0238137058317661,0.0320393856959005,0.0220635065941377));
#6695=CARTESIAN_POINT('',(-0.0238137058317661,0.0373902763510353,0.0208060638679154));
#6696=CARTESIAN_POINT('',(-5.55111512312578E-18,0.122036369267196,0.000914494276892212));
#6697=CARTESIAN_POINT('',(-0.0207253939927171,0.0312784071855111,0.0222423341864719));
#6698=CARTESIAN_POINT('',(-0.0580084212124348,0.0312784071855111,0.0222423341864719));
#6699=CARTESIAN_POINT('',(0.020725393992717,0.0312784071855111,0.0222423341864719));
#6700=CARTESIAN_POINT('',(-5.55111512312578E-18,0.122036369267196,0.000914494276892212));
#6701=CARTESIAN_POINT('',(0.0233771167695522,0.0319249934652661,0.0220903884139353));
#6702=CARTESIAN_POINT('',(0.0233771167695522,0.030742473883049,0.0223682768521614));
#6703=CARTESIAN_POINT('',(0.0233771167695522,0.0372998729854029,0.0208273083787579));
#6704=CARTESIAN_POINT('',(-6.93889390390723E-18,0.151295461583995,-0.00596130176919631));
#6705=CARTESIAN_POINT('',(-0.1116,-0.027142186537385,0.0238907670246271));
#6706=CARTESIAN_POINT('',(-0.0990503261258908,-0.0539725199234415,0.00934698123987856));
#6707=CARTESIAN_POINT('',(-0.017338508891943,-0.024432382626947,0.0253596569942375));
#6708=CARTESIAN_POINT('',(-0.0408410467207432,-0.0329289283871651,0.0207539765627322));
#6709=CARTESIAN_POINT('',(-0.0492329222438743,-0.00971592188981529,0.0333369358968447));
#6710=CARTESIAN_POINT('',(-0.0769935287863228,-0.0348803949633441,0.0196961547518115));
#6711=CARTESIAN_POINT('',(-0.0803929283097218,-0.0466304594980593,0.0133268314630289));
#6712=CARTESIAN_POINT('',(-0.0827017154176077,-0.0272256152846906,0.0238455432172429));
#6713=CARTESIAN_POINT('',(-0.0763846347607294,-0.0457170480778314,0.0138218206498866));
#6714=CARTESIAN_POINT('',(-0.0380678953549526,-0.03262763253613,0.0209172985107764));
#6715=CARTESIAN_POINT('',(-0.00746557717202636,-0.0221735473126023,0.0265793381131813));
#6716=CARTESIAN_POINT('',(-1.38777878078145E-17,-0.0440281870134275,0.0147374564730574));
#6717=CARTESIAN_POINT('',(0.00746557717202639,-0.0221735473126024,0.0265793381131813));
#6718=CARTESIAN_POINT('',(-0.0940728475649483,0.0125130845731906,0.0453865032113441));
#6719=CARTESIAN_POINT('',(0.0763846347607294,-0.0457170480778314,0.0138218206498866));
#6720=CARTESIAN_POINT('',(0.0827017154176077,-0.0272256152846906,0.0238455432172429));
#6721=CARTESIAN_POINT('',(0.0803929386932781,-0.0466304953211461,0.0133268246471604));
#6722=CARTESIAN_POINT('',(0.0634317865813807,0.0119959398948591,0.0451061771597384));
#6723=CARTESIAN_POINT('',(0.0754974889423222,-0.0297093141664368,0.0224992168794304));
#6724=CARTESIAN_POINT('',(0.0452794344353268,-0.0179630763457364,0.0288664417730935));
#6725=CARTESIAN_POINT('',(0.0461316796434072,-0.0182943575965974,0.0286868657880433));
#6726=CARTESIAN_POINT('',(0.0287553550531555,-0.0663595051910502,0.00263242955471164));
#6727=CARTESIAN_POINT('',(0.0408410467207432,-0.0329289283871651,0.0207539765627322));
#6728=CARTESIAN_POINT('',(-0.0918663733438588,0.0150469402408457,0.0467600177893998));
#6729=CARTESIAN_POINT('',(0.017338508891943,-0.024432382626947,0.0253596569942375));
#6730=CARTESIAN_POINT('',(0.00461923683000505,-0.059615524250235,0.00628810586436998));
#6731=CARTESIAN_POINT('',(-1.21430643318376E-17,0.0145374785074357,0.0464838563936532));
#6732=CARTESIAN_POINT('',(-0.0250968040207237,-0.0029719409490001,0.036992612206503));
#6733=CARTESIAN_POINT('',(0.0752520032993826,0.0364072226223076,0.01917817));
#6734=CARTESIAN_POINT('',(0.039162165123006,0.0364072226223076,0.01917817));
#6735=CARTESIAN_POINT('',(0.0752520032993826,0.0259213580955614,0.0216424128522366));
#6736=CARTESIAN_POINT('',(0.039162165123006,0.0259213580955614,0.0216424128522366));
#6737=CARTESIAN_POINT('',(0.0752520032993826,0.00489829330373946,0.026763118081663));
#6738=CARTESIAN_POINT('',(0.039162165123006,0.00489829330373945,0.026763118081663));
#6739=CARTESIAN_POINT('',(0.0752520032993826,-0.0171234453944015,0.0303437867450623));
#6740=CARTESIAN_POINT('',(0.039162165123006,-0.0171234453944016,0.0303437867450623));
#6741=CARTESIAN_POINT('',(0.0752520032993826,-0.0281262626786103,0.0321663578197194));
#6742=CARTESIAN_POINT('',(0.039162165123006,-0.0281262626786103,0.0321663578197194));
#6743=CARTESIAN_POINT('',(0.0391621651230061,0.0364072226223076,0.01917817));
#6744=CARTESIAN_POINT('',(0.0391621651230061,0.0260356579977684,0.0216155516700893));
#6745=CARTESIAN_POINT('',(0.0391621651230061,0.0050158062646703,0.0267391101246661));
#6746=CARTESIAN_POINT('',(0.0391621651230061,-0.0170035105109803,0.0303239200287733));
#6747=CARTESIAN_POINT('',(0.0391621651230061,-0.0281262626786103,0.0321663578197194));
#6748=CARTESIAN_POINT('',(0.0391621651230061,0.0347686601126588,0.019563921602587));
#6749=CARTESIAN_POINT('',(0.0568434100792904,0.0347687472832315,0.0195639010487746));
#6750=CARTESIAN_POINT('',(0.0598562064319112,0.024354978273999,0.0220193470997508));
#6751=CARTESIAN_POINT('',(0.0658796359750382,0.0035349172529657,0.027012763043117));
#6752=CARTESIAN_POINT('',(0.0719864861366266,-0.0175734881994822,0.0304183514813806));
#6753=CARTESIAN_POINT('',(0.0750367557555871,-0.0281167840316425,0.0321647877287883));
#6754=CARTESIAN_POINT('',(0.0750367557555871,-0.0281167840316424,0.0321647877287883));
#6755=CARTESIAN_POINT('',(0.0750367557555871,-0.0281167840316424,0.0321647877287883));
#6756=CARTESIAN_POINT('',(0.0733912454992695,-0.0280863154049314,0.0321597407762088));
#6757=CARTESIAN_POINT('',(0.070081946993094,-0.0274900537726095,0.0320609338543432));
#6758=CARTESIAN_POINT('',(0.0671507508747519,-0.0258965763847644,0.031797329136812));
#6759=CARTESIAN_POINT('',(0.0658363785853092,-0.0248809569708024,0.0316292545782961));
#6760=CARTESIAN_POINT('',(0.0658360115041927,-0.0248811552579365,0.0316326347308798));
#6761=CARTESIAN_POINT('',(0.0658363157725617,-0.0248809325544897,0.0316292505376476));
#6762=CARTESIAN_POINT('',(0.0640235621629694,-0.0241762864296482,0.0315126388561333));
#6763=CARTESIAN_POINT('',(0.0622108116353478,-0.0234716415028176,0.0313959720704065));
#6764=CARTESIAN_POINT('',(0.0603980708181908,-0.0227670003505989,0.0312791316660492));
#6765=CARTESIAN_POINT('',(0.0603979887624677,-0.022767209428907,0.0312791438243323));
#6766=CARTESIAN_POINT('',(0.0603979911538578,-0.0227669693838071,0.0312791265312759));
#6767=CARTESIAN_POINT('',(0.058053396603368,-0.0146628484239331,0.0299353378406651));
#6768=CARTESIAN_POINT('',(0.0533636802618786,0.00154721590936005,0.0272286855504601));
#6769=CARTESIAN_POINT('',(0.0487225141238356,0.0175894658453728,0.0236112912990879));
#6770=CARTESIAN_POINT('',(0.0464067369699478,0.0255939791064392,0.0217302554817292));
#6771=CARTESIAN_POINT('',(0.0464067369699479,0.0255939791064392,0.0217302554817292));
#6772=CARTESIAN_POINT('',(0.039162165123006,0.0347686601126587,0.019563921602587));
#6773=CARTESIAN_POINT('',(0.0407641054497241,0.0336050848010676,0.0198382792165283));
#6774=CARTESIAN_POINT('',(0.0436653546872199,0.0308030726565204,0.0205009073926594));
#6775=CARTESIAN_POINT('',(0.0456461432056862,0.0274226241261913,0.0213005295674604));
#6776=CARTESIAN_POINT('',(0.0464067369699479,0.0255939791064392,0.0217302554817292));
#6777=CARTESIAN_POINT('',(0.0494119658184128,0.0314508382375118,0.0203453140361036));
#6778=CARTESIAN_POINT('',(0.0494119658184128,0.0297483629148098,0.0207503796636353));
#6779=CARTESIAN_POINT('',(0.0667529550773785,0.000516278639967116,-0.00582183));
#6780=CARTESIAN_POINT('',(0.0762473009315694,-0.0323010488681803,0.03917817));
#6781=CARTESIAN_POINT('',(0.0762473009315694,-0.0323010488681803,-4.67505670287416E-9));
#6782=CARTESIAN_POINT('',(0.0762473009315694,-0.0323010488681803,0.00199999532494329));
#6783=CARTESIAN_POINT('',(0.0746954140250861,-0.0269369319876911,0.00199999532494329));
#6784=CARTESIAN_POINT('',(0.0714994255154076,-0.0158899569516913,0.00199999532494329));
#6785=CARTESIAN_POINT('',(0.0714994255154076,-0.0158899569516913,0.0084999953249433));
#6786=CARTESIAN_POINT('',(0.0714994255154076,-0.0158899569516913,0.0149999953249433));
#6787=CARTESIAN_POINT('',(0.0746954140250861,-0.0269369319876911,0.0149999953249433));
#6788=CARTESIAN_POINT('',(0.0750368959385989,-0.0281172685760105,0.03917817));
#6789=CARTESIAN_POINT('',(0.0750368959385989,-0.0281172685760105,0.0321785877659221));
#6790=CARTESIAN_POINT('',(0.0750596279237058,-0.0281958419723895,-0.0209057072651157));
#6791=CARTESIAN_POINT('',(0.0750367557555871,-0.0281167840316424,0.0321785828385128));
#6792=CARTESIAN_POINT('',(0.0750367557555871,-0.0281167840316424,0.01917817));
#6793=CARTESIAN_POINT('',(0.0579886537295044,0.0308101980031769,0.0159999953249433));
#6794=CARTESIAN_POINT('',(0.0597950820175835,0.0245662555915247,0.0159999953249433));
#6795=CARTESIAN_POINT('',(0.0597950820175835,0.0245662555915247,0.00949999532494329));
#6796=CARTESIAN_POINT('',(0.0597950820175835,0.0245662555915247,0.0029999953249433));
#6797=CARTESIAN_POINT('',(0.0579886537295044,0.0308101980031769,0.0029999953249433));
#6798=CARTESIAN_POINT('',(0.0683073120347605,-0.00485637600294914,-4.67505670634361E-9));
#6799=CARTESIAN_POINT('',(0.0542368411311861,0.0437783860889157,-4.67505670287416E-9));
#6800=CARTESIAN_POINT('',(0.0542368411311861,0.0437783860889157,0.04417817));
#6801=CARTESIAN_POINT('',(0.0542368411311848,0.0437783860889202,0.0192911746855619));
#6802=CARTESIAN_POINT('',(0.0542368411311848,0.0437783860889202,0.019291174685562));
#6803=CARTESIAN_POINT('',(0.0554940598005924,0.0394327937272208,0.0203133231783286));
#6804=CARTESIAN_POINT('',(0.0567505737182676,0.0350896373488702,0.0213467042250916));
#6805=CARTESIAN_POINT('',(0.0580078488078434,0.0307438499701399,0.022367953475534));
#6806=CARTESIAN_POINT('',(0.0754974889423222,-0.0297093141664368,0.04417817));
#6807=CARTESIAN_POINT('',(0.0803926109336434,-0.0466293657475169,0.04417817));
#6808=CARTESIAN_POINT('',(0.0803926109336434,-0.0466293657475169,-4.67505670981305E-9));
#6809=CARTESIAN_POINT('',(0.0683073120347605,-0.00485637600294914,-4.67505670634361E-9));
#6810=CARTESIAN_POINT('',(-0.0661439567804337,-0.083,0.0316765475615692));
#6811=CARTESIAN_POINT('',(-0.0753240226643978,-0.0126024436830318,0.0328471615904735));
#6812=CARTESIAN_POINT('',(-0.0664880752563477,-0.0253579645321229,0.0317204285010529));
#6813=CARTESIAN_POINT('',(-0.0753240226643979,-0.0126029256323741,0.0328471615904735));
#6814=CARTESIAN_POINT('',(-0.0664880752563477,-0.0253584464814652,0.0317204285010529));
#6815=CARTESIAN_POINT('',(-0.0664880752563477,-0.083,0.0317204285010529));
#6816=CARTESIAN_POINT('',(-0.0669892430305481,-0.083,0.0317723933204841));
#6817=CARTESIAN_POINT('',(-0.0753240226643978,-0.0126024436830318,0.0326366055483428));
#6818=CARTESIAN_POINT('',(-0.0674904108047485,-0.0259969128386866,0.0318243581399155));
#6819=CARTESIAN_POINT('',(-0.0753240226643979,-0.0126029256323741,0.0326366055483428));
#6820=CARTESIAN_POINT('',(-0.0674904108047485,-0.0259973947880289,0.0318243581399155));
#6821=CARTESIAN_POINT('',(-0.0674904108047485,-0.083,0.0318243581399155));
#6822=CARTESIAN_POINT('',(-0.0678610891103745,-0.083,0.0318647745594215));
#6823=CARTESIAN_POINT('',(-0.0753240226643978,-0.0126024436830318,0.0326784856633289));
#6824=CARTESIAN_POINT('',(-0.0682317674160004,-0.0264037912339416,0.0319051909789276));
#6825=CARTESIAN_POINT('',(-0.0753240226643979,-0.0126029256323741,0.0326784856633289));
#6826=CARTESIAN_POINT('',(-0.0682317674160004,-0.0264042731832839,0.0319051909789276));
#6827=CARTESIAN_POINT('',(-0.0682317674160004,-0.083,0.0319051909789276));
#6828=CARTESIAN_POINT('',(-0.0685805052518845,-0.083,0.0319248202785683));
#6829=CARTESIAN_POINT('',(-0.0753240226643978,-0.0126024436830318,0.0323043905755125));
#6830=CARTESIAN_POINT('',(-0.0689292430877686,-0.026740480070584,0.031944449578209));
#6831=CARTESIAN_POINT('',(-0.0753240226643979,-0.0126029256323741,0.0323043905755125));
#6832=CARTESIAN_POINT('',(-0.0689292430877686,-0.0267409620199263,0.031944449578209));
#6833=CARTESIAN_POINT('',(-0.0689292430877686,-0.083,0.031944449578209));
#6834=CARTESIAN_POINT('',(-0.0719996884112242,-0.083,-0.00299993802220654));
#6835=CARTESIAN_POINT('',(-0.0689292430877686,-0.026740480070584,0.031944449578209));
#6836=CARTESIAN_POINT('',(-0.0694174248396486,-0.0269612897085727,0.031987344460048));
#6837=CARTESIAN_POINT('',(-0.0699162320806945,-0.027156531987258,0.0320208738015961));
#6838=CARTESIAN_POINT('',(-0.070425808429718,-0.0273260565562571,0.0320437598571015));
#6839=CARTESIAN_POINT('',(-0.070425808429718,-0.0273260565562571,0.0320437598571015));
#6840=CARTESIAN_POINT('',(-0.070425808429718,-0.0273265385055994,0.0320437598571015));
#6841=CARTESIAN_POINT('',(-0.0699162320806945,-0.0271570139366003,0.0320208738015961));
#6842=CARTESIAN_POINT('',(-0.0694174248396486,-0.026961771657915,0.031987344460048));
#6843=CARTESIAN_POINT('',(-0.0689292430877686,-0.0267409620199263,0.031944449578209));
#6844=CARTESIAN_POINT('',(-0.070425808429718,-0.0273265385055994,0.0320437598571015));
#6845=CARTESIAN_POINT('',(-0.070425808429718,-0.083,0.0320437598571015));
#6846=CARTESIAN_POINT('',(-0.0713055872023471,-0.083,0.0320832724166254));
#6847=CARTESIAN_POINT('',(-0.0753240226643978,-0.0126024436830318,0.0322637480945198));
#6848=CARTESIAN_POINT('',(-0.0721853659749761,-0.0277986969355731,0.0321227849761493));
#6849=CARTESIAN_POINT('',(-0.0753240226643979,-0.0126029256323741,0.0322637480945198));
#6850=CARTESIAN_POINT('',(-0.0721853659749761,-0.0277991788849155,0.0321227849761493));
#6851=CARTESIAN_POINT('',(-0.0721853659749761,-0.083,0.0321227849761493));
#6852=CARTESIAN_POINT('',(-0.0729499720633395,-0.083,0.0321421647858957));
#6853=CARTESIAN_POINT('',(-0.0753240226643978,-0.0126024436830318,0.0322023377948176));
#6854=CARTESIAN_POINT('',(-0.0737145781517029,-0.0280357507521594,0.0321615445956421));
#6855=CARTESIAN_POINT('',(-0.0753240226643979,-0.0126029256323741,0.0322023377948176));
#6856=CARTESIAN_POINT('',(-0.0737145781517029,-0.0280362327015016,0.0321615445956421));
#6857=CARTESIAN_POINT('',(-0.0737145781517029,-0.083,0.0321615445956421));
#6858=CARTESIAN_POINT('',(-0.0580819457462268,0.0442590282778846,0.01917817));
#6859=CARTESIAN_POINT('',(-0.0455842621375028,0.0442590282778846,0.01917817));
#6860=CARTESIAN_POINT('',(-0.0580819457462268,0.0397344020676785,0.020241485072315));
#6861=CARTESIAN_POINT('',(-0.0455842621375028,0.0397344020676785,0.020241485072315));
#6862=CARTESIAN_POINT('',(-0.0580819457462268,0.0352061523706432,0.0213194885108333));
#6863=CARTESIAN_POINT('',(-0.0455842621375028,0.0352061523706432,0.0213194885108333));
#6864=CARTESIAN_POINT('',(-0.0580819457462268,0.0306625545760659,0.0223870562046899));
#6865=CARTESIAN_POINT('',(-0.0455842621375028,0.0306625545760659,0.0223870562046899));
#6866=CARTESIAN_POINT('',(-0.0580078488078102,0.030743849970255,0.022367953475507));
#6867=CARTESIAN_POINT('',(-0.0567505737123547,0.0350896373693086,0.0213467042202884));
#6868=CARTESIAN_POINT('',(-0.0554940598052524,0.0394327937111133,0.0203133231821174));
#6869=CARTESIAN_POINT('',(-0.0542368411311849,0.04377838608892,0.019291174685562));
#6870=CARTESIAN_POINT('',(-0.0542368411311849,0.0437783860889201,0.019291174685562));
#6871=CARTESIAN_POINT('',(-0.0580078488078353,0.0307438499701861,0.0223679534755232));
#6872=CARTESIAN_POINT('',(-0.0574090390815634,0.0321833041383248,0.0220296853178464));
#6873=CARTESIAN_POINT('',(-0.0559841527967659,0.0349169455891336,0.0213845970220372));
#6874=CARTESIAN_POINT('',(-0.0531403398450532,0.0386451260969065,0.0205024240749751));
#6875=CARTESIAN_POINT('',(-0.0496870780202434,0.0418280922866702,0.0197502152503113));
#6876=CARTESIAN_POINT('',(-0.0470626043845687,0.0435202751261433,0.0193517815481086));
#6877=CARTESIAN_POINT('',(-0.0456583590758944,0.0442590282778846,0.01917817));
#6878=CARTESIAN_POINT('',(-0.0456583590758944,0.0442590282778846,0.01917817));
#6879=CARTESIAN_POINT('',(-0.0456583590758945,0.0442590282778847,0.01917817));
#6880=CARTESIAN_POINT('',(-0.0485240288391411,0.0441342722820811,0.0192074884286473));
#6881=CARTESIAN_POINT('',(-0.0513835051422843,0.0439739549373313,0.0192451739595396));
#6882=CARTESIAN_POINT('',(-0.0542368411311842,0.0437783860889159,0.019291174685563));
#6883=CARTESIAN_POINT('',(-0.0750596279237058,-0.083,-0.0209057072651157));
#6884=CARTESIAN_POINT('',(-0.075036895972508,-0.028117268576638,0.0321785828987422));
#6885=CARTESIAN_POINT('',(-0.0745953126301593,-0.028109096115533,0.032178393802289));
#6886=CARTESIAN_POINT('',(-0.0741545389487563,-0.0280821135025151,0.0321726959017493));
#6887=CARTESIAN_POINT('',(-0.0737145781517029,-0.0280362327015017,0.0321615445956421));
#6888=CARTESIAN_POINT('',(-0.075036895938599,-0.0281172685760105,0.0321785877659221));
#6889=CARTESIAN_POINT('',(-0.0750596279237058,-0.0281958419723894,-0.0209057072651157));
#6890=CARTESIAN_POINT('',(-0.0750367557555871,-0.0281167840316424,0.0321785828385129));
#6891=CARTESIAN_POINT('',(-0.0737145781517029,-0.0280357507521594,0.0321615445956421));
#6892=CARTESIAN_POINT('',(-0.0741544923815104,-0.0280816266969616,0.0321726947214496));
#6893=CARTESIAN_POINT('',(-0.0745952193238985,-0.0281086084467959,0.0321783925958727));
#6894=CARTESIAN_POINT('',(-0.0750367557555871,-0.0281167840316425,0.0321785828385128));
#6895=CARTESIAN_POINT('',(-0.0753240226643978,-0.0126024436830318,0.01917817));
#6896=CARTESIAN_POINT('',(-0.0750367557555871,-0.0281167840316424,0.01917817));
#6897=CARTESIAN_POINT('',(-0.0750367557555871,-0.0281167840316424,0.0321647877287883));
#6898=CARTESIAN_POINT('',(-0.0658363785853092,-0.0248809569708024,0.0316292545782961));
#6899=CARTESIAN_POINT('',(-0.0671534240307701,-0.0258986419404447,0.0317976709650148));
#6900=CARTESIAN_POINT('',(-0.0693354273124863,-0.0270854383560129,0.0319939930570223));
#6901=CARTESIAN_POINT('',(-0.072565076049478,-0.027939644173037,0.0321354449331256));
#6902=CARTESIAN_POINT('',(-0.0742042488035918,-0.0281013691513904,0.0321622343426318));
#6903=CARTESIAN_POINT('',(-0.0750367557555871,-0.0281167840316425,0.0321647877287883));
#6904=CARTESIAN_POINT('',(-0.0752678161665563,0.0364072226223077,0.01917817));
#6905=CARTESIAN_POINT('',(-0.0362956268497464,0.0364072226223077,0.01917817));
#6906=CARTESIAN_POINT('',(-0.0752678161665563,0.0259213580955614,0.0216424128522366));
#6907=CARTESIAN_POINT('',(-0.0362956268497464,0.0259213580955614,0.0216424128522366));
#6908=CARTESIAN_POINT('',(-0.0752678161665563,0.00489829330373947,0.026763118081663));
#6909=CARTESIAN_POINT('',(-0.0362956268497464,0.00489829330373948,0.026763118081663));
#6910=CARTESIAN_POINT('',(-0.0752678161665563,-0.0171234453944015,0.0303437867450623));
#6911=CARTESIAN_POINT('',(-0.0362956268497464,-0.0171234453944015,0.0303437867450623));
#6912=CARTESIAN_POINT('',(-0.0752678161665563,-0.0281262626786102,0.0321663578197194));
#6913=CARTESIAN_POINT('',(-0.0362956268497464,-0.0281262626786102,0.0321663578197194));
#6914=CARTESIAN_POINT('',(-0.0494119658184127,0.0314508382375118,0.0203453140361036));
#6915=CARTESIAN_POINT('',(-0.0494119658184127,0.0297483629148098,0.0207503796636353));
#6916=CARTESIAN_POINT('',(-0.0750367557555871,-0.0281167840316425,0.0321647877287883));
#6917=CARTESIAN_POINT('',(-0.0719864847266028,-0.0175734833257169,0.0304183506740695));
#6918=CARTESIAN_POINT('',(-0.0658796432579739,0.00353489207940536,0.0270127679327392));
#6919=CARTESIAN_POINT('',(-0.0598562070506278,0.0243549761353976,0.0220193476040082));
#6920=CARTESIAN_POINT('',(-0.0568434100792906,0.0347687472832314,0.0195639010487747));
#6921=CARTESIAN_POINT('',(-0.0464067369699478,0.0255939791064392,0.0217302554817292));
#6922=CARTESIAN_POINT('',(-0.0459277107139756,0.0267456700858733,0.0214596116696461));
#6923=CARTESIAN_POINT('',(-0.0447878094030388,0.0289328189817158,0.0209434860751828));
#6924=CARTESIAN_POINT('',(-0.0425126958666155,0.0319156610085057,0.0202376773075939));
#6925=CARTESIAN_POINT('',(-0.0397499059402961,0.0344623078737997,0.0196358452970781));
#6926=CARTESIAN_POINT('',(-0.037650173001475,0.03581617301951,0.0193170703029074));
#6927=CARTESIAN_POINT('',(-0.0365266872607155,0.0364072226223076,0.01917817));
#6928=CARTESIAN_POINT('',(-0.0464067369699478,0.0255939791064392,0.0217302554817292));
#6929=CARTESIAN_POINT('',(-0.0464067369699478,0.0255939791064392,0.0217302554817292));
#6930=CARTESIAN_POINT('',(-0.0487225148302142,0.0175894634037661,0.0236112918728579));
#6931=CARTESIAN_POINT('',(-0.0533636894573062,0.00154718412524712,0.0272286917453737));
#6932=CARTESIAN_POINT('',(-0.0580533978105799,-0.0146628525966763,0.0299353385325705));
#6933=CARTESIAN_POINT('',(-0.0603979911538578,-0.0227669693838071,0.0312791265312759));
#6934=CARTESIAN_POINT('',(-1.21430643318376E-17,0.0145374785074357,0.04417817));
#6935=CARTESIAN_POINT('',(-0.0330963210788622,0.0203807099476802,0.01917817));
#6936=CARTESIAN_POINT('',(-0.0456583590758944,0.0442590282778846,0.04417817));
#6937=CARTESIAN_POINT('',(0.0330963210788622,0.0203807099476801,0.01917817));
#6938=CARTESIAN_POINT('',(0.0456583590758944,0.0442590282778846,0.01917817));
#6939=CARTESIAN_POINT('',(0.0470625755624082,0.0435202902890652,0.0193517779847284));
#6940=CARTESIAN_POINT('',(0.0496878468423426,0.0418286821168702,0.0197500736426407));
#6941=CARTESIAN_POINT('',(0.0531530622059269,0.0386311460769097,0.0205057309821412));
#6942=CARTESIAN_POINT('',(0.0559834417767279,0.0349163434671027,0.021384738267026));
#6943=CARTESIAN_POINT('',(0.0574090502796753,0.0321832772196398,0.0220296916436706));
#6944=CARTESIAN_POINT('',(0.0580078488078289,0.0307438499702014,0.0223679534755196));
#6945=CARTESIAN_POINT('',(0.0456583590758944,0.0442590282778846,0.01917817));
#6946=CARTESIAN_POINT('',(0.0456583590758944,0.0442590282778846,0.04417817));
#6947=CARTESIAN_POINT('',(-0.0264770568630898,0.0173045679581441,0.01917817));
#6948=CARTESIAN_POINT('',(-0.0464067369699478,0.0255939791064392,0.01917817));
#6949=CARTESIAN_POINT('',(-0.0365266872607155,0.0364072226223076,0.03917817));
#6950=CARTESIAN_POINT('',(-0.0534023640619028,0.00141350486131603,0.01917817));
#6951=CARTESIAN_POINT('',(-0.0753240226643979,-0.0126029256323741,0.03917817));
#6952=CARTESIAN_POINT('',(-0.075036895938599,-0.0281172685760105,0.03917817));
#6953=CARTESIAN_POINT('',(0.0661439567804337,-0.083,0.0316765475615692));
#6954=CARTESIAN_POINT('',(0.0753240226643979,-0.0126024436830318,0.0328471615904735));
#6955=CARTESIAN_POINT('',(0.0664880752563477,-0.0253579645321228,0.0317204285010529));
#6956=CARTESIAN_POINT('',(0.0664880752563477,-0.083,0.0317204285010529));
#6957=CARTESIAN_POINT('',(0.0664880752563477,-0.0253584464814652,0.0317204285010529));
#6958=CARTESIAN_POINT('',(0.0753240226643978,-0.0126029256323741,0.0328471615904735));
#6959=CARTESIAN_POINT('',(0.0669892430305481,-0.083,0.0317723933204841));
#6960=CARTESIAN_POINT('',(0.0753240226643979,-0.0126024436830318,0.0326366055483428));
#6961=CARTESIAN_POINT('',(0.0674904108047485,-0.0259969128386866,0.0318243581399155));
#6962=CARTESIAN_POINT('',(0.0674904108047485,-0.083,0.0318243581399155));
#6963=CARTESIAN_POINT('',(0.0674904108047485,-0.0259973947880289,0.0318243581399155));
#6964=CARTESIAN_POINT('',(0.0753240226643978,-0.0126029256323741,0.0326366055483428));
#6965=CARTESIAN_POINT('',(0.0678610891103745,-0.083,0.0318647745594215));
#6966=CARTESIAN_POINT('',(0.0753240226643979,-0.0126024436830318,0.0326784856633289));
#6967=CARTESIAN_POINT('',(0.0682317674160004,-0.0264037912339416,0.0319051909789276));
#6968=CARTESIAN_POINT('',(0.0682317674160004,-0.083,0.0319051909789276));
#6969=CARTESIAN_POINT('',(0.0682317674160004,-0.026404273183284,0.0319051909789276));
#6970=CARTESIAN_POINT('',(0.0753240226643978,-0.0126029256323741,0.0326784856633289));
#6971=CARTESIAN_POINT('',(0.0685805052518845,-0.083,0.0319248202785683));
#6972=CARTESIAN_POINT('',(0.0753240226643979,-0.0126024436830318,0.0323043905755125));
#6973=CARTESIAN_POINT('',(0.0689292430877686,-0.026740480070584,0.031944449578209));
#6974=CARTESIAN_POINT('',(0.0689292430877686,-0.083,0.031944449578209));
#6975=CARTESIAN_POINT('',(0.0689292430877686,-0.0267409620199264,0.031944449578209));
#6976=CARTESIAN_POINT('',(0.0753240226643978,-0.0126029256323741,0.0323043905755125));
#6977=CARTESIAN_POINT('',(0.0719996884112242,-0.083,-0.00299993802220654));
#6978=CARTESIAN_POINT('',(0.070425808429718,-0.0273260565562571,0.0320437598571015));
#6979=CARTESIAN_POINT('',(0.0699162320806945,-0.027156531987258,0.0320208738015961));
#6980=CARTESIAN_POINT('',(0.0694174248396486,-0.0269612897085726,0.031987344460048));
#6981=CARTESIAN_POINT('',(0.0689292430877686,-0.026740480070584,0.031944449578209));
#6982=CARTESIAN_POINT('',(0.070425808429718,-0.0273260565562571,0.0320437598571015));
#6983=CARTESIAN_POINT('',(0.070425808429718,-0.083,0.0320437598571015));
#6984=CARTESIAN_POINT('',(0.070425808429718,-0.0273265385055995,0.0320437598571015));
#6985=CARTESIAN_POINT('',(0.0689292430877686,-0.0267409620199264,0.031944449578209));
#6986=CARTESIAN_POINT('',(0.0694174248396486,-0.026961771657915,0.031987344460048));
#6987=CARTESIAN_POINT('',(0.0699162320806945,-0.0271570139366004,0.0320208738015961));
#6988=CARTESIAN_POINT('',(0.070425808429718,-0.0273265385055995,0.0320437598571015));
#6989=CARTESIAN_POINT('',(0.0713055872023471,-0.083,0.0320832724166254));
#6990=CARTESIAN_POINT('',(0.0753240226643979,-0.0126024436830318,0.0322637480945198));
#6991=CARTESIAN_POINT('',(0.0721853659749761,-0.0277986969355731,0.0321227849761493));
#6992=CARTESIAN_POINT('',(0.0721853659749761,-0.083,0.0321227849761493));
#6993=CARTESIAN_POINT('',(0.0721853659749761,-0.0277991788849155,0.0321227849761493));
#6994=CARTESIAN_POINT('',(0.0753240226643978,-0.0126029256323741,0.0322637480945198));
#6995=CARTESIAN_POINT('',(0.0264770568630898,0.0173045679581441,0.01917817));
#6996=CARTESIAN_POINT('',(0.039162165123006,0.0347686601126587,0.01917817));
#6997=CARTESIAN_POINT('',(0.0464067369699479,0.0255939791064392,0.01917817));
#6998=CARTESIAN_POINT('',(0.0534023640619028,0.00141350486131608,0.01917817));
#6999=CARTESIAN_POINT('',(0.0603981482533541,-0.0227675124002193,0.03917817));
#7000=CARTESIAN_POINT('',(0.0399741366922393,-0.0148283746574486,0.03917817));
#7001=CARTESIAN_POINT('',(0.0464716165874451,-0.0173540483094913,0.03917817));
#7002=CARTESIAN_POINT('',(0.0658363785853092,-0.0248814389201448,0.03917817));
#7003=CARTESIAN_POINT('',(0.0729499720633395,-0.083,0.0321421647858957));
#7004=CARTESIAN_POINT('',(0.0753240226643979,-0.0126024436830318,0.0322023377948176));
#7005=CARTESIAN_POINT('',(0.0737145781517029,-0.0280357507521594,0.0321615445956421));
#7006=CARTESIAN_POINT('',(0.0737145781517029,-0.083,0.0321615445956421));
#7007=CARTESIAN_POINT('',(0.0737145781517029,-0.0280362327015017,0.0321615445956421));
#7008=CARTESIAN_POINT('',(0.0753240226643978,-0.0126029256323741,0.0322023377948176));
#7009=CARTESIAN_POINT('',(-6.93889390390723E-18,0.151295461583995,0.04417817));
#7010=CARTESIAN_POINT('',(-6.93889390390723E-18,0.151295461583995,0.00668857678471327));
#7011=CARTESIAN_POINT('',(-0.0348137058317661,0.0402572263014762,0.00668857678471327));
#7012=CARTESIAN_POINT('',(-0.0238137058317661,0.0373902763510353,0.00668857678471327));
#7013=CARTESIAN_POINT('',(-0.0238137058317661,0.0373902763510353,0.04417817));
#7014=CARTESIAN_POINT('',(0.0233771167695522,0.037299872985403,0.04417817));
#7015=CARTESIAN_POINT('',(0.0233771167695522,0.037299872985403,0.00620093349067688));
#7016=CARTESIAN_POINT('',(-6.93889390390723E-18,0.151295461583995,0.00620093349067687));
#7017=CARTESIAN_POINT('',(0.039162165123006,0.0417153145167678,0.00620093349067688));
#7018=CARTESIAN_POINT('',(0.039162165123006,0.0417153145167678,0.04417817));
#7019=CARTESIAN_POINT('',(0.0456583590758944,0.0442590282778846,0.04417817));
#7020=CARTESIAN_POINT('',(0.0456583590758944,0.0442590282778846,-4.67505670287416E-9));
#7021=CARTESIAN_POINT('',(-6.93889390390723E-18,0.151295461583995,-4.67505670287416E-9));
#7022=CARTESIAN_POINT('',(-0.0456583590758944,0.0442590282778846,-4.67505670287416E-9));
#7023=CARTESIAN_POINT('',(-0.0456583590758944,0.0442590282778846,0.04417817));
#7024=CARTESIAN_POINT('',(-0.0348137058317661,0.0402572263014762,0.04417817));
#7025=CARTESIAN_POINT('',(-6.93889390390723E-18,0.151295461583995,0.0149765439674093));
#7026=CARTESIAN_POINT('',(-0.00858058853191324,0.0352443637484177,0.0149765439674093));
#7027=CARTESIAN_POINT('',(0.00858058853191324,0.0352443637484177,0.0149765439674093));
#7028=CARTESIAN_POINT('',(0.00858058853191324,0.0352443637484177,0.04417817));
#7029=CARTESIAN_POINT('',(0.00858058853191324,0.0352443637484177,0.0175524779006672));
#7030=CARTESIAN_POINT('',(-6.93889390390723E-18,0.151295461583995,0.0175524779006672));
#7031=CARTESIAN_POINT('',(0.00574419720214792,0.0350694403714474,0.0175524779006672));
#7032=CARTESIAN_POINT('',(0.00574419720214792,0.0350694403714474,0.04417817));
#7033=CARTESIAN_POINT('',(0.00574419720214792,0.0350694403714474,0.0201284136965704));
#7034=CARTESIAN_POINT('',(-6.93889390390723E-18,0.151295461583995,0.0201284136965704));
#7035=CARTESIAN_POINT('',(-0.00574419720214792,0.0350694403714474,0.0201284136965704));
#7036=CARTESIAN_POINT('',(-0.00574419720214792,0.0350694403714474,0.04417817));
#7037=CARTESIAN_POINT('',(-0.00574419720214792,0.0350694403714474,0.0175524779006672));
#7038=CARTESIAN_POINT('',(-6.93889390390723E-18,0.151295461583995,0.0175524779006672));
#7039=CARTESIAN_POINT('',(-0.00858058853191324,0.0352443637484177,0.0175524779006672));
#7040=CARTESIAN_POINT('',(-0.00858058853191324,0.0352443637484177,0.04417817));
#7041=CARTESIAN_POINT('',(-0.0306659822102496,-0.300118817342729,0.04417817));
#7042=CARTESIAN_POINT('',(-0.0306659822102496,-0.300118817342729,-4.67505670287416E-9));
#7043=CARTESIAN_POINT('',(-0.0542368411311862,0.0437783860889157,-4.67505670287416E-9));
#7044=CARTESIAN_POINT('',(-0.0542368411311862,0.0437783860889157,0.04417817));
#7045=CARTESIAN_POINT('',(-5.55111512312578E-18,0.122036369267196,0.03917817));
#7046=CARTESIAN_POINT('',(-0.0238137058317661,0.0320393856959005,0.03917817));
#7047=CARTESIAN_POINT('',(-0.0238137058317661,0.0320393856959005,0.00668857678471327));
#7048=CARTESIAN_POINT('',(-5.55111512312578E-18,0.122036369267196,0.00668857678471327));
#7049=CARTESIAN_POINT('',(-0.0348137058317661,0.035696601352097,0.00668857678471327));
#7050=CARTESIAN_POINT('',(-0.0348137058317661,0.035696601352097,0.03917817));
#7051=CARTESIAN_POINT('',(-5.55111512312578E-18,0.122036369267196,-4.67505670981305E-9));
#7052=CARTESIAN_POINT('',(-5.55111512312578E-18,0.122036369267196,0.00620093349067687));
#7053=CARTESIAN_POINT('',(0.0233771167695522,0.0319249934652661,0.00620093349067688));
#7054=CARTESIAN_POINT('',(0.0233771167695522,0.0319249934652661,0.03917817));
#7055=CARTESIAN_POINT('',(0.0207253939927171,0.0312784071855111,0.03917817));
#7056=CARTESIAN_POINT('',(0.0207253939927171,0.0312784071855111,0.01417817));
#7057=CARTESIAN_POINT('',(-5.55111512312578E-18,0.122036369267196,0.01417817));
#7058=CARTESIAN_POINT('',(-0.0207253939927171,0.0312784071855111,0.01417817));
#7059=CARTESIAN_POINT('',(-0.0207253939927171,0.0312784071855111,0.03917817));
#7060=CARTESIAN_POINT('',(0.0661613723340861,-0.0207800102784102,0.03917817));
#7061=CARTESIAN_POINT('',(0.0661613723340861,-0.0207800102784102,0.00199999532494329));
#7062=CARTESIAN_POINT('',(0.0712150368595888,-0.0355736384622651,0.00199999532494329));
#7063=CARTESIAN_POINT('',(0.0712150368595888,-0.0355736384622651,0.03917817));
#7064=CARTESIAN_POINT('',(0.0712150368595888,-0.0355736384622651,-4.67505670981305E-9));
#7065=CARTESIAN_POINT('',(0.0661613723340861,-0.0207800102784102,-4.67505670981305E-9));
#7066=CARTESIAN_POINT('',(0.0611077078085835,-0.0355736384622651,-4.67505670634361E-9));
#7067=CARTESIAN_POINT('',(0.0611077078085835,-0.0355736384622651,0.03917817));
#7068=CARTESIAN_POINT('',(0.0700106230328947,-0.0359317174111458,0.03917817));
#7069=CARTESIAN_POINT('',(0.0335400847731023,-0.0261562381561735,0.03917817));
#7070=CARTESIAN_POINT('',(0.0185647311453246,-0.0210404942396033,0.03917817));
#7071=CARTESIAN_POINT('',(0.0185647311453246,-0.0210404942396033,0.01897817));
#7072=CARTESIAN_POINT('',(0.0335400847731023,-0.0261562381561735,0.01897817));
#7073=CARTESIAN_POINT('',(0.0335400847731023,-0.0261562381561735,-4.67505670981305E-9));
#7074=CARTESIAN_POINT('',(0.00597246173762112,-0.0167388378500819,-4.67505670981305E-9));
#7075=CARTESIAN_POINT('',(0.00597246173762112,-0.0167388378500819,0.03917817));
#7076=CARTESIAN_POINT('',(8.38085391138113E-18,-0.0342220676613997,0.03917817));
#7077=CARTESIAN_POINT('',(8.38085391138113E-18,-0.0342220676613997,-4.67505670981305E-9));
#7078=CARTESIAN_POINT('',(-0.0355845178634187,0.0247207972157787,0.03917817));
#7079=CARTESIAN_POINT('',(-0.0355845178634187,0.0247207972157787,0.0149999953249433));
#7080=CARTESIAN_POINT('',(-0.0762473009315694,-0.0323010488681803,0.0149999953249433));
#7081=CARTESIAN_POINT('',(-0.0762473009315694,-0.0323010488681803,0.03917817));
#7082=CARTESIAN_POINT('',(-0.0667529550773785,0.000516278639967144,-0.00582183));
#7083=CARTESIAN_POINT('',(-0.0746954140250862,-0.0269369319876911,0.0149999953249433));
#7084=CARTESIAN_POINT('',(-0.0714994255154077,-0.0158899569516913,0.0149999953249433));
#7085=CARTESIAN_POINT('',(-0.0714994255154077,-0.0158899569516913,0.00849999532494329));
#7086=CARTESIAN_POINT('',(-0.0714994255154077,-0.0158899569516913,0.00199999532494329));
#7087=CARTESIAN_POINT('',(-0.0746954140250862,-0.0269369319876911,0.00199999532494329));
#7088=CARTESIAN_POINT('',(-0.0801064625120087,-0.0456402900794356,-4.67505670634361E-9));
#7089=CARTESIAN_POINT('',(-0.0803926109336435,-0.0466293657475169,-4.67505670981305E-9));
#7090=CARTESIAN_POINT('',(-0.0803926109336435,-0.0466293657475169,0.04417817));
#7091=CARTESIAN_POINT('',(-0.0801064625120087,-0.0456402900794356,-4.67505670634361E-9));
#7092=CARTESIAN_POINT('',(-0.0579886537295044,0.0308101980031769,0.0029999953249433));
#7093=CARTESIAN_POINT('',(-0.0597950820175836,0.0245662555915247,0.0029999953249433));
#7094=CARTESIAN_POINT('',(-0.0597950820175836,0.0245662555915247,0.00949999532494329));
#7095=CARTESIAN_POINT('',(-0.0597950820175836,0.0245662555915247,0.0159999953249433));
#7096=CARTESIAN_POINT('',(-0.0579886537295044,0.0308101980031769,0.0159999953249433));
#7097=CARTESIAN_POINT('',(-0.0827017154176077,-0.0272250128480127,0.04417817));
#7098=CARTESIAN_POINT('',(-0.0827017154176077,-0.0272250128480127,-4.67505670981305E-9));
#7099=CARTESIAN_POINT('',(-0.0763846347607294,-0.0457170480778313,-4.67505670981305E-9));
#7100=CARTESIAN_POINT('',(-0.0763846347607294,-0.0457170480778313,0.04417817));
#7101=CARTESIAN_POINT('',(-0.0419251059663778,-0.0339452976952168,0.04417817));
#7102=CARTESIAN_POINT('',(-0.0419251059663778,-0.0339452976952168,-4.67505670981305E-9));
#7103=CARTESIAN_POINT('',(-0.00746557717202637,-0.0221735473126023,-4.67505670981305E-9));
#7104=CARTESIAN_POINT('',(-0.00746557717202637,-0.0221735473126023,0.04417817));
#7105=CARTESIAN_POINT('',(1.04760673892264E-17,-0.0440275845767496,0.04417817));
#7106=CARTESIAN_POINT('',(1.04760673892264E-17,-0.0440275845767496,-4.67505670981305E-9));
#7107=CARTESIAN_POINT('',(0.0074655771720264,-0.0221735473126023,-4.67505670981305E-9));
#7108=CARTESIAN_POINT('',(0.0074655771720264,-0.0221735473126023,0.04417817));
#7109=CARTESIAN_POINT('',(0.0419251059663779,-0.0339452976952168,0.04417817));
#7110=CARTESIAN_POINT('',(0.0419251059663779,-0.0339452976952168,-4.67505670981305E-9));
#7111=CARTESIAN_POINT('',(0.0763846347607294,-0.0457170480778314,-4.67505670634361E-9));
#7112=CARTESIAN_POINT('',(0.0763846347607294,-0.0457170480778313,0.04417817));
#7113=CARTESIAN_POINT('',(-0.0763846347607294,-0.0467170480778313,-4.67505670634361E-9));
#7114=CARTESIAN_POINT('',(0.0456583590758944,0.0392590282778846,-4.67505670634361E-9));
#7115=CARTESIAN_POINT('',(0.0439083590758944,0.0392590282778846,-4.67505670634361E-9));
#7116=CARTESIAN_POINT('',(-0.0456583590758944,0.0392590282778846,-4.67505670634361E-9));
#7117=CARTESIAN_POINT('',(-0.0474083590758944,0.0392590282778846,-4.67505670634361E-9));
#7118=CARTESIAN_POINT('',(0.0306659822102496,-0.300118817342729,-4.67505670287416E-9));
#7119=CARTESIAN_POINT('',(0.0750596279237058,-0.083,-0.0209057072651157));
#7120=CARTESIAN_POINT('',(0.0750367557555871,-0.0281167840316424,0.0321785828385128));
#7121=CARTESIAN_POINT('',(0.0745952193238985,-0.0281086084467958,0.0321783925958727));
#7122=CARTESIAN_POINT('',(0.0741544923815104,-0.0280816266969616,0.0321726947214496));
#7123=CARTESIAN_POINT('',(0.0737145781517029,-0.0280357507521594,0.0321615445956421));
#7124=CARTESIAN_POINT('',(0.0737145781517029,-0.0280362327015017,0.0321615445956421));
#7125=CARTESIAN_POINT('',(0.0741545389487563,-0.0280821135025152,0.0321726959017493));
#7126=CARTESIAN_POINT('',(0.0745953126301592,-0.0281090961155329,0.032178393802289));
#7127=CARTESIAN_POINT('',(0.0750368959725079,-0.028117268576638,0.0321785828987422));
#7128=CARTESIAN_POINT('',(0.0753240226643979,-0.0126024436830318,0.01917817));
#7129=CARTESIAN_POINT('',(0.0753240226643978,-0.0126029256323741,0.03917817));
#7130=CARTESIAN_POINT('',(0.0499676708652992,-0.0197854683218108,0.04417817));
#7131=CARTESIAN_POINT('',(0.0461316796434073,-0.0182943575965974,0.04417817));
#7132=CARTESIAN_POINT('',(-0.0763846347607294,-0.0467170480778313,-4.67505670634361E-9));
#7133=CARTESIAN_POINT('',(-0.0753926109336435,-0.0416293657475169,-4.67505670634361E-9));
#7134=CARTESIAN_POINT('',(-0.0771426109336435,-0.0416293657475169,-4.67505670634361E-9));
#7135=CARTESIAN_POINT('',(0.0753926109336434,-0.0416293657475169,-4.67505670634361E-9));
#7136=CARTESIAN_POINT('',(0.0736426109336434,-0.0416293657475169,-4.67505670634361E-9));
#7137=CARTESIAN_POINT('',(1.13616673082172E-17,-0.0179335639814913,-4.67505670634361E-9));
#7138=CARTESIAN_POINT('',(-0.00174999999999999,-0.0179335639814913,-4.67505670634361E-9));
#7139=CARTESIAN_POINT('',(0.0355845178634187,0.0247207972157787,-4.67505670287416E-9));
#7140=CARTESIAN_POINT('',(0.0827017154176077,-0.0272250128480127,-4.67505670981305E-9));
#7141=CARTESIAN_POINT('',(0.0355845178634187,0.0247207972157787,0.03917817));
#7142=CARTESIAN_POINT('',(0.0355845178634187,0.0247207972157787,0.00199999532494329));
#7143=CARTESIAN_POINT('',(0.0827017154176077,-0.0272250128480127,0.04417817));
#7144=CARTESIAN_POINT('',(0.0580819457462351,0.0442590282778846,0.01917817));
#7145=CARTESIAN_POINT('',(0.0455842621375027,0.0442590282778846,0.01917817));
#7146=CARTESIAN_POINT('',(0.0580819457462351,0.039734402067663,0.0202414850723186));
#7147=CARTESIAN_POINT('',(0.0455842621375027,0.039734402067663,0.0202414850723186));
#7148=CARTESIAN_POINT('',(0.0580819457462351,0.0352061523706123,0.0213194885108406));
#7149=CARTESIAN_POINT('',(0.0455842621375027,0.0352061523706123,0.0213194885108406));
#7150=CARTESIAN_POINT('',(0.0580819457462351,0.0306625545760193,0.0223870562047008));
#7151=CARTESIAN_POINT('',(0.0455842621375027,0.0306625545760193,0.0223870562047008));
#7152=CARTESIAN_POINT('',(0.0456583590758944,0.0442590282778846,0.01917817));
#7153=CARTESIAN_POINT('',(0.048524028839141,0.044134272282081,0.0192074884286473));
#7154=CARTESIAN_POINT('',(0.0513835051422842,0.0439739549373312,0.0192451739595396));
#7155=CARTESIAN_POINT('',(0.0542368411311841,0.0437783860889159,0.019291174685563));
#7156=CARTESIAN_POINT('',(0.0306659822102496,-0.300118817342729,0.04417817));
#7157=CARTESIAN_POINT('',(0.0494119658184128,0.0314067478833563,0.0201576930342778));
#7158=CARTESIAN_POINT('',(-0.0494119658184127,0.0314067478833563,0.0201576930342778));
#7159=CARTESIAN_POINT('',(-5.97795672881689E-18,-0.0115773777308304,0.0268903164458109));
#7160=CARTESIAN_POINT('',(1.13616673082172E-17,-0.0179335639814913,0.00832362));
#7161=CARTESIAN_POINT('',(1.12757025938492E-17,-0.0179335639814913,0.00937512608329826));
#7162=CARTESIAN_POINT('',(1.13616673082172E-17,-0.0179335639814913,0.00832362));
#7163=CARTESIAN_POINT('',(1.13616673082172E-17,-0.0196835639814913,0.00832362));
#7164=CARTESIAN_POINT('',(1.13616673082172E-17,-0.0179335639814913,-0.00582183));
#7165=CARTESIAN_POINT('',(0.0753926109336434,-0.0416293657475169,0.00832362));
#7166=CARTESIAN_POINT('',(0.0753926109336434,-0.0416293657475169,0.00937512608329826));
#7167=CARTESIAN_POINT('',(0.0753926109336434,-0.0416293657475169,0.00832362));
#7168=CARTESIAN_POINT('',(0.0753926109336434,-0.0433793657475169,0.00832362));
#7169=CARTESIAN_POINT('',(0.0753926109336434,-0.0416293657475169,-0.00582183));
#7170=CARTESIAN_POINT('',(-0.0753926109336435,-0.0416293657475169,0.00832362));
#7171=CARTESIAN_POINT('',(-0.0753926109336435,-0.0416293657475169,0.00937512608329826));
#7172=CARTESIAN_POINT('',(-0.0753926109336435,-0.0416293657475169,0.00832362));
#7173=CARTESIAN_POINT('',(-0.0753926109336435,-0.0433793657475169,0.00832362));
#7174=CARTESIAN_POINT('',(-0.0753926109336435,-0.0416293657475169,-0.00582183));
#7175=CARTESIAN_POINT('',(-0.0456583590758944,0.0392590282778846,0.00832362));
#7176=CARTESIAN_POINT('',(-0.0456583590758944,0.0392590282778846,0.00937512608329825));
#7177=CARTESIAN_POINT('',(-0.0456583590758944,0.0392590282778846,0.00832362));
#7178=CARTESIAN_POINT('',(-0.0456583590758944,0.0375090282778846,0.00832362));
#7179=CARTESIAN_POINT('',(-0.0456583590758944,0.0392590282778846,-0.00582183));
#7180=CARTESIAN_POINT('',(0.0456583590758944,0.0392590282778846,0.00832362));
#7181=CARTESIAN_POINT('',(0.0456583590758944,0.0392590282778846,0.00937512608329825));
#7182=CARTESIAN_POINT('',(0.0456583590758944,0.0392590282778846,0.00832362));
#7183=CARTESIAN_POINT('',(0.0456583590758944,0.0375090282778846,0.00832362));
#7184=CARTESIAN_POINT('',(0.0456583590758944,0.0392590282778846,-0.00582183));
#7185=CARTESIAN_POINT('',(0.,-0.00362526060082701,0.01897817));
#7186=CARTESIAN_POINT('',(0.0212662192820921,-0.0135678307690304,0.01897817));
#7187=CARTESIAN_POINT('',(0.017338508891943,-0.024432382626947,0.01897817));
#7188=CARTESIAN_POINT('',(0.0290897778063431,-0.028680655507056,0.01897817));
#7189=CARTESIAN_POINT('',(0.0408410467207432,-0.0329289283871651,0.01897817));
#7190=CARTESIAN_POINT('',(0.0447687571108923,-0.0220643765292485,0.01897817));
#7191=CARTESIAN_POINT('',(0.0212662192820921,-0.0135678307690304,0.03397817));
#7192=CARTESIAN_POINT('',(0.017338508891943,-0.024432382626947,0.03397817));
#7193=CARTESIAN_POINT('',(0.0447687571108923,-0.0220643765292485,0.03397817));
#7194=CARTESIAN_POINT('',(0.0408410467207432,-0.0329289283871651,0.03397817));
#7195=CARTESIAN_POINT('',(0.0290897778063431,-0.028680655507056,0.03397817));
#7196=CARTESIAN_POINT('',(0.,-0.00362526060082701,0.01897817));
#7197=CARTESIAN_POINT('',(-0.0447687571108923,-0.0220643765292485,0.01897817));
#7198=CARTESIAN_POINT('',(-0.0408410467207432,-0.0329289283871651,0.01897817));
#7199=CARTESIAN_POINT('',(-0.0290897778063431,-0.028680655507056,0.01897817));
#7200=CARTESIAN_POINT('',(-0.017338508891943,-0.024432382626947,0.01897817));
#7201=CARTESIAN_POINT('',(-0.0212662192820921,-0.0135678307690304,0.01897817));
#7202=CARTESIAN_POINT('',(-0.0447687571108923,-0.0220643765292485,0.03397817));
#7203=CARTESIAN_POINT('',(-0.0408410467207432,-0.0329289283871651,0.03397817));
#7204=CARTESIAN_POINT('',(-0.0290897778063431,-0.028680655507056,0.03397817));
#7205=CARTESIAN_POINT('',(-0.017338508891943,-0.024432382626947,0.03397817));
#7206=CARTESIAN_POINT('',(-0.0212662192820921,-0.0135678307690304,0.03397817));
#7207=CARTESIAN_POINT('',(0.000950000000000055,0.0122784071855111,0.01417817));
#7208=CARTESIAN_POINT('',(0.000950000000000055,0.0312784071855111,0.01417817));
#7209=CARTESIAN_POINT('',(0.000950000000000055,0.0312784071855111,0.03917817));
#7210=CARTESIAN_POINT('',(0.000950000000000055,0.0312784071855111,0.0175524779006672));
#7211=CARTESIAN_POINT('',(0.00574419720214792,0.0312784071855111,0.0175524779006672));
#7212=CARTESIAN_POINT('',(0.00858058853191324,0.0312784071855111,0.0175524779006672));
#7213=CARTESIAN_POINT('',(0.00858058853191324,0.0312784071855111,0.03917817));
#7214=CARTESIAN_POINT('',(0.00858058853191324,0.0312784071855111,0.0149765439674093));
#7215=CARTESIAN_POINT('',(0.00095000000000006,0.0312784071855111,0.0149765439674093));
#7216=CARTESIAN_POINT('',(-0.00858058853191324,0.0312784071855111,0.0149765439674093));
#7217=CARTESIAN_POINT('',(-0.00858058853191324,0.0312784071855111,0.03917817));
#7218=CARTESIAN_POINT('',(-0.00858058853191324,0.0312784071855111,0.0175524779006672));
#7219=CARTESIAN_POINT('',(0.000950000000000055,0.0312784071855111,0.0175524779006672));
#7220=CARTESIAN_POINT('',(-0.00574419720214792,0.0312784071855111,0.0175524779006672));
#7221=CARTESIAN_POINT('',(-0.00574419720214792,0.0312784071855111,0.03917817));
#7222=CARTESIAN_POINT('',(-0.00574419720214792,0.0312784071855111,0.0201284136965704));
#7223=CARTESIAN_POINT('',(0.000950000000000055,0.0312784071855111,0.0201284136965704));
#7224=CARTESIAN_POINT('',(0.00574419720214792,0.0312784071855111,0.0201284136965704));
#7225=CARTESIAN_POINT('',(0.00574419720214792,0.0312784071855111,0.03917817));
#7226=CARTESIAN_POINT('',(0.000950000000000062,-0.00672159281448892,0.03917817));
#7227=CARTESIAN_POINT('',(0.000950000000000062,-0.00672159281448892,0.03917817));
#7228=CARTESIAN_POINT('',(0.00858058853191324,0.0219,0.0162645109340382));
#7229=CARTESIAN_POINT('',(0.00858058853191324,0.0219,0.0149765439674093));
#7230=CARTESIAN_POINT('',(0.00858058853191324,0.0219,0.0175524779006672));
#7231=CARTESIAN_POINT('',(0.00716239286703058,0.0219,0.0175524779006672));
#7232=CARTESIAN_POINT('',(0.00574419720214792,0.0219,0.0175524779006672));
#7233=CARTESIAN_POINT('',(0.00574419720214792,0.0219,0.0188404457986188));
#7234=CARTESIAN_POINT('',(0.00574419720214792,0.0219,0.0201284136965704));
#7235=CARTESIAN_POINT('',(0.,0.0219,0.0201284136965704));
#7236=CARTESIAN_POINT('',(-0.00574419720214792,0.0219,0.0201284136965704));
#7237=CARTESIAN_POINT('',(-0.00574419720214792,0.0219,0.0188404457986188));
#7238=CARTESIAN_POINT('',(-0.00574419720214792,0.0219,0.0175524779006672));
#7239=CARTESIAN_POINT('',(-0.00716239286703058,0.0219,0.0175524779006672));
#7240=CARTESIAN_POINT('',(-0.00858058853191324,0.0219,0.0175524779006672));
#7241=CARTESIAN_POINT('',(-0.00858058853191324,0.0219,0.0162645109340382));
#7242=CARTESIAN_POINT('',(-0.00858058853191324,0.0219,0.0149765439674093));
#7243=CARTESIAN_POINT('',(0.,0.0219,0.0149765439674093));
#7244=CARTESIAN_POINT('',(0.0233771167695522,0.0219,0.0171667855575514));
#7245=CARTESIAN_POINT('',(0.0233771167695522,0.0219,0.00620093349067688));
#7246=CARTESIAN_POINT('',(0.039162165123006,0.0219,0.0171667855575514));
#7247=CARTESIAN_POINT('',(0.039162165123006,0.0219,0.00620093349067688));
#7248=CARTESIAN_POINT('',(0.0312696409462791,0.0219,0.00620093349067688));
#7249=CARTESIAN_POINT('',(-0.0238137058317661,0.0234,0.0146885767847133));
#7250=CARTESIAN_POINT('',(-0.0238137058317661,0.0234,0.00668857678471327));
#7251=CARTESIAN_POINT('',(-0.0348137058317661,0.0234,0.0146885767847133));
#7252=CARTESIAN_POINT('',(-0.0348137058317661,0.0234,0.00668857678471327));
#7253=CARTESIAN_POINT('',(-0.0293137058317661,0.0234,0.00668857678471327));
#7254=CARTESIAN_POINT('',(0.0512644080554175,0.0288648136929378,0.0159999953249433));
#7255=CARTESIAN_POINT('',(0.0494579797673384,0.0351087561045898,0.0159999953249433));
#7256=CARTESIAN_POINT('',(0.0530708363434967,0.0226208712812857,0.0159999953249433));
#7257=CARTESIAN_POINT('',(0.0512644080554175,0.0288648136929378,0.0029999953249433));
#7258=CARTESIAN_POINT('',(0.0530708363434967,0.0226208712812857,0.0029999953249433));
#7259=CARTESIAN_POINT('',(0.0494579797673384,0.0351087561045898,0.0029999953249433));
#7260=CARTESIAN_POINT('',(0.0494579797673384,0.0351087561045898,0.00949999532494329));
#7261=CARTESIAN_POINT('',(0.0530708363434967,0.0226208712812857,0.00949999532494329));
#7262=CARTESIAN_POINT('',(0.0512644080554175,0.0288648136929378,0.0153499953249433));
#7263=CARTESIAN_POINT('',(0.0573162291620957,0.0306156595721529,0.0153499953249433));
#7264=CARTESIAN_POINT('',(0.0589420146213669,0.024996111401666,0.0153499953249433));
#7265=CARTESIAN_POINT('',(0.0556904437028244,0.0362352077426398,0.0153499953249433));
#7266=CARTESIAN_POINT('',(0.0528901935146888,0.0232452655224509,0.0153499953249433));
#7267=CARTESIAN_POINT('',(0.0496386225961463,0.0344843618634246,0.0153499953249433));
#7268=CARTESIAN_POINT('',(0.0528901935146888,0.0232452655224509,0.00949999532494329));
#7269=CARTESIAN_POINT('',(0.0589420146213669,0.024996111401666,0.00949999532494329));
#7270=CARTESIAN_POINT('',(0.0589420146213669,0.024996111401666,0.00364999532494329));
#7271=CARTESIAN_POINT('',(0.0528901935146888,0.0232452655224509,0.00364999532494329));
#7272=CARTESIAN_POINT('',(0.0512644080554175,0.0288648136929378,0.00364999532494329));
#7273=CARTESIAN_POINT('',(0.0573162291620957,0.0306156595721529,0.00364999532494329));
#7274=CARTESIAN_POINT('',(0.0556904437028244,0.0362352077426398,0.00364999532494329));
#7275=CARTESIAN_POINT('',(0.0496386225961463,0.0344843618634246,0.00364999532494329));
#7276=CARTESIAN_POINT('',(0.0496386225961463,0.0344843618634246,0.00949999532494329));
#7277=CARTESIAN_POINT('',(0.0556904437028244,0.0362352077426398,0.00949999532494329));
#7278=CARTESIAN_POINT('',(0.0654595733948272,0.00246808639530588,0.00904999532494329));
#7279=CARTESIAN_POINT('',(0.0679711683509993,-0.0288823162979303,0.0149999953249433));
#7280=CARTESIAN_POINT('',(0.0647751798413208,-0.0178353412619304,0.0149999953249433));
#7281=CARTESIAN_POINT('',(0.0679711683509993,-0.0288823162979303,0.00199999532494329));
#7282=CARTESIAN_POINT('',(0.0647751798413208,-0.0178353412619304,0.00199999532494329));
#7283=CARTESIAN_POINT('',(0.0647751798413208,-0.0178353412619304,0.0084999953249433));
#7284=CARTESIAN_POINT('',(0.0610784283177072,-0.0050574724829961,0.00894999532494329));
#7285=CARTESIAN_POINT('',(0.0679711683509993,-0.0288823162979303,0.0143499953249433));
#7286=CARTESIAN_POINT('',(0.0708475580097099,-0.0388245938303301,0.0143499953249433));
#7287=CARTESIAN_POINT('',(0.0708475580097099,-0.0388245938303301,0.0084999953249433));
#7288=CARTESIAN_POINT('',(0.0708475580097099,-0.0388245938303301,0.00264999532494329));
#7289=CARTESIAN_POINT('',(0.0679711683509993,-0.0288823162979303,0.00264999532494329));
#7290=CARTESIAN_POINT('',(0.0679711683509993,-0.0288823162979303,0.0143499953249433));
#7291=CARTESIAN_POINT('',(0.0740229894576774,-0.0271314704187151,0.0143499953249433));
#7292=CARTESIAN_POINT('',(0.0768993791163881,-0.0370737479511149,0.0143499953249433));
#7293=CARTESIAN_POINT('',(0.0711465997989668,-0.0171891928863152,0.0143499953249433));
#7294=CARTESIAN_POINT('',(0.0708475580097099,-0.0388245938303301,0.0143499953249433));
#7295=CARTESIAN_POINT('',(0.0650947786922886,-0.0189400387655304,0.0143499953249433));
#7296=CARTESIAN_POINT('',(0.0708475580097099,-0.0388245938303301,0.0084999953249433));
#7297=CARTESIAN_POINT('',(0.0768993791163881,-0.0370737479511149,0.0084999953249433));
#7298=CARTESIAN_POINT('',(0.0768993791163881,-0.0370737479511149,0.00264999532494329));
#7299=CARTESIAN_POINT('',(0.0708475580097099,-0.0388245938303301,0.00264999532494329));
#7300=CARTESIAN_POINT('',(0.0679711683509993,-0.0288823162979303,0.00264999532494329));
#7301=CARTESIAN_POINT('',(0.0740229894576774,-0.0271314704187151,0.00264999532494329));
#7302=CARTESIAN_POINT('',(0.0711465997989668,-0.0171891928863152,0.00264999532494329));
#7303=CARTESIAN_POINT('',(0.0650947786922886,-0.0189400387655304,0.00264999532494329));
#7304=CARTESIAN_POINT('',(0.0650947786922886,-0.0189400387655304,0.0084999953249433));
#7305=CARTESIAN_POINT('',(0.0711465997989668,-0.0171891928863152,0.0084999953249433));
#7306=CARTESIAN_POINT('',(0.0671302494243854,-0.00330662660378094,0.00894999532494329));
#7307=CARTESIAN_POINT('',(-0.0512644080554176,0.0288648136929378,0.0159999953249433));
#7308=CARTESIAN_POINT('',(-0.0530708363434967,0.0226208712812857,0.0159999953249433));
#7309=CARTESIAN_POINT('',(-0.0494579797673384,0.0351087561045898,0.0159999953249433));
#7310=CARTESIAN_POINT('',(-0.0494579797673384,0.0351087561045898,0.00949999532494329));
#7311=CARTESIAN_POINT('',(-0.0494579797673384,0.0351087561045898,0.0029999953249433));
#7312=CARTESIAN_POINT('',(-0.0512644080554176,0.0288648136929378,0.0029999953249433));
#7313=CARTESIAN_POINT('',(-0.0530708363434967,0.0226208712812857,0.0029999953249433));
#7314=CARTESIAN_POINT('',(-0.0530708363434967,0.0226208712812857,0.00949999532494329));
#7315=CARTESIAN_POINT('',(-0.0512644080554176,0.0288648136929378,0.0153499953249433));
#7316=CARTESIAN_POINT('',(-0.0573162291620957,0.0306156595721529,0.0153499953249433));
#7317=CARTESIAN_POINT('',(-0.0556904437028245,0.0362352077426398,0.0153499953249433));
#7318=CARTESIAN_POINT('',(-0.0589420146213669,0.024996111401666,0.0153499953249433));
#7319=CARTESIAN_POINT('',(-0.0496386225961463,0.0344843618634246,0.0153499953249433));
#7320=CARTESIAN_POINT('',(-0.0528901935146888,0.0232452655224509,0.0153499953249433));
#7321=CARTESIAN_POINT('',(-0.0496386225961463,0.0344843618634246,0.00949999532494329));
#7322=CARTESIAN_POINT('',(-0.0556904437028245,0.0362352077426398,0.00949999532494329));
#7323=CARTESIAN_POINT('',(-0.0556904437028245,0.0362352077426398,0.00364999532494329));
#7324=CARTESIAN_POINT('',(-0.0496386225961463,0.0344843618634246,0.00364999532494329));
#7325=CARTESIAN_POINT('',(-0.0512644080554176,0.0288648136929378,0.00364999532494329));
#7326=CARTESIAN_POINT('',(-0.0573162291620957,0.0306156595721529,0.00364999532494329));
#7327=CARTESIAN_POINT('',(-0.0589420146213669,0.024996111401666,0.00364999532494329));
#7328=CARTESIAN_POINT('',(-0.0528901935146888,0.0232452655224509,0.00364999532494329));
#7329=CARTESIAN_POINT('',(-0.0528901935146888,0.0232452655224509,0.00949999532494329));
#7330=CARTESIAN_POINT('',(-0.0589420146213669,0.024996111401666,0.00949999532494329));
#7331=CARTESIAN_POINT('',(-0.0654595733948272,0.00246808639530588,0.00904999532494329));
#7332=CARTESIAN_POINT('',(-0.0679711683509993,-0.0288823162979303,0.0149999953249433));
#7333=CARTESIAN_POINT('',(-0.0647751798413208,-0.0178353412619304,0.0149999953249433));
#7334=CARTESIAN_POINT('',(-0.0647751798413208,-0.0178353412619304,0.00849999532494329));
#7335=CARTESIAN_POINT('',(-0.0647751798413208,-0.0178353412619304,0.00199999532494329));
#7336=CARTESIAN_POINT('',(-0.0679711683509993,-0.0288823162979303,0.00199999532494329));
#7337=CARTESIAN_POINT('',(-0.07084755800971,-0.0388245938303301,0.0084999953249433));
#7338=CARTESIAN_POINT('',(-0.0768993791163881,-0.0370737479511149,0.0084999953249433));
#7339=CARTESIAN_POINT('',(-0.0768993791163881,-0.0370737479511149,0.0143499953249433));
#7340=CARTESIAN_POINT('',(-0.0768993791163881,-0.0370737479511149,0.00264999532494329));
#7341=CARTESIAN_POINT('',(-0.07084755800971,-0.0388245938303301,0.0143499953249433));
#7342=CARTESIAN_POINT('',(-0.07084755800971,-0.0388245938303301,0.0143499953249433));
#7343=CARTESIAN_POINT('',(-0.07084755800971,-0.0388245938303301,0.0084999953249433));
#7344=CARTESIAN_POINT('',(-0.07084755800971,-0.0388245938303301,0.00264999532494329));
#7345=CARTESIAN_POINT('',(-0.07084755800971,-0.0388245938303301,0.00264999532494329));
#7346=CARTESIAN_POINT('',(-0.0679711683509993,-0.0288823162979303,0.0143499953249433));
#7347=CARTESIAN_POINT('',(-0.0740229894576775,-0.0271314704187151,0.0143499953249433));
#7348=CARTESIAN_POINT('',(-0.0711465997989668,-0.0171891928863152,0.0143499953249433));
#7349=CARTESIAN_POINT('',(-0.0650947786922887,-0.0189400387655304,0.0143499953249433));
#7350=CARTESIAN_POINT('',(-0.0679711683509993,-0.0288823162979303,0.0143499953249433));
#7351=CARTESIAN_POINT('',(-0.0650947786922887,-0.0189400387655304,0.00849999532494329));
#7352=CARTESIAN_POINT('',(-0.0711465997989668,-0.0171891928863152,0.00849999532494329));
#7353=CARTESIAN_POINT('',(-0.0711465997989668,-0.0171891928863152,0.00264999532494329));
#7354=CARTESIAN_POINT('',(-0.0650947786922887,-0.0189400387655304,0.00264999532494329));
#7355=CARTESIAN_POINT('',(-0.0679711683509993,-0.0288823162979303,0.00264999532494329));
#7356=CARTESIAN_POINT('',(-0.0740229894576775,-0.0271314704187151,0.00264999532494329));
#7357=CARTESIAN_POINT('',(-0.0679711683509993,-0.0288823162979303,0.00264999532494329));
#7358=CARTESIAN_POINT('',(-0.0610784283177072,-0.0050574724829961,0.00894999532494329));
#7359=CARTESIAN_POINT('',(-0.0671302494243854,-0.00330662660378094,0.00894999532494329));
#7360=CARTESIAN_POINT('',(0.,0.,0.));
#7361=CARTESIAN_POINT('',(0.0355845178634187,0.114720797215779,0.045));
#7362=CARTESIAN_POINT('',(0.0762473009315694,0.0576989511318197,0.045));
#7363=CARTESIAN_POINT('',(0.0762473009315694,0.0576989511318197,0.005));
#7364=CARTESIAN_POINT('',(0.0762473009315694,0.0576989511318197,0.0058218253249433));
#7365=CARTESIAN_POINT('',(0.0355845178634187,0.114720797215779,0.005));
#7366=CARTESIAN_POINT('',(0.0712150368595888,0.0544263615377349,0.005));
#7367=CARTESIAN_POINT('',(0.0712150368595888,0.0544263615377349,0.045));
#7368=CARTESIAN_POINT('',(0.0712150368595888,0.0544263615377349,0.00582182532494329));
#7369=CARTESIAN_POINT('',(0.0355845178634187,0.114720797215779,0.0058218253249433));
#7370=CARTESIAN_POINT('',(0.0245327857681997,-0.149095053874183,0.045));
#7371=CARTESIAN_POINT('',(0.0568434100792901,0.124768747283233,0.045));
#7372=CARTESIAN_POINT('',(0.0568434100792901,0.124768747283233,0.00582182532494329));
#7373=CARTESIAN_POINT('',(0.05684341007929,0.124768747283233,0.005));
#7374=CARTESIAN_POINT('',(0.0245327857681997,-0.149095053874183,0.00582182532494329));
#7375=CARTESIAN_POINT('',(0.0365266872607155,0.126407222622308,0.00582182532494329));
#7376=CARTESIAN_POINT('',(0.0365266872607155,0.126407222622308,0.045));
#7377=CARTESIAN_POINT('',(0.0365266872607155,0.126407222622308,0.005));
#7378=CARTESIAN_POINT('',(0.0245327857681997,-0.149095053874183,0.005));
#7379=CARTESIAN_POINT('',(0.0827017154176077,0.0627749871519873,0.05));
#7380=CARTESIAN_POINT('',(0.0827017154176077,0.0627749871519873,1.38777878078145E-17));
#7381=CARTESIAN_POINT('',(0.0803926109336434,0.0433706342524831,1.62541356746048E-17));
#7382=CARTESIAN_POINT('',(0.0763846347607294,0.0442829519221686,2.08166817117217E-17));
#7383=CARTESIAN_POINT('',(0.0803926109336434,0.0433706342524831,0.05));
#7384=CARTESIAN_POINT('',(0.0803926109336434,0.0433706342524831,0.00582182532494329));
#7385=CARTESIAN_POINT('',(0.0827017154176077,0.0627749871519873,0.00582182532494329));
#7386=CARTESIAN_POINT('',(0.0763846347607294,0.0442829519221686,0.00582182532494329));
#7387=CARTESIAN_POINT('',(0.0763846347607294,0.0442829519221686,0.05));
#7388=CARTESIAN_POINT('',(0.0306659822102496,-0.210118817342729,0.05));
#7389=CARTESIAN_POINT('',(0.0306659822102496,-0.210118817342729,0.0058218253249433));
#7390=CARTESIAN_POINT('',(0.0542368411311861,0.133778386088916,0.0058218253249433));
#7391=CARTESIAN_POINT('',(0.0456583590758944,0.134259028277885,0.0058218253249433));
#7392=CARTESIAN_POINT('',(0.0542368411311861,0.133778386088916,0.05));
#7393=CARTESIAN_POINT('',(0.0542368411311861,0.133778386088916,1.33958902894288E-17));
#7394=CARTESIAN_POINT('',(0.0306659822102496,-0.210118817342729,5.55111512312578E-17));
#7395=CARTESIAN_POINT('',(0.0456583590758944,0.134259028277885,1.38777878078145E-17));
#7396=CARTESIAN_POINT('',(0.0456583590758944,0.134259028277885,0.05));
#7397=CARTESIAN_POINT('',(-0.000712286841542201,0.108820674540374,1.38777878078145E-17));
#7398=CARTESIAN_POINT('',(-0.0753926109336435,0.0483706342524831,2.0204358312148E-17));
#7399=CARTESIAN_POINT('',(-0.0753926109336435,0.0466206342524831,2.04186715019988E-17));
#7400=CARTESIAN_POINT('',(0.0753926109336434,0.0483706342524831,2.0204358312148E-17));
#7401=CARTESIAN_POINT('',(0.0753926109336434,0.0466206342524831,2.04186715019988E-17));
#7402=CARTESIAN_POINT('',(0.0456583590758944,0.129259028277885,7.5512173034809E-18));
#7403=CARTESIAN_POINT('',(0.0456583590758944,0.127509028277885,7.76553049333169E-18));
#7404=CARTESIAN_POINT('',(-0.0456583590758944,0.129259028277885,7.5512173034809E-18));
#7405=CARTESIAN_POINT('',(-0.0456583590758944,0.127509028277885,7.76553049333169E-18));
#7406=CARTESIAN_POINT('',(1.13616673082172E-17,0.0720664360185088,1.83783332866802E-17));
#7407=CARTESIAN_POINT('',(1.13616673082172E-17,0.0703164360185088,1.8592646476531E-17));
#7408=CARTESIAN_POINT('',(0.0566556530752058,0.125417731761954,1.18452345076471E-17));
#7409=CARTESIAN_POINT('',(0.0419251059663779,0.0560547023047831,2.08166817117217E-17));
#7410=CARTESIAN_POINT('',(0.0074655771720264,0.0678264526873977,2.08166817117217E-17));
#7411=CARTESIAN_POINT('',(1.04760673892264E-17,0.0459724154232504,2.08166817117217E-17));
#7412=CARTESIAN_POINT('',(-0.00746557717202637,0.0678264526873977,2.08166817117217E-17));
#7413=CARTESIAN_POINT('',(-0.0419251059663778,0.0560547023047832,2.08166817117217E-17));
#7414=CARTESIAN_POINT('',(-0.0763846347607294,0.0442829519221686,2.08166817117217E-17));
#7415=CARTESIAN_POINT('',(-0.0827017154176077,0.0627749871519873,1.38777878078145E-17));
#7416=CARTESIAN_POINT('',(-0.0803926109336435,0.0433706342524831,1.38777878078145E-17));
#7417=CARTESIAN_POINT('',(-0.0567656801723131,0.125037421697839,1.18918090579173E-17));
#7418=CARTESIAN_POINT('',(-0.0542368411311862,0.133778386088916,1.33958902894288E-17));
#7419=CARTESIAN_POINT('',(-0.0306659822102496,-0.210118817342729,5.55111512312578E-17));
#7420=CARTESIAN_POINT('',(-0.0456583590758944,0.134259028277885,1.38777878078145E-17));
#7421=CARTESIAN_POINT('',(-6.93889390390723E-18,0.241295461583995,0.));
#7422=CARTESIAN_POINT('',(-0.0763846347607294,0.0432829519221686,0.00582182532494329));
#7423=CARTESIAN_POINT('',(0.0456583590758944,0.129259028277885,0.00582182532494329));
#7424=CARTESIAN_POINT('',(0.0439083590758944,0.129259028277885,0.00582182532494329));
#7425=CARTESIAN_POINT('',(-0.0456583590758944,0.129259028277885,0.00582182532494329));
#7426=CARTESIAN_POINT('',(-0.0474083590758944,0.129259028277885,0.00582182532494329));
#7427=CARTESIAN_POINT('',(0.0683073120347605,0.0851436239970509,0.00582182532494329));
#7428=CARTESIAN_POINT('',(-6.93889390390723E-18,0.241295461583995,0.0058218253249433));
#7429=CARTESIAN_POINT('',(-0.0456583590758944,0.134259028277885,0.0058218253249433));
#7430=CARTESIAN_POINT('',(-0.0306659822102496,-0.210118817342729,0.0058218253249433));
#7431=CARTESIAN_POINT('',(-0.0542368411311862,0.133778386088916,0.0058218253249433));
#7432=CARTESIAN_POINT('',(-0.0801064625120087,0.0443597099205645,0.00582182532494329));
#7433=CARTESIAN_POINT('',(-0.0568434100792901,0.124768747283233,0.00582182532494329));
#7434=CARTESIAN_POINT('',(-0.0245327857681997,-0.149095053874183,0.00582182532494329));
#7435=CARTESIAN_POINT('',(-0.0365266872607155,0.126407222622308,0.00582182532494329));
#7436=CARTESIAN_POINT('',(-5.55111512312578E-18,0.212036369267196,0.00582182532494329));
#7437=CARTESIAN_POINT('',(-0.0763846347607294,0.0432829519221686,0.00582182532494329));
#7438=CARTESIAN_POINT('',(-0.0753926109336435,0.0483706342524831,0.00582182532494329));
#7439=CARTESIAN_POINT('',(-0.0771426109336435,0.0483706342524831,0.00582182532494329));
#7440=CARTESIAN_POINT('',(0.0753926109336434,0.0483706342524831,0.00582182532494329));
#7441=CARTESIAN_POINT('',(0.0736426109336434,0.0483706342524831,0.00582182532494329));
#7442=CARTESIAN_POINT('',(1.13616673082172E-17,0.0720664360185088,0.00582182532494329));
#7443=CARTESIAN_POINT('',(-0.00174999999999999,0.0720664360185088,0.00582182532494329));
#7444=CARTESIAN_POINT('',(0.0683073120347605,0.0851436239970509,0.00582182532494329));
#7445=CARTESIAN_POINT('',(0.0661613723340861,0.0692199897215898,0.00582182532494329));
#7446=CARTESIAN_POINT('',(0.0611077078085835,0.0544263615377349,0.00582182532494329));
#7447=CARTESIAN_POINT('',(0.0335400847731023,0.0638437618438265,0.00582182532494329));
#7448=CARTESIAN_POINT('',(0.00597246173762112,0.0732611621499181,0.00582182532494329));
#7449=CARTESIAN_POINT('',(8.38085391138113E-18,0.0557779323386003,0.00582182532494329));
#7450=CARTESIAN_POINT('',(-0.0059724617376211,0.0732611621499181,0.00582182532494329));
#7451=CARTESIAN_POINT('',(-0.0335400847731023,0.0638437618438265,0.00582182532494329));
#7452=CARTESIAN_POINT('',(-0.0611077078085835,0.0544263615377349,0.00582182532494329));
#7453=CARTESIAN_POINT('',(-0.0661613723340861,0.0692199897215898,0.00582182532494329));
#7454=CARTESIAN_POINT('',(-0.0712150368595888,0.0544263615377349,0.0058218253249433));
#7455=CARTESIAN_POINT('',(-0.0355845178634187,0.114720797215779,0.0058218253249433));
#7456=CARTESIAN_POINT('',(-0.0762473009315694,0.0576989511318197,0.0058218253249433));
#7457=CARTESIAN_POINT('',(-0.0801064625120087,0.0443597099205645,0.00582182532494329));
#7458=CARTESIAN_POINT('',(-0.0803926109336435,0.0433706342524831,0.00582182532494329));
#7459=CARTESIAN_POINT('',(-0.0827017154176077,0.0627749871519873,0.00582182532494329));
#7460=CARTESIAN_POINT('',(-0.0763846347607294,0.0442829519221686,0.00582182532494329));
#7461=CARTESIAN_POINT('',(-0.0419251059663778,0.0560547023047831,0.00582182532494329));
#7462=CARTESIAN_POINT('',(-0.00746557717202637,0.0678264526873976,0.00582182532494329));
#7463=CARTESIAN_POINT('',(1.04760673892264E-17,0.0459724154232504,0.00582182532494329));
#7464=CARTESIAN_POINT('',(0.0074655771720264,0.0678264526873977,0.00582182532494329));
#7465=CARTESIAN_POINT('',(0.0419251059663779,0.0560547023047831,0.00582182532494329));
#7466=CARTESIAN_POINT('',(-0.000569829473233761,0.106056539632299,0.005));
#7467=CARTESIAN_POINT('',(0.0574045806368181,0.122829054095608,0.005));
#7468=CARTESIAN_POINT('',(-5.55111512312578E-18,0.212036369267196,0.005));
#7469=CARTESIAN_POINT('',(-0.0365266872607155,0.126407222622308,0.005));
#7470=CARTESIAN_POINT('',(-0.0245327857681997,-0.149095053874183,0.005));
#7471=CARTESIAN_POINT('',(-0.0568434100792901,0.124768747283233,0.005));
#7472=CARTESIAN_POINT('',(-0.057492602314504,0.122524806044316,0.005));
#7473=CARTESIAN_POINT('',(-0.0762473009315694,0.0576989511318197,0.005));
#7474=CARTESIAN_POINT('',(-0.0355845178634187,0.114720797215779,0.005));
#7475=CARTESIAN_POINT('',(-0.0712150368595888,0.0544263615377349,0.005));
#7476=CARTESIAN_POINT('',(-0.0661613723340861,0.0692199897215898,0.005));
#7477=CARTESIAN_POINT('',(-0.0611077078085835,0.0544263615377349,0.005));
#7478=CARTESIAN_POINT('',(-0.0335400847731023,0.0638437618438266,0.005));
#7479=CARTESIAN_POINT('',(-0.0059724617376211,0.0732611621499181,0.005));
#7480=CARTESIAN_POINT('',(8.38085391138113E-18,0.0557779323386003,0.005));
#7481=CARTESIAN_POINT('',(0.00597246173762112,0.0732611621499181,0.005));
#7482=CARTESIAN_POINT('',(0.0335400847731023,0.0638437618438265,0.005));
#7483=CARTESIAN_POINT('',(0.0611077078085835,0.0544263615377349,0.005));
#7484=CARTESIAN_POINT('',(0.0661613723340861,0.0692199897215898,0.005));
#7485=CARTESIAN_POINT('',(-0.0661613723340861,0.0692199897215898,0.045));
#7486=CARTESIAN_POINT('',(-0.0611077078085835,0.0544263615377349,0.045));
#7487=CARTESIAN_POINT('',(-0.0712150368595888,0.0544263615377349,0.045));
#7488=CARTESIAN_POINT('',(-0.0335400847731023,0.0638437618438265,0.045));
#7489=CARTESIAN_POINT('',(-0.0059724617376211,0.0732611621499181,0.045));
#7490=CARTESIAN_POINT('',(8.38085391138113E-18,0.0557779323386003,0.045));
#7491=CARTESIAN_POINT('',(0.00597246173762112,0.0732611621499181,0.045));
#7492=CARTESIAN_POINT('',(0.0335400847731023,0.0638437618438265,0.045));
#7493=CARTESIAN_POINT('',(0.0611077078085835,0.0544263615377349,0.045));
#7494=CARTESIAN_POINT('',(0.0661613723340861,0.0692199897215898,0.045));
#7495=CARTESIAN_POINT('',(-5.55111512312578E-18,0.212036369267196,0.045));
#7496=CARTESIAN_POINT('',(-0.0365266872607155,0.126407222622308,0.045));
#7497=CARTESIAN_POINT('',(1.04760673892264E-17,0.0459724154232504,0.05));
#7498=CARTESIAN_POINT('',(0.0074655771720264,0.0678264526873977,0.05));
#7499=CARTESIAN_POINT('',(-0.00746557717202637,0.0678264526873977,0.05));
#7500=CARTESIAN_POINT('',(0.0419251059663779,0.0560547023047831,0.05));
#7501=CARTESIAN_POINT('',(-6.93889390390723E-18,0.241295461583995,0.05));
#7502=CARTESIAN_POINT('',(-0.0456583590758944,0.134259028277885,0.05));
#7503=CARTESIAN_POINT('',(-0.0419251059663778,0.0560547023047831,0.05));
#7504=CARTESIAN_POINT('',(-0.0763846347607294,0.0442829519221686,0.05));
#7505=CARTESIAN_POINT('',(-0.0827017154176077,0.0627749871519873,0.05));
#7506=CARTESIAN_POINT('',(-0.0803926109336435,0.0433706342524831,0.05));
#7507=CARTESIAN_POINT('',(-0.0306659822102496,-0.210118817342729,0.05));
#7508=CARTESIAN_POINT('',(-0.0542368411311862,0.133778386088916,0.05));
#7509=CARTESIAN_POINT('',(-0.0245327857681997,-0.149095053874183,0.045));
#7510=CARTESIAN_POINT('',(-0.0568434100792901,0.124768747283233,0.045));
#7511=CARTESIAN_POINT('',(-0.0355845178634187,0.114720797215779,0.045));
#7512=CARTESIAN_POINT('',(-0.0762473009315694,0.0576989511318197,0.045));
#7513=CARTESIAN_POINT('',(-0.0667529550773785,0.0905162786399671,0.));
#7514=CARTESIAN_POINT('',(0.0667529550773785,0.0905162786399671,0.));
#7515=CARTESIAN_POINT('',(1.13616673082172E-17,0.0720664360185088,1.76210858318349E-17));
#7516=CARTESIAN_POINT('',(0.0753926109336434,0.0483706342524831,1.94471108573026E-17));
#7517=CARTESIAN_POINT('',(-0.0753926109336435,0.0483706342524831,1.94471108573026E-17));
#7518=CARTESIAN_POINT('',(-0.0456583590758944,0.129259028277885,6.79396984863556E-18));
#7519=CARTESIAN_POINT('',(0.0456583590758944,0.129259028277885,6.79396984863556E-18));
#7520=MECHANICAL_DESIGN_GEOMETRIC_PRESENTATION_REPRESENTATION('',(#4408),
#7523);
#7521=MECHANICAL_DESIGN_GEOMETRIC_PRESENTATION_REPRESENTATION('',(#4409),
#7524);
#7522=MECHANICAL_DESIGN_GEOMETRIC_PRESENTATION_REPRESENTATION('',(#4410),
#7525);
#7523=(
GEOMETRIC_REPRESENTATION_CONTEXT(3)
GLOBAL_UNCERTAINTY_ASSIGNED_CONTEXT((#7526))
GLOBAL_UNIT_ASSIGNED_CONTEXT((#7535,#7532,#7529))
REPRESENTATION_CONTEXT('Top Case','TOP_LEVEL_ASSEMBLY_PART')
);
#7524=(
GEOMETRIC_REPRESENTATION_CONTEXT(3)
GLOBAL_UNCERTAINTY_ASSIGNED_CONTEXT((#7527))
GLOBAL_UNIT_ASSIGNED_CONTEXT((#7536,#7533,#7530))
REPRESENTATION_CONTEXT('Base','TOP_LEVEL_ASSEMBLY_PART')
);
#7525=(
GEOMETRIC_REPRESENTATION_CONTEXT(3)
GLOBAL_UNCERTAINTY_ASSIGNED_CONTEXT((#7528))
GLOBAL_UNIT_ASSIGNED_CONTEXT((#7537,#7534,#7531))
REPRESENTATION_CONTEXT('Base Bottom','TOP_LEVEL_ASSEMBLY_PART')
);
#7526=UNCERTAINTY_MEASURE_WITH_UNIT(LENGTH_MEASURE(2.1428955284854E-5),
#7535,'DISTANCE_ACCURACY_VALUE','Maximum Tolerance applied to model');
#7527=UNCERTAINTY_MEASURE_WITH_UNIT(LENGTH_MEASURE(3.05090796733215E-5),
#7536,'DISTANCE_ACCURACY_VALUE','Maximum Tolerance applied to model');
#7528=UNCERTAINTY_MEASURE_WITH_UNIT(LENGTH_MEASURE(2.E-5),#7537,
'DISTANCE_ACCURACY_VALUE','Maximum Tolerance applied to model');
#7529=(
NAMED_UNIT(*)
SI_UNIT($,.STERADIAN.)
SOLID_ANGLE_UNIT()
);
#7530=(
NAMED_UNIT(*)
SI_UNIT($,.STERADIAN.)
SOLID_ANGLE_UNIT()
);
#7531=(
NAMED_UNIT(*)
SI_UNIT($,.STERADIAN.)
SOLID_ANGLE_UNIT()
);
#7532=(
NAMED_UNIT(*)
PLANE_ANGLE_UNIT()
SI_UNIT($,.RADIAN.)
);
#7533=(
NAMED_UNIT(*)
PLANE_ANGLE_UNIT()
SI_UNIT($,.RADIAN.)
);
#7534=(
NAMED_UNIT(*)
PLANE_ANGLE_UNIT()
SI_UNIT($,.RADIAN.)
);
#7535=(
LENGTH_UNIT()
NAMED_UNIT(*)
SI_UNIT($,.METRE.)
);
#7536=(
LENGTH_UNIT()
NAMED_UNIT(*)
SI_UNIT($,.METRE.)
);
#7537=(
LENGTH_UNIT()
NAMED_UNIT(*)
SI_UNIT($,.METRE.)
);
#7538=PRODUCT_DEFINITION_SHAPE('','',#7541);
#7539=PRODUCT_DEFINITION_SHAPE('','',#7542);
#7540=PRODUCT_DEFINITION_SHAPE('','',#7543);
#7541=PRODUCT_DEFINITION('','',#7547,#7544);
#7542=PRODUCT_DEFINITION('','',#7548,#7545);
#7543=PRODUCT_DEFINITION('','',#7549,#7546);
#7544=PRODUCT_DEFINITION_CONTEXT('',#7565,'design');
#7545=PRODUCT_DEFINITION_CONTEXT('',#7566,'design');
#7546=PRODUCT_DEFINITION_CONTEXT('',#7567,'design');
#7547=PRODUCT_DEFINITION_FORMATION_WITH_SPECIFIED_SOURCE('','',#7553,
 .NOT_KNOWN.);
#7548=PRODUCT_DEFINITION_FORMATION_WITH_SPECIFIED_SOURCE('','',#7554,
 .NOT_KNOWN.);
#7549=PRODUCT_DEFINITION_FORMATION_WITH_SPECIFIED_SOURCE('','',#7555,
 .NOT_KNOWN.);
#7550=PRODUCT_RELATED_PRODUCT_CATEGORY('','',(#7553));
#7551=PRODUCT_RELATED_PRODUCT_CATEGORY('','',(#7554));
#7552=PRODUCT_RELATED_PRODUCT_CATEGORY('','',(#7555));
#7553=PRODUCT('Top Case','Top Case','Top Case',(#7559));
#7554=PRODUCT('Base','Base','Base',(#7560));
#7555=PRODUCT('Base Bottom','Base Bottom','Base Bottom',(#7561));
#7556=PRODUCT_CATEGORY('','');
#7557=PRODUCT_CATEGORY('','');
#7558=PRODUCT_CATEGORY('','');
#7559=PRODUCT_CONTEXT('',#7565,'mechanical');
#7560=PRODUCT_CONTEXT('',#7566,'mechanical');
#7561=PRODUCT_CONTEXT('',#7567,'mechanical');
#7562=APPLICATION_PROTOCOL_DEFINITION('international standard',
'ap242_managed_model_based_3d_engineering',2020,#7565);
#7563=APPLICATION_PROTOCOL_DEFINITION('international standard',
'ap242_managed_model_based_3d_engineering',2020,#7566);
#7564=APPLICATION_PROTOCOL_DEFINITION('international standard',
'ap242_managed_model_based_3d_engineering',2020,#7567);
#7565=APPLICATION_CONTEXT('managed model based 3d engineering');
#7566=APPLICATION_CONTEXT('managed model based 3d engineering');
#7567=APPLICATION_CONTEXT('managed model based 3d engineering');
ENDSEC;
END-ISO-10303-21;
