ISO-10303-21;
HEADER;
/* Generated by software containing ST-Developer
 * from STEP Tools, Inc. (www.steptools.com) 
 */
/* OPTION: using custom renumber hook */

FILE_DESCRIPTION(
/* description */ ('STEP AP242 Edition 2',
'CAx-IF Rec.Pracs.---Representation and Presentation of Product Manufa
cturing Information (PMI)---4.0---2014-10-13',
'CAx-IF Rec.Pracs.---3D Tessellated Geometry---0.4---2014-09-14','2;1',
'CAx-IF Rec.Pracs.---User Defined Attributes---1.5---2016-08-15'),
/* implementation_level */ '2;1');

FILE_NAME(
/* name */ 'L Hand',
/* time_stamp */ '2026-07-08T14:29:25Z',
/* author */ (''),
/* organization */ (''),
/* preprocessor_version */ 'ST-DEVELOPER v20',
/* originating_system */ 'ONSHAPE BY PTC INC, 1.217',
/* authorisation */ '  ');

FILE_SCHEMA (('AP242_MANAGED_MODEL_BASED_3D_ENGINEERING_MIM_LF { 1 0 10303 442 3 1 4 }'));
ENDSEC;

DATA;
#10=VERTEX_LOOP('',#1149);
#11=VERTEX_LOOP('',#1151);
#12=VERTEX_LOOP('',#1153);
#13=CONICAL_SURFACE('',#2053,0.00175,1.02974425867665);
#14=CONICAL_SURFACE('',#2056,0.00175,1.02974425867665);
#15=CONICAL_SURFACE('',#2059,0.00175,1.02974425867665);
#16=B_SPLINE_CURVE_WITH_KNOTS('',3,(#2768,#2769,#2770,#2771),
 .UNSPECIFIED.,.F.,.F.,(4,4),(0.0716608576850817,0.0855716186605735),
 .UNSPECIFIED.);
#17=B_SPLINE_CURVE_WITH_KNOTS('',3,(#2773,#2774,#2775,#2776),
 .UNSPECIFIED.,.F.,.F.,(4,4),(0.00854032709336938,0.0826046580542141),
 .UNSPECIFIED.);
#18=B_SPLINE_CURVE_WITH_KNOTS('',3,(#2778,#2779,#2780,#2781,#2782,#2783,
#2784,#2785,#2786,#2787,#2788,#2789,#2790,#2791,#2792,#2793),
 .UNSPECIFIED.,.F.,.F.,(4,1,1,1,1,1,1,1,1,1,1,1,1,4),(0.,0.00587043625634583,
0.00880565438451874,0.0117408725126917,0.0176113087690375,0.0205465268972104,
0.0234817450253833,0.0293521812817291,0.032287399409902,0.035222617538075,
0.0381578356662479,0.0410930537944208,0.0440282719225937,0.0469634900507666),
 .UNSPECIFIED.);
#19=B_SPLINE_CURVE_WITH_KNOTS('',3,(#2795,#2796,#2797,#2798),
 .UNSPECIFIED.,.F.,.F.,(4,4),(0.,0.0321305718142079),.UNSPECIFIED.);
#20=B_SPLINE_CURVE_WITH_KNOTS('',3,(#2800,#2801,#2802,#2803),
 .UNSPECIFIED.,.F.,.F.,(4,4),(0.026837760225941,0.0285106381435069),
 .UNSPECIFIED.);
#21=B_SPLINE_CURVE_WITH_KNOTS('',3,(#2807,#2808,#2809,#2810),
 .UNSPECIFIED.,.F.,.F.,(4,4),(0.,0.000499188123714368),.UNSPECIFIED.);
#22=B_SPLINE_CURVE_WITH_KNOTS('',3,(#2812,#2813,#2814,#2815,#2816,#2817,
#2818,#2819,#2820),.UNSPECIFIED.,.F.,.F.,(4,1,1,1,1,1,4),(0.,0.00329249165927499,
0.00658498331854997,0.0131699666370999,0.0164624582963749,0.0197549499556499,
0.0263399332741999),.UNSPECIFIED.);
#23=B_SPLINE_CURVE_WITH_KNOTS('',3,(#2822,#2823,#2824,#2825),
 .UNSPECIFIED.,.F.,.F.,(4,4),(8.01575538625359E-8,0.00730651265985122),
 .UNSPECIFIED.);
#24=B_SPLINE_CURVE_WITH_KNOTS('',3,(#2827,#2828,#2829,#2830,#2831,#2832),
 .UNSPECIFIED.,.F.,.F.,(4,1,1,4),(0.,0.0160153254913458,0.0320306509826917,
0.0640613019653834),.UNSPECIFIED.);
#25=B_SPLINE_CURVE_WITH_KNOTS('',3,(#2833,#2834,#2835,#2836),
 .UNSPECIFIED.,.F.,.F.,(4,4),(0.,0.0249481900439996),.UNSPECIFIED.);
#26=B_SPLINE_CURVE_WITH_KNOTS('',3,(#2841,#2842,#2843,#2844),
 .UNSPECIFIED.,.F.,.F.,(4,4),(0.,0.0249481900439996),.UNSPECIFIED.);
#27=B_SPLINE_CURVE_WITH_KNOTS('',3,(#2857,#2858,#2859,#2860,#2861),
 .UNSPECIFIED.,.F.,.F.,(4,1,4),(0.000439842185323472,0.0337795135778859,
0.0671191849704484),.UNSPECIFIED.);
#28=B_SPLINE_CURVE_WITH_KNOTS('',3,(#2864,#2865,#2866,#2867,#2868),
 .UNSPECIFIED.,.F.,.F.,(4,1,4),(0.00989628540766723,0.0154841160135136,
0.0210719466193599),.UNSPECIFIED.);
#29=B_SPLINE_CURVE_WITH_KNOTS('',3,(#2870,#2871,#2872,#2873),
 .UNSPECIFIED.,.F.,.F.,(4,4),(0.,0.000399350498971515),.UNSPECIFIED.);
#30=B_SPLINE_CURVE_WITH_KNOTS('',3,(#2877,#2878,#2879,#2880),
 .UNSPECIFIED.,.F.,.F.,(4,4),(0.0214702081807528,0.0228085105148055),
 .UNSPECIFIED.);
#31=B_SPLINE_CURVE_WITH_KNOTS('',3,(#2881,#2882,#2883,#2884),
 .UNSPECIFIED.,.F.,.F.,(4,4),(0.,0.0257044574513663),.UNSPECIFIED.);
#32=B_SPLINE_CURVE_WITH_KNOTS('',3,(#2886,#2887,#2888,#2889,#2890,#2891,
#2892,#2893,#2894,#2895,#2896,#2897,#2898,#2899,#2900),.UNSPECIFIED.,.F.,
 .F.,(4,1,1,1,1,1,1,1,1,1,1,1,4),(0.,0.00469634900507666,0.00704452350761499,
0.00939269801015332,0.01408904701523,0.0164372215177683,0.0187853960203066,
0.0234817450253833,0.0258299195279216,0.02817809403046,0.0305262685329983,
0.0328744430355366,0.0375707920406133),.UNSPECIFIED.);
#33=B_SPLINE_CURVE_WITH_KNOTS('',3,(#2902,#2903,#2904,#2905),
 .UNSPECIFIED.,.F.,.F.,(4,4),(0.0203122577575172,0.0660837264433713),
 .UNSPECIFIED.);
#34=B_SPLINE_CURVE_WITH_KNOTS('',3,(#2909,#2910,#2911,#2912,#2913),
 .UNSPECIFIED.,.F.,.F.,(4,1,4),(0.,0.4945498102748,1.),.UNSPECIFIED.);
#35=B_SPLINE_CURVE_WITH_KNOTS('',3,(#2917,#2918,#2919,#2920,#2921),
 .UNSPECIFIED.,.F.,.F.,(4,1,4),(0.,0.4945498102748,1.),.UNSPECIFIED.);
#36=B_SPLINE_CURVE_WITH_KNOTS('',3,(#2980,#2981,#2982,#2983),
 .UNSPECIFIED.,.F.,.F.,(4,4),(0.,0.00215648826708868),.UNSPECIFIED.);
#37=B_SPLINE_CURVE_WITH_KNOTS('',3,(#2985,#2986,#2987,#2988),
 .UNSPECIFIED.,.F.,.F.,(4,4),(0.,0.00215648826708868),.UNSPECIFIED.);
#38=B_SPLINE_CURVE_WITH_KNOTS('',3,(#3016,#3017,#3018,#3019),
 .UNSPECIFIED.,.F.,.F.,(4,4),(4.86032246606382E-17,0.00243963176510803),
 .UNSPECIFIED.);
#39=B_SPLINE_CURVE_WITH_KNOTS('',3,(#3021,#3022,#3023,#3024),
 .UNSPECIFIED.,.F.,.F.,(4,4),(4.86032246606382E-17,0.00243963176510813),
 .UNSPECIFIED.);
#40=B_SPLINE_CURVE_WITH_KNOTS('',3,(#3040,#3041,#3042,#3043),
 .UNSPECIFIED.,.F.,.F.,(4,4),(7.152448122691E-18,0.00201264369626404),
 .UNSPECIFIED.);
#41=B_SPLINE_CURVE_WITH_KNOTS('',3,(#3045,#3046,#3047,#3048),
 .UNSPECIFIED.,.F.,.F.,(4,4),(0.,0.00201264369626403),.UNSPECIFIED.);
#42=B_SPLINE_CURVE_WITH_KNOTS('',3,(#3124,#3125,#3126,#3127),
 .UNSPECIFIED.,.F.,.F.,(4,4),(0.,0.00172519061367096),.UNSPECIFIED.);
#43=B_SPLINE_CURVE_WITH_KNOTS('',3,(#3129,#3130,#3131,#3132),
 .UNSPECIFIED.,.F.,.F.,(4,4),(0.,0.00172519061367098),.UNSPECIFIED.);
#44=B_SPLINE_CURVE_WITH_KNOTS('',3,(#3216,#3217,#3218,#3219),
 .UNSPECIFIED.,.F.,.F.,(4,4),(0.,0.000627091313404721),.UNSPECIFIED.);
#45=B_SPLINE_CURVE_WITH_KNOTS('',3,(#3220,#3221,#3222,#3223),
 .UNSPECIFIED.,.F.,.F.,(4,4),(0.00132447389612089,0.00195170541208646),
 .UNSPECIFIED.);
#46=B_SPLINE_SURFACE_WITH_KNOTS('',3,1,((#2755,#2756),(#2757,#2758),(#2759,
#2760),(#2761,#2762),(#2763,#2764)),.SURF_OF_LINEAR_EXTRUSION.,.F.,.F.,
 .F.,(4,1,4),(2,2),(0.000147051756213718,0.50314384642758,1.00614064109895),
(0.,1.),.UNSPECIFIED.);
#47=B_SPLINE_SURFACE_WITH_KNOTS('',3,1,((#2847,#2848),(#2849,#2850),(#2851,
#2852),(#2853,#2854),(#2855,#2856)),.SURF_OF_LINEAR_EXTRUSION.,.F.,.F.,
 .F.,(4,1,4),(2,2),(0.0201957319262679,0.510097865963134,1.),(0.,1.),
 .UNSPECIFIED.);
#48=ELLIPSE('',#1927,0.0709921029425017,0.0700353686195068);
#49=ELLIPSE('',#1928,0.079663023255465,0.0700353686195068);
#50=ELLIPSE('',#1930,0.0277160686032473,0.0269810838351141);
#51=ELLIPSE('',#1932,0.191011135055158,0.0530842950310378);
#52=ELLIPSE('',#1934,0.0195432428479626,0.0193962495863177);
#53=ELLIPSE('',#1935,0.0195432428479626,0.0193962495863177);
#54=ELLIPSE('',#1937,0.0194976044769013,0.0193962495863177);
#55=ELLIPSE('',#1938,0.0194976044769013,0.0193962495863177);
#56=ELLIPSE('',#1940,0.0194846236669746,0.0193962495863177);
#57=ELLIPSE('',#1941,0.0194846236669746,0.0193962495863177);
#58=ELLIPSE('',#1944,0.0194272170294436,0.0193962495863177);
#59=ELLIPSE('',#1945,0.0194272170294436,0.0193962495863177);
#60=ELLIPSE('',#1947,0.0194086483930552,0.0193962495863177);
#61=ELLIPSE('',#1948,0.0194086483930552,0.0193962495863177);
#62=ELLIPSE('',#1950,0.0194079401344216,0.0193962495863177);
#63=ELLIPSE('',#1951,0.0194079401344216,0.0193962495863177);
#64=ELLIPSE('',#1953,0.0193975092812845,0.0193962495863177);
#65=ELLIPSE('',#1954,0.0193975092812845,0.0193962495863177);
#66=ELLIPSE('',#1957,0.0194024789193414,0.0193962495863177);
#67=ELLIPSE('',#1958,0.0194024789193414,0.0193962495863177);
#68=ELLIPSE('',#1960,0.019415801636351,0.0193962495863177);
#69=ELLIPSE('',#1961,0.019415801636351,0.0193962495863177);
#70=ELLIPSE('',#1964,0.0194269508086597,0.0193962495863177);
#71=ELLIPSE('',#1965,0.0194269508086597,0.0193962495863177);
#72=ELLIPSE('',#1967,0.019511203578807,0.0193962495863177);
#73=ELLIPSE('',#1968,0.019511203578807,0.0193962495863177);
#74=ELLIPSE('',#1970,0.0195002362708476,0.0193962495863177);
#75=ELLIPSE('',#1971,0.0195002362708476,0.0193962495863177);
#76=ELLIPSE('',#1973,0.0195533107536067,0.0193962495863177);
#77=ELLIPSE('',#1974,0.0195533107536067,0.0193962495863177);
#78=ELLIPSE('',#1976,0.0887401286781271,0.0875442107743835);
#79=ELLIPSE('',#1977,0.0196612165320536,0.0193962495863177);
#80=ELLIPSE('',#1978,0.0196612165320536,0.0193962495863177);
#81=ELLIPSE('',#1980,0.019604134037778,0.0193962495863177);
#82=ELLIPSE('',#1982,0.019604134037778,0.0193962495863177);
#83=ELLIPSE('',#1988,0.0220626222481715,0.0193962495863177);
#84=ELLIPSE('',#1991,0.0155263521075373,0.0155169996690541);
#85=ELLIPSE('',#1992,0.0155263521075373,0.0155169996690541);
#86=ELLIPSE('',#1994,0.0155269187144442,0.0155169996690541);
#87=ELLIPSE('',#1995,0.0155269187144442,0.0155169996690541);
#88=ELLIPSE('',#1997,0.0155417736235549,0.0155169996690541);
#89=ELLIPSE('',#1998,0.0155417736235549,0.0155169996690541);
#90=ELLIPSE('',#2001,0.0155876989335797,0.0155169996690541);
#91=ELLIPSE('',#2002,0.0155876989335797,0.0155169996690541);
#92=ELLIPSE('',#2004,0.0155980835815211,0.0155169996690541);
#93=ELLIPSE('',#2005,0.0155980835815211,0.0155169996690541);
#94=ELLIPSE('',#2007,0.0156345942783701,0.0155169996690541);
#95=ELLIPSE('',#2008,0.0156345942783701,0.0155169996690541);
#96=ELLIPSE('',#2010,0.015728973225643,0.0155169996690541);
#97=ELLIPSE('',#2011,0.015728973225643,0.0155169996690541);
#98=ELLIPSE('',#2017,0.0156833072302224,0.0155169996690541);
#99=ELLIPSE('',#2018,0.0156833072302224,0.0155169996690541);
#100=ELLIPSE('',#2020,0.0155180074250276,0.0155169996690541);
#101=ELLIPSE('',#2021,0.0155180074250276,0.0155169996690541);
#102=ELLIPSE('',#2027,0.0995787790693313,0.0875442107743835);
#103=ELLIPSE('',#2033,0.0222275679690464,0.019541260833589);
#104=ELLIPSE('',#2045,0.0176500977985373,0.0155169996690541);
#105=SHAPE_REPRESENTATION_RELATIONSHIP('','',#1883,#107);
#106=SHAPE_REPRESENTATION_RELATIONSHIP('','',#1884,#108);
#107=ADVANCED_BREP_SHAPE_REPRESENTATION('',(#1879),#3326);
#108=ADVANCED_BREP_SHAPE_REPRESENTATION('',(#1880),#3327);
#109=CYLINDRICAL_SURFACE('',#1890,0.0700353686195068);
#110=CYLINDRICAL_SURFACE('',#1892,0.275763228200863);
#111=CYLINDRICAL_SURFACE('',#1911,0.344704035251079);
#112=CYLINDRICAL_SURFACE('',#1912,0.019541260833589);
#113=CYLINDRICAL_SURFACE('',#1913,0.0172462616911262);
#114=CYLINDRICAL_SURFACE('',#1915,0.0215578271139077);
#115=CYLINDRICAL_SURFACE('',#1917,0.0875442107743835);
#116=CYLINDRICAL_SURFACE('',#1919,0.00175);
#117=CYLINDRICAL_SURFACE('',#1920,0.00175);
#118=CYLINDRICAL_SURFACE('',#1921,0.00175);
#119=CYLINDRICAL_SURFACE('',#1923,0.0700353686195068);
#120=CYLINDRICAL_SURFACE('',#1942,0.0353653412734797);
#121=CYLINDRICAL_SURFACE('',#1955,0.0663553687887973);
#122=CYLINDRICAL_SURFACE('',#1962,0.0438487788322763);
#123=CYLINDRICAL_SURFACE('',#1979,0.0193962495863177);
#124=CYLINDRICAL_SURFACE('',#1986,0.0193962495863177);
#125=CYLINDRICAL_SURFACE('',#1987,0.0193962495863177);
#126=CYLINDRICAL_SURFACE('',#1999,0.0282922730187837);
#127=CYLINDRICAL_SURFACE('',#2012,0.0155169996690541);
#128=CYLINDRICAL_SURFACE('',#2022,0.0215578271139077);
#129=CYLINDRICAL_SURFACE('',#2025,0.0875442107743835);
#130=CYLINDRICAL_SURFACE('',#2029,0.0172462616911262);
#131=CYLINDRICAL_SURFACE('',#2043,0.0530842950310378);
#132=CYLINDRICAL_SURFACE('',#2044,0.0155169996690541);
#133=CYLINDRICAL_SURFACE('',#2046,0.0155169996690541);
#134=CYLINDRICAL_SURFACE('',#2048,0.275763228200863);
#135=CYLINDRICAL_SURFACE('',#2051,0.344704035251079);
#136=CYLINDRICAL_SURFACE('',#2052,0.019541260833589);
#137=CYLINDRICAL_SURFACE('',#2055,0.00175);
#138=CYLINDRICAL_SURFACE('',#2058,0.00175);
#139=CYLINDRICAL_SURFACE('',#2061,0.00175);
#140=CIRCLE('',#1887,0.275763228200863);
#141=CIRCLE('',#1888,0.0172462616911262);
#142=CIRCLE('',#1889,0.0700353686195068);
#143=CIRCLE('',#1891,0.0700353686195068);
#144=CIRCLE('',#1893,0.275763228200863);
#145=CIRCLE('',#1895,0.00175);
#146=CIRCLE('',#1896,0.00175);
#147=CIRCLE('',#1897,0.00175);
#148=CIRCLE('',#1898,0.344704035251079);
#149=CIRCLE('',#1899,0.0215578271139077);
#150=CIRCLE('',#1900,0.0875442107743835);
#151=CIRCLE('',#1901,0.019541260833589);
#152=CIRCLE('',#1902,0.0172462616911262);
#153=CIRCLE('',#1904,0.00175);
#154=CIRCLE('',#1905,0.00175);
#155=CIRCLE('',#1906,0.00175);
#156=CIRCLE('',#1907,0.344704035251079);
#157=CIRCLE('',#1908,0.019541260833589);
#158=CIRCLE('',#1909,0.0875442107743835);
#159=CIRCLE('',#1910,0.0215578271139077);
#160=CIRCLE('',#1924,0.0700353686195068);
#161=CIRCLE('',#1925,0.0700353686195068);
#162=CIRCLE('',#1926,0.0700353686195068);
#163=CIRCLE('',#1984,0.0193962495863177);
#164=CIRCLE('',#1985,0.0193962495863177);
#165=CIRCLE('',#2013,0.0155169996690541);
#166=CIRCLE('',#2015,0.0155169996690541);
#167=CIRCLE('',#2023,0.0215578271139077);
#168=CIRCLE('',#2026,0.0875442107743835);
#169=CIRCLE('',#2030,0.0172462616911262);
#170=CIRCLE('',#2037,0.00175);
#171=CIRCLE('',#2038,0.00175);
#172=CIRCLE('',#2039,0.00175);
#173=CIRCLE('',#2040,0.344704035251079);
#174=CIRCLE('',#2041,0.275763228200863);
#175=CIRCLE('',#2042,0.019541260833589);
#176=CIRCLE('',#2049,0.275763228200863);
#177=CIRCLE('',#2050,0.275763228200863);
#178=CIRCLE('',#2054,0.00175);
#179=CIRCLE('',#2057,0.00175);
#180=CIRCLE('',#2060,0.00175);
#181=ORIENTED_EDGE('',*,*,#719,.F.);
#182=ORIENTED_EDGE('',*,*,#720,.T.);
#183=ORIENTED_EDGE('',*,*,#721,.T.);
#184=ORIENTED_EDGE('',*,*,#722,.T.);
#185=ORIENTED_EDGE('',*,*,#723,.T.);
#186=ORIENTED_EDGE('',*,*,#724,.F.);
#187=ORIENTED_EDGE('',*,*,#725,.T.);
#188=ORIENTED_EDGE('',*,*,#723,.F.);
#189=ORIENTED_EDGE('',*,*,#726,.F.);
#190=ORIENTED_EDGE('',*,*,#720,.F.);
#191=ORIENTED_EDGE('',*,*,#727,.T.);
#192=ORIENTED_EDGE('',*,*,#728,.F.);
#193=ORIENTED_EDGE('',*,*,#729,.T.);
#194=ORIENTED_EDGE('',*,*,#730,.F.);
#195=ORIENTED_EDGE('',*,*,#731,.F.);
#196=ORIENTED_EDGE('',*,*,#732,.F.);
#197=ORIENTED_EDGE('',*,*,#733,.F.);
#198=ORIENTED_EDGE('',*,*,#734,.F.);
#199=ORIENTED_EDGE('',*,*,#735,.F.);
#200=ORIENTED_EDGE('',*,*,#736,.F.);
#201=ORIENTED_EDGE('',*,*,#737,.F.);
#202=ORIENTED_EDGE('',*,*,#738,.F.);
#203=ORIENTED_EDGE('',*,*,#739,.F.);
#204=ORIENTED_EDGE('',*,*,#724,.T.);
#205=ORIENTED_EDGE('',*,*,#740,.T.);
#206=ORIENTED_EDGE('',*,*,#741,.T.);
#207=ORIENTED_EDGE('',*,*,#728,.T.);
#208=ORIENTED_EDGE('',*,*,#742,.T.);
#209=ORIENTED_EDGE('',*,*,#743,.T.);
#210=ORIENTED_EDGE('',*,*,#744,.T.);
#211=ORIENTED_EDGE('',*,*,#745,.F.);
#212=ORIENTED_EDGE('',*,*,#746,.T.);
#213=ORIENTED_EDGE('',*,*,#747,.F.);
#214=ORIENTED_EDGE('',*,*,#748,.F.);
#215=ORIENTED_EDGE('',*,*,#749,.F.);
#216=ORIENTED_EDGE('',*,*,#750,.F.);
#217=ORIENTED_EDGE('',*,*,#751,.F.);
#218=ORIENTED_EDGE('',*,*,#745,.T.);
#219=ORIENTED_EDGE('',*,*,#752,.F.);
#220=ORIENTED_EDGE('',*,*,#734,.T.);
#221=ORIENTED_EDGE('',*,*,#753,.F.);
#222=ORIENTED_EDGE('',*,*,#738,.T.);
#223=ORIENTED_EDGE('',*,*,#754,.T.);
#224=ORIENTED_EDGE('',*,*,#747,.T.);
#225=ORIENTED_EDGE('',*,*,#741,.F.);
#226=ORIENTED_EDGE('',*,*,#755,.T.);
#227=ORIENTED_EDGE('',*,*,#721,.F.);
#228=ORIENTED_EDGE('',*,*,#729,.F.);
#229=ORIENTED_EDGE('',*,*,#740,.F.);
#230=ORIENTED_EDGE('',*,*,#726,.T.);
#231=ORIENTED_EDGE('',*,*,#722,.F.);
#232=ORIENTED_EDGE('',*,*,#755,.F.);
#233=ORIENTED_EDGE('',*,*,#756,.F.);
#234=ORIENTED_EDGE('',*,*,#735,.T.);
#235=ORIENTED_EDGE('',*,*,#752,.T.);
#236=ORIENTED_EDGE('',*,*,#750,.T.);
#237=ORIENTED_EDGE('',*,*,#757,.F.);
#238=ORIENTED_EDGE('',*,*,#736,.T.);
#239=ORIENTED_EDGE('',*,*,#756,.T.);
#240=ORIENTED_EDGE('',*,*,#749,.T.);
#241=ORIENTED_EDGE('',*,*,#754,.F.);
#242=ORIENTED_EDGE('',*,*,#737,.T.);
#243=ORIENTED_EDGE('',*,*,#757,.T.);
#244=ORIENTED_EDGE('',*,*,#748,.T.);
#245=ORIENTED_EDGE('',*,*,#727,.F.);
#246=ORIENTED_EDGE('',*,*,#719,.T.);
#247=ORIENTED_EDGE('',*,*,#725,.F.);
#248=ORIENTED_EDGE('',*,*,#739,.T.);
#249=ORIENTED_EDGE('',*,*,#753,.T.);
#250=ORIENTED_EDGE('',*,*,#746,.F.);
#251=ORIENTED_EDGE('',*,*,#751,.T.);
#252=ORIENTED_EDGE('',*,*,#733,.T.);
#253=ORIENTED_EDGE('',*,*,#744,.F.);
#254=ORIENTED_EDGE('',*,*,#732,.T.);
#255=ORIENTED_EDGE('',*,*,#743,.F.);
#256=ORIENTED_EDGE('',*,*,#731,.T.);
#257=ORIENTED_EDGE('',*,*,#742,.F.);
#258=ORIENTED_EDGE('',*,*,#730,.T.);
#259=ORIENTED_EDGE('',*,*,#758,.T.);
#260=ORIENTED_EDGE('',*,*,#759,.T.);
#261=ORIENTED_EDGE('',*,*,#760,.F.);
#262=ORIENTED_EDGE('',*,*,#761,.F.);
#263=ORIENTED_EDGE('',*,*,#762,.F.);
#264=ORIENTED_EDGE('',*,*,#763,.F.);
#265=ORIENTED_EDGE('',*,*,#764,.T.);
#266=ORIENTED_EDGE('',*,*,#765,.T.);
#267=ORIENTED_EDGE('',*,*,#766,.F.);
#268=ORIENTED_EDGE('',*,*,#767,.F.);
#269=ORIENTED_EDGE('',*,*,#768,.F.);
#270=ORIENTED_EDGE('',*,*,#769,.F.);
#271=ORIENTED_EDGE('',*,*,#770,.T.);
#272=ORIENTED_EDGE('',*,*,#771,.T.);
#273=ORIENTED_EDGE('',*,*,#772,.T.);
#274=ORIENTED_EDGE('',*,*,#773,.T.);
#275=ORIENTED_EDGE('',*,*,#774,.F.);
#276=ORIENTED_EDGE('',*,*,#775,.T.);
#277=ORIENTED_EDGE('',*,*,#776,.T.);
#278=ORIENTED_EDGE('',*,*,#777,.F.);
#279=ORIENTED_EDGE('',*,*,#778,.F.);
#280=ORIENTED_EDGE('',*,*,#779,.T.);
#281=ORIENTED_EDGE('',*,*,#780,.T.);
#282=ORIENTED_EDGE('',*,*,#781,.T.);
#283=ORIENTED_EDGE('',*,*,#782,.F.);
#284=ORIENTED_EDGE('',*,*,#783,.F.);
#285=ORIENTED_EDGE('',*,*,#784,.F.);
#286=ORIENTED_EDGE('',*,*,#785,.F.);
#287=ORIENTED_EDGE('',*,*,#786,.T.);
#288=ORIENTED_EDGE('',*,*,#787,.F.);
#289=ORIENTED_EDGE('',*,*,#788,.T.);
#290=ORIENTED_EDGE('',*,*,#789,.F.);
#291=ORIENTED_EDGE('',*,*,#790,.T.);
#292=ORIENTED_EDGE('',*,*,#791,.T.);
#293=ORIENTED_EDGE('',*,*,#792,.T.);
#294=ORIENTED_EDGE('',*,*,#793,.T.);
#295=ORIENTED_EDGE('',*,*,#794,.F.);
#296=ORIENTED_EDGE('',*,*,#795,.T.);
#297=ORIENTED_EDGE('',*,*,#796,.F.);
#298=ORIENTED_EDGE('',*,*,#797,.T.);
#299=ORIENTED_EDGE('',*,*,#798,.T.);
#300=ORIENTED_EDGE('',*,*,#799,.T.);
#301=ORIENTED_EDGE('',*,*,#800,.T.);
#302=ORIENTED_EDGE('',*,*,#801,.F.);
#303=ORIENTED_EDGE('',*,*,#802,.F.);
#304=ORIENTED_EDGE('',*,*,#803,.F.);
#305=ORIENTED_EDGE('',*,*,#804,.F.);
#306=ORIENTED_EDGE('',*,*,#805,.F.);
#307=ORIENTED_EDGE('',*,*,#764,.F.);
#308=ORIENTED_EDGE('',*,*,#806,.T.);
#309=ORIENTED_EDGE('',*,*,#807,.F.);
#310=ORIENTED_EDGE('',*,*,#808,.F.);
#311=ORIENTED_EDGE('',*,*,#758,.F.);
#312=ORIENTED_EDGE('',*,*,#809,.T.);
#313=ORIENTED_EDGE('',*,*,#810,.F.);
#314=ORIENTED_EDGE('',*,*,#811,.T.);
#315=ORIENTED_EDGE('',*,*,#812,.F.);
#316=ORIENTED_EDGE('',*,*,#794,.T.);
#317=ORIENTED_EDGE('',*,*,#813,.F.);
#318=ORIENTED_EDGE('',*,*,#814,.T.);
#319=ORIENTED_EDGE('',*,*,#815,.T.);
#320=ORIENTED_EDGE('',*,*,#816,.F.);
#321=ORIENTED_EDGE('',*,*,#817,.F.);
#322=ORIENTED_EDGE('',*,*,#818,.F.);
#323=ORIENTED_EDGE('',*,*,#819,.T.);
#324=ORIENTED_EDGE('',*,*,#780,.F.);
#325=ORIENTED_EDGE('',*,*,#820,.F.);
#326=ORIENTED_EDGE('',*,*,#821,.T.);
#327=ORIENTED_EDGE('',*,*,#822,.T.);
#328=ORIENTED_EDGE('',*,*,#823,.F.);
#329=ORIENTED_EDGE('',*,*,#824,.T.);
#330=ORIENTED_EDGE('',*,*,#825,.F.);
#331=ORIENTED_EDGE('',*,*,#826,.T.);
#332=ORIENTED_EDGE('',*,*,#827,.F.);
#333=ORIENTED_EDGE('',*,*,#828,.T.);
#334=ORIENTED_EDGE('',*,*,#829,.T.);
#335=ORIENTED_EDGE('',*,*,#830,.T.);
#336=ORIENTED_EDGE('',*,*,#829,.F.);
#337=ORIENTED_EDGE('',*,*,#831,.T.);
#338=ORIENTED_EDGE('',*,*,#832,.T.);
#339=ORIENTED_EDGE('',*,*,#833,.T.);
#340=ORIENTED_EDGE('',*,*,#832,.F.);
#341=ORIENTED_EDGE('',*,*,#834,.T.);
#342=ORIENTED_EDGE('',*,*,#835,.T.);
#343=ORIENTED_EDGE('',*,*,#836,.T.);
#344=ORIENTED_EDGE('',*,*,#835,.F.);
#345=ORIENTED_EDGE('',*,*,#837,.T.);
#346=ORIENTED_EDGE('',*,*,#838,.T.);
#347=ORIENTED_EDGE('',*,*,#839,.T.);
#348=ORIENTED_EDGE('',*,*,#838,.F.);
#349=ORIENTED_EDGE('',*,*,#840,.T.);
#350=ORIENTED_EDGE('',*,*,#841,.T.);
#351=ORIENTED_EDGE('',*,*,#842,.T.);
#352=ORIENTED_EDGE('',*,*,#841,.F.);
#353=ORIENTED_EDGE('',*,*,#843,.T.);
#354=ORIENTED_EDGE('',*,*,#844,.T.);
#355=ORIENTED_EDGE('',*,*,#845,.T.);
#356=ORIENTED_EDGE('',*,*,#844,.F.);
#357=ORIENTED_EDGE('',*,*,#846,.T.);
#358=ORIENTED_EDGE('',*,*,#847,.T.);
#359=ORIENTED_EDGE('',*,*,#848,.T.);
#360=ORIENTED_EDGE('',*,*,#847,.F.);
#361=ORIENTED_EDGE('',*,*,#849,.T.);
#362=ORIENTED_EDGE('',*,*,#850,.T.);
#363=ORIENTED_EDGE('',*,*,#851,.T.);
#364=ORIENTED_EDGE('',*,*,#850,.F.);
#365=ORIENTED_EDGE('',*,*,#852,.T.);
#366=ORIENTED_EDGE('',*,*,#853,.T.);
#367=ORIENTED_EDGE('',*,*,#854,.T.);
#368=ORIENTED_EDGE('',*,*,#853,.F.);
#369=ORIENTED_EDGE('',*,*,#855,.T.);
#370=ORIENTED_EDGE('',*,*,#856,.T.);
#371=ORIENTED_EDGE('',*,*,#857,.T.);
#372=ORIENTED_EDGE('',*,*,#856,.F.);
#373=ORIENTED_EDGE('',*,*,#858,.T.);
#374=ORIENTED_EDGE('',*,*,#859,.T.);
#375=ORIENTED_EDGE('',*,*,#860,.T.);
#376=ORIENTED_EDGE('',*,*,#859,.F.);
#377=ORIENTED_EDGE('',*,*,#861,.T.);
#378=ORIENTED_EDGE('',*,*,#862,.T.);
#379=ORIENTED_EDGE('',*,*,#863,.T.);
#380=ORIENTED_EDGE('',*,*,#862,.F.);
#381=ORIENTED_EDGE('',*,*,#864,.T.);
#382=ORIENTED_EDGE('',*,*,#865,.T.);
#383=ORIENTED_EDGE('',*,*,#866,.T.);
#384=ORIENTED_EDGE('',*,*,#865,.F.);
#385=ORIENTED_EDGE('',*,*,#867,.T.);
#386=ORIENTED_EDGE('',*,*,#868,.T.);
#387=ORIENTED_EDGE('',*,*,#869,.T.);
#388=ORIENTED_EDGE('',*,*,#868,.F.);
#389=ORIENTED_EDGE('',*,*,#870,.T.);
#390=ORIENTED_EDGE('',*,*,#871,.T.);
#391=ORIENTED_EDGE('',*,*,#872,.T.);
#392=ORIENTED_EDGE('',*,*,#871,.F.);
#393=ORIENTED_EDGE('',*,*,#873,.T.);
#394=ORIENTED_EDGE('',*,*,#874,.F.);
#395=ORIENTED_EDGE('',*,*,#875,.F.);
#396=ORIENTED_EDGE('',*,*,#876,.T.);
#397=ORIENTED_EDGE('',*,*,#877,.F.);
#398=ORIENTED_EDGE('',*,*,#878,.F.);
#399=ORIENTED_EDGE('',*,*,#826,.F.);
#400=ORIENTED_EDGE('',*,*,#830,.F.);
#401=ORIENTED_EDGE('',*,*,#833,.F.);
#402=ORIENTED_EDGE('',*,*,#836,.F.);
#403=ORIENTED_EDGE('',*,*,#839,.F.);
#404=ORIENTED_EDGE('',*,*,#842,.F.);
#405=ORIENTED_EDGE('',*,*,#845,.F.);
#406=ORIENTED_EDGE('',*,*,#848,.F.);
#407=ORIENTED_EDGE('',*,*,#851,.F.);
#408=ORIENTED_EDGE('',*,*,#854,.F.);
#409=ORIENTED_EDGE('',*,*,#857,.F.);
#410=ORIENTED_EDGE('',*,*,#860,.F.);
#411=ORIENTED_EDGE('',*,*,#863,.F.);
#412=ORIENTED_EDGE('',*,*,#866,.F.);
#413=ORIENTED_EDGE('',*,*,#869,.F.);
#414=ORIENTED_EDGE('',*,*,#872,.F.);
#415=ORIENTED_EDGE('',*,*,#787,.T.);
#416=ORIENTED_EDGE('',*,*,#879,.F.);
#417=ORIENTED_EDGE('',*,*,#880,.T.);
#418=ORIENTED_EDGE('',*,*,#827,.T.);
#419=ORIENTED_EDGE('',*,*,#878,.T.);
#420=ORIENTED_EDGE('',*,*,#786,.F.);
#421=ORIENTED_EDGE('',*,*,#785,.T.);
#422=ORIENTED_EDGE('',*,*,#881,.F.);
#423=ORIENTED_EDGE('',*,*,#876,.F.);
#424=ORIENTED_EDGE('',*,*,#882,.F.);
#425=ORIENTED_EDGE('',*,*,#879,.T.);
#426=ORIENTED_EDGE('',*,*,#877,.T.);
#427=ORIENTED_EDGE('',*,*,#881,.T.);
#428=ORIENTED_EDGE('',*,*,#784,.T.);
#429=ORIENTED_EDGE('',*,*,#883,.F.);
#430=ORIENTED_EDGE('',*,*,#873,.F.);
#431=ORIENTED_EDGE('',*,*,#870,.F.);
#432=ORIENTED_EDGE('',*,*,#867,.F.);
#433=ORIENTED_EDGE('',*,*,#864,.F.);
#434=ORIENTED_EDGE('',*,*,#861,.F.);
#435=ORIENTED_EDGE('',*,*,#858,.F.);
#436=ORIENTED_EDGE('',*,*,#855,.F.);
#437=ORIENTED_EDGE('',*,*,#852,.F.);
#438=ORIENTED_EDGE('',*,*,#849,.F.);
#439=ORIENTED_EDGE('',*,*,#846,.F.);
#440=ORIENTED_EDGE('',*,*,#843,.F.);
#441=ORIENTED_EDGE('',*,*,#840,.F.);
#442=ORIENTED_EDGE('',*,*,#837,.F.);
#443=ORIENTED_EDGE('',*,*,#834,.F.);
#444=ORIENTED_EDGE('',*,*,#831,.F.);
#445=ORIENTED_EDGE('',*,*,#828,.F.);
#446=ORIENTED_EDGE('',*,*,#880,.F.);
#447=ORIENTED_EDGE('',*,*,#882,.T.);
#448=ORIENTED_EDGE('',*,*,#875,.T.);
#449=ORIENTED_EDGE('',*,*,#884,.F.);
#450=ORIENTED_EDGE('',*,*,#885,.T.);
#451=ORIENTED_EDGE('',*,*,#886,.F.);
#452=ORIENTED_EDGE('',*,*,#887,.F.);
#453=ORIENTED_EDGE('',*,*,#789,.T.);
#454=ORIENTED_EDGE('',*,*,#888,.T.);
#455=ORIENTED_EDGE('',*,*,#889,.F.);
#456=ORIENTED_EDGE('',*,*,#890,.F.);
#457=ORIENTED_EDGE('',*,*,#891,.F.);
#458=ORIENTED_EDGE('',*,*,#892,.T.);
#459=ORIENTED_EDGE('',*,*,#893,.F.);
#460=ORIENTED_EDGE('',*,*,#892,.F.);
#461=ORIENTED_EDGE('',*,*,#894,.F.);
#462=ORIENTED_EDGE('',*,*,#895,.T.);
#463=ORIENTED_EDGE('',*,*,#896,.F.);
#464=ORIENTED_EDGE('',*,*,#895,.F.);
#465=ORIENTED_EDGE('',*,*,#897,.F.);
#466=ORIENTED_EDGE('',*,*,#898,.T.);
#467=ORIENTED_EDGE('',*,*,#899,.F.);
#468=ORIENTED_EDGE('',*,*,#898,.F.);
#469=ORIENTED_EDGE('',*,*,#900,.F.);
#470=ORIENTED_EDGE('',*,*,#901,.T.);
#471=ORIENTED_EDGE('',*,*,#902,.F.);
#472=ORIENTED_EDGE('',*,*,#901,.F.);
#473=ORIENTED_EDGE('',*,*,#903,.F.);
#474=ORIENTED_EDGE('',*,*,#904,.T.);
#475=ORIENTED_EDGE('',*,*,#905,.F.);
#476=ORIENTED_EDGE('',*,*,#904,.F.);
#477=ORIENTED_EDGE('',*,*,#906,.F.);
#478=ORIENTED_EDGE('',*,*,#907,.T.);
#479=ORIENTED_EDGE('',*,*,#908,.F.);
#480=ORIENTED_EDGE('',*,*,#907,.F.);
#481=ORIENTED_EDGE('',*,*,#909,.F.);
#482=ORIENTED_EDGE('',*,*,#910,.T.);
#483=ORIENTED_EDGE('',*,*,#768,.T.);
#484=ORIENTED_EDGE('',*,*,#911,.T.);
#485=ORIENTED_EDGE('',*,*,#912,.F.);
#486=ORIENTED_EDGE('',*,*,#913,.T.);
#487=ORIENTED_EDGE('',*,*,#911,.F.);
#488=ORIENTED_EDGE('',*,*,#767,.T.);
#489=ORIENTED_EDGE('',*,*,#798,.F.);
#490=ORIENTED_EDGE('',*,*,#914,.F.);
#491=ORIENTED_EDGE('',*,*,#797,.F.);
#492=ORIENTED_EDGE('',*,*,#915,.F.);
#493=ORIENTED_EDGE('',*,*,#916,.T.);
#494=ORIENTED_EDGE('',*,*,#912,.T.);
#495=ORIENTED_EDGE('',*,*,#914,.T.);
#496=ORIENTED_EDGE('',*,*,#915,.T.);
#497=ORIENTED_EDGE('',*,*,#796,.T.);
#498=ORIENTED_EDGE('',*,*,#917,.F.);
#499=ORIENTED_EDGE('',*,*,#910,.F.);
#500=ORIENTED_EDGE('',*,*,#918,.F.);
#501=ORIENTED_EDGE('',*,*,#919,.F.);
#502=ORIENTED_EDGE('',*,*,#920,.F.);
#503=ORIENTED_EDGE('',*,*,#921,.F.);
#504=ORIENTED_EDGE('',*,*,#890,.T.);
#505=ORIENTED_EDGE('',*,*,#922,.F.);
#506=ORIENTED_EDGE('',*,*,#923,.F.);
#507=ORIENTED_EDGE('',*,*,#782,.T.);
#508=ORIENTED_EDGE('',*,*,#924,.T.);
#509=ORIENTED_EDGE('',*,*,#925,.F.);
#510=ORIENTED_EDGE('',*,*,#926,.F.);
#511=ORIENTED_EDGE('',*,*,#783,.T.);
#512=ORIENTED_EDGE('',*,*,#923,.T.);
#513=ORIENTED_EDGE('',*,*,#927,.F.);
#514=ORIENTED_EDGE('',*,*,#928,.F.);
#515=ORIENTED_EDGE('',*,*,#929,.F.);
#516=ORIENTED_EDGE('',*,*,#884,.T.);
#517=ORIENTED_EDGE('',*,*,#874,.T.);
#518=ORIENTED_EDGE('',*,*,#883,.T.);
#519=ORIENTED_EDGE('',*,*,#926,.T.);
#520=ORIENTED_EDGE('',*,*,#766,.T.);
#521=ORIENTED_EDGE('',*,*,#930,.T.);
#522=ORIENTED_EDGE('',*,*,#931,.F.);
#523=ORIENTED_EDGE('',*,*,#799,.F.);
#524=ORIENTED_EDGE('',*,*,#931,.T.);
#525=ORIENTED_EDGE('',*,*,#932,.T.);
#526=ORIENTED_EDGE('',*,*,#933,.F.);
#527=ORIENTED_EDGE('',*,*,#800,.F.);
#528=ORIENTED_EDGE('',*,*,#822,.F.);
#529=ORIENTED_EDGE('',*,*,#788,.F.);
#530=ORIENTED_EDGE('',*,*,#886,.T.);
#531=ORIENTED_EDGE('',*,*,#934,.T.);
#532=ORIENTED_EDGE('',*,*,#935,.T.);
#533=ORIENTED_EDGE('',*,*,#823,.T.);
#534=ORIENTED_EDGE('',*,*,#934,.F.);
#535=ORIENTED_EDGE('',*,*,#885,.F.);
#536=ORIENTED_EDGE('',*,*,#929,.T.);
#537=ORIENTED_EDGE('',*,*,#936,.T.);
#538=ORIENTED_EDGE('',*,*,#820,.T.);
#539=ORIENTED_EDGE('',*,*,#779,.F.);
#540=ORIENTED_EDGE('',*,*,#887,.T.);
#541=ORIENTED_EDGE('',*,*,#821,.F.);
#542=ORIENTED_EDGE('',*,*,#936,.F.);
#543=ORIENTED_EDGE('',*,*,#888,.F.);
#544=ORIENTED_EDGE('',*,*,#937,.T.);
#545=ORIENTED_EDGE('',*,*,#938,.T.);
#546=ORIENTED_EDGE('',*,*,#939,.T.);
#547=ORIENTED_EDGE('',*,*,#940,.T.);
#548=ORIENTED_EDGE('',*,*,#818,.T.);
#549=ORIENTED_EDGE('',*,*,#941,.F.);
#550=ORIENTED_EDGE('',*,*,#932,.F.);
#551=ORIENTED_EDGE('',*,*,#930,.F.);
#552=ORIENTED_EDGE('',*,*,#765,.F.);
#553=ORIENTED_EDGE('',*,*,#825,.T.);
#554=ORIENTED_EDGE('',*,*,#942,.T.);
#555=ORIENTED_EDGE('',*,*,#927,.T.);
#556=ORIENTED_EDGE('',*,*,#925,.T.);
#557=ORIENTED_EDGE('',*,*,#922,.T.);
#558=ORIENTED_EDGE('',*,*,#811,.F.);
#559=ORIENTED_EDGE('',*,*,#943,.F.);
#560=ORIENTED_EDGE('',*,*,#920,.T.);
#561=ORIENTED_EDGE('',*,*,#944,.F.);
#562=ORIENTED_EDGE('',*,*,#943,.T.);
#563=ORIENTED_EDGE('',*,*,#810,.T.);
#564=ORIENTED_EDGE('',*,*,#945,.F.);
#565=ORIENTED_EDGE('',*,*,#769,.T.);
#566=ORIENTED_EDGE('',*,*,#913,.F.);
#567=ORIENTED_EDGE('',*,*,#916,.F.);
#568=ORIENTED_EDGE('',*,*,#918,.T.);
#569=ORIENTED_EDGE('',*,*,#909,.T.);
#570=ORIENTED_EDGE('',*,*,#906,.T.);
#571=ORIENTED_EDGE('',*,*,#903,.T.);
#572=ORIENTED_EDGE('',*,*,#900,.T.);
#573=ORIENTED_EDGE('',*,*,#897,.T.);
#574=ORIENTED_EDGE('',*,*,#894,.T.);
#575=ORIENTED_EDGE('',*,*,#891,.T.);
#576=ORIENTED_EDGE('',*,*,#921,.T.);
#577=ORIENTED_EDGE('',*,*,#795,.F.);
#578=ORIENTED_EDGE('',*,*,#812,.T.);
#579=ORIENTED_EDGE('',*,*,#944,.T.);
#580=ORIENTED_EDGE('',*,*,#919,.T.);
#581=ORIENTED_EDGE('',*,*,#889,.T.);
#582=ORIENTED_EDGE('',*,*,#893,.T.);
#583=ORIENTED_EDGE('',*,*,#896,.T.);
#584=ORIENTED_EDGE('',*,*,#899,.T.);
#585=ORIENTED_EDGE('',*,*,#902,.T.);
#586=ORIENTED_EDGE('',*,*,#905,.T.);
#587=ORIENTED_EDGE('',*,*,#908,.T.);
#588=ORIENTED_EDGE('',*,*,#917,.T.);
#589=ORIENTED_EDGE('',*,*,#809,.F.);
#590=ORIENTED_EDGE('',*,*,#770,.F.);
#591=ORIENTED_EDGE('',*,*,#945,.T.);
#592=ORIENTED_EDGE('',*,*,#946,.F.);
#593=ORIENTED_EDGE('',*,*,#813,.T.);
#594=ORIENTED_EDGE('',*,*,#801,.T.);
#595=ORIENTED_EDGE('',*,*,#933,.T.);
#596=ORIENTED_EDGE('',*,*,#941,.T.);
#597=ORIENTED_EDGE('',*,*,#817,.T.);
#598=ORIENTED_EDGE('',*,*,#947,.T.);
#599=ORIENTED_EDGE('',*,*,#775,.F.);
#600=ORIENTED_EDGE('',*,*,#948,.F.);
#601=ORIENTED_EDGE('',*,*,#771,.F.);
#602=ORIENTED_EDGE('',*,*,#819,.F.);
#603=ORIENTED_EDGE('',*,*,#940,.F.);
#604=ORIENTED_EDGE('',*,*,#924,.F.);
#605=ORIENTED_EDGE('',*,*,#781,.F.);
#606=ORIENTED_EDGE('',*,*,#824,.F.);
#607=ORIENTED_EDGE('',*,*,#935,.F.);
#608=ORIENTED_EDGE('',*,*,#928,.T.);
#609=ORIENTED_EDGE('',*,*,#942,.F.);
#610=ORIENTED_EDGE('',*,*,#949,.F.);
#611=ORIENTED_EDGE('',*,*,#939,.F.);
#612=ORIENTED_EDGE('',*,*,#949,.T.);
#613=ORIENTED_EDGE('',*,*,#950,.F.);
#614=ORIENTED_EDGE('',*,*,#938,.F.);
#615=ORIENTED_EDGE('',*,*,#950,.T.);
#616=ORIENTED_EDGE('',*,*,#951,.F.);
#617=ORIENTED_EDGE('',*,*,#937,.F.);
#618=ORIENTED_EDGE('',*,*,#951,.T.);
#619=ORIENTED_EDGE('',*,*,#952,.T.);
#620=ORIENTED_EDGE('',*,*,#802,.T.);
#621=ORIENTED_EDGE('',*,*,#953,.F.);
#622=ORIENTED_EDGE('',*,*,#791,.F.);
#623=ORIENTED_EDGE('',*,*,#954,.T.);
#624=ORIENTED_EDGE('',*,*,#803,.T.);
#625=ORIENTED_EDGE('',*,*,#952,.F.);
#626=ORIENTED_EDGE('',*,*,#790,.F.);
#627=ORIENTED_EDGE('',*,*,#955,.T.);
#628=ORIENTED_EDGE('',*,*,#804,.T.);
#629=ORIENTED_EDGE('',*,*,#954,.F.);
#630=ORIENTED_EDGE('',*,*,#793,.F.);
#631=ORIENTED_EDGE('',*,*,#953,.T.);
#632=ORIENTED_EDGE('',*,*,#805,.T.);
#633=ORIENTED_EDGE('',*,*,#955,.F.);
#634=ORIENTED_EDGE('',*,*,#792,.F.);
#635=ORIENTED_EDGE('',*,*,#814,.F.);
#636=ORIENTED_EDGE('',*,*,#946,.T.);
#637=ORIENTED_EDGE('',*,*,#778,.T.);
#638=ORIENTED_EDGE('',*,*,#956,.T.);
#639=ORIENTED_EDGE('',*,*,#947,.F.);
#640=ORIENTED_EDGE('',*,*,#816,.T.);
#641=ORIENTED_EDGE('',*,*,#957,.F.);
#642=ORIENTED_EDGE('',*,*,#776,.F.);
#643=ORIENTED_EDGE('',*,*,#815,.F.);
#644=ORIENTED_EDGE('',*,*,#956,.F.);
#645=ORIENTED_EDGE('',*,*,#777,.T.);
#646=ORIENTED_EDGE('',*,*,#957,.T.);
#647=ORIENTED_EDGE('',*,*,#958,.T.);
#648=ORIENTED_EDGE('',*,*,#959,.F.);
#649=ORIENTED_EDGE('',*,*,#772,.F.);
#650=ORIENTED_EDGE('',*,*,#960,.F.);
#651=ORIENTED_EDGE('',*,*,#961,.T.);
#652=ORIENTED_EDGE('',*,*,#962,.F.);
#653=ORIENTED_EDGE('',*,*,#961,.F.);
#654=ORIENTED_EDGE('',*,*,#963,.T.);
#655=ORIENTED_EDGE('',*,*,#964,.T.);
#656=ORIENTED_EDGE('',*,*,#965,.F.);
#657=ORIENTED_EDGE('',*,*,#964,.F.);
#658=ORIENTED_EDGE('',*,*,#966,.T.);
#659=ORIENTED_EDGE('',*,*,#774,.T.);
#660=ORIENTED_EDGE('',*,*,#967,.T.);
#661=ORIENTED_EDGE('',*,*,#968,.T.);
#662=ORIENTED_EDGE('',*,*,#967,.F.);
#663=ORIENTED_EDGE('',*,*,#773,.F.);
#664=ORIENTED_EDGE('',*,*,#959,.T.);
#665=ORIENTED_EDGE('',*,*,#948,.T.);
#666=ORIENTED_EDGE('',*,*,#966,.F.);
#667=ORIENTED_EDGE('',*,*,#963,.F.);
#668=ORIENTED_EDGE('',*,*,#960,.T.);
#669=ORIENTED_EDGE('',*,*,#958,.F.);
#670=ORIENTED_EDGE('',*,*,#962,.T.);
#671=ORIENTED_EDGE('',*,*,#965,.T.);
#672=ORIENTED_EDGE('',*,*,#968,.F.);
#673=ORIENTED_EDGE('',*,*,#759,.F.);
#674=ORIENTED_EDGE('',*,*,#808,.T.);
#675=ORIENTED_EDGE('',*,*,#969,.F.);
#676=ORIENTED_EDGE('',*,*,#970,.F.);
#677=ORIENTED_EDGE('',*,*,#806,.F.);
#678=ORIENTED_EDGE('',*,*,#763,.T.);
#679=ORIENTED_EDGE('',*,*,#971,.T.);
#680=ORIENTED_EDGE('',*,*,#972,.T.);
#681=ORIENTED_EDGE('',*,*,#807,.T.);
#682=ORIENTED_EDGE('',*,*,#972,.F.);
#683=ORIENTED_EDGE('',*,*,#973,.F.);
#684=ORIENTED_EDGE('',*,*,#969,.T.);
#685=ORIENTED_EDGE('',*,*,#974,.F.);
#686=ORIENTED_EDGE('',*,*,#760,.T.);
#687=ORIENTED_EDGE('',*,*,#970,.T.);
#688=ORIENTED_EDGE('',*,*,#973,.T.);
#689=ORIENTED_EDGE('',*,*,#971,.F.);
#690=ORIENTED_EDGE('',*,*,#762,.T.);
#691=ORIENTED_EDGE('',*,*,#975,.T.);
#692=ORIENTED_EDGE('',*,*,#976,.F.);
#693=ORIENTED_EDGE('',*,*,#977,.T.);
#694=ORIENTED_EDGE('',*,*,#978,.F.);
#695=ORIENTED_EDGE('',*,*,#979,.F.);
#696=ORIENTED_EDGE('',*,*,#980,.T.);
#697=ORIENTED_EDGE('',*,*,#981,.F.);
#698=ORIENTED_EDGE('',*,*,#980,.F.);
#699=ORIENTED_EDGE('',*,*,#982,.T.);
#700=ORIENTED_EDGE('',*,*,#974,.T.);
#701=ORIENTED_EDGE('',*,*,#983,.T.);
#702=ORIENTED_EDGE('',*,*,#984,.F.);
#703=ORIENTED_EDGE('',*,*,#983,.F.);
#704=ORIENTED_EDGE('',*,*,#976,.T.);
#705=ORIENTED_EDGE('',*,*,#985,.T.);
#706=ORIENTED_EDGE('',*,*,#986,.T.);
#707=ORIENTED_EDGE('',*,*,#985,.F.);
#708=ORIENTED_EDGE('',*,*,#975,.F.);
#709=ORIENTED_EDGE('',*,*,#987,.F.);
#710=ORIENTED_EDGE('',*,*,#978,.T.);
#711=ORIENTED_EDGE('',*,*,#761,.T.);
#712=ORIENTED_EDGE('',*,*,#982,.F.);
#713=ORIENTED_EDGE('',*,*,#979,.T.);
#714=ORIENTED_EDGE('',*,*,#987,.T.);
#715=ORIENTED_EDGE('',*,*,#977,.F.);
#716=ORIENTED_EDGE('',*,*,#981,.T.);
#717=ORIENTED_EDGE('',*,*,#984,.T.);
#718=ORIENTED_EDGE('',*,*,#986,.F.);
#719=EDGE_CURVE('',#988,#989,#1171,.T.);
#720=EDGE_CURVE('',#988,#990,#140,.T.);
#721=EDGE_CURVE('',#990,#991,#141,.T.);
#722=EDGE_CURVE('',#991,#992,#1172,.T.);
#723=EDGE_CURVE('',#992,#989,#142,.T.);
#724=EDGE_CURVE('',#993,#994,#143,.T.);
#725=EDGE_CURVE('',#993,#989,#1173,.T.);
#726=EDGE_CURVE('',#994,#992,#1174,.T.);
#727=EDGE_CURVE('',#988,#995,#1175,.F.);
#728=EDGE_CURVE('',#996,#995,#144,.T.);
#729=EDGE_CURVE('',#996,#990,#1176,.T.);
#730=EDGE_CURVE('',#997,#997,#145,.F.);
#731=EDGE_CURVE('',#998,#998,#146,.F.);
#732=EDGE_CURVE('',#999,#999,#147,.F.);
#733=EDGE_CURVE('',#1000,#995,#1177,.T.);
#734=EDGE_CURVE('',#1001,#1000,#148,.T.);
#735=EDGE_CURVE('',#1002,#1001,#149,.T.);
#736=EDGE_CURVE('',#1003,#1002,#1178,.T.);
#737=EDGE_CURVE('',#1004,#1003,#150,.T.);
#738=EDGE_CURVE('',#1005,#1004,#151,.T.);
#739=EDGE_CURVE('',#993,#1005,#1179,.T.);
#740=EDGE_CURVE('',#994,#1006,#1180,.T.);
#741=EDGE_CURVE('',#1006,#996,#152,.T.);
#742=EDGE_CURVE('',#1007,#1007,#153,.T.);
#743=EDGE_CURVE('',#1008,#1008,#154,.T.);
#744=EDGE_CURVE('',#1009,#1009,#155,.T.);
#745=EDGE_CURVE('',#1010,#1011,#156,.T.);
#746=EDGE_CURVE('',#1010,#1012,#1181,.T.);
#747=EDGE_CURVE('',#1013,#1012,#157,.T.);
#748=EDGE_CURVE('',#1014,#1013,#158,.T.);
#749=EDGE_CURVE('',#1015,#1014,#1182,.T.);
#750=EDGE_CURVE('',#1011,#1015,#159,.T.);
#751=EDGE_CURVE('',#1010,#1000,#1183,.F.);
#752=EDGE_CURVE('',#1001,#1011,#1184,.T.);
#753=EDGE_CURVE('',#1005,#1012,#1185,.T.);
#754=EDGE_CURVE('',#1004,#1013,#1186,.T.);
#755=EDGE_CURVE('',#1006,#991,#1187,.T.);
#756=EDGE_CURVE('',#1002,#1015,#1188,.T.);
#757=EDGE_CURVE('',#1003,#1014,#1189,.T.);
#758=EDGE_CURVE('',#1016,#1017,#1190,.T.);
#759=EDGE_CURVE('',#1017,#1018,#160,.T.);
#760=EDGE_CURVE('',#1019,#1018,#1191,.F.);
#761=EDGE_CURVE('',#1020,#1019,#1192,.F.);
#762=EDGE_CURVE('',#1021,#1020,#1193,.F.);
#763=EDGE_CURVE('',#1022,#1021,#161,.T.);
#764=EDGE_CURVE('',#1022,#1023,#1194,.T.);
#765=EDGE_CURVE('',#1023,#1024,#162,.T.);
#766=EDGE_CURVE('',#1025,#1024,#1195,.T.);
#767=EDGE_CURVE('',#1026,#1025,#1196,.T.);
#768=EDGE_CURVE('',#1027,#1026,#48,.T.);
#769=EDGE_CURVE('',#1028,#1027,#1197,.F.);
#770=EDGE_CURVE('',#1028,#1016,#49,.T.);
#771=EDGE_CURVE('',#1029,#1030,#1198,.T.);
#772=EDGE_CURVE('',#1030,#1031,#1199,.T.);
#773=EDGE_CURVE('',#1031,#1032,#1200,.T.);
#774=EDGE_CURVE('',#1033,#1032,#1201,.T.);
#775=EDGE_CURVE('',#1033,#1034,#1202,.T.);
#776=EDGE_CURVE('',#1034,#1035,#1203,.T.);
#777=EDGE_CURVE('',#1036,#1035,#1204,.T.);
#778=EDGE_CURVE('',#1029,#1036,#1205,.T.);
#779=EDGE_CURVE('',#1037,#1038,#50,.F.);
#780=EDGE_CURVE('',#1038,#1039,#16,.T.);
#781=EDGE_CURVE('',#1039,#1040,#17,.T.);
#782=EDGE_CURVE('',#1041,#1040,#18,.T.);
#783=EDGE_CURVE('',#1042,#1041,#19,.T.);
#784=EDGE_CURVE('',#1043,#1042,#20,.T.);
#785=EDGE_CURVE('',#1044,#1043,#1206,.F.);
#786=EDGE_CURVE('',#1044,#1045,#21,.T.);
#787=EDGE_CURVE('',#1046,#1045,#22,.T.);
#788=EDGE_CURVE('',#1046,#1047,#23,.T.);
#789=EDGE_CURVE('',#1037,#1047,#24,.T.);
#790=EDGE_CURVE('',#1048,#1049,#25,.T.);
#791=EDGE_CURVE('',#1049,#1050,#1207,.T.);
#792=EDGE_CURVE('',#1050,#1051,#26,.T.);
#793=EDGE_CURVE('',#1051,#1048,#1208,.F.);
#794=EDGE_CURVE('',#1052,#1053,#27,.T.);
#795=EDGE_CURVE('',#1052,#1054,#28,.T.);
#796=EDGE_CURVE('',#1055,#1054,#29,.T.);
#797=EDGE_CURVE('',#1055,#1056,#1209,.F.);
#798=EDGE_CURVE('',#1056,#1025,#30,.T.);
#799=EDGE_CURVE('',#1025,#1057,#31,.T.);
#800=EDGE_CURVE('',#1057,#1058,#32,.T.);
#801=EDGE_CURVE('',#1053,#1058,#33,.T.);
#802=EDGE_CURVE('',#1059,#1060,#1210,.T.);
#803=EDGE_CURVE('',#1061,#1059,#34,.F.);
#804=EDGE_CURVE('',#1062,#1061,#1211,.F.);
#805=EDGE_CURVE('',#1060,#1062,#35,.T.);
#806=EDGE_CURVE('',#1022,#1063,#1212,.T.);
#807=EDGE_CURVE('',#1064,#1063,#1213,.T.);
#808=EDGE_CURVE('',#1017,#1064,#1214,.T.);
#809=EDGE_CURVE('',#1016,#1065,#1215,.T.);
#810=EDGE_CURVE('',#1066,#1065,#1216,.T.);
#811=EDGE_CURVE('',#1066,#1067,#51,.F.);
#812=EDGE_CURVE('',#1052,#1067,#1217,.T.);
#813=EDGE_CURVE('',#1068,#1053,#1218,.F.);
#814=EDGE_CURVE('',#1068,#1069,#1219,.T.);
#815=EDGE_CURVE('',#1069,#1070,#1220,.T.);
#816=EDGE_CURVE('',#1071,#1070,#1221,.T.);
#817=EDGE_CURVE('',#1072,#1071,#1222,.F.);
#818=EDGE_CURVE('',#1073,#1072,#1223,.T.);
#819=EDGE_CURVE('',#1073,#1039,#1224,.F.);
#820=EDGE_CURVE('',#1074,#1038,#1225,.T.);
#821=EDGE_CURVE('',#1074,#1047,#1226,.T.);
#822=EDGE_CURVE('',#1047,#1075,#1227,.T.);
#823=EDGE_CURVE('',#1076,#1075,#1228,.T.);
#824=EDGE_CURVE('',#1076,#1077,#1229,.T.);
#825=EDGE_CURVE('',#1023,#1077,#1230,.T.);
#826=EDGE_CURVE('',#1078,#1079,#52,.F.);
#827=EDGE_CURVE('',#1080,#1079,#1231,.T.);
#828=EDGE_CURVE('',#1080,#1081,#53,.T.);
#829=EDGE_CURVE('',#1081,#1078,#1232,.T.);
#830=EDGE_CURVE('',#1082,#1078,#54,.F.);
#831=EDGE_CURVE('',#1081,#1083,#55,.T.);
#832=EDGE_CURVE('',#1083,#1082,#1233,.T.);
#833=EDGE_CURVE('',#1084,#1082,#56,.F.);
#834=EDGE_CURVE('',#1083,#1085,#57,.T.);
#835=EDGE_CURVE('',#1085,#1084,#1234,.T.);
#836=EDGE_CURVE('',#1086,#1084,#36,.T.);
#837=EDGE_CURVE('',#1085,#1087,#37,.T.);
#838=EDGE_CURVE('',#1087,#1086,#1235,.T.);
#839=EDGE_CURVE('',#1088,#1086,#58,.F.);
#840=EDGE_CURVE('',#1087,#1089,#59,.T.);
#841=EDGE_CURVE('',#1089,#1088,#1236,.T.);
#842=EDGE_CURVE('',#1090,#1088,#60,.F.);
#843=EDGE_CURVE('',#1089,#1091,#61,.T.);
#844=EDGE_CURVE('',#1091,#1090,#1237,.T.);
#845=EDGE_CURVE('',#1092,#1090,#62,.F.);
#846=EDGE_CURVE('',#1091,#1093,#63,.T.);
#847=EDGE_CURVE('',#1093,#1092,#1238,.T.);
#848=EDGE_CURVE('',#1094,#1092,#64,.F.);
#849=EDGE_CURVE('',#1093,#1095,#65,.T.);
#850=EDGE_CURVE('',#1095,#1094,#1239,.T.);
#851=EDGE_CURVE('',#1096,#1094,#38,.T.);
#852=EDGE_CURVE('',#1095,#1097,#39,.T.);
#853=EDGE_CURVE('',#1097,#1096,#1240,.T.);
#854=EDGE_CURVE('',#1098,#1096,#66,.F.);
#855=EDGE_CURVE('',#1097,#1099,#67,.T.);
#856=EDGE_CURVE('',#1099,#1098,#1241,.T.);
#857=EDGE_CURVE('',#1100,#1098,#68,.F.);
#858=EDGE_CURVE('',#1099,#1101,#69,.T.);
#859=EDGE_CURVE('',#1101,#1100,#1242,.T.);
#860=EDGE_CURVE('',#1102,#1100,#40,.T.);
#861=EDGE_CURVE('',#1101,#1103,#41,.T.);
#862=EDGE_CURVE('',#1103,#1102,#1243,.T.);
#863=EDGE_CURVE('',#1104,#1102,#70,.F.);
#864=EDGE_CURVE('',#1103,#1105,#71,.T.);
#865=EDGE_CURVE('',#1105,#1104,#1244,.T.);
#866=EDGE_CURVE('',#1106,#1104,#72,.F.);
#867=EDGE_CURVE('',#1105,#1107,#73,.T.);
#868=EDGE_CURVE('',#1107,#1106,#1245,.T.);
#869=EDGE_CURVE('',#1108,#1106,#74,.F.);
#870=EDGE_CURVE('',#1107,#1109,#75,.T.);
#871=EDGE_CURVE('',#1109,#1108,#1246,.T.);
#872=EDGE_CURVE('',#1046,#1108,#76,.F.);
#873=EDGE_CURVE('',#1109,#1046,#77,.T.);
#874=EDGE_CURVE('',#1110,#1111,#78,.T.);
#875=EDGE_CURVE('',#1112,#1110,#79,.T.);
#876=EDGE_CURVE('',#1112,#1113,#1247,.T.);
#877=EDGE_CURVE('',#1111,#1113,#80,.F.);
#878=EDGE_CURVE('',#1079,#1045,#81,.F.);
#879=EDGE_CURVE('',#1114,#1044,#1248,.T.);
#880=EDGE_CURVE('',#1114,#1080,#82,.T.);
#881=EDGE_CURVE('',#1113,#1043,#163,.F.);
#882=EDGE_CURVE('',#1114,#1112,#164,.T.);
#883=EDGE_CURVE('',#1111,#1042,#1249,.T.);
#884=EDGE_CURVE('',#1115,#1110,#1250,.F.);
#885=EDGE_CURVE('',#1115,#1116,#83,.T.);
#886=EDGE_CURVE('',#1046,#1116,#1251,.T.);
#887=EDGE_CURVE('',#1037,#1117,#1252,.T.);
#888=EDGE_CURVE('',#1047,#1117,#1253,.T.);
#889=EDGE_CURVE('',#1118,#1119,#84,.F.);
#890=EDGE_CURVE('',#1120,#1118,#1254,.T.);
#891=EDGE_CURVE('',#1121,#1120,#85,.T.);
#892=EDGE_CURVE('',#1121,#1119,#1255,.T.);
#893=EDGE_CURVE('',#1119,#1122,#86,.F.);
#894=EDGE_CURVE('',#1123,#1121,#87,.T.);
#895=EDGE_CURVE('',#1123,#1122,#1256,.T.);
#896=EDGE_CURVE('',#1122,#1124,#88,.F.);
#897=EDGE_CURVE('',#1125,#1123,#89,.T.);
#898=EDGE_CURVE('',#1125,#1124,#1257,.T.);
#899=EDGE_CURVE('',#1124,#1126,#42,.T.);
#900=EDGE_CURVE('',#1127,#1125,#43,.T.);
#901=EDGE_CURVE('',#1127,#1126,#1258,.T.);
#902=EDGE_CURVE('',#1126,#1128,#90,.F.);
#903=EDGE_CURVE('',#1129,#1127,#91,.T.);
#904=EDGE_CURVE('',#1129,#1128,#1259,.T.);
#905=EDGE_CURVE('',#1128,#1130,#92,.F.);
#906=EDGE_CURVE('',#1131,#1129,#93,.T.);
#907=EDGE_CURVE('',#1131,#1130,#1260,.T.);
#908=EDGE_CURVE('',#1130,#1132,#94,.F.);
#909=EDGE_CURVE('',#1133,#1131,#95,.T.);
#910=EDGE_CURVE('',#1133,#1132,#1261,.T.);
#911=EDGE_CURVE('',#1026,#1134,#96,.F.);
#912=EDGE_CURVE('',#1135,#1134,#1262,.T.);
#913=EDGE_CURVE('',#1135,#1027,#97,.T.);
#914=EDGE_CURVE('',#1134,#1056,#165,.F.);
#915=EDGE_CURVE('',#1136,#1055,#1263,.T.);
#916=EDGE_CURVE('',#1136,#1135,#166,.T.);
#917=EDGE_CURVE('',#1132,#1054,#98,.F.);
#918=EDGE_CURVE('',#1136,#1133,#99,.T.);
#919=EDGE_CURVE('',#1137,#1118,#100,.F.);
#920=EDGE_CURVE('',#1138,#1137,#1264,.T.);
#921=EDGE_CURVE('',#1120,#1138,#101,.T.);
#922=EDGE_CURVE('',#1139,#1140,#167,.T.);
#923=EDGE_CURVE('',#1041,#1139,#1265,.T.);
#924=EDGE_CURVE('',#1040,#1140,#1266,.T.);
#925=EDGE_CURVE('',#1141,#1139,#1267,.T.);
#926=EDGE_CURVE('',#1042,#1141,#1268,.T.);
#927=EDGE_CURVE('',#1142,#1141,#168,.T.);
#928=EDGE_CURVE('',#1143,#1142,#1269,.T.);
#929=EDGE_CURVE('',#1115,#1143,#102,.T.);
#930=EDGE_CURVE('',#1024,#1144,#1270,.T.);
#931=EDGE_CURVE('',#1057,#1144,#1271,.T.);
#932=EDGE_CURVE('',#1144,#1145,#169,.T.);
#933=EDGE_CURVE('',#1058,#1145,#1272,.T.);
#934=EDGE_CURVE('',#1116,#1075,#1273,.T.);
#935=EDGE_CURVE('',#1143,#1076,#103,.T.);
#936=EDGE_CURVE('',#1117,#1074,#1274,.T.);
#937=EDGE_CURVE('',#1146,#1146,#170,.F.);
#938=EDGE_CURVE('',#1147,#1147,#171,.F.);
#939=EDGE_CURVE('',#1148,#1148,#172,.F.);
#940=EDGE_CURVE('',#1140,#1073,#173,.T.);
#941=EDGE_CURVE('',#1145,#1072,#174,.T.);
#942=EDGE_CURVE('',#1077,#1142,#175,.T.);
#943=EDGE_CURVE('',#1138,#1066,#44,.T.);
#944=EDGE_CURVE('',#1067,#1137,#45,.T.);
#945=EDGE_CURVE('',#1028,#1065,#104,.T.);
#946=EDGE_CURVE('',#1068,#1029,#176,.T.);
#947=EDGE_CURVE('',#1071,#1034,#177,.T.);
#948=EDGE_CURVE('',#1030,#1033,#1275,.T.);
#949=EDGE_CURVE('',#1150,#1150,#178,.T.);
#950=EDGE_CURVE('',#1152,#1152,#179,.T.);
#951=EDGE_CURVE('',#1154,#1154,#180,.T.);
#952=EDGE_CURVE('',#1049,#1059,#1276,.T.);
#953=EDGE_CURVE('',#1050,#1060,#1277,.T.);
#954=EDGE_CURVE('',#1048,#1061,#1278,.T.);
#955=EDGE_CURVE('',#1051,#1062,#1279,.T.);
#956=EDGE_CURVE('',#1036,#1069,#1280,.T.);
#957=EDGE_CURVE('',#1035,#1070,#1281,.T.);
#958=EDGE_CURVE('',#1155,#1156,#1282,.T.);
#959=EDGE_CURVE('',#1031,#1156,#1283,.T.);
#960=EDGE_CURVE('',#1157,#1030,#1284,.T.);
#961=EDGE_CURVE('',#1157,#1155,#1285,.T.);
#962=EDGE_CURVE('',#1155,#1158,#1286,.T.);
#963=EDGE_CURVE('',#1157,#1159,#1287,.T.);
#964=EDGE_CURVE('',#1159,#1158,#1288,.T.);
#965=EDGE_CURVE('',#1158,#1160,#1289,.T.);
#966=EDGE_CURVE('',#1159,#1033,#1290,.T.);
#967=EDGE_CURVE('',#1032,#1160,#1291,.T.);
#968=EDGE_CURVE('',#1156,#1160,#1292,.T.);
#969=EDGE_CURVE('',#1161,#1064,#1293,.T.);
#970=EDGE_CURVE('',#1018,#1161,#1294,.T.);
#971=EDGE_CURVE('',#1021,#1162,#1295,.T.);
#972=EDGE_CURVE('',#1162,#1063,#1296,.T.);
#973=EDGE_CURVE('',#1161,#1162,#1297,.T.);
#974=EDGE_CURVE('',#1019,#1163,#1298,.T.);
#975=EDGE_CURVE('',#1020,#1164,#1299,.T.);
#976=EDGE_CURVE('',#1163,#1164,#1300,.T.);
#977=EDGE_CURVE('',#1165,#1166,#1301,.T.);
#978=EDGE_CURVE('',#1167,#1166,#1302,.T.);
#979=EDGE_CURVE('',#1168,#1167,#1303,.T.);
#980=EDGE_CURVE('',#1168,#1165,#1304,.T.);
#981=EDGE_CURVE('',#1165,#1169,#1305,.T.);
#982=EDGE_CURVE('',#1168,#1019,#1306,.T.);
#983=EDGE_CURVE('',#1163,#1169,#1307,.T.);
#984=EDGE_CURVE('',#1169,#1170,#1308,.T.);
#985=EDGE_CURVE('',#1164,#1170,#1309,.T.);
#986=EDGE_CURVE('',#1166,#1170,#1310,.T.);
#987=EDGE_CURVE('',#1167,#1020,#1311,.T.);
#988=VERTEX_POINT('',#2629);
#989=VERTEX_POINT('',#2630);
#990=VERTEX_POINT('',#2632);
#991=VERTEX_POINT('',#2634);
#992=VERTEX_POINT('',#2636);
#993=VERTEX_POINT('',#2640);
#994=VERTEX_POINT('',#2641);
#995=VERTEX_POINT('',#2646);
#996=VERTEX_POINT('',#2648);
#997=VERTEX_POINT('',#2652);
#998=VERTEX_POINT('',#2654);
#999=VERTEX_POINT('',#2656);
#1000=VERTEX_POINT('',#2658);
#1001=VERTEX_POINT('',#2660);
#1002=VERTEX_POINT('',#2662);
#1003=VERTEX_POINT('',#2664);
#1004=VERTEX_POINT('',#2666);
#1005=VERTEX_POINT('',#2668);
#1006=VERTEX_POINT('',#2671);
#1007=VERTEX_POINT('',#2675);
#1008=VERTEX_POINT('',#2677);
#1009=VERTEX_POINT('',#2679);
#1010=VERTEX_POINT('',#2681);
#1011=VERTEX_POINT('',#2682);
#1012=VERTEX_POINT('',#2684);
#1013=VERTEX_POINT('',#2686);
#1014=VERTEX_POINT('',#2688);
#1015=VERTEX_POINT('',#2690);
#1016=VERTEX_POINT('',#2713);
#1017=VERTEX_POINT('',#2714);
#1018=VERTEX_POINT('',#2716);
#1019=VERTEX_POINT('',#2718);
#1020=VERTEX_POINT('',#2720);
#1021=VERTEX_POINT('',#2722);
#1022=VERTEX_POINT('',#2724);
#1023=VERTEX_POINT('',#2726);
#1024=VERTEX_POINT('',#2728);
#1025=VERTEX_POINT('',#2730);
#1026=VERTEX_POINT('',#2732);
#1027=VERTEX_POINT('',#2734);
#1028=VERTEX_POINT('',#2736);
#1029=VERTEX_POINT('',#2740);
#1030=VERTEX_POINT('',#2741);
#1031=VERTEX_POINT('',#2743);
#1032=VERTEX_POINT('',#2745);
#1033=VERTEX_POINT('',#2747);
#1034=VERTEX_POINT('',#2749);
#1035=VERTEX_POINT('',#2751);
#1036=VERTEX_POINT('',#2753);
#1037=VERTEX_POINT('',#2766);
#1038=VERTEX_POINT('',#2767);
#1039=VERTEX_POINT('',#2772);
#1040=VERTEX_POINT('',#2777);
#1041=VERTEX_POINT('',#2794);
#1042=VERTEX_POINT('',#2799);
#1043=VERTEX_POINT('',#2804);
#1044=VERTEX_POINT('',#2806);
#1045=VERTEX_POINT('',#2811);
#1046=VERTEX_POINT('',#2821);
#1047=VERTEX_POINT('',#2826);
#1048=VERTEX_POINT('',#2837);
#1049=VERTEX_POINT('',#2838);
#1050=VERTEX_POINT('',#2840);
#1051=VERTEX_POINT('',#2845);
#1052=VERTEX_POINT('',#2862);
#1053=VERTEX_POINT('',#2863);
#1054=VERTEX_POINT('',#2869);
#1055=VERTEX_POINT('',#2874);
#1056=VERTEX_POINT('',#2876);
#1057=VERTEX_POINT('',#2885);
#1058=VERTEX_POINT('',#2901);
#1059=VERTEX_POINT('',#2907);
#1060=VERTEX_POINT('',#2908);
#1061=VERTEX_POINT('',#2914);
#1062=VERTEX_POINT('',#2916);
#1063=VERTEX_POINT('',#2924);
#1064=VERTEX_POINT('',#2926);
#1065=VERTEX_POINT('',#2929);
#1066=VERTEX_POINT('',#2931);
#1067=VERTEX_POINT('',#2933);
#1068=VERTEX_POINT('',#2936);
#1069=VERTEX_POINT('',#2938);
#1070=VERTEX_POINT('',#2940);
#1071=VERTEX_POINT('',#2942);
#1072=VERTEX_POINT('',#2944);
#1073=VERTEX_POINT('',#2946);
#1074=VERTEX_POINT('',#2949);
#1075=VERTEX_POINT('',#2952);
#1076=VERTEX_POINT('',#2954);
#1077=VERTEX_POINT('',#2956);
#1078=VERTEX_POINT('',#2960);
#1079=VERTEX_POINT('',#2961);
#1080=VERTEX_POINT('',#2963);
#1081=VERTEX_POINT('',#2965);
#1082=VERTEX_POINT('',#2969);
#1083=VERTEX_POINT('',#2971);
#1084=VERTEX_POINT('',#2975);
#1085=VERTEX_POINT('',#2977);
#1086=VERTEX_POINT('',#2984);
#1087=VERTEX_POINT('',#2989);
#1088=VERTEX_POINT('',#2993);
#1089=VERTEX_POINT('',#2995);
#1090=VERTEX_POINT('',#2999);
#1091=VERTEX_POINT('',#3001);
#1092=VERTEX_POINT('',#3005);
#1093=VERTEX_POINT('',#3007);
#1094=VERTEX_POINT('',#3011);
#1095=VERTEX_POINT('',#3013);
#1096=VERTEX_POINT('',#3020);
#1097=VERTEX_POINT('',#3025);
#1098=VERTEX_POINT('',#3029);
#1099=VERTEX_POINT('',#3031);
#1100=VERTEX_POINT('',#3035);
#1101=VERTEX_POINT('',#3037);
#1102=VERTEX_POINT('',#3044);
#1103=VERTEX_POINT('',#3049);
#1104=VERTEX_POINT('',#3053);
#1105=VERTEX_POINT('',#3055);
#1106=VERTEX_POINT('',#3059);
#1107=VERTEX_POINT('',#3061);
#1108=VERTEX_POINT('',#3065);
#1109=VERTEX_POINT('',#3067);
#1110=VERTEX_POINT('',#3074);
#1111=VERTEX_POINT('',#3075);
#1112=VERTEX_POINT('',#3077);
#1113=VERTEX_POINT('',#3079);
#1114=VERTEX_POINT('',#3085);
#1115=VERTEX_POINT('',#3094);
#1116=VERTEX_POINT('',#3096);
#1117=VERTEX_POINT('',#3100);
#1118=VERTEX_POINT('',#3104);
#1119=VERTEX_POINT('',#3105);
#1120=VERTEX_POINT('',#3107);
#1121=VERTEX_POINT('',#3109);
#1122=VERTEX_POINT('',#3113);
#1123=VERTEX_POINT('',#3115);
#1124=VERTEX_POINT('',#3119);
#1125=VERTEX_POINT('',#3121);
#1126=VERTEX_POINT('',#3128);
#1127=VERTEX_POINT('',#3133);
#1128=VERTEX_POINT('',#3137);
#1129=VERTEX_POINT('',#3139);
#1130=VERTEX_POINT('',#3143);
#1131=VERTEX_POINT('',#3145);
#1132=VERTEX_POINT('',#3149);
#1133=VERTEX_POINT('',#3151);
#1134=VERTEX_POINT('',#3155);
#1135=VERTEX_POINT('',#3157);
#1136=VERTEX_POINT('',#3163);
#1137=VERTEX_POINT('',#3170);
#1138=VERTEX_POINT('',#3172);
#1139=VERTEX_POINT('',#3176);
#1140=VERTEX_POINT('',#3177);
#1141=VERTEX_POINT('',#3182);
#1142=VERTEX_POINT('',#3186);
#1143=VERTEX_POINT('',#3188);
#1144=VERTEX_POINT('',#3192);
#1145=VERTEX_POINT('',#3196);
#1146=VERTEX_POINT('',#3207);
#1147=VERTEX_POINT('',#3209);
#1148=VERTEX_POINT('',#3211);
#1149=VERTEX_POINT('',#3235);
#1150=VERTEX_POINT('',#3237);
#1151=VERTEX_POINT('',#3240);
#1152=VERTEX_POINT('',#3242);
#1153=VERTEX_POINT('',#3245);
#1154=VERTEX_POINT('',#3247);
#1155=VERTEX_POINT('',#3264);
#1156=VERTEX_POINT('',#3265);
#1157=VERTEX_POINT('',#3268);
#1158=VERTEX_POINT('',#3272);
#1159=VERTEX_POINT('',#3274);
#1160=VERTEX_POINT('',#3278);
#1161=VERTEX_POINT('',#3287);
#1162=VERTEX_POINT('',#3291);
#1163=VERTEX_POINT('',#3297);
#1164=VERTEX_POINT('',#3299);
#1165=VERTEX_POINT('',#3303);
#1166=VERTEX_POINT('',#3304);
#1167=VERTEX_POINT('',#3306);
#1168=VERTEX_POINT('',#3308);
#1169=VERTEX_POINT('',#3312);
#1170=VERTEX_POINT('',#3317);
#1171=LINE('',#2628,#1312);
#1172=LINE('',#2635,#1313);
#1173=LINE('',#2642,#1314);
#1174=LINE('',#2643,#1315);
#1175=LINE('',#2645,#1316);
#1176=LINE('',#2649,#1317);
#1177=LINE('',#2657,#1318);
#1178=LINE('',#2663,#1319);
#1179=LINE('',#2669,#1320);
#1180=LINE('',#2670,#1321);
#1181=LINE('',#2683,#1322);
#1182=LINE('',#2689,#1323);
#1183=LINE('',#2693,#1324);
#1184=LINE('',#2694,#1325);
#1185=LINE('',#2696,#1326);
#1186=LINE('',#2697,#1327);
#1187=LINE('',#2699,#1328);
#1188=LINE('',#2702,#1329);
#1189=LINE('',#2704,#1330);
#1190=LINE('',#2712,#1331);
#1191=LINE('',#2717,#1332);
#1192=LINE('',#2719,#1333);
#1193=LINE('',#2721,#1334);
#1194=LINE('',#2725,#1335);
#1195=LINE('',#2729,#1336);
#1196=LINE('',#2731,#1337);
#1197=LINE('',#2735,#1338);
#1198=LINE('',#2739,#1339);
#1199=LINE('',#2742,#1340);
#1200=LINE('',#2744,#1341);
#1201=LINE('',#2746,#1342);
#1202=LINE('',#2748,#1343);
#1203=LINE('',#2750,#1344);
#1204=LINE('',#2752,#1345);
#1205=LINE('',#2754,#1346);
#1206=LINE('',#2805,#1347);
#1207=LINE('',#2839,#1348);
#1208=LINE('',#2846,#1349);
#1209=LINE('',#2875,#1350);
#1210=LINE('',#2906,#1351);
#1211=LINE('',#2915,#1352);
#1212=LINE('',#2923,#1353);
#1213=LINE('',#2925,#1354);
#1214=LINE('',#2927,#1355);
#1215=LINE('',#2928,#1356);
#1216=LINE('',#2930,#1357);
#1217=LINE('',#2934,#1358);
#1218=LINE('',#2935,#1359);
#1219=LINE('',#2937,#1360);
#1220=LINE('',#2939,#1361);
#1221=LINE('',#2941,#1362);
#1222=LINE('',#2943,#1363);
#1223=LINE('',#2945,#1364);
#1224=LINE('',#2947,#1365);
#1225=LINE('',#2948,#1366);
#1226=LINE('',#2950,#1367);
#1227=LINE('',#2951,#1368);
#1228=LINE('',#2953,#1369);
#1229=LINE('',#2955,#1370);
#1230=LINE('',#2957,#1371);
#1231=LINE('',#2962,#1372);
#1232=LINE('',#2966,#1373);
#1233=LINE('',#2972,#1374);
#1234=LINE('',#2978,#1375);
#1235=LINE('',#2990,#1376);
#1236=LINE('',#2996,#1377);
#1237=LINE('',#3002,#1378);
#1238=LINE('',#3008,#1379);
#1239=LINE('',#3014,#1380);
#1240=LINE('',#3026,#1381);
#1241=LINE('',#3032,#1382);
#1242=LINE('',#3038,#1383);
#1243=LINE('',#3050,#1384);
#1244=LINE('',#3056,#1385);
#1245=LINE('',#3062,#1386);
#1246=LINE('',#3068,#1387);
#1247=LINE('',#3078,#1388);
#1248=LINE('',#3084,#1389);
#1249=LINE('',#3091,#1390);
#1250=LINE('',#3093,#1391);
#1251=LINE('',#3097,#1392);
#1252=LINE('',#3099,#1393);
#1253=LINE('',#3101,#1394);
#1254=LINE('',#3106,#1395);
#1255=LINE('',#3110,#1396);
#1256=LINE('',#3116,#1397);
#1257=LINE('',#3122,#1398);
#1258=LINE('',#3134,#1399);
#1259=LINE('',#3140,#1400);
#1260=LINE('',#3146,#1401);
#1261=LINE('',#3152,#1402);
#1262=LINE('',#3156,#1403);
#1263=LINE('',#3162,#1404);
#1264=LINE('',#3171,#1405);
#1265=LINE('',#3178,#1406);
#1266=LINE('',#3179,#1407);
#1267=LINE('',#3181,#1408);
#1268=LINE('',#3183,#1409);
#1269=LINE('',#3187,#1410);
#1270=LINE('',#3191,#1411);
#1271=LINE('',#3193,#1412);
#1272=LINE('',#3197,#1413);
#1273=LINE('',#3199,#1414);
#1274=LINE('',#3203,#1415);
#1275=LINE('',#3231,#1416);
#1276=LINE('',#3250,#1417);
#1277=LINE('',#3251,#1418);
#1278=LINE('',#3253,#1419);
#1279=LINE('',#3255,#1420);
#1280=LINE('',#3258,#1421);
#1281=LINE('',#3260,#1422);
#1282=LINE('',#3263,#1423);
#1283=LINE('',#3266,#1424);
#1284=LINE('',#3267,#1425);
#1285=LINE('',#3269,#1426);
#1286=LINE('',#3271,#1427);
#1287=LINE('',#3273,#1428);
#1288=LINE('',#3275,#1429);
#1289=LINE('',#3277,#1430);
#1290=LINE('',#3279,#1431);
#1291=LINE('',#3280,#1432);
#1292=LINE('',#3282,#1433);
#1293=LINE('',#3286,#1434);
#1294=LINE('',#3288,#1435);
#1295=LINE('',#3290,#1436);
#1296=LINE('',#3292,#1437);
#1297=LINE('',#3294,#1438);
#1298=LINE('',#3296,#1439);
#1299=LINE('',#3298,#1440);
#1300=LINE('',#3300,#1441);
#1301=LINE('',#3302,#1442);
#1302=LINE('',#3305,#1443);
#1303=LINE('',#3307,#1444);
#1304=LINE('',#3309,#1445);
#1305=LINE('',#3311,#1446);
#1306=LINE('',#3313,#1447);
#1307=LINE('',#3314,#1448);
#1308=LINE('',#3316,#1449);
#1309=LINE('',#3318,#1450);
#1310=LINE('',#3320,#1451);
#1311=LINE('',#3321,#1452);
#1312=VECTOR('',#2089,1.);
#1313=VECTOR('',#2094,1.);
#1314=VECTOR('',#2101,1.);
#1315=VECTOR('',#2102,1.);
#1316=VECTOR('',#2105,1.);
#1317=VECTOR('',#2108,1.);
#1318=VECTOR('',#2117,1.);
#1319=VECTOR('',#2122,1.);
#1320=VECTOR('',#2127,1.);
#1321=VECTOR('',#2128,1.);
#1322=VECTOR('',#2141,1.);
#1323=VECTOR('',#2146,1.);
#1324=VECTOR('',#2151,1.);
#1325=VECTOR('',#2152,1.);
#1326=VECTOR('',#2155,1.);
#1327=VECTOR('',#2156,1.);
#1328=VECTOR('',#2159,1.);
#1329=VECTOR('',#2164,1.);
#1330=VECTOR('',#2167,1.);
#1331=VECTOR('',#2182,1.);
#1332=VECTOR('',#2185,1.);
#1333=VECTOR('',#2186,1.);
#1334=VECTOR('',#2187,1.);
#1335=VECTOR('',#2190,1.);
#1336=VECTOR('',#2193,1.);
#1337=VECTOR('',#2194,1.);
#1338=VECTOR('',#2197,1.);
#1339=VECTOR('',#2202,1.);
#1340=VECTOR('',#2203,1.);
#1341=VECTOR('',#2204,1.);
#1342=VECTOR('',#2205,1.);
#1343=VECTOR('',#2206,1.);
#1344=VECTOR('',#2207,1.);
#1345=VECTOR('',#2208,1.);
#1346=VECTOR('',#2209,1.);
#1347=VECTOR('',#2212,1.);
#1348=VECTOR('',#2213,1.);
#1349=VECTOR('',#2214,1.);
#1350=VECTOR('',#2215,1.);
#1351=VECTOR('',#2216,1.);
#1352=VECTOR('',#2217,1.);
#1353=VECTOR('',#2220,1.);
#1354=VECTOR('',#2221,1.);
#1355=VECTOR('',#2222,1.);
#1356=VECTOR('',#2223,1.);
#1357=VECTOR('',#2224,1.);
#1358=VECTOR('',#2227,1.);
#1359=VECTOR('',#2228,1.);
#1360=VECTOR('',#2229,1.);
#1361=VECTOR('',#2230,1.);
#1362=VECTOR('',#2231,1.);
#1363=VECTOR('',#2232,1.);
#1364=VECTOR('',#2233,1.);
#1365=VECTOR('',#2234,1.);
#1366=VECTOR('',#2235,1.);
#1367=VECTOR('',#2236,1.);
#1368=VECTOR('',#2237,1.);
#1369=VECTOR('',#2238,1.);
#1370=VECTOR('',#2239,1.);
#1371=VECTOR('',#2240,1.);
#1372=VECTOR('',#2245,1.);
#1373=VECTOR('',#2248,1.);
#1374=VECTOR('',#2255,1.);
#1375=VECTOR('',#2262,1.);
#1376=VECTOR('',#2265,1.);
#1377=VECTOR('',#2272,1.);
#1378=VECTOR('',#2279,1.);
#1379=VECTOR('',#2286,1.);
#1380=VECTOR('',#2293,1.);
#1381=VECTOR('',#2296,1.);
#1382=VECTOR('',#2303,1.);
#1383=VECTOR('',#2310,1.);
#1384=VECTOR('',#2313,1.);
#1385=VECTOR('',#2320,1.);
#1386=VECTOR('',#2327,1.);
#1387=VECTOR('',#2334,1.);
#1388=VECTOR('',#2347,1.);
#1389=VECTOR('',#2356,1.);
#1390=VECTOR('',#2367,1.);
#1391=VECTOR('',#2370,1.);
#1392=VECTOR('',#2373,1.);
#1393=VECTOR('',#2376,1.);
#1394=VECTOR('',#2377,1.);
#1395=VECTOR('',#2382,1.);
#1396=VECTOR('',#2385,1.);
#1397=VECTOR('',#2392,1.);
#1398=VECTOR('',#2399,1.);
#1399=VECTOR('',#2402,1.);
#1400=VECTOR('',#2409,1.);
#1401=VECTOR('',#2416,1.);
#1402=VECTOR('',#2423,1.);
#1403=VECTOR('',#2428,1.);
#1404=VECTOR('',#2437,1.);
#1405=VECTOR('',#2450,1.);
#1406=VECTOR('',#2457,1.);
#1407=VECTOR('',#2458,1.);
#1408=VECTOR('',#2461,1.);
#1409=VECTOR('',#2462,1.);
#1410=VECTOR('',#2467,1.);
#1411=VECTOR('',#2472,1.);
#1412=VECTOR('',#2473,1.);
#1413=VECTOR('',#2478,1.);
#1414=VECTOR('',#2481,1.);
#1415=VECTOR('',#2488,1.);
#1416=VECTOR('',#2521,1.);
#1417=VECTOR('',#2546,1.);
#1418=VECTOR('',#2547,1.);
#1419=VECTOR('',#2550,1.);
#1420=VECTOR('',#2553,1.);
#1421=VECTOR('',#2558,1.);
#1422=VECTOR('',#2561,1.);
#1423=VECTOR('',#2566,1.);
#1424=VECTOR('',#2567,1.);
#1425=VECTOR('',#2568,1.);
#1426=VECTOR('',#2569,1.);
#1427=VECTOR('',#2572,1.);
#1428=VECTOR('',#2573,1.);
#1429=VECTOR('',#2574,1.);
#1430=VECTOR('',#2577,1.);
#1431=VECTOR('',#2578,1.);
#1432=VECTOR('',#2579,1.);
#1433=VECTOR('',#2582,1.);
#1434=VECTOR('',#2589,1.);
#1435=VECTOR('',#2590,1.);
#1436=VECTOR('',#2593,1.);
#1437=VECTOR('',#2594,1.);
#1438=VECTOR('',#2597,1.);
#1439=VECTOR('',#2600,1.);
#1440=VECTOR('',#2601,1.);
#1441=VECTOR('',#2602,1.);
#1442=VECTOR('',#2605,1.);
#1443=VECTOR('',#2606,1.);
#1444=VECTOR('',#2607,1.);
#1445=VECTOR('',#2608,1.);
#1446=VECTOR('',#2611,1.);
#1447=VECTOR('',#2612,1.);
#1448=VECTOR('',#2613,1.);
#1449=VECTOR('',#2616,1.);
#1450=VECTOR('',#2617,1.);
#1451=VECTOR('',#2620,1.);
#1452=VECTOR('',#2621,1.);
#1453=EDGE_LOOP('',(#181,#182,#183,#184,#185));
#1454=EDGE_LOOP('',(#186,#187,#188,#189));
#1455=EDGE_LOOP('',(#190,#191,#192,#193));
#1456=EDGE_LOOP('',(#194));
#1457=EDGE_LOOP('',(#195));
#1458=EDGE_LOOP('',(#196));
#1459=EDGE_LOOP('',(#197,#198,#199,#200,#201,#202,#203,#204,#205,#206,#207));
#1460=EDGE_LOOP('',(#208));
#1461=EDGE_LOOP('',(#209));
#1462=EDGE_LOOP('',(#210));
#1463=EDGE_LOOP('',(#211,#212,#213,#214,#215,#216));
#1464=EDGE_LOOP('',(#217,#218,#219,#220));
#1465=EDGE_LOOP('',(#221,#222,#223,#224));
#1466=EDGE_LOOP('',(#225,#226,#227,#228));
#1467=EDGE_LOOP('',(#229,#230,#231,#232));
#1468=EDGE_LOOP('',(#233,#234,#235,#236));
#1469=EDGE_LOOP('',(#237,#238,#239,#240));
#1470=EDGE_LOOP('',(#241,#242,#243,#244));
#1471=EDGE_LOOP('',(#245,#246,#247,#248,#249,#250,#251,#252));
#1472=EDGE_LOOP('',(#253));
#1473=EDGE_LOOP('',(#254));
#1474=EDGE_LOOP('',(#255));
#1475=EDGE_LOOP('',(#256));
#1476=EDGE_LOOP('',(#257));
#1477=EDGE_LOOP('',(#258));
#1478=EDGE_LOOP('',(#259,#260,#261,#262,#263,#264,#265,#266,#267,#268,#269,
#270,#271));
#1479=EDGE_LOOP('',(#272,#273,#274,#275,#276,#277,#278,#279));
#1480=EDGE_LOOP('',(#280,#281,#282,#283,#284,#285,#286,#287,#288,#289,#290));
#1481=EDGE_LOOP('',(#291,#292,#293,#294));
#1482=EDGE_LOOP('',(#295,#296,#297,#298,#299,#300,#301,#302));
#1483=EDGE_LOOP('',(#303,#304,#305,#306));
#1484=EDGE_LOOP('',(#307,#308,#309,#310,#311,#312,#313,#314,#315,#316,#317,
#318,#319,#320,#321,#322,#323,#324,#325,#326,#327,#328,#329,#330));
#1485=EDGE_LOOP('',(#331,#332,#333,#334));
#1486=EDGE_LOOP('',(#335,#336,#337,#338));
#1487=EDGE_LOOP('',(#339,#340,#341,#342));
#1488=EDGE_LOOP('',(#343,#344,#345,#346));
#1489=EDGE_LOOP('',(#347,#348,#349,#350));
#1490=EDGE_LOOP('',(#351,#352,#353,#354));
#1491=EDGE_LOOP('',(#355,#356,#357,#358));
#1492=EDGE_LOOP('',(#359,#360,#361,#362));
#1493=EDGE_LOOP('',(#363,#364,#365,#366));
#1494=EDGE_LOOP('',(#367,#368,#369,#370));
#1495=EDGE_LOOP('',(#371,#372,#373,#374));
#1496=EDGE_LOOP('',(#375,#376,#377,#378));
#1497=EDGE_LOOP('',(#379,#380,#381,#382));
#1498=EDGE_LOOP('',(#383,#384,#385,#386));
#1499=EDGE_LOOP('',(#387,#388,#389,#390));
#1500=EDGE_LOOP('',(#391,#392,#393));
#1501=EDGE_LOOP('',(#394,#395,#396,#397));
#1502=EDGE_LOOP('',(#398,#399,#400,#401,#402,#403,#404,#405,#406,#407,#408,
#409,#410,#411,#412,#413,#414,#415));
#1503=EDGE_LOOP('',(#416,#417,#418,#419,#420));
#1504=EDGE_LOOP('',(#421,#422,#423,#424,#425));
#1505=EDGE_LOOP('',(#426,#427,#428,#429));
#1506=EDGE_LOOP('',(#430,#431,#432,#433,#434,#435,#436,#437,#438,#439,#440,
#441,#442,#443,#444,#445,#446,#447,#448,#449,#450,#451));
#1507=EDGE_LOOP('',(#452,#453,#454));
#1508=EDGE_LOOP('',(#455,#456,#457,#458));
#1509=EDGE_LOOP('',(#459,#460,#461,#462));
#1510=EDGE_LOOP('',(#463,#464,#465,#466));
#1511=EDGE_LOOP('',(#467,#468,#469,#470));
#1512=EDGE_LOOP('',(#471,#472,#473,#474));
#1513=EDGE_LOOP('',(#475,#476,#477,#478));
#1514=EDGE_LOOP('',(#479,#480,#481,#482));
#1515=EDGE_LOOP('',(#483,#484,#485,#486));
#1516=EDGE_LOOP('',(#487,#488,#489,#490));
#1517=EDGE_LOOP('',(#491,#492,#493,#494,#495));
#1518=EDGE_LOOP('',(#496,#497,#498,#499,#500));
#1519=EDGE_LOOP('',(#501,#502,#503,#504));
#1520=EDGE_LOOP('',(#505,#506,#507,#508));
#1521=EDGE_LOOP('',(#509,#510,#511,#512));
#1522=EDGE_LOOP('',(#513,#514,#515,#516,#517,#518,#519));
#1523=EDGE_LOOP('',(#520,#521,#522,#523));
#1524=EDGE_LOOP('',(#524,#525,#526,#527));
#1525=EDGE_LOOP('',(#528,#529,#530,#531));
#1526=EDGE_LOOP('',(#532,#533,#534,#535,#536));
#1527=EDGE_LOOP('',(#537,#538,#539,#540));
#1528=EDGE_LOOP('',(#541,#542,#543));
#1529=EDGE_LOOP('',(#544));
#1530=EDGE_LOOP('',(#545));
#1531=EDGE_LOOP('',(#546));
#1532=EDGE_LOOP('',(#547,#548,#549,#550,#551,#552,#553,#554,#555,#556,#557));
#1533=EDGE_LOOP('',(#558,#559,#560,#561));
#1534=EDGE_LOOP('',(#562,#563,#564,#565,#566,#567,#568,#569,#570,#571,#572,
#573,#574,#575,#576));
#1535=EDGE_LOOP('',(#577,#578,#579,#580,#581,#582,#583,#584,#585,#586,#587,
#588));
#1536=EDGE_LOOP('',(#589,#590,#591));
#1537=EDGE_LOOP('',(#592,#593,#594,#595,#596,#597,#598,#599,#600,#601));
#1538=EDGE_LOOP('',(#602,#603,#604,#605));
#1539=EDGE_LOOP('',(#606,#607,#608,#609));
#1540=EDGE_LOOP('',(#610));
#1541=EDGE_LOOP('',(#611));
#1542=EDGE_LOOP('',(#612));
#1543=EDGE_LOOP('',(#613));
#1544=EDGE_LOOP('',(#614));
#1545=EDGE_LOOP('',(#615));
#1546=EDGE_LOOP('',(#616));
#1547=EDGE_LOOP('',(#617));
#1548=EDGE_LOOP('',(#618));
#1549=EDGE_LOOP('',(#619,#620,#621,#622));
#1550=EDGE_LOOP('',(#623,#624,#625,#626));
#1551=EDGE_LOOP('',(#627,#628,#629,#630));
#1552=EDGE_LOOP('',(#631,#632,#633,#634));
#1553=EDGE_LOOP('',(#635,#636,#637,#638));
#1554=EDGE_LOOP('',(#639,#640,#641,#642));
#1555=EDGE_LOOP('',(#643,#644,#645,#646));
#1556=EDGE_LOOP('',(#647,#648,#649,#650,#651));
#1557=EDGE_LOOP('',(#652,#653,#654,#655));
#1558=EDGE_LOOP('',(#656,#657,#658,#659,#660));
#1559=EDGE_LOOP('',(#661,#662,#663,#664));
#1560=EDGE_LOOP('',(#665,#666,#667,#668));
#1561=EDGE_LOOP('',(#669,#670,#671,#672));
#1562=EDGE_LOOP('',(#673,#674,#675,#676));
#1563=EDGE_LOOP('',(#677,#678,#679,#680));
#1564=EDGE_LOOP('',(#681,#682,#683,#684));
#1565=EDGE_LOOP('',(#685,#686,#687,#688,#689,#690,#691,#692));
#1566=EDGE_LOOP('',(#693,#694,#695,#696));
#1567=EDGE_LOOP('',(#697,#698,#699,#700,#701));
#1568=EDGE_LOOP('',(#702,#703,#704,#705));
#1569=EDGE_LOOP('',(#706,#707,#708,#709,#710));
#1570=EDGE_LOOP('',(#711,#712,#713,#714));
#1571=EDGE_LOOP('',(#715,#716,#717,#718));
#1572=FACE_BOUND('',#1453,.T.);
#1573=FACE_BOUND('',#1454,.T.);
#1574=FACE_BOUND('',#1455,.T.);
#1575=FACE_BOUND('',#1456,.T.);
#1576=FACE_BOUND('',#1457,.T.);
#1577=FACE_BOUND('',#1458,.T.);
#1578=FACE_BOUND('',#1459,.T.);
#1579=FACE_BOUND('',#1460,.T.);
#1580=FACE_BOUND('',#1461,.T.);
#1581=FACE_BOUND('',#1462,.T.);
#1582=FACE_BOUND('',#1463,.T.);
#1583=FACE_BOUND('',#1464,.T.);
#1584=FACE_BOUND('',#1465,.T.);
#1585=FACE_BOUND('',#1466,.T.);
#1586=FACE_BOUND('',#1467,.T.);
#1587=FACE_BOUND('',#1468,.T.);
#1588=FACE_BOUND('',#1469,.T.);
#1589=FACE_BOUND('',#1470,.T.);
#1590=FACE_BOUND('',#1471,.T.);
#1591=FACE_BOUND('',#1472,.T.);
#1592=FACE_BOUND('',#1473,.T.);
#1593=FACE_BOUND('',#1474,.T.);
#1594=FACE_BOUND('',#1475,.T.);
#1595=FACE_BOUND('',#1476,.T.);
#1596=FACE_BOUND('',#1477,.T.);
#1597=FACE_BOUND('',#1478,.T.);
#1598=FACE_BOUND('',#1479,.T.);
#1599=FACE_BOUND('',#1480,.T.);
#1600=FACE_BOUND('',#1481,.T.);
#1601=FACE_BOUND('',#1482,.T.);
#1602=FACE_BOUND('',#1483,.T.);
#1603=FACE_BOUND('',#1484,.T.);
#1604=FACE_BOUND('',#1485,.T.);
#1605=FACE_BOUND('',#1486,.T.);
#1606=FACE_BOUND('',#1487,.T.);
#1607=FACE_BOUND('',#1488,.T.);
#1608=FACE_BOUND('',#1489,.T.);
#1609=FACE_BOUND('',#1490,.T.);
#1610=FACE_BOUND('',#1491,.T.);
#1611=FACE_BOUND('',#1492,.T.);
#1612=FACE_BOUND('',#1493,.T.);
#1613=FACE_BOUND('',#1494,.T.);
#1614=FACE_BOUND('',#1495,.T.);
#1615=FACE_BOUND('',#1496,.T.);
#1616=FACE_BOUND('',#1497,.T.);
#1617=FACE_BOUND('',#1498,.T.);
#1618=FACE_BOUND('',#1499,.T.);
#1619=FACE_BOUND('',#1500,.T.);
#1620=FACE_BOUND('',#1501,.T.);
#1621=FACE_BOUND('',#1502,.T.);
#1622=FACE_BOUND('',#1503,.T.);
#1623=FACE_BOUND('',#1504,.T.);
#1624=FACE_BOUND('',#1505,.T.);
#1625=FACE_BOUND('',#1506,.T.);
#1626=FACE_BOUND('',#1507,.T.);
#1627=FACE_BOUND('',#1508,.T.);
#1628=FACE_BOUND('',#1509,.T.);
#1629=FACE_BOUND('',#1510,.T.);
#1630=FACE_BOUND('',#1511,.T.);
#1631=FACE_BOUND('',#1512,.T.);
#1632=FACE_BOUND('',#1513,.T.);
#1633=FACE_BOUND('',#1514,.T.);
#1634=FACE_BOUND('',#1515,.T.);
#1635=FACE_BOUND('',#1516,.T.);
#1636=FACE_BOUND('',#1517,.T.);
#1637=FACE_BOUND('',#1518,.T.);
#1638=FACE_BOUND('',#1519,.T.);
#1639=FACE_BOUND('',#1520,.T.);
#1640=FACE_BOUND('',#1521,.T.);
#1641=FACE_BOUND('',#1522,.T.);
#1642=FACE_BOUND('',#1523,.T.);
#1643=FACE_BOUND('',#1524,.T.);
#1644=FACE_BOUND('',#1525,.T.);
#1645=FACE_BOUND('',#1526,.T.);
#1646=FACE_BOUND('',#1527,.T.);
#1647=FACE_BOUND('',#1528,.T.);
#1648=FACE_BOUND('',#1529,.T.);
#1649=FACE_BOUND('',#1530,.T.);
#1650=FACE_BOUND('',#1531,.T.);
#1651=FACE_BOUND('',#1532,.T.);
#1652=FACE_BOUND('',#1533,.T.);
#1653=FACE_BOUND('',#1534,.T.);
#1654=FACE_BOUND('',#1535,.T.);
#1655=FACE_BOUND('',#1536,.T.);
#1656=FACE_BOUND('',#1537,.T.);
#1657=FACE_BOUND('',#1538,.T.);
#1658=FACE_BOUND('',#1539,.T.);
#1659=FACE_BOUND('',#10,.T.);
#1660=FACE_BOUND('',#1540,.T.);
#1661=FACE_BOUND('',#1541,.T.);
#1662=FACE_BOUND('',#1542,.T.);
#1663=FACE_BOUND('',#11,.T.);
#1664=FACE_BOUND('',#1543,.T.);
#1665=FACE_BOUND('',#1544,.T.);
#1666=FACE_BOUND('',#1545,.T.);
#1667=FACE_BOUND('',#12,.T.);
#1668=FACE_BOUND('',#1546,.T.);
#1669=FACE_BOUND('',#1547,.T.);
#1670=FACE_BOUND('',#1548,.T.);
#1671=FACE_BOUND('',#1549,.T.);
#1672=FACE_BOUND('',#1550,.T.);
#1673=FACE_BOUND('',#1551,.T.);
#1674=FACE_BOUND('',#1552,.T.);
#1675=FACE_BOUND('',#1553,.T.);
#1676=FACE_BOUND('',#1554,.T.);
#1677=FACE_BOUND('',#1555,.T.);
#1678=FACE_BOUND('',#1556,.T.);
#1679=FACE_BOUND('',#1557,.T.);
#1680=FACE_BOUND('',#1558,.T.);
#1681=FACE_BOUND('',#1559,.T.);
#1682=FACE_BOUND('',#1560,.T.);
#1683=FACE_BOUND('',#1561,.T.);
#1684=FACE_BOUND('',#1562,.T.);
#1685=FACE_BOUND('',#1563,.T.);
#1686=FACE_BOUND('',#1564,.T.);
#1687=FACE_BOUND('',#1565,.T.);
#1688=FACE_BOUND('',#1566,.T.);
#1689=FACE_BOUND('',#1567,.T.);
#1690=FACE_BOUND('',#1568,.T.);
#1691=FACE_BOUND('',#1569,.T.);
#1692=FACE_BOUND('',#1570,.T.);
#1693=FACE_BOUND('',#1571,.T.);
#1694=PLANE('',#1886);
#1695=PLANE('',#1894);
#1696=PLANE('',#1903);
#1697=PLANE('',#1914);
#1698=PLANE('',#1916);
#1699=PLANE('',#1918);
#1700=PLANE('',#1929);
#1701=PLANE('',#1931);
#1702=PLANE('',#1933);
#1703=PLANE('',#1936);
#1704=PLANE('',#1939);
#1705=PLANE('',#1943);
#1706=PLANE('',#1946);
#1707=PLANE('',#1949);
#1708=PLANE('',#1952);
#1709=PLANE('',#1956);
#1710=PLANE('',#1959);
#1711=PLANE('',#1963);
#1712=PLANE('',#1966);
#1713=PLANE('',#1969);
#1714=PLANE('',#1972);
#1715=PLANE('',#1975);
#1716=PLANE('',#1981);
#1717=PLANE('',#1983);
#1718=PLANE('',#1989);
#1719=PLANE('',#1990);
#1720=PLANE('',#1993);
#1721=PLANE('',#1996);
#1722=PLANE('',#2000);
#1723=PLANE('',#2003);
#1724=PLANE('',#2006);
#1725=PLANE('',#2009);
#1726=PLANE('',#2014);
#1727=PLANE('',#2016);
#1728=PLANE('',#2019);
#1729=PLANE('',#2024);
#1730=PLANE('',#2028);
#1731=PLANE('',#2031);
#1732=PLANE('',#2032);
#1733=PLANE('',#2034);
#1734=PLANE('',#2035);
#1735=PLANE('',#2036);
#1736=PLANE('',#2047);
#1737=PLANE('',#2062);
#1738=PLANE('',#2063);
#1739=PLANE('',#2064);
#1740=PLANE('',#2065);
#1741=PLANE('',#2066);
#1742=PLANE('',#2067);
#1743=PLANE('',#2068);
#1744=PLANE('',#2069);
#1745=PLANE('',#2070);
#1746=PLANE('',#2071);
#1747=PLANE('',#2072);
#1748=PLANE('',#2073);
#1749=PLANE('',#2074);
#1750=PLANE('',#2075);
#1751=PLANE('',#2076);
#1752=PLANE('',#2077);
#1753=PLANE('',#2078);
#1754=PLANE('',#2079);
#1755=PLANE('',#2080);
#1756=PLANE('',#2081);
#1757=PLANE('',#2082);
#1758=PLANE('',#2083);
#1759=PLANE('',#2084);
#1760=ADVANCED_FACE('',(#1572),#1694,.F.);
#1761=ADVANCED_FACE('',(#1573),#109,.F.);
#1762=ADVANCED_FACE('',(#1574),#110,.F.);
#1763=ADVANCED_FACE('',(#1575,#1576,#1577,#1578),#1695,.F.);
#1764=ADVANCED_FACE('',(#1579,#1580,#1581,#1582),#1696,.T.);
#1765=ADVANCED_FACE('',(#1583),#111,.T.);
#1766=ADVANCED_FACE('',(#1584),#112,.T.);
#1767=ADVANCED_FACE('',(#1585),#113,.F.);
#1768=ADVANCED_FACE('',(#1586),#1697,.T.);
#1769=ADVANCED_FACE('',(#1587),#114,.T.);
#1770=ADVANCED_FACE('',(#1588),#1698,.F.);
#1771=ADVANCED_FACE('',(#1589),#115,.T.);
#1772=ADVANCED_FACE('',(#1590),#1699,.T.);
#1773=ADVANCED_FACE('',(#1591,#1592),#116,.F.);
#1774=ADVANCED_FACE('',(#1593,#1594),#117,.F.);
#1775=ADVANCED_FACE('',(#1595,#1596),#118,.F.);
#1776=ADVANCED_FACE('',(#1597),#119,.F.);
#1777=ADVANCED_FACE('',(#1598),#1700,.T.);
#1778=ADVANCED_FACE('',(#1599,#1600),#46,.T.);
#1779=ADVANCED_FACE('',(#1601,#1602),#47,.F.);
#1780=ADVANCED_FACE('',(#1603),#1701,.T.);
#1781=ADVANCED_FACE('',(#1604),#1702,.T.);
#1782=ADVANCED_FACE('',(#1605),#1703,.T.);
#1783=ADVANCED_FACE('',(#1606),#1704,.T.);
#1784=ADVANCED_FACE('',(#1607),#120,.T.);
#1785=ADVANCED_FACE('',(#1608),#1705,.T.);
#1786=ADVANCED_FACE('',(#1609),#1706,.T.);
#1787=ADVANCED_FACE('',(#1610),#1707,.T.);
#1788=ADVANCED_FACE('',(#1611),#1708,.T.);
#1789=ADVANCED_FACE('',(#1612),#121,.T.);
#1790=ADVANCED_FACE('',(#1613),#1709,.T.);
#1791=ADVANCED_FACE('',(#1614),#1710,.T.);
#1792=ADVANCED_FACE('',(#1615),#122,.T.);
#1793=ADVANCED_FACE('',(#1616),#1711,.T.);
#1794=ADVANCED_FACE('',(#1617),#1712,.T.);
#1795=ADVANCED_FACE('',(#1618),#1713,.T.);
#1796=ADVANCED_FACE('',(#1619),#1714,.T.);
#1797=ADVANCED_FACE('',(#1620),#1715,.F.);
#1798=ADVANCED_FACE('',(#1621),#123,.F.);
#1799=ADVANCED_FACE('',(#1622),#1716,.T.);
#1800=ADVANCED_FACE('',(#1623),#1717,.F.);
#1801=ADVANCED_FACE('',(#1624),#124,.F.);
#1802=ADVANCED_FACE('',(#1625),#125,.T.);
#1803=ADVANCED_FACE('',(#1626),#1718,.F.);
#1804=ADVANCED_FACE('',(#1627),#1719,.F.);
#1805=ADVANCED_FACE('',(#1628),#1720,.F.);
#1806=ADVANCED_FACE('',(#1629),#1721,.F.);
#1807=ADVANCED_FACE('',(#1630),#126,.F.);
#1808=ADVANCED_FACE('',(#1631),#1722,.F.);
#1809=ADVANCED_FACE('',(#1632),#1723,.F.);
#1810=ADVANCED_FACE('',(#1633),#1724,.F.);
#1811=ADVANCED_FACE('',(#1634),#1725,.T.);
#1812=ADVANCED_FACE('',(#1635),#127,.T.);
#1813=ADVANCED_FACE('',(#1636),#1726,.T.);
#1814=ADVANCED_FACE('',(#1637),#1727,.F.);
#1815=ADVANCED_FACE('',(#1638),#1728,.F.);
#1816=ADVANCED_FACE('',(#1639),#128,.T.);
#1817=ADVANCED_FACE('',(#1640),#1729,.F.);
#1818=ADVANCED_FACE('',(#1641),#129,.T.);
#1819=ADVANCED_FACE('',(#1642),#1730,.T.);
#1820=ADVANCED_FACE('',(#1643),#130,.F.);
#1821=ADVANCED_FACE('',(#1644),#1731,.F.);
#1822=ADVANCED_FACE('',(#1645),#1732,.T.);
#1823=ADVANCED_FACE('',(#1646),#1733,.T.);
#1824=ADVANCED_FACE('',(#1647),#1734,.F.);
#1825=ADVANCED_FACE('',(#1648,#1649,#1650,#1651),#1735,.T.);
#1826=ADVANCED_FACE('',(#1652),#131,.F.);
#1827=ADVANCED_FACE('',(#1653),#132,.F.);
#1828=ADVANCED_FACE('',(#1654),#133,.T.);
#1829=ADVANCED_FACE('',(#1655),#1736,.F.);
#1830=ADVANCED_FACE('',(#1656),#134,.F.);
#1831=ADVANCED_FACE('',(#1657),#135,.T.);
#1832=ADVANCED_FACE('',(#1658),#136,.T.);
#1833=ADVANCED_FACE('',(#1659,#1660),#13,.F.);
#1834=ADVANCED_FACE('',(#1661,#1662),#137,.F.);
#1835=ADVANCED_FACE('',(#1663,#1664),#14,.F.);
#1836=ADVANCED_FACE('',(#1665,#1666),#138,.F.);
#1837=ADVANCED_FACE('',(#1667,#1668),#15,.F.);
#1838=ADVANCED_FACE('',(#1669,#1670),#139,.F.);
#1839=ADVANCED_FACE('',(#1671),#1737,.T.);
#1840=ADVANCED_FACE('',(#1672),#1738,.T.);
#1841=ADVANCED_FACE('',(#1673),#1739,.T.);
#1842=ADVANCED_FACE('',(#1674),#1740,.T.);
#1843=ADVANCED_FACE('',(#1675),#1741,.T.);
#1844=ADVANCED_FACE('',(#1676),#1742,.F.);
#1845=ADVANCED_FACE('',(#1677),#1743,.T.);
#1846=ADVANCED_FACE('',(#1678),#1744,.F.);
#1847=ADVANCED_FACE('',(#1679),#1745,.T.);
#1848=ADVANCED_FACE('',(#1680),#1746,.T.);
#1849=ADVANCED_FACE('',(#1681),#1747,.F.);
#1850=ADVANCED_FACE('',(#1682),#1748,.F.);
#1851=ADVANCED_FACE('',(#1683),#1749,.T.);
#1852=ADVANCED_FACE('',(#1684),#1750,.F.);
#1853=ADVANCED_FACE('',(#1685),#1751,.T.);
#1854=ADVANCED_FACE('',(#1686),#1752,.F.);
#1855=ADVANCED_FACE('',(#1687),#1753,.T.);
#1856=ADVANCED_FACE('',(#1688),#1754,.F.);
#1857=ADVANCED_FACE('',(#1689),#1755,.T.);
#1858=ADVANCED_FACE('',(#1690),#1756,.T.);
#1859=ADVANCED_FACE('',(#1691),#1757,.F.);
#1860=ADVANCED_FACE('',(#1692),#1758,.F.);
#1861=ADVANCED_FACE('',(#1693),#1759,.T.);
#1862=CLOSED_SHELL('',(#1760,#1761,#1762,#1763,#1764,#1765,#1766,#1767,
#1768,#1769,#1770,#1771,#1772,#1773,#1774,#1775));
#1863=CLOSED_SHELL('',(#1776,#1777,#1778,#1779,#1780,#1781,#1782,#1783,
#1784,#1785,#1786,#1787,#1788,#1789,#1790,#1791,#1792,#1793,#1794,#1795,
#1796,#1797,#1798,#1799,#1800,#1801,#1802,#1803,#1804,#1805,#1806,#1807,
#1808,#1809,#1810,#1811,#1812,#1813,#1814,#1815,#1816,#1817,#1818,#1819,
#1820,#1821,#1822,#1823,#1824,#1825,#1826,#1827,#1828,#1829,#1830,#1831,
#1832,#1833,#1834,#1835,#1836,#1837,#1838,#1839,#1840,#1841,#1842,#1843,
#1844,#1845,#1846,#1847,#1848,#1849,#1850,#1851,#1852,#1853,#1854,#1855,
#1856,#1857,#1858,#1859,#1860,#1861));
#1864=STYLED_ITEM('',(#1866),#1879);
#1865=STYLED_ITEM('',(#1867),#1880);
#1866=PRESENTATION_STYLE_ASSIGNMENT((#1868));
#1867=PRESENTATION_STYLE_ASSIGNMENT((#1869));
#1868=SURFACE_STYLE_USAGE(.BOTH.,#1870);
#1869=SURFACE_STYLE_USAGE(.BOTH.,#1871);
#1870=SURFACE_SIDE_STYLE('',(#1872));
#1871=SURFACE_SIDE_STYLE('',(#1873));
#1872=SURFACE_STYLE_FILL_AREA(#1874);
#1873=SURFACE_STYLE_FILL_AREA(#1875);
#1874=FILL_AREA_STYLE('',(#1876));
#1875=FILL_AREA_STYLE('',(#1877));
#1876=FILL_AREA_STYLE_COLOUR('',#1878);
#1877=FILL_AREA_STYLE_COLOUR('',#1878);
#1878=COLOUR_RGB('',0.615686274509804,0.811764705882353,0.929411764705882);
#1879=MANIFOLD_SOLID_BREP('L Hand Bottom',#1862);
#1880=MANIFOLD_SOLID_BREP('L Hand',#1863);
#1881=SHAPE_DEFINITION_REPRESENTATION(#3336,#1883);
#1882=SHAPE_DEFINITION_REPRESENTATION(#3337,#1884);
#1883=SHAPE_REPRESENTATION('L Hand Bottom',(#1885),#3326);
#1884=SHAPE_REPRESENTATION('L Hand',(#1922),#3327);
#1885=AXIS2_PLACEMENT_3D('',#2626,#2085,#2086);
#1886=AXIS2_PLACEMENT_3D('',#2627,#2087,#2088);
#1887=AXIS2_PLACEMENT_3D('',#2631,#2090,#2091);
#1888=AXIS2_PLACEMENT_3D('',#2633,#2092,#2093);
#1889=AXIS2_PLACEMENT_3D('',#2637,#2095,#2096);
#1890=AXIS2_PLACEMENT_3D('',#2638,#2097,#2098);
#1891=AXIS2_PLACEMENT_3D('',#2639,#2099,#2100);
#1892=AXIS2_PLACEMENT_3D('',#2644,#2103,#2104);
#1893=AXIS2_PLACEMENT_3D('',#2647,#2106,#2107);
#1894=AXIS2_PLACEMENT_3D('',#2650,#2109,#2110);
#1895=AXIS2_PLACEMENT_3D('',#2651,#2111,#2112);
#1896=AXIS2_PLACEMENT_3D('',#2653,#2113,#2114);
#1897=AXIS2_PLACEMENT_3D('',#2655,#2115,#2116);
#1898=AXIS2_PLACEMENT_3D('',#2659,#2118,#2119);
#1899=AXIS2_PLACEMENT_3D('',#2661,#2120,#2121);
#1900=AXIS2_PLACEMENT_3D('',#2665,#2123,#2124);
#1901=AXIS2_PLACEMENT_3D('',#2667,#2125,#2126);
#1902=AXIS2_PLACEMENT_3D('',#2672,#2129,#2130);
#1903=AXIS2_PLACEMENT_3D('',#2673,#2131,#2132);
#1904=AXIS2_PLACEMENT_3D('',#2674,#2133,#2134);
#1905=AXIS2_PLACEMENT_3D('',#2676,#2135,#2136);
#1906=AXIS2_PLACEMENT_3D('',#2678,#2137,#2138);
#1907=AXIS2_PLACEMENT_3D('',#2680,#2139,#2140);
#1908=AXIS2_PLACEMENT_3D('',#2685,#2142,#2143);
#1909=AXIS2_PLACEMENT_3D('',#2687,#2144,#2145);
#1910=AXIS2_PLACEMENT_3D('',#2691,#2147,#2148);
#1911=AXIS2_PLACEMENT_3D('',#2692,#2149,#2150);
#1912=AXIS2_PLACEMENT_3D('',#2695,#2153,#2154);
#1913=AXIS2_PLACEMENT_3D('',#2698,#2157,#2158);
#1914=AXIS2_PLACEMENT_3D('',#2700,#2160,#2161);
#1915=AXIS2_PLACEMENT_3D('',#2701,#2162,#2163);
#1916=AXIS2_PLACEMENT_3D('',#2703,#2165,#2166);
#1917=AXIS2_PLACEMENT_3D('',#2705,#2168,#2169);
#1918=AXIS2_PLACEMENT_3D('',#2706,#2170,#2171);
#1919=AXIS2_PLACEMENT_3D('',#2707,#2172,#2173);
#1920=AXIS2_PLACEMENT_3D('',#2708,#2174,#2175);
#1921=AXIS2_PLACEMENT_3D('',#2709,#2176,#2177);
#1922=AXIS2_PLACEMENT_3D('',#2710,#2178,#2179);
#1923=AXIS2_PLACEMENT_3D('',#2711,#2180,#2181);
#1924=AXIS2_PLACEMENT_3D('',#2715,#2183,#2184);
#1925=AXIS2_PLACEMENT_3D('',#2723,#2188,#2189);
#1926=AXIS2_PLACEMENT_3D('',#2727,#2191,#2192);
#1927=AXIS2_PLACEMENT_3D('',#2733,#2195,#2196);
#1928=AXIS2_PLACEMENT_3D('',#2737,#2198,#2199);
#1929=AXIS2_PLACEMENT_3D('',#2738,#2200,#2201);
#1930=AXIS2_PLACEMENT_3D('',#2765,#2210,#2211);
#1931=AXIS2_PLACEMENT_3D('',#2922,#2218,#2219);
#1932=AXIS2_PLACEMENT_3D('',#2932,#2225,#2226);
#1933=AXIS2_PLACEMENT_3D('',#2958,#2241,#2242);
#1934=AXIS2_PLACEMENT_3D('',#2959,#2243,#2244);
#1935=AXIS2_PLACEMENT_3D('',#2964,#2246,#2247);
#1936=AXIS2_PLACEMENT_3D('',#2967,#2249,#2250);
#1937=AXIS2_PLACEMENT_3D('',#2968,#2251,#2252);
#1938=AXIS2_PLACEMENT_3D('',#2970,#2253,#2254);
#1939=AXIS2_PLACEMENT_3D('',#2973,#2256,#2257);
#1940=AXIS2_PLACEMENT_3D('',#2974,#2258,#2259);
#1941=AXIS2_PLACEMENT_3D('',#2976,#2260,#2261);
#1942=AXIS2_PLACEMENT_3D('',#2979,#2263,#2264);
#1943=AXIS2_PLACEMENT_3D('',#2991,#2266,#2267);
#1944=AXIS2_PLACEMENT_3D('',#2992,#2268,#2269);
#1945=AXIS2_PLACEMENT_3D('',#2994,#2270,#2271);
#1946=AXIS2_PLACEMENT_3D('',#2997,#2273,#2274);
#1947=AXIS2_PLACEMENT_3D('',#2998,#2275,#2276);
#1948=AXIS2_PLACEMENT_3D('',#3000,#2277,#2278);
#1949=AXIS2_PLACEMENT_3D('',#3003,#2280,#2281);
#1950=AXIS2_PLACEMENT_3D('',#3004,#2282,#2283);
#1951=AXIS2_PLACEMENT_3D('',#3006,#2284,#2285);
#1952=AXIS2_PLACEMENT_3D('',#3009,#2287,#2288);
#1953=AXIS2_PLACEMENT_3D('',#3010,#2289,#2290);
#1954=AXIS2_PLACEMENT_3D('',#3012,#2291,#2292);
#1955=AXIS2_PLACEMENT_3D('',#3015,#2294,#2295);
#1956=AXIS2_PLACEMENT_3D('',#3027,#2297,#2298);
#1957=AXIS2_PLACEMENT_3D('',#3028,#2299,#2300);
#1958=AXIS2_PLACEMENT_3D('',#3030,#2301,#2302);
#1959=AXIS2_PLACEMENT_3D('',#3033,#2304,#2305);
#1960=AXIS2_PLACEMENT_3D('',#3034,#2306,#2307);
#1961=AXIS2_PLACEMENT_3D('',#3036,#2308,#2309);
#1962=AXIS2_PLACEMENT_3D('',#3039,#2311,#2312);
#1963=AXIS2_PLACEMENT_3D('',#3051,#2314,#2315);
#1964=AXIS2_PLACEMENT_3D('',#3052,#2316,#2317);
#1965=AXIS2_PLACEMENT_3D('',#3054,#2318,#2319);
#1966=AXIS2_PLACEMENT_3D('',#3057,#2321,#2322);
#1967=AXIS2_PLACEMENT_3D('',#3058,#2323,#2324);
#1968=AXIS2_PLACEMENT_3D('',#3060,#2325,#2326);
#1969=AXIS2_PLACEMENT_3D('',#3063,#2328,#2329);
#1970=AXIS2_PLACEMENT_3D('',#3064,#2330,#2331);
#1971=AXIS2_PLACEMENT_3D('',#3066,#2332,#2333);
#1972=AXIS2_PLACEMENT_3D('',#3069,#2335,#2336);
#1973=AXIS2_PLACEMENT_3D('',#3070,#2337,#2338);
#1974=AXIS2_PLACEMENT_3D('',#3071,#2339,#2340);
#1975=AXIS2_PLACEMENT_3D('',#3072,#2341,#2342);
#1976=AXIS2_PLACEMENT_3D('',#3073,#2343,#2344);
#1977=AXIS2_PLACEMENT_3D('',#3076,#2345,#2346);
#1978=AXIS2_PLACEMENT_3D('',#3080,#2348,#2349);
#1979=AXIS2_PLACEMENT_3D('',#3081,#2350,#2351);
#1980=AXIS2_PLACEMENT_3D('',#3082,#2352,#2353);
#1981=AXIS2_PLACEMENT_3D('',#3083,#2354,#2355);
#1982=AXIS2_PLACEMENT_3D('',#3086,#2357,#2358);
#1983=AXIS2_PLACEMENT_3D('',#3087,#2359,#2360);
#1984=AXIS2_PLACEMENT_3D('',#3088,#2361,#2362);
#1985=AXIS2_PLACEMENT_3D('',#3089,#2363,#2364);
#1986=AXIS2_PLACEMENT_3D('',#3090,#2365,#2366);
#1987=AXIS2_PLACEMENT_3D('',#3092,#2368,#2369);
#1988=AXIS2_PLACEMENT_3D('',#3095,#2371,#2372);
#1989=AXIS2_PLACEMENT_3D('',#3098,#2374,#2375);
#1990=AXIS2_PLACEMENT_3D('',#3102,#2378,#2379);
#1991=AXIS2_PLACEMENT_3D('',#3103,#2380,#2381);
#1992=AXIS2_PLACEMENT_3D('',#3108,#2383,#2384);
#1993=AXIS2_PLACEMENT_3D('',#3111,#2386,#2387);
#1994=AXIS2_PLACEMENT_3D('',#3112,#2388,#2389);
#1995=AXIS2_PLACEMENT_3D('',#3114,#2390,#2391);
#1996=AXIS2_PLACEMENT_3D('',#3117,#2393,#2394);
#1997=AXIS2_PLACEMENT_3D('',#3118,#2395,#2396);
#1998=AXIS2_PLACEMENT_3D('',#3120,#2397,#2398);
#1999=AXIS2_PLACEMENT_3D('',#3123,#2400,#2401);
#2000=AXIS2_PLACEMENT_3D('',#3135,#2403,#2404);
#2001=AXIS2_PLACEMENT_3D('',#3136,#2405,#2406);
#2002=AXIS2_PLACEMENT_3D('',#3138,#2407,#2408);
#2003=AXIS2_PLACEMENT_3D('',#3141,#2410,#2411);
#2004=AXIS2_PLACEMENT_3D('',#3142,#2412,#2413);
#2005=AXIS2_PLACEMENT_3D('',#3144,#2414,#2415);
#2006=AXIS2_PLACEMENT_3D('',#3147,#2417,#2418);
#2007=AXIS2_PLACEMENT_3D('',#3148,#2419,#2420);
#2008=AXIS2_PLACEMENT_3D('',#3150,#2421,#2422);
#2009=AXIS2_PLACEMENT_3D('',#3153,#2424,#2425);
#2010=AXIS2_PLACEMENT_3D('',#3154,#2426,#2427);
#2011=AXIS2_PLACEMENT_3D('',#3158,#2429,#2430);
#2012=AXIS2_PLACEMENT_3D('',#3159,#2431,#2432);
#2013=AXIS2_PLACEMENT_3D('',#3160,#2433,#2434);
#2014=AXIS2_PLACEMENT_3D('',#3161,#2435,#2436);
#2015=AXIS2_PLACEMENT_3D('',#3164,#2438,#2439);
#2016=AXIS2_PLACEMENT_3D('',#3165,#2440,#2441);
#2017=AXIS2_PLACEMENT_3D('',#3166,#2442,#2443);
#2018=AXIS2_PLACEMENT_3D('',#3167,#2444,#2445);
#2019=AXIS2_PLACEMENT_3D('',#3168,#2446,#2447);
#2020=AXIS2_PLACEMENT_3D('',#3169,#2448,#2449);
#2021=AXIS2_PLACEMENT_3D('',#3173,#2451,#2452);
#2022=AXIS2_PLACEMENT_3D('',#3174,#2453,#2454);
#2023=AXIS2_PLACEMENT_3D('',#3175,#2455,#2456);
#2024=AXIS2_PLACEMENT_3D('',#3180,#2459,#2460);
#2025=AXIS2_PLACEMENT_3D('',#3184,#2463,#2464);
#2026=AXIS2_PLACEMENT_3D('',#3185,#2465,#2466);
#2027=AXIS2_PLACEMENT_3D('',#3189,#2468,#2469);
#2028=AXIS2_PLACEMENT_3D('',#3190,#2470,#2471);
#2029=AXIS2_PLACEMENT_3D('',#3194,#2474,#2475);
#2030=AXIS2_PLACEMENT_3D('',#3195,#2476,#2477);
#2031=AXIS2_PLACEMENT_3D('',#3198,#2479,#2480);
#2032=AXIS2_PLACEMENT_3D('',#3200,#2482,#2483);
#2033=AXIS2_PLACEMENT_3D('',#3201,#2484,#2485);
#2034=AXIS2_PLACEMENT_3D('',#3202,#2486,#2487);
#2035=AXIS2_PLACEMENT_3D('',#3204,#2489,#2490);
#2036=AXIS2_PLACEMENT_3D('',#3205,#2491,#2492);
#2037=AXIS2_PLACEMENT_3D('',#3206,#2493,#2494);
#2038=AXIS2_PLACEMENT_3D('',#3208,#2495,#2496);
#2039=AXIS2_PLACEMENT_3D('',#3210,#2497,#2498);
#2040=AXIS2_PLACEMENT_3D('',#3212,#2499,#2500);
#2041=AXIS2_PLACEMENT_3D('',#3213,#2501,#2502);
#2042=AXIS2_PLACEMENT_3D('',#3214,#2503,#2504);
#2043=AXIS2_PLACEMENT_3D('',#3215,#2505,#2506);
#2044=AXIS2_PLACEMENT_3D('',#3224,#2507,#2508);
#2045=AXIS2_PLACEMENT_3D('',#3225,#2509,#2510);
#2046=AXIS2_PLACEMENT_3D('',#3226,#2511,#2512);
#2047=AXIS2_PLACEMENT_3D('',#3227,#2513,#2514);
#2048=AXIS2_PLACEMENT_3D('',#3228,#2515,#2516);
#2049=AXIS2_PLACEMENT_3D('',#3229,#2517,#2518);
#2050=AXIS2_PLACEMENT_3D('',#3230,#2519,#2520);
#2051=AXIS2_PLACEMENT_3D('',#3232,#2522,#2523);
#2052=AXIS2_PLACEMENT_3D('',#3233,#2524,#2525);
#2053=AXIS2_PLACEMENT_3D('',#3234,#2526,#2527);
#2054=AXIS2_PLACEMENT_3D('',#3236,#2528,#2529);
#2055=AXIS2_PLACEMENT_3D('',#3238,#2530,#2531);
#2056=AXIS2_PLACEMENT_3D('',#3239,#2532,#2533);
#2057=AXIS2_PLACEMENT_3D('',#3241,#2534,#2535);
#2058=AXIS2_PLACEMENT_3D('',#3243,#2536,#2537);
#2059=AXIS2_PLACEMENT_3D('',#3244,#2538,#2539);
#2060=AXIS2_PLACEMENT_3D('',#3246,#2540,#2541);
#2061=AXIS2_PLACEMENT_3D('',#3248,#2542,#2543);
#2062=AXIS2_PLACEMENT_3D('',#3249,#2544,#2545);
#2063=AXIS2_PLACEMENT_3D('',#3252,#2548,#2549);
#2064=AXIS2_PLACEMENT_3D('',#3254,#2551,#2552);
#2065=AXIS2_PLACEMENT_3D('',#3256,#2554,#2555);
#2066=AXIS2_PLACEMENT_3D('',#3257,#2556,#2557);
#2067=AXIS2_PLACEMENT_3D('',#3259,#2559,#2560);
#2068=AXIS2_PLACEMENT_3D('',#3261,#2562,#2563);
#2069=AXIS2_PLACEMENT_3D('',#3262,#2564,#2565);
#2070=AXIS2_PLACEMENT_3D('',#3270,#2570,#2571);
#2071=AXIS2_PLACEMENT_3D('',#3276,#2575,#2576);
#2072=AXIS2_PLACEMENT_3D('',#3281,#2580,#2581);
#2073=AXIS2_PLACEMENT_3D('',#3283,#2583,#2584);
#2074=AXIS2_PLACEMENT_3D('',#3284,#2585,#2586);
#2075=AXIS2_PLACEMENT_3D('',#3285,#2587,#2588);
#2076=AXIS2_PLACEMENT_3D('',#3289,#2591,#2592);
#2077=AXIS2_PLACEMENT_3D('',#3293,#2595,#2596);
#2078=AXIS2_PLACEMENT_3D('',#3295,#2598,#2599);
#2079=AXIS2_PLACEMENT_3D('',#3301,#2603,#2604);
#2080=AXIS2_PLACEMENT_3D('',#3310,#2609,#2610);
#2081=AXIS2_PLACEMENT_3D('',#3315,#2614,#2615);
#2082=AXIS2_PLACEMENT_3D('',#3319,#2618,#2619);
#2083=AXIS2_PLACEMENT_3D('',#3322,#2622,#2623);
#2084=AXIS2_PLACEMENT_3D('',#3323,#2624,#2625);
#2085=DIRECTION('',(0.,0.,1.));
#2086=DIRECTION('',(1.,0.,0.));
#2087=DIRECTION('',(0.,-1.22464679914735E-16,-1.));
#2088=DIRECTION('',(-1.,-1.22464679914735E-16,1.49975978266186E-32));
#2089=DIRECTION('',(-0.27791204431987,-0.960606524869549,1.17640370592155E-16));
#2090=DIRECTION('',(0.,1.22464679914735E-16,1.));
#2091=DIRECTION('',(-1.,-1.22464679914735E-16,1.49975978266186E-32));
#2092=DIRECTION('',(0.,1.22464679914735E-16,1.));
#2093=DIRECTION('',(-1.,-1.22464679914735E-16,1.49975978266186E-32));
#2094=DIRECTION('',(0.684599367466967,-0.728919547044686,8.92668990124213E-17));
#2095=DIRECTION('',(0.,1.22464679914735E-16,1.));
#2096=DIRECTION('',(-1.,-1.22464679914735E-16,1.49975978266186E-32));
#2097=DIRECTION('',(0.,-1.22464679914735E-16,-1.));
#2098=DIRECTION('',(-1.,-1.22464679914735E-16,1.49975978266186E-32));
#2099=DIRECTION('',(0.,0.,-1.));
#2100=DIRECTION('',(-1.,0.,0.));
#2101=DIRECTION('',(0.,-1.22464679914735E-16,-1.));
#2102=DIRECTION('',(0.,-1.22464679914735E-16,-1.));
#2103=DIRECTION('',(0.,-1.22464679914735E-16,-1.));
#2104=DIRECTION('',(-1.,-1.22464679914735E-16,1.49975978266186E-32));
#2105=DIRECTION('',(0.,-1.22464679914735E-16,-1.));
#2106=DIRECTION('',(0.,0.,-1.));
#2107=DIRECTION('',(-1.,0.,0.));
#2108=DIRECTION('',(0.,-1.22464679914735E-16,-1.));
#2109=DIRECTION('',(0.,0.,-1.));
#2110=DIRECTION('',(1.,0.,0.));
#2111=DIRECTION('',(0.,0.,-1.));
#2112=DIRECTION('',(-1.,0.,0.));
#2113=DIRECTION('',(0.,0.,-1.));
#2114=DIRECTION('',(-1.,0.,0.));
#2115=DIRECTION('',(0.,0.,-1.));
#2116=DIRECTION('',(-1.,0.,0.));
#2117=DIRECTION('',(-0.27791204431987,-0.960606524869549,0.));
#2118=DIRECTION('',(0.,0.,-1.));
#2119=DIRECTION('',(-1.,0.,0.));
#2120=DIRECTION('',(0.,0.,-1.));
#2121=DIRECTION('',(-1.,0.,0.));
#2122=DIRECTION('',(-0.684599367466967,0.728919547044686,0.));
#2123=DIRECTION('',(0.,0.,-1.));
#2124=DIRECTION('',(-1.,0.,0.));
#2125=DIRECTION('',(0.,0.,-1.));
#2126=DIRECTION('',(-1.,0.,0.));
#2127=DIRECTION('',(-0.27791204431987,-0.960606524869549,0.));
#2128=DIRECTION('',(-0.684599367466967,0.728919547044686,0.));
#2129=DIRECTION('',(0.,0.,-1.));
#2130=DIRECTION('',(-1.,0.,0.));
#2131=DIRECTION('',(0.,-1.22464679914735E-16,-1.));
#2132=DIRECTION('',(-1.,-1.22464679914735E-16,1.49975978266186E-32));
#2133=DIRECTION('',(0.,0.,1.));
#2134=DIRECTION('',(1.,0.,0.));
#2135=DIRECTION('',(0.,0.,1.));
#2136=DIRECTION('',(1.,0.,0.));
#2137=DIRECTION('',(0.,0.,1.));
#2138=DIRECTION('',(1.,0.,0.));
#2139=DIRECTION('',(0.,1.22464679914735E-16,1.));
#2140=DIRECTION('',(-1.,-1.22464679914735E-16,1.49975978266186E-32));
#2141=DIRECTION('',(-0.27791204431987,-0.960606524869549,1.17640370592155E-16));
#2142=DIRECTION('',(0.,1.22464679914735E-16,1.));
#2143=DIRECTION('',(-1.,-1.22464679914735E-16,1.49975978266186E-32));
#2144=DIRECTION('',(0.,1.22464679914735E-16,1.));
#2145=DIRECTION('',(-1.,-1.22464679914735E-16,1.49975978266186E-32));
#2146=DIRECTION('',(0.684599367466967,-0.728919547044686,8.92668990124213E-17));
#2147=DIRECTION('',(0.,1.22464679914735E-16,1.));
#2148=DIRECTION('',(-1.,-1.22464679914735E-16,1.49975978266186E-32));
#2149=DIRECTION('',(0.,-1.22464679914735E-16,-1.));
#2150=DIRECTION('',(-1.,-1.22464679914735E-16,1.49975978266186E-32));
#2151=DIRECTION('',(0.,-1.22464679914735E-16,-1.));
#2152=DIRECTION('',(0.,-1.22464679914735E-16,-1.));
#2153=DIRECTION('',(0.,-1.22464679914735E-16,-1.));
#2154=DIRECTION('',(-1.,-1.22464679914735E-16,1.49975978266186E-32));
#2155=DIRECTION('',(0.,-1.22464679914735E-16,-1.));
#2156=DIRECTION('',(0.,-1.22464679914735E-16,-1.));
#2157=DIRECTION('',(0.,-1.22464679914735E-16,-1.));
#2158=DIRECTION('',(-1.,-1.22464679914735E-16,1.49975978266186E-32));
#2159=DIRECTION('',(0.,-1.22464679914735E-16,-1.));
#2160=DIRECTION('',(0.728919547044686,0.684599367466967,-8.38392424066723E-17));
#2161=DIRECTION('',(0.684599367466967,-0.728919547044686,8.92668990124213E-17));
#2162=DIRECTION('',(0.,-1.22464679914735E-16,-1.));
#2163=DIRECTION('',(-1.,-1.22464679914735E-16,1.49975978266186E-32));
#2164=DIRECTION('',(0.,-1.22464679914735E-16,-1.));
#2165=DIRECTION('',(0.728919547044686,0.684599367466967,-8.38392424066723E-17));
#2166=DIRECTION('',(0.684599367466967,-0.728919547044686,8.92668990124213E-17));
#2167=DIRECTION('',(0.,-1.22464679914735E-16,-1.));
#2168=DIRECTION('',(0.,-1.22464679914735E-16,-1.));
#2169=DIRECTION('',(-1.,-1.22464679914735E-16,1.49975978266186E-32));
#2170=DIRECTION('',(0.960606524869549,-0.27791204431987,0.));
#2171=DIRECTION('',(0.27791204431987,0.960606524869549,0.));
#2172=DIRECTION('',(0.,0.,1.));
#2173=DIRECTION('',(1.,0.,0.));
#2174=DIRECTION('',(0.,0.,1.));
#2175=DIRECTION('',(1.,0.,0.));
#2176=DIRECTION('',(0.,0.,1.));
#2177=DIRECTION('',(1.,0.,0.));
#2178=DIRECTION('',(0.,0.,1.));
#2179=DIRECTION('',(1.,0.,0.));
#2180=DIRECTION('',(0.,-1.22464679914735E-16,-1.));
#2181=DIRECTION('',(-1.,-1.22464679914735E-16,1.49975978266186E-32));
#2182=DIRECTION('',(0.,-1.22464679914735E-16,-1.));
#2183=DIRECTION('',(-4.19217867424682E-17,-1.44903190423279E-16,-1.));
#2184=DIRECTION('',(0.,1.,-1.44903190423279E-16));
#2185=DIRECTION('',(0.,-1.22464679914735E-16,-1.));
#2186=DIRECTION('',(0.,-1.22464679914735E-16,-1.));
#2187=DIRECTION('',(0.,-1.22464679914735E-16,-1.));
#2188=DIRECTION('',(-4.19217867424682E-17,-1.44903190423279E-16,-1.));
#2189=DIRECTION('',(0.,1.,-1.44903190423279E-16));
#2190=DIRECTION('',(0.,-1.22464679914735E-16,-1.));
#2191=DIRECTION('',(0.,0.,-1.));
#2192=DIRECTION('',(-1.,0.,0.));
#2193=DIRECTION('',(0.,-1.22464679914735E-16,-1.));
#2194=DIRECTION('',(0.,-1.22464679914735E-16,-1.));
#2195=DIRECTION('',(0.163620417320187,0.,-0.986523369736352));
#2196=DIRECTION('',(-0.986523369736352,-7.4846820415502E-16,-0.163620417320187));
#2197=DIRECTION('',(0.,0.,-1.));
#2198=DIRECTION('',(0.,-0.476553907411761,0.879145251554362));
#2199=DIRECTION('',(0.,-0.879145251554362,-0.476553907411761));
#2200=DIRECTION('',(-0.960606524869549,0.27791204431987,0.));
#2201=DIRECTION('',(-0.27791204431987,-0.960606524869549,0.));
#2202=DIRECTION('',(0.,-1.22464679914735E-16,-1.));
#2203=DIRECTION('',(-0.27791204431987,-0.960606524869549,0.));
#2204=DIRECTION('',(0.,0.,-1.));
#2205=DIRECTION('',(-0.27791204431987,-0.960606524869549,0.));
#2206=DIRECTION('',(0.,-1.22464679914735E-16,-1.));
#2207=DIRECTION('',(-0.27791204431987,-0.960606524869549,0.));
#2208=DIRECTION('',(0.,0.,-1.));
#2209=DIRECTION('',(-0.27791204431987,-0.960606524869549,0.));
#2210=DIRECTION('',(3.46944695195361E-17,0.228765168726251,0.973481637000745));
#2211=DIRECTION('',(-1.47637986896363E-16,-0.973481637000745,0.228765168726251));
#2212=DIRECTION('',(1.,1.22464679914735E-16,-1.49975978266186E-32));
#2213=DIRECTION('',(1.,1.22464679914735E-16,-1.49975978266186E-32));
#2214=DIRECTION('',(1.,1.22464679914735E-16,-1.49975978266186E-32));
#2215=DIRECTION('',(1.,1.22464679914735E-16,-1.49975978266186E-32));
#2216=DIRECTION('',(1.,1.22464679914735E-16,-1.49975978266186E-32));
#2217=DIRECTION('',(1.,1.22464679914735E-16,-1.49975978266186E-32));
#2218=DIRECTION('',(0.960606524869549,-0.27791204431987,0.));
#2219=DIRECTION('',(0.27791204431987,0.960606524869549,0.));
#2220=DIRECTION('',(0.27791204431987,0.960606524869549,-1.50845519650157E-16));
#2221=DIRECTION('',(0.,0.,-1.));
#2222=DIRECTION('',(0.27791204431987,0.960606524869549,-1.50845519650157E-16));
#2223=DIRECTION('',(0.246496437600506,0.852018079661243,0.461849215849315));
#2224=DIRECTION('',(0.,0.,-1.));
#2225=DIRECTION('',(0.960606524869549,-0.27791204431987,0.));
#2226=DIRECTION('',(0.27791204431987,0.960606524869549,0.));
#2227=DIRECTION('',(0.,1.22464679914735E-16,1.));
#2228=DIRECTION('',(0.,-1.22464679914735E-16,-1.));
#2229=DIRECTION('',(-0.27791204431987,-0.960606524869549,0.));
#2230=DIRECTION('',(0.,0.,-1.));
#2231=DIRECTION('',(-0.27791204431987,-0.960606524869549,0.));
#2232=DIRECTION('',(0.,-1.22464679914735E-16,-1.));
#2233=DIRECTION('',(-0.27791204431987,-0.960606524869549,0.));
#2234=DIRECTION('',(0.,-1.22464679914735E-16,-1.));
#2235=DIRECTION('',(0.271090698659382,0.937028456614568,-0.220198784272052));
#2236=DIRECTION('',(0.,0.,-1.));
#2237=DIRECTION('',(0.,0.,-1.));
#2238=DIRECTION('',(0.246496437600506,0.852018079661243,0.461849215849315));
#2239=DIRECTION('',(0.,-1.22464679914735E-16,-1.));
#2240=DIRECTION('',(-0.27791204431987,-0.960606524869549,0.));
#2241=DIRECTION('',(-0.122418549049617,0.,0.992478563420181));
#2242=DIRECTION('',(0.992478563420181,0.,0.122418549049617));
#2243=DIRECTION('',(-0.122418549049617,0.,0.992478563420181));
#2244=DIRECTION('',(0.992478563420181,1.00037682904655E-15,0.122418549049617));
#2245=DIRECTION('',(0.,1.,0.));
#2246=DIRECTION('',(-0.122418549049617,0.,0.992478563420181));
#2247=DIRECTION('',(-0.992478563420181,0.,-0.122418549049617));
#2248=DIRECTION('',(0.,1.,0.));
#2249=DIRECTION('',(-0.101831370452111,0.,0.994801674702976));
#2250=DIRECTION('',(0.994801674702976,0.,0.101831370452111));
#2251=DIRECTION('',(-0.101831370452111,0.,0.994801674702976));
#2252=DIRECTION('',(0.994801674702976,1.20262232916062E-15,0.101831370452111));
#2253=DIRECTION('',(-0.101831370452111,0.,0.994801674702976));
#2254=DIRECTION('',(-0.994801674702976,0.,-0.101831370452111));
#2255=DIRECTION('',(0.,1.,0.));
#2256=DIRECTION('',(-0.0951345871022869,0.,0.995464419422853));
#2257=DIRECTION('',(0.995464419422853,0.,0.0951345871022869));
#2258=DIRECTION('',(-0.0951345871022869,0.,0.995464419422853));
#2259=DIRECTION('',(0.995464419422853,1.28727819865412E-15,0.0951345871022869));
#2260=DIRECTION('',(-0.0951345871022869,0.,0.995464419422853));
#2261=DIRECTION('',(-0.995464419422853,0.,-0.0951345871022869));
#2262=DIRECTION('',(0.,1.,0.));
#2263=DIRECTION('',(0.,1.,0.));
#2264=DIRECTION('',(0.,0.,1.));
#2265=DIRECTION('',(0.,1.,0.));
#2266=DIRECTION('',(-0.0564402902240742,0.,0.998405976364035));
#2267=DIRECTION('',(0.998405976364035,0.,0.0564402902240742));
#2268=DIRECTION('',(-0.0564402902240742,0.,0.998405976364035));
#2269=DIRECTION('',(0.998405976364035,2.16980953550269E-15,0.0564402902240742));
#2270=DIRECTION('',(-0.0564402902240742,0.,0.998405976364035));
#2271=DIRECTION('',(-0.998405976364035,0.,-0.0564402902240742));
#2272=DIRECTION('',(0.,1.,0.));
#2273=DIRECTION('',(-0.0357386321049053,0.,0.999361171036413));
#2274=DIRECTION('',(0.999361171036413,0.,0.0357386321049053));
#2275=DIRECTION('',(-0.0357386321049053,0.,0.999361171036413));
#2276=DIRECTION('',(0.999361171036413,3.42667507685406E-15,0.0357386321049053));
#2277=DIRECTION('',(-0.0357386321049053,0.,0.999361171036413));
#2278=DIRECTION('',(-0.999361171036413,0.,-0.0357386321049053));
#2279=DIRECTION('',(0.,1.,0.));
#2280=DIRECTION('',(-0.034703821618984,0.,0.999397640964315));
#2281=DIRECTION('',(0.999397640964315,0.,0.034703821618984));
#2282=DIRECTION('',(-0.034703821618984,0.,0.999397640964315));
#2283=DIRECTION('',(0.999397640964315,3.52885285255569E-15,0.034703821618984));
#2284=DIRECTION('',(-0.034703821618984,0.,0.999397640964315));
#2285=DIRECTION('',(-0.999397640964315,0.,-0.034703821618984));
#2286=DIRECTION('',(0.,1.,0.));
#2287=DIRECTION('',(-0.0113963993616306,0.,0.999935058932124));
#2288=DIRECTION('',(0.999935058932124,0.,0.0113963993616306));
#2289=DIRECTION('',(-0.0113963993616306,0.,0.999935058932124));
#2290=DIRECTION('',(0.999935058932124,1.07459098289455E-14,0.0113963993616306));
#2291=DIRECTION('',(-0.0113963993616306,0.,0.999935058932124));
#2292=DIRECTION('',(-0.999935058932124,0.,-0.0113963993616306));
#2293=DIRECTION('',(0.,1.,0.));
#2294=DIRECTION('',(0.,1.,0.));
#2295=DIRECTION('',(0.,0.,1.));
#2296=DIRECTION('',(0.,1.,0.));
#2297=DIRECTION('',(0.0253379982010996,0.,0.999678941384263));
#2298=DIRECTION('',(0.999678941384263,0.,-0.0253379982010996));
#2299=DIRECTION('',(0.0253379982010996,0.,0.999678941384263));
#2300=DIRECTION('',(-0.999678941384263,4.83324211102914E-15,0.0253379982010996));
#2301=DIRECTION('',(0.0253379982010996,0.,0.999678941384263));
#2302=DIRECTION('',(0.999678941384263,0.,-0.0253379982010996));
#2303=DIRECTION('',(0.,1.,0.));
#2304=DIRECTION('',(0.0448666993534274,0.,0.998992982602545));
#2305=DIRECTION('',(0.998992982602545,0.,-0.0448666993534274));
#2306=DIRECTION('',(0.0448666993534274,0.,0.998992982602545));
#2307=DIRECTION('',(-0.998992982602545,2.7295228238219E-15,0.0448666993534274));
#2308=DIRECTION('',(0.0448666993534274,0.,0.998992982602545));
#2309=DIRECTION('',(0.998992982602545,0.,-0.0448666993534274));
#2310=DIRECTION('',(0.,1.,0.));
#2311=DIRECTION('',(0.,1.,0.));
#2312=DIRECTION('',(0.,0.,1.));
#2313=DIRECTION('',(0.,1.,0.));
#2314=DIRECTION('',(0.0561977411722919,0.,0.998419658203469));
#2315=DIRECTION('',(0.998419658203469,0.,-0.0561977411722919));
#2316=DIRECTION('',(0.0561977411722919,0.,0.998419658203469));
#2317=DIRECTION('',(-0.998419658203469,2.1791744180479E-15,0.0561977411722919));
#2318=DIRECTION('',(0.0561977411722919,0.,0.998419658203469));
#2319=DIRECTION('',(0.998419658203469,0.,-0.0561977411722919));
#2320=DIRECTION('',(0.,1.,0.));
#2321=DIRECTION('',(0.10839128651603,0.,0.994108308489271));
#2322=DIRECTION('',(0.994108308489271,0.,-0.10839128651603));
#2323=DIRECTION('',(0.10839128651603,0.,0.994108308489271));
#2324=DIRECTION('',(-0.994108308489271,1.12983878917817E-15,0.10839128651603));
#2325=DIRECTION('',(0.10839128651603,0.,0.994108308489271));
#2326=DIRECTION('',(0.994108308489271,0.,-0.10839128651603));
#2327=DIRECTION('',(0.,1.,0.));
#2328=DIRECTION('',(0.103134549406301,0.,0.994667414123314));
#2329=DIRECTION('',(0.994667414123313,0.,-0.103134549406301));
#2330=DIRECTION('',(0.103134549406301,0.,0.994667414123314));
#2331=DIRECTION('',(-0.994667414123313,1.18742633404334E-15,0.103134549406301));
#2332=DIRECTION('',(0.103134549406301,0.,0.994667414123314));
#2333=DIRECTION('',(0.994667414123313,0.,-0.103134549406301));
#2334=DIRECTION('',(0.,1.,0.));
#2335=DIRECTION('',(0.126492678197434,0.,0.991967540982285));
#2336=DIRECTION('',(0.991967540982285,0.,-0.126492678197434));
#2337=DIRECTION('',(0.126492678197434,0.,0.991967540982285));
#2338=DIRECTION('',(-0.991967540982285,9.68156273231783E-16,0.126492678197434));
#2339=DIRECTION('',(0.126492678197434,0.,0.991967540982285));
#2340=DIRECTION('',(0.991967540982285,0.,-0.126492678197434));
#2341=DIRECTION('',(0.163620417320187,0.,-0.986523369736352));
#2342=DIRECTION('',(-0.986523369736352,0.,-0.163620417320187));
#2343=DIRECTION('',(0.163620417320187,0.,-0.986523369736352));
#2344=DIRECTION('',(-0.986523369736352,-7.4846820415502E-16,-0.163620417320187));
#2345=DIRECTION('',(0.163620417320187,0.,-0.986523369736352));
#2346=DIRECTION('',(-0.986523369736352,0.,-0.163620417320187));
#2347=DIRECTION('',(0.,1.,0.));
#2348=DIRECTION('',(0.163620417320187,0.,-0.986523369736352));
#2349=DIRECTION('',(0.986523369736352,7.4846820415502E-16,0.163620417320187));
#2350=DIRECTION('',(0.,1.22464679914735E-16,1.));
#2351=DIRECTION('',(1.,1.22464679914735E-16,-1.49975978266186E-32));
#2352=DIRECTION('',(-0.145243859326543,0.,0.989395887058326));
#2353=DIRECTION('',(0.989395887058326,8.43165972610282E-16,0.145243859326543));
#2354=DIRECTION('',(-0.145243859326543,0.,0.989395887058326));
#2355=DIRECTION('',(0.989395887058326,0.,0.145243859326543));
#2356=DIRECTION('',(0.,1.,0.));
#2357=DIRECTION('',(-0.145243859326543,0.,0.989395887058326));
#2358=DIRECTION('',(-0.989395887058326,0.,-0.145243859326543));
#2359=DIRECTION('',(0.,0.,-1.));
#2360=DIRECTION('',(-1.,0.,0.));
#2361=DIRECTION('',(0.,0.,-1.));
#2362=DIRECTION('',(-1.,0.,0.));
#2363=DIRECTION('',(0.,0.,-1.));
#2364=DIRECTION('',(-1.,0.,0.));
#2365=DIRECTION('',(0.,1.22464679914735E-16,1.));
#2366=DIRECTION('',(1.,1.22464679914735E-16,-1.49975978266186E-32));
#2367=DIRECTION('',(0.,-1.22464679914735E-16,-1.));
#2368=DIRECTION('',(0.,0.,-1.));
#2369=DIRECTION('',(-1.,0.,0.));
#2370=DIRECTION('',(0.,0.,-1.));
#2371=DIRECTION('',(0.,-0.476553907411761,0.879145251554362));
#2372=DIRECTION('',(0.,-0.879145251554362,-0.476553907411761));
#2373=DIRECTION('',(0.,0.,-1.));
#2374=DIRECTION('',(0.960606524869549,-0.27791204431987,3.40344095520825E-17));
#2375=DIRECTION('',(-0.27791204431987,-0.960606524869549,1.17640370592155E-16));
#2376=DIRECTION('',(-0.271090698659382,-0.937028456614568,0.220198784272052));
#2377=DIRECTION('',(-3.99194227282071E-17,-1.55173137609519E-17,1.));
#2378=DIRECTION('',(-0.034703821618984,0.,0.999397640964315));
#2379=DIRECTION('',(0.999397640964315,0.,0.034703821618984));
#2380=DIRECTION('',(-0.034703821618984,0.,0.999397640964315));
#2381=DIRECTION('',(0.999397640964315,3.52885285255569E-15,0.034703821618984));
#2382=DIRECTION('',(0.,1.,0.));
#2383=DIRECTION('',(-0.034703821618984,0.,0.999397640964315));
#2384=DIRECTION('',(-0.999397640964315,0.,-0.034703821618984));
#2385=DIRECTION('',(0.,1.,0.));
#2386=DIRECTION('',(-0.0357386321049053,0.,0.999361171036413));
#2387=DIRECTION('',(0.999361171036413,0.,0.0357386321049053));
#2388=DIRECTION('',(-0.0357386321049053,0.,0.999361171036413));
#2389=DIRECTION('',(0.999361171036413,3.42667507685406E-15,0.0357386321049053));
#2390=DIRECTION('',(-0.0357386321049053,0.,0.999361171036413));
#2391=DIRECTION('',(-0.999361171036413,0.,-0.0357386321049053));
#2392=DIRECTION('',(0.,1.,0.));
#2393=DIRECTION('',(-0.0564402902240742,0.,0.998405976364035));
#2394=DIRECTION('',(0.998405976364035,0.,0.0564402902240742));
#2395=DIRECTION('',(-0.0564402902240742,0.,0.998405976364035));
#2396=DIRECTION('',(0.998405976364035,2.16980953550269E-15,0.0564402902240742));
#2397=DIRECTION('',(-0.0564402902240742,0.,0.998405976364035));
#2398=DIRECTION('',(-0.998405976364035,0.,-0.0564402902240742));
#2399=DIRECTION('',(0.,1.,0.));
#2400=DIRECTION('',(0.,1.,0.));
#2401=DIRECTION('',(0.,0.,1.));
#2402=DIRECTION('',(0.,1.,0.));
#2403=DIRECTION('',(-0.0951345871022869,0.,0.995464419422853));
#2404=DIRECTION('',(0.995464419422853,0.,0.0951345871022869));
#2405=DIRECTION('',(-0.0951345871022869,0.,0.995464419422853));
#2406=DIRECTION('',(0.995464419422853,1.28727819865412E-15,0.0951345871022869));
#2407=DIRECTION('',(-0.0951345871022869,0.,0.995464419422853));
#2408=DIRECTION('',(-0.995464419422853,0.,-0.0951345871022869));
#2409=DIRECTION('',(0.,1.,0.));
#2410=DIRECTION('',(-0.101831370452111,0.,0.994801674702976));
#2411=DIRECTION('',(0.994801674702976,0.,0.101831370452111));
#2412=DIRECTION('',(-0.101831370452111,0.,0.994801674702976));
#2413=DIRECTION('',(0.994801674702976,1.20262232916062E-15,0.101831370452111));
#2414=DIRECTION('',(-0.101831370452111,0.,0.994801674702976));
#2415=DIRECTION('',(-0.994801674702976,0.,-0.101831370452111));
#2416=DIRECTION('',(0.,1.,0.));
#2417=DIRECTION('',(-0.122418549049617,0.,0.992478563420181));
#2418=DIRECTION('',(0.992478563420181,0.,0.122418549049617));
#2419=DIRECTION('',(-0.122418549049617,0.,0.992478563420181));
#2420=DIRECTION('',(0.992478563420181,1.00037682904655E-15,0.122418549049617));
#2421=DIRECTION('',(-0.122418549049617,0.,0.992478563420181));
#2422=DIRECTION('',(-0.992478563420181,0.,-0.122418549049617));
#2423=DIRECTION('',(0.,1.,0.));
#2424=DIRECTION('',(0.163620417320187,0.,-0.986523369736352));
#2425=DIRECTION('',(-0.986523369736352,0.,-0.163620417320187));
#2426=DIRECTION('',(0.163620417320187,0.,-0.986523369736352));
#2427=DIRECTION('',(0.986523369736352,7.4846820415502E-16,0.163620417320187));
#2428=DIRECTION('',(0.,1.,0.));
#2429=DIRECTION('',(0.163620417320187,0.,-0.986523369736352));
#2430=DIRECTION('',(-0.986523369736352,0.,-0.163620417320187));
#2431=DIRECTION('',(0.,1.22464679914735E-16,1.));
#2432=DIRECTION('',(1.,1.22464679914735E-16,-1.49975978266186E-32));
#2433=DIRECTION('',(0.,0.,-1.));
#2434=DIRECTION('',(-1.,0.,0.));
#2435=DIRECTION('',(0.,0.,-1.));
#2436=DIRECTION('',(-1.,0.,0.));
#2437=DIRECTION('',(0.,1.,0.));
#2438=DIRECTION('',(0.,0.,-1.));
#2439=DIRECTION('',(-1.,0.,0.));
#2440=DIRECTION('',(-0.145243859326543,0.,0.989395887058326));
#2441=DIRECTION('',(0.989395887058326,0.,0.145243859326543));
#2442=DIRECTION('',(-0.145243859326543,0.,0.989395887058326));
#2443=DIRECTION('',(0.989395887058326,8.43165972610282E-16,0.145243859326543));
#2444=DIRECTION('',(-0.145243859326543,0.,0.989395887058326));
#2445=DIRECTION('',(-0.989395887058326,0.,-0.145243859326543));
#2446=DIRECTION('',(-0.0113963993616306,0.,0.999935058932124));
#2447=DIRECTION('',(0.999935058932124,0.,0.0113963993616306));
#2448=DIRECTION('',(-0.0113963993616306,0.,0.999935058932124));
#2449=DIRECTION('',(0.999935058932124,1.07459098289455E-14,0.0113963993616306));
#2450=DIRECTION('',(0.,1.,0.));
#2451=DIRECTION('',(-0.0113963993616306,0.,0.999935058932124));
#2452=DIRECTION('',(-0.999935058932124,0.,-0.0113963993616306));
#2453=DIRECTION('',(0.,-1.22464679914735E-16,-1.));
#2454=DIRECTION('',(-1.,-1.22464679914735E-16,1.49975978266186E-32));
#2455=DIRECTION('',(0.,0.,-1.));
#2456=DIRECTION('',(-1.,0.,0.));
#2457=DIRECTION('',(0.,-1.22464679914735E-16,-1.));
#2458=DIRECTION('',(0.,-1.22464679914735E-16,-1.));
#2459=DIRECTION('',(0.728919547044686,0.684599367466967,-8.38392424066723E-17));
#2460=DIRECTION('',(0.684599367466967,-0.728919547044686,8.92668990124213E-17));
#2461=DIRECTION('',(-0.684599367466967,0.728919547044686,0.));
#2462=DIRECTION('',(0.,-1.22464679914735E-16,-1.));
#2463=DIRECTION('',(0.,-1.22464679914735E-16,-1.));
#2464=DIRECTION('',(-1.,-1.22464679914735E-16,1.49975978266186E-32));
#2465=DIRECTION('',(0.,0.,-1.));
#2466=DIRECTION('',(-1.,0.,0.));
#2467=DIRECTION('',(0.,-1.22464679914735E-16,-1.));
#2468=DIRECTION('',(0.,-0.476553907411761,0.879145251554362));
#2469=DIRECTION('',(0.,-0.879145251554362,-0.476553907411761));
#2470=DIRECTION('',(0.728919547044686,0.684599367466967,-8.38392424066723E-17));
#2471=DIRECTION('',(0.684599367466967,-0.728919547044686,8.92668990124213E-17));
#2472=DIRECTION('',(-0.684599367466967,0.728919547044686,0.));
#2473=DIRECTION('',(0.,-1.22464679914735E-16,-1.));
#2474=DIRECTION('',(0.,-1.22464679914735E-16,-1.));
#2475=DIRECTION('',(-1.,-1.22464679914735E-16,1.49975978266186E-32));
#2476=DIRECTION('',(0.,0.,-1.));
#2477=DIRECTION('',(-1.,0.,0.));
#2478=DIRECTION('',(0.,-1.22464679914735E-16,-1.));
#2479=DIRECTION('',(-0.362306190701075,0.932059131267795,0.));
#2480=DIRECTION('',(-0.932059131267795,-0.362306190701075,0.));
#2481=DIRECTION('',(0.914587985721938,0.355514878886669,0.192712187635566));
#2482=DIRECTION('',(0.,-0.476553907411761,0.879145251554362));
#2483=DIRECTION('',(0.,-0.879145251554362,-0.476553907411761));
#2484=DIRECTION('',(0.,-0.476553907411761,0.879145251554362));
#2485=DIRECTION('',(0.,-0.879145251554362,-0.476553907411761));
#2486=DIRECTION('',(3.46944695195361E-17,0.228765168726251,0.973481637000745));
#2487=DIRECTION('',(1.,-7.93688617350448E-18,-3.37744289827505E-17));
#2488=DIRECTION('',(0.92869915721324,0.361000115410654,-0.0848339086976032));
#2489=DIRECTION('',(-0.362306190701075,0.932059131267795,0.));
#2490=DIRECTION('',(-0.932059131267795,-0.362306190701075,0.));
#2491=DIRECTION('',(0.,0.,-1.));
#2492=DIRECTION('',(1.,0.,0.));
#2493=DIRECTION('',(0.,0.,-1.));
#2494=DIRECTION('',(-1.,0.,0.));
#2495=DIRECTION('',(0.,0.,-1.));
#2496=DIRECTION('',(-1.,0.,0.));
#2497=DIRECTION('',(0.,0.,-1.));
#2498=DIRECTION('',(-1.,0.,0.));
#2499=DIRECTION('',(0.,0.,-1.));
#2500=DIRECTION('',(-1.,0.,0.));
#2501=DIRECTION('',(0.,0.,-1.));
#2502=DIRECTION('',(-1.,0.,0.));
#2503=DIRECTION('',(0.,0.,-1.));
#2504=DIRECTION('',(-1.,0.,0.));
#2505=DIRECTION('',(0.,1.,0.));
#2506=DIRECTION('',(0.,0.,1.));
#2507=DIRECTION('',(0.,0.,-1.));
#2508=DIRECTION('',(-1.,0.,0.));
#2509=DIRECTION('',(0.,-0.476553907411761,0.879145251554362));
#2510=DIRECTION('',(0.,-0.879145251554362,-0.476553907411761));
#2511=DIRECTION('',(0.,1.22464679914735E-16,1.));
#2512=DIRECTION('',(1.,1.22464679914735E-16,-1.49975978266186E-32));
#2513=DIRECTION('',(0.,-0.476553907411761,0.879145251554362));
#2514=DIRECTION('',(0.,-0.879145251554362,-0.476553907411761));
#2515=DIRECTION('',(0.,-1.22464679914735E-16,-1.));
#2516=DIRECTION('',(-1.,-1.22464679914735E-16,1.49975978266186E-32));
#2517=DIRECTION('',(0.,0.,1.));
#2518=DIRECTION('',(1.,0.,0.));
#2519=DIRECTION('',(0.,0.,1.));
#2520=DIRECTION('',(1.,0.,0.));
#2521=DIRECTION('',(0.,-1.22464679914735E-16,-1.));
#2522=DIRECTION('',(0.,-1.22464679914735E-16,-1.));
#2523=DIRECTION('',(-1.,-1.22464679914735E-16,1.49975978266186E-32));
#2524=DIRECTION('',(0.,-1.22464679914735E-16,-1.));
#2525=DIRECTION('',(-1.,-1.22464679914735E-16,1.49975978266186E-32));
#2526=DIRECTION('',(0.,0.,-1.));
#2527=DIRECTION('',(-1.,0.,0.));
#2528=DIRECTION('',(0.,0.,1.));
#2529=DIRECTION('',(1.,0.,0.));
#2530=DIRECTION('',(0.,0.,1.));
#2531=DIRECTION('',(1.,0.,0.));
#2532=DIRECTION('',(0.,0.,-1.));
#2533=DIRECTION('',(-1.,0.,0.));
#2534=DIRECTION('',(0.,0.,1.));
#2535=DIRECTION('',(1.,0.,0.));
#2536=DIRECTION('',(0.,0.,1.));
#2537=DIRECTION('',(1.,0.,0.));
#2538=DIRECTION('',(0.,0.,-1.));
#2539=DIRECTION('',(-1.,0.,0.));
#2540=DIRECTION('',(0.,0.,1.));
#2541=DIRECTION('',(1.,0.,0.));
#2542=DIRECTION('',(0.,0.,1.));
#2543=DIRECTION('',(1.,0.,0.));
#2544=DIRECTION('',(0.,-1.,0.));
#2545=DIRECTION('',(0.,0.,-1.));
#2546=DIRECTION('',(0.,0.,-1.));
#2547=DIRECTION('',(0.,0.,-1.));
#2548=DIRECTION('',(1.,0.,0.));
#2549=DIRECTION('',(0.,0.,-1.));
#2550=DIRECTION('',(0.,0.,-1.));
#2551=DIRECTION('',(0.,1.,0.));
#2552=DIRECTION('',(0.,0.,1.));
#2553=DIRECTION('',(0.,0.,-1.));
#2554=DIRECTION('',(-1.,0.,0.));
#2555=DIRECTION('',(0.,0.,1.));
#2556=DIRECTION('',(0.,0.,1.));
#2557=DIRECTION('',(1.,0.,0.));
#2558=DIRECTION('',(0.960606524869549,-0.27791204431987,0.));
#2559=DIRECTION('',(0.,0.,1.));
#2560=DIRECTION('',(1.,0.,0.));
#2561=DIRECTION('',(0.960606524869549,-0.27791204431987,0.));
#2562=DIRECTION('',(-0.27791204431987,-0.960606524869549,0.));
#2563=DIRECTION('',(0.960606524869549,-0.27791204431987,0.));
#2564=DIRECTION('',(0.,0.,1.));
#2565=DIRECTION('',(1.,0.,0.));
#2566=DIRECTION('',(-0.27791204431987,-0.960606524869549,0.));
#2567=DIRECTION('',(0.960606524869549,-0.27791204431987,0.));
#2568=DIRECTION('',(-0.27791204431987,-0.960606524869549,0.));
#2569=DIRECTION('',(0.960606524869549,-0.27791204431987,0.));
#2570=DIRECTION('',(-0.27791204431987,-0.960606524869549,0.));
#2571=DIRECTION('',(0.960606524869549,-0.27791204431987,0.));
#2572=DIRECTION('',(0.,0.,-1.));
#2573=DIRECTION('',(0.,0.,-1.));
#2574=DIRECTION('',(0.960606524869549,-0.27791204431987,0.));
#2575=DIRECTION('',(0.,0.,1.));
#2576=DIRECTION('',(1.,0.,0.));
#2577=DIRECTION('',(-0.27791204431987,-0.960606524869549,0.));
#2578=DIRECTION('',(-0.27791204431987,-0.960606524869549,0.));
#2579=DIRECTION('',(0.960606524869549,-0.27791204431987,0.));
#2580=DIRECTION('',(-0.27791204431987,-0.960606524869549,0.));
#2581=DIRECTION('',(0.960606524869549,-0.27791204431987,0.));
#2582=DIRECTION('',(0.,0.,-1.));
#2583=DIRECTION('',(-0.960606524869549,0.27791204431987,0.));
#2584=DIRECTION('',(-0.27791204431987,-0.960606524869549,0.));
#2585=DIRECTION('',(-0.960606524869549,0.27791204431987,0.));
#2586=DIRECTION('',(-0.27791204431987,-0.960606524869549,0.));
#2587=DIRECTION('',(-4.19217867424682E-17,-1.44903190423279E-16,-1.));
#2588=DIRECTION('',(0.,1.,-1.44903190423279E-16));
#2589=DIRECTION('',(0.960606524869549,-0.27791204431987,0.));
#2590=DIRECTION('',(0.27791204431987,0.960606524869549,-1.50845519650157E-16));
#2591=DIRECTION('',(-4.19217867424682E-17,-1.44903190423279E-16,-1.));
#2592=DIRECTION('',(0.,1.,-1.44903190423279E-16));
#2593=DIRECTION('',(0.27791204431987,0.960606524869549,-1.50845519650157E-16));
#2594=DIRECTION('',(0.960606524869549,-0.27791204431987,0.));
#2595=DIRECTION('',(-0.27791204431987,-0.960606524869549,0.));
#2596=DIRECTION('',(0.960606524869549,-0.27791204431987,0.));
#2597=DIRECTION('',(0.,0.,-1.));
#2598=DIRECTION('',(-0.960606524869549,0.27791204431987,0.));
#2599=DIRECTION('',(-0.27791204431987,-0.960606524869549,0.));
#2600=DIRECTION('',(0.27791204431987,0.960606524869549,-1.50845519650157E-16));
#2601=DIRECTION('',(0.27791204431987,0.960606524869549,-1.50845519650157E-16));
#2602=DIRECTION('',(0.,0.,-1.));
#2603=DIRECTION('',(-0.27791204431987,-0.960606524869549,0.));
#2604=DIRECTION('',(0.960606524869549,-0.27791204431987,0.));
#2605=DIRECTION('',(0.,0.,-1.));
#2606=DIRECTION('',(0.960606524869549,-0.27791204431987,0.));
#2607=DIRECTION('',(0.,0.,-1.));
#2608=DIRECTION('',(0.960606524869549,-0.27791204431987,0.));
#2609=DIRECTION('',(-4.19217867424682E-17,-1.44903190423279E-16,-1.));
#2610=DIRECTION('',(0.,1.,-1.44903190423279E-16));
#2611=DIRECTION('',(0.27791204431987,0.960606524869549,-1.50845519650157E-16));
#2612=DIRECTION('',(0.27791204431987,0.960606524869549,-1.50845519650157E-16));
#2613=DIRECTION('',(0.960606524869549,-0.27791204431987,0.));
#2614=DIRECTION('',(-0.27791204431987,-0.960606524869549,0.));
#2615=DIRECTION('',(0.960606524869549,-0.27791204431987,0.));
#2616=DIRECTION('',(0.,0.,-1.));
#2617=DIRECTION('',(0.960606524869549,-0.27791204431987,0.));
#2618=DIRECTION('',(-4.19217867424682E-17,-1.44903190423279E-16,-1.));
#2619=DIRECTION('',(0.,1.,-1.44903190423279E-16));
#2620=DIRECTION('',(0.27791204431987,0.960606524869549,-1.50845519650157E-16));
#2621=DIRECTION('',(0.27791204431987,0.960606524869549,-1.50845519650157E-16));
#2622=DIRECTION('',(-0.960606524869549,0.27791204431987,0.));
#2623=DIRECTION('',(-0.27791204431987,-0.960606524869549,0.));
#2624=DIRECTION('',(-0.960606524869549,0.27791204431987,0.));
#2625=DIRECTION('',(-0.27791204431987,-0.960606524869549,0.));
#2626=CARTESIAN_POINT('',(0.,0.,0.));
#2627=CARTESIAN_POINT('',(0.0532301705267662,-0.0281434603677008,0.005));
#2628=CARTESIAN_POINT('',(-0.00369260231450398,-0.0116751939556844,0.005));
#2629=CARTESIAN_POINT('',(-0.00304341007929009,-0.00943125271676724,0.005));
#2630=CARTESIAN_POINT('',(-0.0224473009315694,-0.0765010488681803,0.005));
#2631=CARTESIAN_POINT('',(0.0292672142318003,-0.283295053874184,0.005));
#2632=CARTESIAN_POINT('',(-0.0478807328929557,-0.0185431846037341,0.005));
#2633=CARTESIAN_POINT('',(-0.0409537383088739,-0.0343371799295187,0.005));
#2634=CARTESIAN_POINT('',(-0.0502952499072304,-0.0488344108160217,0.005));
#2635=CARTESIAN_POINT('',(-0.0415649584709438,-0.0581298913287365,0.005));
#2636=CARTESIAN_POINT('',(-0.0328346670346573,-0.0674253718414514,0.005));
#2637=CARTESIAN_POINT('',(0.0182154821365812,-0.0194792027842212,0.005));
#2638=CARTESIAN_POINT('',(0.0182154821365812,-0.0194792027842212,0.045));
#2639=CARTESIAN_POINT('',(0.0182154821365812,-0.0194792027842212,0.0058218253249433));
#2640=CARTESIAN_POINT('',(-0.0224473009315694,-0.0765010488681803,0.0058218253249433));
#2641=CARTESIAN_POINT('',(-0.0328346670346572,-0.0674253718414514,0.00582182532494329));
#2642=CARTESIAN_POINT('',(-0.0224473009315694,-0.0765010488681803,0.045));
#2643=CARTESIAN_POINT('',(-0.0328346670346573,-0.0674253718414514,0.045));
#2644=CARTESIAN_POINT('',(0.0292672142318003,-0.283295053874184,0.045));
#2645=CARTESIAN_POINT('',(-0.00304341007929009,-0.00943125271676727,0.045));
#2646=CARTESIAN_POINT('',(-0.00304341007929009,-0.00943125271676727,0.00582182532494329));
#2647=CARTESIAN_POINT('',(0.0292672142318003,-0.283295053874184,0.00582182532494329));
#2648=CARTESIAN_POINT('',(-0.0478807328929557,-0.0185431846037341,0.0058218253249433));
#2649=CARTESIAN_POINT('',(-0.0478807328929557,-0.0185431846037341,0.045));
#2650=CARTESIAN_POINT('',(-0.0225846347607294,-0.0909170480778313,0.00582182532494329));
#2651=CARTESIAN_POINT('',(-0.0811318386332967,-0.0314091336990171,0.00582182532494329));
#2652=CARTESIAN_POINT('',(-0.0828818386332967,-0.0314091336990171,0.00582182532494329));
#2653=CARTESIAN_POINT('',(-0.0514933337933216,-0.0714823172384921,0.00582182532494329));
#2654=CARTESIAN_POINT('',(-0.0532433337933216,-0.0714823172384921,0.00582182532494329));
#2655=CARTESIAN_POINT('',(-0.0142084212124348,-0.00545812855362889,0.00582182532494329));
#2656=CARTESIAN_POINT('',(-0.0159584212124348,-0.00545812855362889,0.00582182532494329));
#2657=CARTESIAN_POINT('',(-0.0263064625120086,-0.0898402900794356,0.00582182532494329));
#2658=CARTESIAN_POINT('',(-0.000436841131186153,-0.000421613911084348,0.0058218253249433));
#2659=CARTESIAN_POINT('',(0.0231340177897504,-0.344318817342729,0.0058218253249433));
#2660=CARTESIAN_POINT('',(-0.0733009161161946,-0.0133789807546676,0.0058218253249433));
#2661=CARTESIAN_POINT('',(-0.0646421728860923,-0.0331214749118984,0.0058218253249433));
#2662=CARTESIAN_POINT('',(-0.076319062384038,-0.0512430135200271,0.0058218253249433));
#2663=CARTESIAN_POINT('',(-0.0654061980886798,-0.0628623641609207,0.00582182532494329));
#2664=CARTESIAN_POINT('',(-0.0544933337933216,-0.0744817148018142,0.00582182532494329));
#2665=CARTESIAN_POINT('',(0.00931935267072656,-0.0145490034802766,0.0058218253249433));
#2666=CARTESIAN_POINT('',(-0.0352187960744859,-0.0899170480778313,0.0058218253249433));
#2667=CARTESIAN_POINT('',(-0.0289017154176077,-0.0714250128480127,0.00582182532494329));
#2668=CARTESIAN_POINT('',(-0.0265926109336434,-0.0908293657475169,0.00582182532494329));
#2669=CARTESIAN_POINT('',(-0.0263064625120086,-0.0898402900794356,0.00582182532494329));
#2670=CARTESIAN_POINT('',(-0.0415649584709438,-0.0581298913287365,0.00582182532494329));
#2671=CARTESIAN_POINT('',(-0.0502952499072304,-0.0488344108160217,0.0058218253249433));
#2672=CARTESIAN_POINT('',(-0.0409537383088739,-0.0343371799295187,0.0058218253249433));
#2673=CARTESIAN_POINT('',(0.0530877131584578,-0.025379325459626,1.38777878078145E-17));
#2674=CARTESIAN_POINT('',(-0.0811318386332967,-0.0314091336990171,1.38777878078145E-17));
#2675=CARTESIAN_POINT('',(-0.0793818386332967,-0.0314091336990171,1.38777878078145E-17));
#2676=CARTESIAN_POINT('',(-0.0514933337933216,-0.0714823172384921,1.95241094342117E-17));
#2677=CARTESIAN_POINT('',(-0.0497433337933216,-0.0714823172384921,1.95241094342117E-17));
#2678=CARTESIAN_POINT('',(-0.0142084212124348,-0.00545812855362889,1.14383329197221E-17));
#2679=CARTESIAN_POINT('',(-0.0124584212124348,-0.00545812855362889,1.14383329197221E-17));
#2680=CARTESIAN_POINT('',(0.0231340177897504,-0.344318817342729,5.55111512312578E-17));
#2681=CARTESIAN_POINT('',(-0.000436841131186153,-0.000421613911084348,1.33958902894288E-17));
#2682=CARTESIAN_POINT('',(-0.0733009161161946,-0.0133789807546676,6.93889390390723E-18));
#2683=CARTESIAN_POINT('',(-0.0029656801723131,-0.00916257830216131,1.18918090579173E-17));
#2684=CARTESIAN_POINT('',(-0.0265926109336434,-0.0908293657475169,1.38777878078145E-17));
#2685=CARTESIAN_POINT('',(-0.0289017154176077,-0.0714250128480127,1.38777878078145E-17));
#2686=CARTESIAN_POINT('',(-0.0352187960744859,-0.0899170480778313,2.08166817117217E-17));
#2687=CARTESIAN_POINT('',(0.00931935267072656,-0.0145490034802766,6.93889390390723E-18));
#2688=CARTESIAN_POINT('',(-0.0544933337933216,-0.0744817148018142,2.08166817117217E-17));
#2689=CARTESIAN_POINT('',(-0.0654061980886798,-0.0628623641609207,2.08166817117217E-17));
#2690=CARTESIAN_POINT('',(-0.076319062384038,-0.0512430135200271,2.08166817117217E-17));
#2691=CARTESIAN_POINT('',(-0.0646421728860923,-0.0331214749118984,1.38777878078145E-17));
#2692=CARTESIAN_POINT('',(0.0231340177897504,-0.344318817342729,0.05));
#2693=CARTESIAN_POINT('',(-0.000436841131186153,-0.000421613911084292,0.05));
#2694=CARTESIAN_POINT('',(-0.0733009161161946,-0.0133789807546676,0.05));
#2695=CARTESIAN_POINT('',(-0.0289017154176077,-0.0714250128480127,0.05));
#2696=CARTESIAN_POINT('',(-0.0265926109336434,-0.0908293657475169,0.05));
#2697=CARTESIAN_POINT('',(-0.0352187960744859,-0.0899170480778313,0.05));
#2698=CARTESIAN_POINT('',(-0.0409537383088739,-0.0343371799295187,0.045));
#2699=CARTESIAN_POINT('',(-0.0502952499072304,-0.0488344108160217,0.045));
#2700=CARTESIAN_POINT('',(-0.0415649584709438,-0.0581298913287365,0.045));
#2701=CARTESIAN_POINT('',(-0.0646421728860923,-0.0331214749118984,0.05));
#2702=CARTESIAN_POINT('',(-0.076319062384038,-0.0512430135200271,0.05));
#2703=CARTESIAN_POINT('',(-0.0654061980886798,-0.0628623641609207,0.05));
#2704=CARTESIAN_POINT('',(-0.0544933337933216,-0.0744817148018142,0.05));
#2705=CARTESIAN_POINT('',(0.00931935267072656,-0.0145490034802766,0.05));
#2706=CARTESIAN_POINT('',(-0.0129529550773785,-0.0436837213600328,0.));
#2707=CARTESIAN_POINT('',(-0.0142084212124348,-0.00545812855362889,-2.43945488809238E-18));
#2708=CARTESIAN_POINT('',(-0.0514933337933216,-0.0714823172384921,5.64632162639717E-18));
#2709=CARTESIAN_POINT('',(-0.0811318386332967,-0.0314091336990171,0.));
#2710=CARTESIAN_POINT('',(0.,0.,0.));
#2711=CARTESIAN_POINT('',(0.0176154821365812,0.0720207972157788,0.03917817));
#2712=CARTESIAN_POINT('',(-0.0230473009315694,0.0149989511318197,0.03917817));
#2713=CARTESIAN_POINT('',(-0.0230473009315694,0.0149989511318197,0.0166671775585183));
#2714=CARTESIAN_POINT('',(-0.0230473009315694,0.0149989511318197,0.0149999953249433));
#2715=CARTESIAN_POINT('',(0.0176154821365812,0.0720207972157788,0.0149999953249433));
#2716=CARTESIAN_POINT('',(-0.0289674445042038,0.0197237246088973,0.0149999953249433));
#2717=CARTESIAN_POINT('',(-0.0289674445042038,0.0197237246088973,0.03917817));
#2718=CARTESIAN_POINT('',(-0.0289674445042038,0.0197237246088973,0.0143499953249433));
#2719=CARTESIAN_POINT('',(-0.0289674445042038,0.0197237246088973,0.03917817));
#2720=CARTESIAN_POINT('',(-0.0289674445042038,0.0197237246088973,0.0026499953249433));
#2721=CARTESIAN_POINT('',(-0.0289674445042038,0.0197237246088973,0.03917817));
#2722=CARTESIAN_POINT('',(-0.0289674445042038,0.0197237246088973,0.00199999532494329));
#2723=CARTESIAN_POINT('',(0.0176154821365812,0.0720207972157788,0.00199999532494329));
#2724=CARTESIAN_POINT('',(-0.0230473009315694,0.0149989511318197,0.00199999532494328));
#2725=CARTESIAN_POINT('',(-0.0230473009315694,0.0149989511318197,0.03917817));
#2726=CARTESIAN_POINT('',(-0.0230473009315694,0.0149989511318197,-4.67505670287416E-9));
#2727=CARTESIAN_POINT('',(0.0176154821365812,0.0720207972157788,-4.67505670287416E-9));
#2728=CARTESIAN_POINT('',(-0.0334346670346573,0.0240746281585486,-4.67505670981305E-9));
#2729=CARTESIAN_POINT('',(-0.0334346670346573,0.0240746281585486,0.03917817));
#2730=CARTESIAN_POINT('',(-0.0334346670346573,0.0240746281585486,0.0313551133835367));
#2731=CARTESIAN_POINT('',(-0.0334346670346573,0.0240746281585486,0.03917817));
#2732=CARTESIAN_POINT('',(-0.0334346670346573,0.0240746281585486,0.0313597858004813));
#2733=CARTESIAN_POINT('',(0.0176154821365812,0.0720207972157788,0.0398267385031712));
#2734=CARTESIAN_POINT('',(-0.0333557730212854,0.0239907648890996,0.0313728708137593));
#2735=CARTESIAN_POINT('',(-0.0333557730212854,0.0239907648890996,0.0289951605849011));
#2736=CARTESIAN_POINT('',(-0.0333557730212818,0.0239907648890958,0.0215413254574833));
#2737=CARTESIAN_POINT('',(0.0176154821365812,0.0720207972157788,0.0475767269317284));
#2738=CARTESIAN_POINT('',(-0.0205610596621818,0.0487805010058081,0.00899999532494329));
#2739=CARTESIAN_POINT('',(-0.0112199303040415,0.0810682337416812,0.03917817));
#2740=CARTESIAN_POINT('',(-0.0112199303040415,0.0810682337416812,0.0159999953249433));
#2741=CARTESIAN_POINT('',(-0.0112199303040415,0.0810682337416813,0.0153499953249433));
#2742=CARTESIAN_POINT('',(-0.0115128994035912,0.0800555823134159,0.0153499953249433));
#2743=CARTESIAN_POINT('',(-0.0131386848628625,0.074436034142929,0.0153499953249433));
#2744=CARTESIAN_POINT('',(-0.0131386848628625,0.074436034142929,0.00949999532494329));
#2745=CARTESIAN_POINT('',(-0.0131386848628625,0.074436034142929,0.00364999532494329));
#2746=CARTESIAN_POINT('',(-0.0115128994035912,0.0800555823134159,0.00364999532494329));
#2747=CARTESIAN_POINT('',(-0.0112199303040415,0.0810682337416813,0.00364999532494329));
#2748=CARTESIAN_POINT('',(-0.0112199303040415,0.0810682337416812,0.03917817));
#2749=CARTESIAN_POINT('',(-0.0112199303040415,0.0810682337416812,0.0029999953249433));
#2750=CARTESIAN_POINT('',(-0.0115128994035912,0.0800555823134159,0.0029999953249433));
#2751=CARTESIAN_POINT('',(-0.0133193276916704,0.0738116399017638,0.0029999953249433));
#2752=CARTESIAN_POINT('',(-0.0133193276916704,0.0738116399017638,0.00949999532494329));
#2753=CARTESIAN_POINT('',(-0.0133193276916704,0.0738116399017638,0.0159999953249433));
#2754=CARTESIAN_POINT('',(-0.0115128994035912,0.0800555823134159,0.0159999953249433));
#2755=CARTESIAN_POINT('',(-0.0873429565238927,0.0915474635340311,0.019180887816264));
#2756=CARTESIAN_POINT('',(-0.000522092928047516,0.0915474635340312,0.019180887816264));
#2757=CARTESIAN_POINT('',(-0.0873429565238927,0.0783615548999685,0.0222797263424039));
#2758=CARTESIAN_POINT('',(-0.000522092928047446,0.0783615548999685,0.0222797263424039));
#2759=CARTESIAN_POINT('',(-0.0873429565238928,0.0519224806903044,0.0287159456894882));
#2760=CARTESIAN_POINT('',(-0.000522092928047543,0.0519224806903044,0.0287159456894882));
#2761=CARTESIAN_POINT('',(-0.0873429565238927,0.0242213935773694,0.033205474414467));
#2762=CARTESIAN_POINT('',(-0.000522092928047474,0.0242213935773694,0.033205474414467));
#2763=CARTESIAN_POINT('',(-0.0873429565238927,0.0103854390115902,0.0354973429360001));
#2764=CARTESIAN_POINT('',(-0.000522092928047474,0.0103854390115902,0.0354973429360001));
#2765=CARTESIAN_POINT('',(0.0201036789211378,0.0676807099476802,0.0248032592749213));
#2766=CARTESIAN_POINT('',(-0.00480842121243477,0.078042473883049,0.0223682768521614));
#2767=CARTESIAN_POINT('',(-0.00480784880781833,0.0780438499702268,0.022367953475938));
#2768=CARTESIAN_POINT('',(-0.00480784880784367,0.0780438499701392,0.0223679534755342));
#2769=CARTESIAN_POINT('',(-0.00355057371237702,0.0823896373692314,0.0213467042203068));
#2770=CARTESIAN_POINT('',(-0.00229405980526364,0.0867327937110748,0.0203133231821264));
#2771=CARTESIAN_POINT('',(-0.00103684113118494,0.0910783860889202,0.019291174685562));
#2772=CARTESIAN_POINT('',(-0.00103684113118489,0.0910783860889201,0.019291174685562));
#2773=CARTESIAN_POINT('',(-0.00103684113118409,0.0910783860889159,0.019291174685563));
#2774=CARTESIAN_POINT('',(-0.0257818443042414,0.0893823531669554,0.0196901070636074));
#2775=CARTESIAN_POINT('',(-0.0500698995530702,0.0850653101801134,0.0207176876191954));
#2776=CARTESIAN_POINT('',(-0.0739009161161945,0.0781210192453324,0.0223498175579954));
#2777=CARTESIAN_POINT('',(-0.0739009161161946,0.0781210192453324,0.0223498175579954));
#2778=CARTESIAN_POINT('',(-0.076919062384038,0.0402569864799729,0.0304026031368823));
#2779=CARTESIAN_POINT('',(-0.0785798752311721,0.041327156541805,0.0302070068363174));
#2780=CARTESIAN_POINT('',(-0.0807904501282765,0.0432222627354209,0.0298575405588084));
#2781=CARTESIAN_POINT('',(-0.0832021871375441,0.0463359542084509,0.0292665791932704));
#2782=CARTESIAN_POINT('',(-0.0851301786524835,0.0496748951291261,0.0286195935673439));
#2783=CARTESIAN_POINT('',(-0.0863719257223905,0.053402845988626,0.0278705212806057));
#2784=CARTESIAN_POINT('',(-0.0868325076708036,0.0572035391272899,0.0270742410858135));
#2785=CARTESIAN_POINT('',(-0.0867814538858205,0.0610922427148599,0.0262402525547872));
#2786=CARTESIAN_POINT('',(-0.0859650783108778,0.0648471760863691,0.0254089433600928));
#2787=CARTESIAN_POINT('',(-0.0844014215218241,0.0684005389467844,0.0246047604695491));
#2788=CARTESIAN_POINT('',(-0.0829057427410149,0.0708502030359919,0.0240436658143572));
#2789=CARTESIAN_POINT('',(-0.0810516587533902,0.0731318090901145,0.0235161637407541));
#2790=CARTESIAN_POINT('',(-0.0789337744403037,0.075113773323527,0.0230546685010918));
#2791=CARTESIAN_POINT('',(-0.0765560864287882,0.0768076544479646,0.0226583003836528));
#2792=CARTESIAN_POINT('',(-0.0748012546586249,0.0777261451125616,0.0224426255783111));
#2793=CARTESIAN_POINT('',(-0.0739009161161946,0.0781210192453324,0.0223498175579954));
#2794=CARTESIAN_POINT('',(-0.076919062384038,0.0402569864799729,0.0304026031368823));
#2795=CARTESIAN_POINT('',(-0.0550933337933216,0.0170182851981858,0.0343993492294209));
#2796=CARTESIAN_POINT('',(-0.0623726831823224,0.0247688913359668,0.0331149485243327));
#2797=CARTESIAN_POINT('',(-0.069650871509784,0.0325182612464133,0.0318170194813097));
#2798=CARTESIAN_POINT('',(-0.0769190623840381,0.0402569864799729,0.0304026031368823));
#2799=CARTESIAN_POINT('',(-0.0550933337933216,0.0170182851981858,0.0343993492294209));
#2800=CARTESIAN_POINT('',(-0.0538898027810906,0.0158433607914485,0.0345939562067223));
#2801=CARTESIAN_POINT('',(-0.0543077388638415,0.0162173793559067,0.0345320328726073));
#2802=CARTESIAN_POINT('',(-0.0547089354604922,0.0166090013572038,0.0344671741768629));
#2803=CARTESIAN_POINT('',(-0.0550933337933216,0.0170182851981858,0.0343993492294209));
#2804=CARTESIAN_POINT('',(-0.0538898027810907,0.0158433607914485,0.0345939562067222));
#2805=CARTESIAN_POINT('',(-0.0396432836983249,0.0158433607914485,0.0345939562067223));
#2806=CARTESIAN_POINT('',(-0.0538834845304489,0.0158433607914485,0.0345939562067222));
#2807=CARTESIAN_POINT('',(-0.0538834845304489,0.0158433607914485,0.0345939562067222));
#2808=CARTESIAN_POINT('',(-0.0537597263928849,0.0157336270286032,0.0346121239692509));
#2809=CARTESIAN_POINT('',(-0.053635973748604,0.0156238869383907,0.0346302909253625));
#2810=CARTESIAN_POINT('',(-0.0535122257476893,0.0155141414997767,0.0346484571998255));
#2811=CARTESIAN_POINT('',(-0.053512225747689,0.015514141499777,0.0346484571998254));
#2812=CARTESIAN_POINT('',(-0.0290954732316364,0.014948803786497,0.0347420257228701));
#2813=CARTESIAN_POINT('',(-0.029971834606725,0.0142716367210199,0.0348540899016431));
#2814=CARTESIAN_POINT('',(-0.0318115229487746,0.0130860123674821,0.0350502311235907));
#2815=CARTESIAN_POINT('',(-0.0358831191663058,0.0113463341212356,0.0353381434560668));
#2816=CARTESIAN_POINT('',(-0.0403106003509246,0.0106922076227949,0.0354465329377531));
#2817=CARTESIAN_POINT('',(-0.0447018149514647,0.0111698275284504,0.0353674114017218));
#2818=CARTESIAN_POINT('',(-0.0489677586042919,0.0123923845530834,0.0351649724670951));
#2819=CARTESIAN_POINT('',(-0.0518277455879225,0.0140832661354198,0.0348853114592773));
#2820=CARTESIAN_POINT('',(-0.053512225747689,0.015514141499777,0.0346484571998254));
#2821=CARTESIAN_POINT('',(-0.0290949202363373,0.0149484299230926,0.0347470237224288));
#2822=CARTESIAN_POINT('',(-0.0290953986539877,0.0149488327760137,0.0347420209254035));
#2823=CARTESIAN_POINT('',(-0.0268294589296974,0.0158296395428002,0.034596256470755));
#2824=CARTESIAN_POINT('',(-0.0245635230578578,0.016710444812078,0.0344504231360656));
#2825=CARTESIAN_POINT('',(-0.0222975993240613,0.0175912453631056,0.034304372778762));
#2826=CARTESIAN_POINT('',(-0.0222974668441333,0.0175909082402181,0.0343043950408658));
#2827=CARTESIAN_POINT('',(-0.00480842121243476,0.078042473883049,0.0223682768521614));
#2828=CARTESIAN_POINT('',(-0.00625578237510129,0.0730396515688783,0.0235439245966169));
#2829=CARTESIAN_POINT('',(-0.00915204804556695,0.063028672348407,0.0258665297025115));
#2830=CARTESIAN_POINT('',(-0.014971023219931,0.0429153104600158,0.0300772373619494));
#2831=CARTESIAN_POINT('',(-0.0193667472632248,0.0277214342541546,0.0326246306657132));
#2832=CARTESIAN_POINT('',(-0.0222974889423222,0.0175912882702411,0.0343043656640949));
#2833=CARTESIAN_POINT('',(-0.0474592884659767,0.0396383072018624,0.0305154278639438));
#2834=CARTESIAN_POINT('',(-0.0474592884659767,0.0478215680570456,0.0290264029701707));
#2835=CARTESIAN_POINT('',(-0.0474592884659767,0.0559731146703478,0.0273804385024199));
#2836=CARTESIAN_POINT('',(-0.0474592884659767,0.0640921930551529,0.0255738033187403));
#2837=CARTESIAN_POINT('',(-0.0474592884659767,0.0396383072018624,0.0305154278639438));
#2838=CARTESIAN_POINT('',(-0.0474592884659767,0.0640921930551529,0.0255738033187403));
#2839=CARTESIAN_POINT('',(-0.0439325247259701,0.0640921930551529,0.0255738033187403));
#2840=CARTESIAN_POINT('',(-0.0228770365595818,0.0640921930551529,0.0255738033187403));
#2841=CARTESIAN_POINT('',(-0.0228770365595818,0.0640921930551529,0.0255738033187403));
#2842=CARTESIAN_POINT('',(-0.0228770365595818,0.0559731146703478,0.0273804385024199));
#2843=CARTESIAN_POINT('',(-0.0228770365595818,0.0478215680570456,0.0290264029701707));
#2844=CARTESIAN_POINT('',(-0.0228770365595818,0.0396383072018624,0.0305154278639438));
#2845=CARTESIAN_POINT('',(-0.0228770365595818,0.0396383072018624,0.0305154278639438));
#2846=CARTESIAN_POINT('',(-0.0439325247259701,0.0396383072018624,0.0305154278639438));
#2847=CARTESIAN_POINT('',(-0.0591536415960681,0.0824364702781015,0.0194772235732583));
#2848=CARTESIAN_POINT('',(-0.00331233513982657,0.0824364702781015,0.0194772235732583));
#2849=CARTESIAN_POINT('',(-0.0591536415960681,0.0721600854783995,0.021898723386612));
#2850=CARTESIAN_POINT('',(-0.00331233513982656,0.0721600854783995,0.021898723386612));
#2851=CARTESIAN_POINT('',(-0.0591536415960681,0.0515352964224098,0.0268789406219555));
#2852=CARTESIAN_POINT('',(-0.00331233513982652,0.0515352964224098,0.0268789406219555));
#2853=CARTESIAN_POINT('',(-0.0591536415960681,0.0299543446572929,0.0303805949019027));
#2854=CARTESIAN_POINT('',(-0.00331233513982654,0.0299543446572929,0.0303805949019027));
#2855=CARTESIAN_POINT('',(-0.0591536415960681,0.0191737373213898,0.0321663578197194));
#2856=CARTESIAN_POINT('',(-0.00331233513982655,0.0191737373213898,0.0321663578197194));
#2857=CARTESIAN_POINT('',(-0.0218367557555871,0.0191832159683575,0.0321647877287883));
#2858=CARTESIAN_POINT('',(-0.0187864847266028,0.0297265166742831,0.0304183506740695));
#2859=CARTESIAN_POINT('',(-0.0126796432579741,0.0508348920794055,0.0270127679327392));
#2860=CARTESIAN_POINT('',(-0.00665620705062761,0.0716549761353977,0.0220193476040082));
#2861=CARTESIAN_POINT('',(-0.00364341007929037,0.0820687472832315,0.0195639010487746));
#2862=CARTESIAN_POINT('',(-0.0218367557555871,0.0191832159683576,0.0321647877287883));
#2863=CARTESIAN_POINT('',(-0.00364341007929045,0.0820687472832315,0.0195639010487747));
#2864=CARTESIAN_POINT('',(-0.0218367557555871,0.0191832159683575,0.0321647877287883));
#2865=CARTESIAN_POINT('',(-0.0237170199696062,0.0191484005861774,0.0321705546963831));
#2866=CARTESIAN_POINT('',(-0.0274662314746883,0.0197695617032071,0.032067589536288));
#2867=CARTESIAN_POINT('',(-0.0307403783754958,0.0216571128340312,0.0317553875856551));
#2868=CARTESIAN_POINT('',(-0.0321697805981512,0.0228713131998216,0.0315543997598603));
#2869=CARTESIAN_POINT('',(-0.0321697805981512,0.0228713131998216,0.0315543997598603));
#2870=CARTESIAN_POINT('',(-0.0324667876243591,0.0231346886331589,0.0315107989653778));
#2871=CARTESIAN_POINT('',(-0.0323677811143079,0.0230469016228826,0.0315253331754007));
#2872=CARTESIAN_POINT('',(-0.0322687789988831,0.0229591095507126,0.03153986674029));
#2873=CARTESIAN_POINT('',(-0.0321697805981514,0.0228713131998214,0.0315543997598603));
#2874=CARTESIAN_POINT('',(-0.0324667876243591,0.0231346886331589,0.0315107989653778));
#2875=CARTESIAN_POINT('',(-0.0210746269586599,0.0231346886331588,0.0315107989653778));
#2876=CARTESIAN_POINT('',(-0.0324718422248726,0.0231346886331589,0.0315107989653778));
#2877=CARTESIAN_POINT('',(-0.0324718422248725,0.0231346886331588,0.0315107989653778));
#2878=CARTESIAN_POINT('',(-0.0328061910910733,0.0234339034847254,0.0314612602980858));
#2879=CARTESIAN_POINT('',(-0.0331271483683938,0.023747201085763,0.0314093733414903));
#2880=CARTESIAN_POINT('',(-0.0334346670346573,0.0240746281585486,0.0313551133835367));
#2881=CARTESIAN_POINT('',(-0.0334346670346573,0.0240746281585486,0.0313551133835367));
#2882=CARTESIAN_POINT('',(-0.039258146545858,0.0302751130687734,0.0303275928194661));
#2883=CARTESIAN_POINT('',(-0.0450806972078273,0.0364746089971306,0.0292892495850477));
#2884=CARTESIAN_POINT('',(-0.0508952499072305,0.0426655891839783,0.0281577165095058));
#2885=CARTESIAN_POINT('',(-0.0508952499072304,0.0426655891839783,0.0281577165095058));
#2886=CARTESIAN_POINT('',(-0.0508952499072304,0.0426655891839783,0.0281577165095058));
#2887=CARTESIAN_POINT('',(-0.0522239001849377,0.043521725233444,0.0280012394690539));
#2888=CARTESIAN_POINT('',(-0.0539923601105746,0.0450378101853469,0.0277216664477292));
#2889=CARTESIAN_POINT('',(-0.0559217496967794,0.0475287633717438,0.0272488973534789));
#2890=CARTESIAN_POINT('',(-0.0574641429935683,0.0501999160763921,0.0267313088600174));
#2891=CARTESIAN_POINT('',(-0.0584575401298653,0.05318227695933,0.0261320509860385));
#2892=CARTESIAN_POINT('',(-0.0588260069028298,0.0562228310138081,0.0254950269343959));
#2893=CARTESIAN_POINT('',(-0.0587851589595819,0.0593337957316022,0.0248278356878057));
#2894=CARTESIAN_POINT('',(-0.0581320886274757,0.0623377311031903,0.0241627909172631));
#2895=CARTESIAN_POINT('',(-0.0568810927918744,0.0651804478578327,0.0235194385635648));
#2896=CARTESIAN_POINT('',(-0.0556847635174683,0.0671400987765005,0.0230705811809106));
#2897=CARTESIAN_POINT('',(-0.0542006941296714,0.0689656851808585,0.0226485106869783));
#2898=CARTESIAN_POINT('',(-0.0519456109164427,0.0710782791744433,0.0221565917629385));
#2899=CARTESIAN_POINT('',(-0.0499212745608442,0.0723250167838327,0.0218639808789014));
#2900=CARTESIAN_POINT('',(-0.0484807328929557,0.0729568153962659,0.0217154880463964));
#2901=CARTESIAN_POINT('',(-0.0484807328929557,0.0729568153962659,0.0217154880463964));
#2902=CARTESIAN_POINT('',(-0.00364341007929066,0.0820687472832327,0.0195639010487744));
#2903=CARTESIAN_POINT('',(-0.0188066633086042,0.0802797770857998,0.0199857194896007));
#2904=CARTESIAN_POINT('',(-0.0337532572752014,0.0772483602052621,0.0207068380874232));
#2905=CARTESIAN_POINT('',(-0.0484807328929556,0.0729568153962659,0.0217154880463964));
#2906=CARTESIAN_POINT('',(-0.0312329883679473,0.0640921930551529,0.0237654695593765));
#2907=CARTESIAN_POINT('',(-0.0474592884659767,0.0640921930551529,0.0237654695593764));
#2908=CARTESIAN_POINT('',(-0.0228770365595818,0.064092193055153,0.0237654695593764));
#2909=CARTESIAN_POINT('',(-0.0474592884659767,0.0837072226223077,0.01917817));
#2910=CARTESIAN_POINT('',(-0.0474592884659767,0.0733356579977684,0.0216155516700893));
#2911=CARTESIAN_POINT('',(-0.0474592884659767,0.0523158062646703,0.0267391101246661));
#2912=CARTESIAN_POINT('',(-0.0474592884659767,0.0302964894890198,0.0303239200287733));
#2913=CARTESIAN_POINT('',(-0.0474592884659767,0.0191737373213897,0.0321663578197194));
#2914=CARTESIAN_POINT('',(-0.0474592884659767,0.0396383072018624,0.0287037939331186));
#2915=CARTESIAN_POINT('',(-0.0312329883679473,0.0396383072018624,0.0287037939331186));
#2916=CARTESIAN_POINT('',(-0.0228770365595818,0.0396383072018624,0.0287037939331186));
#2917=CARTESIAN_POINT('',(-0.0228770365595818,0.0837072226223077,0.01917817));
#2918=CARTESIAN_POINT('',(-0.0228770365595818,0.0733356579977684,0.0216155516700893));
#2919=CARTESIAN_POINT('',(-0.0228770365595818,0.0523158062646703,0.0267391101246661));
#2920=CARTESIAN_POINT('',(-0.0228770365595817,0.0302964894890198,0.0303239200287733));
#2921=CARTESIAN_POINT('',(-0.0228770365595817,0.0191737373213898,0.0321663578197194));
#2922=CARTESIAN_POINT('',(-0.0135529550773785,0.0478162786399672,-0.00582183));
#2923=CARTESIAN_POINT('',(-0.0214954140250861,0.0203630680123088,0.00199999532494329));
#2924=CARTESIAN_POINT('',(-0.0182994255154077,0.0314100430483086,0.00199999532494329));
#2925=CARTESIAN_POINT('',(-0.0182994255154077,0.0314100430483086,0.00849999532494329));
#2926=CARTESIAN_POINT('',(-0.0182994255154077,0.0314100430483086,0.0149999953249433));
#2927=CARTESIAN_POINT('',(-0.0214954140250861,0.0203630680123088,0.0149999953249433));
#2928=CARTESIAN_POINT('',(-0.0206905528852174,0.0231450808051117,0.0210829096792647));
#2929=CARTESIAN_POINT('',(-0.021836895938599,0.0191827314239896,0.0189350585969028));
#2930=CARTESIAN_POINT('',(-0.021836895938599,0.0191827314239896,0.03917817));
#2931=CARTESIAN_POINT('',(-0.021836895938599,0.0191827314239896,0.0321785877659221));
#2932=CARTESIAN_POINT('',(-0.0218596279237058,0.0191041580276107,-0.0209057072651157));
#2933=CARTESIAN_POINT('',(-0.0218367557555871,0.0191832159683576,0.0321785828385129));
#2934=CARTESIAN_POINT('',(-0.0218367557555871,0.0191832159683576,0.01917817));
#2935=CARTESIAN_POINT('',(-0.00364341007929009,0.0820687472832327,0.03917817));
#2936=CARTESIAN_POINT('',(-0.00364341007929009,0.0820687472832327,0.0159999953249433));
#2937=CARTESIAN_POINT('',(-0.00478865372950439,0.0781101980031768,0.0159999953249433));
#2938=CARTESIAN_POINT('',(-0.00659508201758355,0.0718662555915248,0.0159999953249433));
#2939=CARTESIAN_POINT('',(-0.00659508201758355,0.0718662555915248,0.00949999532494329));
#2940=CARTESIAN_POINT('',(-0.00659508201758355,0.0718662555915248,0.0029999953249433));
#2941=CARTESIAN_POINT('',(-0.00478865372950439,0.0781101980031768,0.0029999953249433));
#2942=CARTESIAN_POINT('',(-0.00364341007929009,0.0820687472832327,0.0029999953249433));
#2943=CARTESIAN_POINT('',(-0.00364341007929009,0.0820687472832327,0.03917817));
#2944=CARTESIAN_POINT('',(-0.00364341007929009,0.0820687472832327,-4.67505670981305E-9));
#2945=CARTESIAN_POINT('',(-0.0269064625120086,0.00165970992056444,-4.67505670634361E-9));
#2946=CARTESIAN_POINT('',(-0.00103684113118616,0.0910783860889157,-4.67505670287416E-9));
#2947=CARTESIAN_POINT('',(-0.00103684113118616,0.0910783860889157,0.04417817));
#2948=CARTESIAN_POINT('',(-0.00480825973074905,0.078042429609877,0.0223682872562197));
#2949=CARTESIAN_POINT('',(-0.0222974889423222,0.0175906858335632,0.0365742597565248));
#2950=CARTESIAN_POINT('',(-0.0222974889423222,0.0175906858335632,0.04417817));
#2951=CARTESIAN_POINT('',(-0.0222974889423222,0.0175906858335632,0.04417817));
#2952=CARTESIAN_POINT('',(-0.0222974889423222,0.0175906858335632,0.0224992168794304));
#2953=CARTESIAN_POINT('',(-0.0237935287863228,0.0124196050366559,0.0196961547518115));
#2954=CARTESIAN_POINT('',(-0.0271929283097218,0.000669540501940666,0.0133268314630289));
#2955=CARTESIAN_POINT('',(-0.0271926109336435,0.000670634252483107,0.04417817));
#2956=CARTESIAN_POINT('',(-0.0271926109336435,0.000670634252483107,-4.67505670981305E-9));
#2957=CARTESIAN_POINT('',(-0.0269064625120086,0.00165970992056444,-4.67505670634361E-9));
#2958=CARTESIAN_POINT('',(-0.0523388785898686,-0.0577,0.0348077804192734));
#2959=CARTESIAN_POINT('',(-0.0409550283304973,0.0302969453962103,0.0362119361186649));
#2960=CARTESIAN_POINT('',(-0.0517878150224686,0.0142076560862072,0.0348757520660591));
#2961=CARTESIAN_POINT('',(-0.0528899421572685,0.0150073302943749,0.0347398087724876));
#2962=CARTESIAN_POINT('',(-0.0528899421572685,-0.0577,0.0347398087724876));
#2963=CARTESIAN_POINT('',(-0.0528899421572685,0.015006727857697,0.0347398087724876));
#2964=CARTESIAN_POINT('',(-0.0409550283304973,0.0302963429595323,0.0362119361186649));
#2965=CARTESIAN_POINT('',(-0.0517878150224686,0.0142070536495293,0.0348757520660591));
#2966=CARTESIAN_POINT('',(-0.0517878150224686,-0.0577,0.0348757520660591));
#2967=CARTESIAN_POINT('',(-0.0514795137226582,-0.0577,0.0349073108628226));
#2968=CARTESIAN_POINT('',(-0.0409550283304973,0.0302969453962103,0.0359846339092548));
#2969=CARTESIAN_POINT('',(-0.0511712124228478,0.0138092505723141,0.0349388696595859));
#2970=CARTESIAN_POINT('',(-0.0409550283304973,0.0302963429595323,0.0359846339092548));
#2971=CARTESIAN_POINT('',(-0.0511712124228478,0.0138086481356361,0.0349388696595859));
#2972=CARTESIAN_POINT('',(-0.0511712124228478,-0.0577,0.0349388696595859));
#2973=CARTESIAN_POINT('',(-0.0502948527812958,-0.0577,0.035022621636076));
#2974=CARTESIAN_POINT('',(-0.0409550283304973,0.0302969453962103,0.0359152103870126));
#2975=CARTESIAN_POINT('',(-0.0494184931397438,0.0128446028188548,0.035106373612566));
#2976=CARTESIAN_POINT('',(-0.0409550283304973,0.0302963429595323,0.0359152103870126));
#2977=CARTESIAN_POINT('',(-0.0494184931397438,0.0128440003821769,0.035106373612566));
#2978=CARTESIAN_POINT('',(-0.0494184931397438,-0.0577,0.035106373612566));
#2979=CARTESIAN_POINT('',(-0.0460540259999597,-0.0577,-9.85653059295058E-5));
#2980=CARTESIAN_POINT('',(-0.0474327271461487,0.0120143329989505,0.0352398917421531));
#2981=CARTESIAN_POINT('',(-0.0481110848006286,0.0122546813955325,0.0352134261702555));
#2982=CARTESIAN_POINT('',(-0.048772911329404,0.0125315297222729,0.0351680706032058));
#2983=CARTESIAN_POINT('',(-0.0494184931397438,0.0128446028188548,0.035106373612566));
#2984=CARTESIAN_POINT('',(-0.0474327271461487,0.0120143329989505,0.0352398917421531));
#2985=CARTESIAN_POINT('',(-0.0494184931397438,0.0128440003821769,0.035106373612566));
#2986=CARTESIAN_POINT('',(-0.048772911329404,0.012530927285595,0.0351680706032058));
#2987=CARTESIAN_POINT('',(-0.0481110848006286,0.0122540789588546,0.0352134261702555));
#2988=CARTESIAN_POINT('',(-0.0474327271461487,0.0120137305622726,0.0352398917421531));
#2989=CARTESIAN_POINT('',(-0.0474327271461487,0.0120137305622726,0.0352398917421531));
#2990=CARTESIAN_POINT('',(-0.0474327271461487,-0.0577,0.0352398917421531));
#2991=CARTESIAN_POINT('',(-0.0468100485980511,-0.0577,0.0352750920101833));
#2992=CARTESIAN_POINT('',(-0.0409550283304973,0.0302969453962103,0.0356060786538852));
#2993=CARTESIAN_POINT('',(-0.0461873700499535,0.0116197641810063,0.0353102922782135));
#2994=CARTESIAN_POINT('',(-0.0409550283304973,0.0302963429595323,0.0356060786538852));
#2995=CARTESIAN_POINT('',(-0.0461873700499535,0.0116191617443284,0.0353102922782135));
#2996=CARTESIAN_POINT('',(-0.0461873700499535,-0.0577,0.0353102922782135));
#2997=CARTESIAN_POINT('',(-0.0453049419105053,-0.0577,0.0353418492123317));
#2998=CARTESIAN_POINT('',(-0.0409550283304973,0.0302969453962103,0.0354974085492658));
#2999=CARTESIAN_POINT('',(-0.0444225137710572,0.0112131553445923,0.03537340614645));
#3000=CARTESIAN_POINT('',(-0.0409550283304973,0.0302963429595323,0.0354974085492658));
#3001=CARTESIAN_POINT('',(-0.0444225137710572,0.0112125529079144,0.03537340614645));
#3002=CARTESIAN_POINT('',(-0.0444225137710572,-0.0577,0.03537340614645));
#3003=CARTESIAN_POINT('',(-0.04407293998003,-0.0577,0.0353855450048876));
#3004=CARTESIAN_POINT('',(-0.0409550283304973,0.0302969453962103,0.0354938136712062));
#3005=CARTESIAN_POINT('',(-0.043723366189003,0.0110992683618425,0.0353976838633251));
#3006=CARTESIAN_POINT('',(-0.0409550283304973,0.0302963429595323,0.0354938136712062));
#3007=CARTESIAN_POINT('',(-0.043723366189003,0.0110986659251646,0.0353976838633251));
#3008=CARTESIAN_POINT('',(-0.043723366189003,-0.0577,0.0353976838633251));
#3009=CARTESIAN_POINT('',(-0.0425520566880703,-0.0577,0.0354110334411097));
#3010=CARTESIAN_POINT('',(-0.0409550283304973,0.0302969453962103,0.0354292349960929));
#3011=CARTESIAN_POINT('',(-0.0413807471871376,0.0109053683208451,0.0354243830188942));
#3012=CARTESIAN_POINT('',(-0.0409550283304973,0.0302963429595323,0.0354292349960929));
#3013=CARTESIAN_POINT('',(-0.0413807471871376,0.0109047658841672,0.0354243830188942));
#3014=CARTESIAN_POINT('',(-0.0413807471871376,-0.0577,0.0354243830188942));
#3015=CARTESIAN_POINT('',(-0.0406245349046322,-0.0577,-0.0309266765813946));
#3016=CARTESIAN_POINT('',(-0.0389432226896287,0.0110053115598008,0.0354073882445526));
#3017=CARTESIAN_POINT('',(-0.0397535283756106,0.0109208097719424,0.0354279263625061));
#3018=CARTESIAN_POINT('',(-0.0405660354683713,0.0108874823005355,0.0354336684020086));
#3019=CARTESIAN_POINT('',(-0.0413807471871376,0.0109053683208451,0.0354243830188942));
#3020=CARTESIAN_POINT('',(-0.0389432226896286,0.0110053115598008,0.0354073882445526));
#3021=CARTESIAN_POINT('',(-0.0413807471871376,0.0109047658841672,0.0354243830188942));
#3022=CARTESIAN_POINT('',(-0.0405660354683713,0.0108868798638576,0.0354336684020086));
#3023=CARTESIAN_POINT('',(-0.0397535283756106,0.0109202073352645,0.0354279263625061));
#3024=CARTESIAN_POINT('',(-0.0389432226896286,0.0110047091231229,0.0354073882445526));
#3025=CARTESIAN_POINT('',(-0.0389432226896286,0.0110047091231229,0.0354073882445526));
#3026=CARTESIAN_POINT('',(-0.0389432226896286,-0.0577,0.0354073882445526));
#3027=CARTESIAN_POINT('',(-0.0379874650791743,-0.0577,0.0353831634823697));
#3028=CARTESIAN_POINT('',(-0.0409550283304973,0.0302969453962103,0.035458379743522));
#3029=CARTESIAN_POINT('',(-0.0370317074687201,0.0113016288305335,0.0353589387201867));
#3030=CARTESIAN_POINT('',(-0.0409550283304973,0.0302963429595323,0.035458379743522));
#3031=CARTESIAN_POINT('',(-0.0370317074687201,0.0113010263938557,0.0353589387201867));
#3032=CARTESIAN_POINT('',(-0.0370317074687201,-0.0577,0.0353589387201867));
#3033=CARTESIAN_POINT('',(-0.0359319840029338,-0.0577,0.0353095480207817));
#3034=CARTESIAN_POINT('',(-0.0409550283304973,0.0302969453962103,0.0355351426181498));
#3035=CARTESIAN_POINT('',(-0.0348322605371475,0.0118924293046786,0.0352601573213768));
#3036=CARTESIAN_POINT('',(-0.0409550283304973,0.0302963429595323,0.0355351426181498));
#3037=CARTESIAN_POINT('',(-0.0348322605371475,0.0118918268680007,0.0352601573213768));
#3038=CARTESIAN_POINT('',(-0.0348322605371475,-0.0577,0.0352601573213768));
#3039=CARTESIAN_POINT('',(-0.0367996105140303,-0.0577,-0.00854446502775818));
#3040=CARTESIAN_POINT('',(-0.0329615538597107,0.0126243999117699,0.0351360194727612));
#3041=CARTESIAN_POINT('',(-0.0335717810495607,0.0123483878642842,0.0351896380750599));
#3042=CARTESIAN_POINT('',(-0.0341952901008681,0.0121043350159275,0.0352315497519952));
#3043=CARTESIAN_POINT('',(-0.0348322605371475,0.0118924293046786,0.0352601573213768));
#3044=CARTESIAN_POINT('',(-0.0329615538597107,0.01262439991177,0.0351360194727612));
#3045=CARTESIAN_POINT('',(-0.0348322605371475,0.0118918268680007,0.0352601573213768));
#3046=CARTESIAN_POINT('',(-0.0341952901008682,0.0121037325792496,0.0352315497519952));
#3047=CARTESIAN_POINT('',(-0.0335717810495607,0.0123477854276063,0.0351896380750599));
#3048=CARTESIAN_POINT('',(-0.0329615538597107,0.0126237974750921,0.0351360194727612));
#3049=CARTESIAN_POINT('',(-0.0329615538597107,0.0126237974750921,0.0351360194727612));
#3050=CARTESIAN_POINT('',(-0.0329615538597107,-0.0577,0.0351360194727612));
#3051=CARTESIAN_POINT('',(-0.0325256315648556,-0.0577,0.0351114828482104));
#3052=CARTESIAN_POINT('',(-0.0409550283304973,0.0302969453962103,0.0355859457193907));
#3053=CARTESIAN_POINT('',(-0.0320897092700004,0.013045260957573,0.0350869462236595));
#3054=CARTESIAN_POINT('',(-0.0409550283304973,0.0302963429595323,0.0355859457193907));
#3055=CARTESIAN_POINT('',(-0.0320897092700004,0.0130446585208951,0.0350869462236595));
#3056=CARTESIAN_POINT('',(-0.0320897092700004,-0.0577,0.0350869462236595));
#3057=CARTESIAN_POINT('',(-0.0316263613879681,-0.0577,0.0350364256992769));
#3058=CARTESIAN_POINT('',(-0.0409550283304973,0.0302969453962103,0.0360535645791611));
#3059=CARTESIAN_POINT('',(-0.0311630135059357,0.0135538589516418,0.0349859051748943));
#3060=CARTESIAN_POINT('',(-0.0409550283304973,0.0302963429595323,0.0360535645791611));
#3061=CARTESIAN_POINT('',(-0.0311630135059357,0.0135532565149639,0.0349859051748943));
#3062=CARTESIAN_POINT('',(-0.0311630135059357,-0.0577,0.0349859051748943));
#3063=CARTESIAN_POINT('',(-0.0305365537881851,-0.0577,0.0349209491506052));
#3064=CARTESIAN_POINT('',(-0.0409550283304973,0.0302969453962103,0.0360012144354285));
#3065=CARTESIAN_POINT('',(-0.0299100940704346,0.0143525443348464,0.034855993126316));
#3066=CARTESIAN_POINT('',(-0.0409550283304973,0.0302963429595323,0.0360012144354285));
#3067=CARTESIAN_POINT('',(-0.0299100940704346,0.0143519418981685,0.034855993126316));
#3068=CARTESIAN_POINT('',(-0.0299100940704346,-0.0577,0.034855993126316));
#3069=CARTESIAN_POINT('',(-0.029479945975542,-0.0577,0.0348011419519615));
#3070=CARTESIAN_POINT('',(-0.0409550283304973,0.0302969453962103,0.0362644094880919));
#3071=CARTESIAN_POINT('',(-0.0409550283304973,0.0302963429595323,0.0362644094880919));
#3072=CARTESIAN_POINT('',(-0.0545614761888981,-0.0577,0.034493401308341));
#3073=CARTESIAN_POINT('',(0.00871935267072656,0.0769509965197234,0.044988880628964));
#3074=CARTESIAN_POINT('',(-0.0549947162766067,0.0169134561113744,0.0344215460171991));
#3075=CARTESIAN_POINT('',(-0.0550933337933216,0.0170182851981858,0.0344051897506017));
#3076=CARTESIAN_POINT('',(-0.0409550283304973,0.0302963429595323,0.0367501067703027));
#3077=CARTESIAN_POINT('',(-0.0539551963686943,0.0159015477545505,0.0345939562067222));
#3078=CARTESIAN_POINT('',(-0.0539551963686943,-0.0577,0.0345939562067222));
#3079=CARTESIAN_POINT('',(-0.0539551963686943,0.0159021501912284,0.0345939562067222));
#3080=CARTESIAN_POINT('',(-0.0409550283304973,0.0302969453962103,0.0367501067703027));
#3081=CARTESIAN_POINT('',(-0.0409550283304973,0.0302969453962103,0.01917817));
#3082=CARTESIAN_POINT('',(-0.0409550283304973,0.0302969453962103,0.0364918606736573));
#3083=CARTESIAN_POINT('',(-0.0533867133438587,-0.0577,0.0346668824896049));
#3084=CARTESIAN_POINT('',(-0.0538834845304489,-0.0577,0.0345939562067222));
#3085=CARTESIAN_POINT('',(-0.0538834845304489,0.0158371065239296,0.0345939562067222));
#3086=CARTESIAN_POINT('',(-0.0409550283304973,0.0302963429595323,0.0364918606736573));
#3087=CARTESIAN_POINT('',(-0.0539193404495716,-0.0577,0.0345939562067222));
#3088=CARTESIAN_POINT('',(-0.0409550283304973,0.0302969453962103,0.0345939562067222));
#3089=CARTESIAN_POINT('',(-0.0409550283304973,0.0302963429595323,0.0345939562067222));
#3090=CARTESIAN_POINT('',(-0.0409550283304973,0.0302969453962103,0.01917817));
#3091=CARTESIAN_POINT('',(-0.0550933337933216,0.0170182851981858,0.04417817));
#3092=CARTESIAN_POINT('',(-0.0409550283304973,0.0302963429595323,0.04417817));
#3093=CARTESIAN_POINT('',(-0.0549947162766067,0.0169134561113744,0.0314494082311263));
#3094=CARTESIAN_POINT('',(-0.0549947162766023,0.0169134561113698,0.0221321143218542));
#3095=CARTESIAN_POINT('',(-0.0409550283304973,0.0302963429595323,0.0293865094387765));
#3096=CARTESIAN_POINT('',(-0.0290954732316365,0.014948201349819,0.0210668184176555));
#3097=CARTESIAN_POINT('',(-0.0290954732316365,0.014948201349819,0.04417817));
#3098=CARTESIAN_POINT('',(-0.0135529550773785,0.0478168810766451,0.01917817));
#3099=CARTESIAN_POINT('',(-0.0129385247161573,0.0499406674548551,0.0289721142998455));
#3100=CARTESIAN_POINT('',(-0.0222976853166926,0.0175906094997259,0.0365742776947401));
#3101=CARTESIAN_POINT('',(-0.0222976853166926,0.0175906094997259,0.01917817));
#3102=CARTESIAN_POINT('',(-0.0246183519840241,-0.0357,0.03214407000391));
#3103=CARTESIAN_POINT('',(-0.0221240226643978,0.0346975563169682,0.032230684936965));
#3104=CARTESIAN_POINT('',(-0.0243386929512024,0.019339414689474,0.0321537810906601));
#3105=CARTESIAN_POINT('',(-0.0248980110168457,0.0194305242756738,0.0321343589171601));
#3106=CARTESIAN_POINT('',(-0.0243386929512024,-0.0357,0.0321537810906601));
#3107=CARTESIAN_POINT('',(-0.0243386929512024,0.0193389327401317,0.0321537810906601));
#3108=CARTESIAN_POINT('',(-0.0221240226643979,0.0346970743676259,0.032230684936965));
#3109=CARTESIAN_POINT('',(-0.0248980110168457,0.0194300423263315,0.0321343589171601));
#3110=CARTESIAN_POINT('',(-0.0248980110168457,-0.0357,0.0321343589171601));
#3111=CARTESIAN_POINT('',(-0.0256039535284042,-0.0357,0.0321091133698654));
#3112=CARTESIAN_POINT('',(-0.0221240226643978,0.0346975563169682,0.0322335608394126));
#3113=CARTESIAN_POINT('',(-0.0263098960399628,0.019755811344805,0.0320838678225708));
#3114=CARTESIAN_POINT('',(-0.0221240226643979,0.0346970743676259,0.0322335608394126));
#3115=CARTESIAN_POINT('',(-0.0263098960399628,0.0197553293954627,0.0320838678225708));
#3116=CARTESIAN_POINT('',(-0.0263098960399628,-0.0357,0.0320838678225708));
#3117=CARTESIAN_POINT('',(-0.0268080388784409,-0.0357,0.0320557076081466));
#3118=CARTESIAN_POINT('',(-0.0221240226643978,0.0346975563169682,0.0323204969231081));
#3119=CARTESIAN_POINT('',(-0.027306181716919,0.0200714663991604,0.0320275473937226));
#3120=CARTESIAN_POINT('',(-0.0221240226643979,0.0346970743676259,0.0323204969231081));
#3121=CARTESIAN_POINT('',(-0.027306181716919,0.020070984449818,0.0320275473937226));
#3122=CARTESIAN_POINT('',(-0.027306181716919,-0.0357,0.0320275473937226));
#3123=CARTESIAN_POINT('',(-0.0262032207999678,-0.0357,0.0037567817552564));
#3124=CARTESIAN_POINT('',(-0.027306181716919,0.0200714663991604,0.0320275473937226));
#3125=CARTESIAN_POINT('',(-0.0278488678405028,0.020263745116426,0.0320063749362044));
#3126=CARTESIAN_POINT('',(-0.0283783290635232,0.0204852237778183,0.0319700904825647));
#3127=CARTESIAN_POINT('',(-0.0288947945117951,0.0207356822550839,0.0319207328900528));
#3128=CARTESIAN_POINT('',(-0.0288947945117951,0.0207356822550839,0.0319207328900528));
#3129=CARTESIAN_POINT('',(-0.0288947945117951,0.0207352003057415,0.0319207328900528));
#3130=CARTESIAN_POINT('',(-0.0283783290635232,0.020484741828476,0.0319700904825647));
#3131=CARTESIAN_POINT('',(-0.0278488678405028,0.0202632631670837,0.0320063749362044));
#3132=CARTESIAN_POINT('',(-0.027306181716919,0.020070984449818,0.0320275473937226));
#3133=CARTESIAN_POINT('',(-0.0288947945117951,0.0207352003057415,0.0319207328900528));
#3134=CARTESIAN_POINT('',(-0.0288947945117951,-0.0357,0.0319207328900528));
#3135=CARTESIAN_POINT('',(-0.0295958822250366,-0.0357,0.0318537313088608));
#3136=CARTESIAN_POINT('',(-0.0221240226643978,0.0346975563169682,0.0325678023096101));
#3137=CARTESIAN_POINT('',(-0.0302969699382782,0.0215074004578513,0.0317867297276688));
#3138=CARTESIAN_POINT('',(-0.0221240226643979,0.0346970743676259,0.0325678023096101));
#3139=CARTESIAN_POINT('',(-0.0302969699382782,0.0215069185085089,0.0317867297276688));
#3140=CARTESIAN_POINT('',(-0.0302969699382782,-0.0357,0.0317867297276688));
#3141=CARTESIAN_POINT('',(-0.0305436109781266,-0.0357,0.0317614826902581));
#3142=CARTESIAN_POINT('',(-0.0221240226643978,0.0346975563169682,0.0326233411274039));
#3143=CARTESIAN_POINT('',(-0.0307902520179749,0.0218261248689658,0.0317362356528473));
#3144=CARTESIAN_POINT('',(-0.0221240226643979,0.0346970743676259,0.0326233411274039));
#3145=CARTESIAN_POINT('',(-0.0307902520179749,0.0218256429196234,0.0317362356528473));
#3146=CARTESIAN_POINT('',(-0.0307902520179749,-0.0357,0.0317362356528473));
#3147=CARTESIAN_POINT('',(-0.0312311028718949,-0.0357,0.0316818583354187));
#3148=CARTESIAN_POINT('',(-0.0221240226643978,0.0346975563169682,0.0328051828949319));
#3149=CARTESIAN_POINT('',(-0.0316719537258148,0.0224658642355,0.0316274810179901));
#3150=CARTESIAN_POINT('',(-0.0221240226643979,0.0346970743676259,0.0328051828949319));
#3151=CARTESIAN_POINT('',(-0.0316719537258148,0.0224653822861576,0.0316274810179901));
#3152=CARTESIAN_POINT('',(-0.0316719537258148,-0.0357,0.0316274810179901));
#3153=CARTESIAN_POINT('',(-0.0330091809511185,-0.0357,0.0314303550466728));
#3154=CARTESIAN_POINT('',(-0.0221240226643978,0.0346975563169682,0.0332357194162422));
#3155=CARTESIAN_POINT('',(-0.0325241570949555,0.0231817201529828,0.0315107989653778));
#3156=CARTESIAN_POINT('',(-0.0325241570949555,-0.0357,0.0315107989653778));
#3157=CARTESIAN_POINT('',(-0.0325241570949555,0.0231812382036404,0.0315107989653778));
#3158=CARTESIAN_POINT('',(-0.0221240226643979,0.0346970743676259,0.0332357194162422));
#3159=CARTESIAN_POINT('',(-0.0221240226643978,0.0346975563169682,0.01917817));
#3160=CARTESIAN_POINT('',(-0.0221240226643978,0.0346975563169682,0.0315107989653778));
#3161=CARTESIAN_POINT('',(-0.0324954723596573,-0.0357,0.0315107989653778));
#3162=CARTESIAN_POINT('',(-0.0324667876243591,-0.0357,0.0315107989653778));
#3163=CARTESIAN_POINT('',(-0.0324667876243591,0.0231296852191437,0.0315107989653778));
#3164=CARTESIAN_POINT('',(-0.0221240226643979,0.0346970743676259,0.0315107989653778));
#3165=CARTESIAN_POINT('',(-0.032069370675087,-0.0357,0.031569139991684));
#3166=CARTESIAN_POINT('',(-0.0221240226643978,0.0346975563169682,0.0330291225389258));
#3167=CARTESIAN_POINT('',(-0.0221240226643979,0.0346970743676259,0.0330291225389258));
#3168=CARTESIAN_POINT('',(-0.0234016453504562,-0.0357,0.0321644607528878));
#3169=CARTESIAN_POINT('',(-0.0221240226643978,0.0346975563169682,0.0321790219968743));
#3170=CARTESIAN_POINT('',(-0.0224645977497101,0.019184294656676,0.0321751404151154));
#3171=CARTESIAN_POINT('',(-0.0224645977497101,-0.0357,0.0321751404151154));
#3172=CARTESIAN_POINT('',(-0.0224645977497101,0.0191838127073338,0.0321751404151154));
#3173=CARTESIAN_POINT('',(-0.0221240226643979,0.0346970743676259,0.0321790219968743));
#3174=CARTESIAN_POINT('',(-0.0652421728860923,0.0583785250881016,0.04417817));
#3175=CARTESIAN_POINT('',(-0.0652421728860923,0.0583785250881016,-4.67505670287416E-9));
#3176=CARTESIAN_POINT('',(-0.076919062384038,0.0402569864799729,-4.67505670287416E-9));
#3177=CARTESIAN_POINT('',(-0.0739009161161946,0.0781210192453324,-4.67505670287416E-9));
#3178=CARTESIAN_POINT('',(-0.076919062384038,0.0402569864799729,0.04417817));
#3179=CARTESIAN_POINT('',(-0.0739009161161946,0.0781210192453324,0.04417817));
#3180=CARTESIAN_POINT('',(-0.0660061980886798,0.0286376358390793,0.04417817));
#3181=CARTESIAN_POINT('',(-0.0660061980886798,0.0286376358390793,-4.67505670981305E-9));
#3182=CARTESIAN_POINT('',(-0.0550933337933216,0.0170182851981858,-4.67505670981305E-9));
#3183=CARTESIAN_POINT('',(-0.0550933337933216,0.0170182851981858,0.04417817));
#3184=CARTESIAN_POINT('',(0.00871935267072656,0.0769509965197234,0.04417817));
#3185=CARTESIAN_POINT('',(0.00871935267072656,0.0769509965197234,-4.67505670287416E-9));
#3186=CARTESIAN_POINT('',(-0.035818796074486,0.00158295192216867,-4.67505670287416E-9));
#3187=CARTESIAN_POINT('',(-0.035818796074486,0.00158295192216867,0.04417817));
#3188=CARTESIAN_POINT('',(-0.035818796074486,0.00158295192216865,0.0138218206498866));
#3189=CARTESIAN_POINT('',(0.00871935267072656,0.0769509965197234,0.0546763661646605));
#3190=CARTESIAN_POINT('',(-0.0421649584709438,0.0333701086712635,0.03917817));
#3191=CARTESIAN_POINT('',(-0.0421649584709438,0.0333701086712635,-4.67505670981305E-9));
#3192=CARTESIAN_POINT('',(-0.0508952499072304,0.0426655891839783,-4.67505670287416E-9));
#3193=CARTESIAN_POINT('',(-0.0508952499072304,0.0426655891839783,0.03917817));
#3194=CARTESIAN_POINT('',(-0.0415537383088738,0.0571628200704813,0.03917817));
#3195=CARTESIAN_POINT('',(-0.0415537383088738,0.0571628200704813,-4.67505670287416E-9));
#3196=CARTESIAN_POINT('',(-0.0484807328929557,0.0729568153962659,-4.67505670287416E-9));
#3197=CARTESIAN_POINT('',(-0.0484807328929557,0.0729568153962659,0.03917817));
#3198=CARTESIAN_POINT('',(0.0032323291347008,0.0275145316781892,0.04417817));
#3199=CARTESIAN_POINT('',(0.00792056556467314,0.0293369236542636,0.0288664417730935));
#3200=CARTESIAN_POINT('',(-0.0584,0.0201578134626151,0.0238907670246271));
#3201=CARTESIAN_POINT('',(-0.0295017154176077,0.0200743847153094,0.0238455432172429));
#3202=CARTESIAN_POINT('',(-0.00480842121243476,0.078042473883049,0.0223682768521614));
#3203=CARTESIAN_POINT('',(0.00244952090903095,0.0272102416854436,0.0343136939339305));
#3204=CARTESIAN_POINT('',(0.0032323291347008,0.0275145316781892,0.04417817));
#3205=CARTESIAN_POINT('',(-0.0231846347607294,0.000582951922168673,-4.67505670634361E-9));
#3206=CARTESIAN_POINT('',(-0.0817318386332967,0.0600908663009829,-4.67505670634361E-9));
#3207=CARTESIAN_POINT('',(-0.0834818386332967,0.0600908663009829,-4.67505670634361E-9));
#3208=CARTESIAN_POINT('',(-0.0520933337933216,0.0200176827615079,-4.67505670634361E-9));
#3209=CARTESIAN_POINT('',(-0.0538433337933216,0.0200176827615079,-4.67505670634361E-9));
#3210=CARTESIAN_POINT('',(-0.0148084212124348,0.0860418714463711,-4.67505670634361E-9));
#3211=CARTESIAN_POINT('',(-0.0165584212124348,0.0860418714463711,-4.67505670634361E-9));
#3212=CARTESIAN_POINT('',(0.0225340177897504,-0.252818817342729,-4.67505670287416E-9));
#3213=CARTESIAN_POINT('',(0.0286672142318003,-0.191795053874183,-4.67505670981305E-9));
#3214=CARTESIAN_POINT('',(-0.0295017154176077,0.0200749871519873,-4.67505670981305E-9));
#3215=CARTESIAN_POINT('',(-0.0218596279237058,-0.0357,-0.0209057072651157));
#3216=CARTESIAN_POINT('',(-0.0224645977497101,0.0191838127073338,0.0321751404151154));
#3217=CARTESIAN_POINT('',(-0.0222551814562045,0.0191792152233495,0.0321775271618269));
#3218=CARTESIAN_POINT('',(-0.0220459478604552,0.0191788624630563,0.0321786724197153));
#3219=CARTESIAN_POINT('',(-0.0218368959725079,0.019182731423362,0.0321785828987422));
#3220=CARTESIAN_POINT('',(-0.0218367557555871,0.0191832159683575,0.0321785828385128));
#3221=CARTESIAN_POINT('',(-0.0220458543012158,0.0191793442540926,0.0321786729317792));
#3222=CARTESIAN_POINT('',(-0.0222551346357495,0.0191796961448048,0.0321775276954461));
#3223=CARTESIAN_POINT('',(-0.0224645977497101,0.019184294656676,0.0321751404151154));
#3224=CARTESIAN_POINT('',(-0.0221240226643979,0.0346970743676259,0.03917817));
#3225=CARTESIAN_POINT('',(-0.0221240226643979,0.0346970743676259,0.0273448415510212));
#3226=CARTESIAN_POINT('',(-0.0221240226643978,0.0346975563169682,0.01917817));
#3227=CARTESIAN_POINT('',(-0.03608,0.0265862507700921,0.0229482476197016));
#3228=CARTESIAN_POINT('',(0.0286672142318003,-0.191795053874183,0.03917817));
#3229=CARTESIAN_POINT('',(0.0286672142318003,-0.191795053874183,0.0159999953249433));
#3230=CARTESIAN_POINT('',(0.0286672142318003,-0.191795053874183,0.0029999953249433));
#3231=CARTESIAN_POINT('',(-0.0112199303040415,0.0810682337416812,0.03917817));
#3232=CARTESIAN_POINT('',(0.0225340177897504,-0.252818817342729,0.04417817));
#3233=CARTESIAN_POINT('',(-0.0295017154176077,0.0200749871519873,0.04417817));
#3234=CARTESIAN_POINT('',(-0.0148084212124348,0.0860418714463711,0.00832362));
#3235=CARTESIAN_POINT('',(-0.0148084212124348,0.0860418714463711,0.00937512608329824));
#3236=CARTESIAN_POINT('',(-0.0148084212124348,0.0860418714463711,0.00832362));
#3237=CARTESIAN_POINT('',(-0.0130584212124348,0.0860418714463711,0.00832362));
#3238=CARTESIAN_POINT('',(-0.0148084212124348,0.0860418714463711,-0.00582183));
#3239=CARTESIAN_POINT('',(-0.0520933337933216,0.0200176827615079,0.00832362));
#3240=CARTESIAN_POINT('',(-0.0520933337933216,0.0200176827615079,0.00937512608329825));
#3241=CARTESIAN_POINT('',(-0.0520933337933216,0.0200176827615079,0.00832362));
#3242=CARTESIAN_POINT('',(-0.0503433337933216,0.0200176827615079,0.00832362));
#3243=CARTESIAN_POINT('',(-0.0520933337933216,0.0200176827615079,-0.00582183));
#3244=CARTESIAN_POINT('',(-0.0817318386332967,0.0600908663009829,0.00832362));
#3245=CARTESIAN_POINT('',(-0.0817318386332967,0.0600908663009829,0.00937512608329824));
#3246=CARTESIAN_POINT('',(-0.0817318386332967,0.0600908663009829,0.00832362));
#3247=CARTESIAN_POINT('',(-0.0799818386332967,0.0600908663009829,0.00832362));
#3248=CARTESIAN_POINT('',(-0.0817318386332967,0.0600908663009829,-0.00582183));
#3249=CARTESIAN_POINT('',(-0.0351681625127793,0.0640921930551529,0.03637817));
#3250=CARTESIAN_POINT('',(-0.0474592884659767,0.0640921930551529,0.03637817));
#3251=CARTESIAN_POINT('',(-0.0228770365595818,0.0640921930551529,0.03637817));
#3252=CARTESIAN_POINT('',(-0.0474592884659767,0.0518652501285076,0.03637817));
#3253=CARTESIAN_POINT('',(-0.0474592884659767,0.0396383072018624,0.03637817));
#3254=CARTESIAN_POINT('',(-0.0351681625127793,0.0396383072018624,0.03637817));
#3255=CARTESIAN_POINT('',(-0.0228770365595818,0.0396383072018624,0.03637817));
#3256=CARTESIAN_POINT('',(-0.0228770365595818,0.0518652501285076,0.03637817));
#3257=CARTESIAN_POINT('',(-0.0115128994035912,0.0800555823134159,0.0159999953249433));
#3258=CARTESIAN_POINT('',(-0.0133193276916704,0.0738116399017638,0.0159999953249433));
#3259=CARTESIAN_POINT('',(-0.0115128994035912,0.0800555823134159,0.0029999953249433));
#3260=CARTESIAN_POINT('',(-0.0133193276916704,0.0738116399017638,0.0029999953249433));
#3261=CARTESIAN_POINT('',(-0.0133193276916704,0.0738116399017638,0.00949999532494329));
#3262=CARTESIAN_POINT('',(-0.0115128994035912,0.0800555823134159,0.0153499953249433));
#3263=CARTESIAN_POINT('',(-0.00546107829691308,0.0783047364342007,0.0153499953249433));
#3264=CARTESIAN_POINT('',(-0.00383529283764183,0.0839242846046876,0.0153499953249433));
#3265=CARTESIAN_POINT('',(-0.00708686375618432,0.0726851882637139,0.0153499953249433));
#3266=CARTESIAN_POINT('',(-0.0131386848628625,0.074436034142929,0.0153499953249433));
#3267=CARTESIAN_POINT('',(-0.0115128994035912,0.0800555823134159,0.0153499953249433));
#3268=CARTESIAN_POINT('',(-0.00988711394432,0.0856751304839028,0.0153499953249433));
#3269=CARTESIAN_POINT('',(-0.00988711394432,0.0856751304839028,0.0153499953249433));
#3270=CARTESIAN_POINT('',(-0.00988711394432,0.0856751304839028,0.00949999532494329));
#3271=CARTESIAN_POINT('',(-0.00383529283764183,0.0839242846046876,0.00949999532494329));
#3272=CARTESIAN_POINT('',(-0.00383529283764183,0.0839242846046876,0.00364999532494329));
#3273=CARTESIAN_POINT('',(-0.00988711394432,0.0856751304839028,0.00949999532494329));
#3274=CARTESIAN_POINT('',(-0.00988711394432,0.0856751304839028,0.00364999532494329));
#3275=CARTESIAN_POINT('',(-0.00988711394432,0.0856751304839028,0.00364999532494329));
#3276=CARTESIAN_POINT('',(-0.0115128994035912,0.0800555823134159,0.00364999532494329));
#3277=CARTESIAN_POINT('',(-0.00546107829691308,0.0783047364342007,0.00364999532494329));
#3278=CARTESIAN_POINT('',(-0.00708686375618432,0.0726851882637139,0.00364999532494329));
#3279=CARTESIAN_POINT('',(-0.0115128994035912,0.0800555823134159,0.00364999532494329));
#3280=CARTESIAN_POINT('',(-0.0131386848628625,0.074436034142929,0.00364999532494329));
#3281=CARTESIAN_POINT('',(-0.0131386848628625,0.074436034142929,0.00949999532494329));
#3282=CARTESIAN_POINT('',(-0.00708686375618432,0.0726851882637139,0.00949999532494329));
#3283=CARTESIAN_POINT('',(-0.0196562436363228,0.0519080091365688,0.00904999532494329));
#3284=CARTESIAN_POINT('',(-0.0136044225296446,0.0501571632573537,0.00904999532494329));
#3285=CARTESIAN_POINT('',(-0.028219659699173,0.0223084523225479,0.0149999953249433));
#3286=CARTESIAN_POINT('',(-0.0250236711894945,0.0333554273585477,0.0149999953249433));
#3287=CARTESIAN_POINT('',(-0.0250236711894945,0.0333554273585477,0.0149999953249433));
#3288=CARTESIAN_POINT('',(-0.028219659699173,0.0223084523225479,0.0149999953249433));
#3289=CARTESIAN_POINT('',(-0.028219659699173,0.0223084523225479,0.00199999532494329));
#3290=CARTESIAN_POINT('',(-0.028219659699173,0.0223084523225479,0.00199999532494329));
#3291=CARTESIAN_POINT('',(-0.0250236711894945,0.0333554273585477,0.00199999532494329));
#3292=CARTESIAN_POINT('',(-0.0250236711894945,0.0333554273585477,0.00199999532494329));
#3293=CARTESIAN_POINT('',(-0.0250236711894945,0.0333554273585477,0.00849999532494329));
#3294=CARTESIAN_POINT('',(-0.0250236711894945,0.0333554273585477,0.00849999532494329));
#3295=CARTESIAN_POINT('',(-0.0205610596621818,0.0487805010058081,0.00899999532494329));
#3296=CARTESIAN_POINT('',(-0.028219659699173,0.0223084523225479,0.0143499953249433));
#3297=CARTESIAN_POINT('',(-0.0253432700404623,0.0322507298549478,0.0143499953249433));
#3298=CARTESIAN_POINT('',(-0.028219659699173,0.0223084523225479,0.00264999532494329));
#3299=CARTESIAN_POINT('',(-0.0253432700404623,0.0322507298549478,0.00264999532494329));
#3300=CARTESIAN_POINT('',(-0.0253432700404623,0.0322507298549478,0.00849999532494329));
#3301=CARTESIAN_POINT('',(-0.0310960493578837,0.0123661747901481,0.0084999953249433));
#3302=CARTESIAN_POINT('',(-0.0250442282512055,0.0106153289109329,0.0084999953249433));
#3303=CARTESIAN_POINT('',(-0.0250442282512055,0.0106153289109329,0.0143499953249433));
#3304=CARTESIAN_POINT('',(-0.0250442282512055,0.0106153289109329,0.00264999532494329));
#3305=CARTESIAN_POINT('',(-0.0310960493578837,0.0123661747901481,0.00264999532494329));
#3306=CARTESIAN_POINT('',(-0.0310960493578837,0.0123661747901481,0.00264999532494329));
#3307=CARTESIAN_POINT('',(-0.0310960493578837,0.0123661747901481,0.0084999953249433));
#3308=CARTESIAN_POINT('',(-0.0310960493578837,0.0123661747901481,0.0143499953249433));
#3309=CARTESIAN_POINT('',(-0.0310960493578837,0.0123661747901481,0.0143499953249433));
#3310=CARTESIAN_POINT('',(-0.028219659699173,0.0223084523225479,0.0143499953249433));
#3311=CARTESIAN_POINT('',(-0.0221678385924948,0.0205576064433328,0.0143499953249433));
#3312=CARTESIAN_POINT('',(-0.0192914489337842,0.0304998839757326,0.0143499953249433));
#3313=CARTESIAN_POINT('',(-0.028219659699173,0.0223084523225479,0.0143499953249433));
#3314=CARTESIAN_POINT('',(-0.0253432700404623,0.0322507298549478,0.0143499953249433));
#3315=CARTESIAN_POINT('',(-0.0253432700404623,0.0322507298549478,0.00849999532494329));
#3316=CARTESIAN_POINT('',(-0.0192914489337842,0.0304998839757326,0.00849999532494329));
#3317=CARTESIAN_POINT('',(-0.0192914489337842,0.0304998839757326,0.00264999532494329));
#3318=CARTESIAN_POINT('',(-0.0253432700404623,0.0322507298549478,0.00264999532494329));
#3319=CARTESIAN_POINT('',(-0.028219659699173,0.0223084523225479,0.00264999532494329));
#3320=CARTESIAN_POINT('',(-0.0221678385924948,0.0205576064433328,0.00264999532494329));
#3321=CARTESIAN_POINT('',(-0.028219659699173,0.0223084523225479,0.00264999532494329));
#3322=CARTESIAN_POINT('',(-0.0213269196658809,0.0461332961374821,0.00894999532494329));
#3323=CARTESIAN_POINT('',(-0.0152750985592027,0.0443824502582669,0.00894999532494329));
#3324=MECHANICAL_DESIGN_GEOMETRIC_PRESENTATION_REPRESENTATION('',(#1864),
#3326);
#3325=MECHANICAL_DESIGN_GEOMETRIC_PRESENTATION_REPRESENTATION('',(#1865),
#3327);
#3326=(
GEOMETRIC_REPRESENTATION_CONTEXT(3)
GLOBAL_UNCERTAINTY_ASSIGNED_CONTEXT((#3328))
GLOBAL_UNIT_ASSIGNED_CONTEXT((#3334,#3332,#3330))
REPRESENTATION_CONTEXT('L Hand Bottom','TOP_LEVEL_ASSEMBLY_PART')
);
#3327=(
GEOMETRIC_REPRESENTATION_CONTEXT(3)
GLOBAL_UNCERTAINTY_ASSIGNED_CONTEXT((#3329))
GLOBAL_UNIT_ASSIGNED_CONTEXT((#3335,#3333,#3331))
REPRESENTATION_CONTEXT('L Hand','TOP_LEVEL_ASSEMBLY_PART')
);
#3328=UNCERTAINTY_MEASURE_WITH_UNIT(LENGTH_MEASURE(2.E-5),#3334,
'DISTANCE_ACCURACY_VALUE','Maximum Tolerance applied to model');
#3329=UNCERTAINTY_MEASURE_WITH_UNIT(LENGTH_MEASURE(3.11248695175799E-5),
#3335,'DISTANCE_ACCURACY_VALUE','Maximum Tolerance applied to model');
#3330=(
NAMED_UNIT(*)
SI_UNIT($,.STERADIAN.)
SOLID_ANGLE_UNIT()
);
#3331=(
NAMED_UNIT(*)
SI_UNIT($,.STERADIAN.)
SOLID_ANGLE_UNIT()
);
#3332=(
NAMED_UNIT(*)
PLANE_ANGLE_UNIT()
SI_UNIT($,.RADIAN.)
);
#3333=(
NAMED_UNIT(*)
PLANE_ANGLE_UNIT()
SI_UNIT($,.RADIAN.)
);
#3334=(
LENGTH_UNIT()
NAMED_UNIT(*)
SI_UNIT($,.METRE.)
);
#3335=(
LENGTH_UNIT()
NAMED_UNIT(*)
SI_UNIT($,.METRE.)
);
#3336=PRODUCT_DEFINITION_SHAPE('','',#3338);
#3337=PRODUCT_DEFINITION_SHAPE('','',#3339);
#3338=PRODUCT_DEFINITION('','',#3342,#3340);
#3339=PRODUCT_DEFINITION('','',#3343,#3341);
#3340=PRODUCT_DEFINITION_CONTEXT('',#3354,'design');
#3341=PRODUCT_DEFINITION_CONTEXT('',#3355,'design');
#3342=PRODUCT_DEFINITION_FORMATION_WITH_SPECIFIED_SOURCE('','',#3346,
 .NOT_KNOWN.);
#3343=PRODUCT_DEFINITION_FORMATION_WITH_SPECIFIED_SOURCE('','',#3347,
 .NOT_KNOWN.);
#3344=PRODUCT_RELATED_PRODUCT_CATEGORY('','',(#3346));
#3345=PRODUCT_RELATED_PRODUCT_CATEGORY('','',(#3347));
#3346=PRODUCT('L Hand Bottom','L Hand Bottom','L Hand Bottom',(#3350));
#3347=PRODUCT('L Hand','L Hand','L Hand',(#3351));
#3348=PRODUCT_CATEGORY('','');
#3349=PRODUCT_CATEGORY('','');
#3350=PRODUCT_CONTEXT('',#3354,'mechanical');
#3351=PRODUCT_CONTEXT('',#3355,'mechanical');
#3352=APPLICATION_PROTOCOL_DEFINITION('international standard',
'ap242_managed_model_based_3d_engineering',2020,#3354);
#3353=APPLICATION_PROTOCOL_DEFINITION('international standard',
'ap242_managed_model_based_3d_engineering',2020,#3355);
#3354=APPLICATION_CONTEXT('managed model based 3d engineering');
#3355=APPLICATION_CONTEXT('managed model based 3d engineering');
ENDSEC;
END-ISO-10303-21;
