ISO-10303-21;
HEADER;
/* Generated by software containing ST-Developer
 * from STEP Tools, Inc. (www.steptools.com) 
 */
/* OPTION: using custom renumber hook */

FILE_DESCRIPTION(
/* description */ ('STEP AP242 Edition 2',
'CAx-IF Rec.Pracs.---Representation and Presentation of Product Manufa
cturing Information (PMI)---4.0---2014-10-13',
'CAx-IF Rec.Pracs.---3D Tessellated Geometry---0.4---2014-09-14','2;1',
'CAx-IF Rec.Pracs.---User Defined Attributes---1.5---2016-08-15'),
/* implementation_level */ '2;1');

FILE_NAME(
/* name */ 'R and L',
/* time_stamp */ '2026-07-08T14:30:04Z',
/* author */ (''),
/* organization */ (''),
/* preprocessor_version */ 'ST-DEVELOPER v20',
/* originating_system */ 'ONSHAPE BY PTC INC, 1.217',
/* authorisation */ '  ');

FILE_SCHEMA (('AP242_MANAGED_MODEL_BASED_3D_ENGINEERING_MIM_LF { 1 0 10303 442 3 1 4 }'));
ENDSEC;

DATA;
#10=SHAPE_REPRESENTATION_RELATIONSHIP('','',#3756,#14);
#11=SHAPE_REPRESENTATION_RELATIONSHIP('','',#3757,#15);
#12=SHAPE_REPRESENTATION_RELATIONSHIP('','',#3758,#16);
#13=SHAPE_REPRESENTATION_RELATIONSHIP('','',#3759,#17);
#14=ADVANCED_BREP_SHAPE_REPRESENTATION('',(#3748),#6642);
#15=ADVANCED_BREP_SHAPE_REPRESENTATION('',(#3749),#6643);
#16=ADVANCED_BREP_SHAPE_REPRESENTATION('',(#3750),#6644);
#17=ADVANCED_BREP_SHAPE_REPRESENTATION('',(#3751),#6645);
#18=VERTEX_LOOP('',#2169);
#19=VERTEX_LOOP('',#2171);
#20=VERTEX_LOOP('',#2173);
#21=VERTEX_LOOP('',#2384);
#22=VERTEX_LOOP('',#2386);
#23=VERTEX_LOOP('',#2388);
#24=CONICAL_SURFACE('',#3891,0.00175,1.02974425867665);
#25=CONICAL_SURFACE('',#3894,0.00175,1.02974425867665);
#26=CONICAL_SURFACE('',#3897,0.00175,1.02974425867665);
#27=CONICAL_SURFACE('',#4128,0.00175,1.02974425867665);
#28=CONICAL_SURFACE('',#4131,0.00175,1.02974425867665);
#29=CONICAL_SURFACE('',#4134,0.00175,1.02974425867665);
#30=B_SPLINE_CURVE_WITH_KNOTS('',3,(#5297,#5298,#5299,#5300),
 .UNSPECIFIED.,.F.,.F.,(4,4),(0.0716608576850817,0.0855716186605735),
 .UNSPECIFIED.);
#31=B_SPLINE_CURVE_WITH_KNOTS('',3,(#5302,#5303,#5304,#5305),
 .UNSPECIFIED.,.F.,.F.,(4,4),(0.00854032709336938,0.0826046580542141),
 .UNSPECIFIED.);
#32=B_SPLINE_CURVE_WITH_KNOTS('',3,(#5307,#5308,#5309,#5310,#5311,#5312,
#5313,#5314,#5315,#5316,#5317,#5318,#5319,#5320,#5321,#5322),
 .UNSPECIFIED.,.F.,.F.,(4,1,1,1,1,1,1,1,1,1,1,1,1,4),(0.,0.00587043625634583,
0.00880565438451874,0.0117408725126917,0.0176113087690375,0.0205465268972104,
0.0234817450253833,0.0293521812817291,0.032287399409902,0.035222617538075,
0.0381578356662479,0.0410930537944208,0.0440282719225937,0.0469634900507666),
 .UNSPECIFIED.);
#33=B_SPLINE_CURVE_WITH_KNOTS('',3,(#5324,#5325,#5326,#5327),
 .UNSPECIFIED.,.F.,.F.,(4,4),(0.,0.0321305718142079),.UNSPECIFIED.);
#34=B_SPLINE_CURVE_WITH_KNOTS('',3,(#5329,#5330,#5331,#5332),
 .UNSPECIFIED.,.F.,.F.,(4,4),(0.026837760225941,0.0285106381435069),
 .UNSPECIFIED.);
#35=B_SPLINE_CURVE_WITH_KNOTS('',3,(#5336,#5337,#5338,#5339),
 .UNSPECIFIED.,.F.,.F.,(4,4),(0.,0.000499188123714368),.UNSPECIFIED.);
#36=B_SPLINE_CURVE_WITH_KNOTS('',3,(#5341,#5342,#5343,#5344,#5345,#5346,
#5347,#5348,#5349),.UNSPECIFIED.,.F.,.F.,(4,1,1,1,1,1,4),(0.,0.00329249165927499,
0.00658498331854997,0.0131699666370999,0.0164624582963749,0.0197549499556499,
0.0263399332741999),.UNSPECIFIED.);
#37=B_SPLINE_CURVE_WITH_KNOTS('',3,(#5351,#5352,#5353,#5354),
 .UNSPECIFIED.,.F.,.F.,(4,4),(8.01575538625359E-8,0.00730651265985122),
 .UNSPECIFIED.);
#38=B_SPLINE_CURVE_WITH_KNOTS('',3,(#5356,#5357,#5358,#5359,#5360,#5361),
 .UNSPECIFIED.,.F.,.F.,(4,1,1,4),(0.,0.0160153254913458,0.0320306509826917,
0.0640613019653834),.UNSPECIFIED.);
#39=B_SPLINE_CURVE_WITH_KNOTS('',3,(#5362,#5363,#5364,#5365),
 .UNSPECIFIED.,.F.,.F.,(4,4),(0.,0.0249481900439996),.UNSPECIFIED.);
#40=B_SPLINE_CURVE_WITH_KNOTS('',3,(#5370,#5371,#5372,#5373),
 .UNSPECIFIED.,.F.,.F.,(4,4),(0.,0.0249481900439996),.UNSPECIFIED.);
#41=B_SPLINE_CURVE_WITH_KNOTS('',3,(#5386,#5387,#5388,#5389,#5390),
 .UNSPECIFIED.,.F.,.F.,(4,1,4),(0.000439842185323472,0.0337795135778859,
0.0671191849704484),.UNSPECIFIED.);
#42=B_SPLINE_CURVE_WITH_KNOTS('',3,(#5393,#5394,#5395,#5396,#5397),
 .UNSPECIFIED.,.F.,.F.,(4,1,4),(0.00989628540766723,0.0154841160135136,
0.0210719466193599),.UNSPECIFIED.);
#43=B_SPLINE_CURVE_WITH_KNOTS('',3,(#5399,#5400,#5401,#5402),
 .UNSPECIFIED.,.F.,.F.,(4,4),(0.,0.000399350498971515),.UNSPECIFIED.);
#44=B_SPLINE_CURVE_WITH_KNOTS('',3,(#5406,#5407,#5408,#5409),
 .UNSPECIFIED.,.F.,.F.,(4,4),(0.0214702081807528,0.0228085105148055),
 .UNSPECIFIED.);
#45=B_SPLINE_CURVE_WITH_KNOTS('',3,(#5410,#5411,#5412,#5413),
 .UNSPECIFIED.,.F.,.F.,(4,4),(0.,0.0257044574513663),.UNSPECIFIED.);
#46=B_SPLINE_CURVE_WITH_KNOTS('',3,(#5415,#5416,#5417,#5418,#5419,#5420,
#5421,#5422,#5423,#5424,#5425,#5426,#5427,#5428,#5429),.UNSPECIFIED.,.F.,
 .F.,(4,1,1,1,1,1,1,1,1,1,1,1,4),(0.,0.00469634900507666,0.00704452350761499,
0.00939269801015332,0.01408904701523,0.0164372215177683,0.0187853960203066,
0.0234817450253833,0.0258299195279216,0.02817809403046,0.0305262685329983,
0.0328744430355366,0.0375707920406133),.UNSPECIFIED.);
#47=B_SPLINE_CURVE_WITH_KNOTS('',3,(#5431,#5432,#5433,#5434),
 .UNSPECIFIED.,.F.,.F.,(4,4),(0.0203122577575172,0.0660837264433713),
 .UNSPECIFIED.);
#48=B_SPLINE_CURVE_WITH_KNOTS('',3,(#5438,#5439,#5440,#5441,#5442),
 .UNSPECIFIED.,.F.,.F.,(4,1,4),(0.,0.4945498102748,1.),.UNSPECIFIED.);
#49=B_SPLINE_CURVE_WITH_KNOTS('',3,(#5446,#5447,#5448,#5449,#5450),
 .UNSPECIFIED.,.F.,.F.,(4,1,4),(0.,0.4945498102748,1.),.UNSPECIFIED.);
#50=B_SPLINE_CURVE_WITH_KNOTS('',3,(#5509,#5510,#5511,#5512),
 .UNSPECIFIED.,.F.,.F.,(4,4),(0.,0.00215648826708868),.UNSPECIFIED.);
#51=B_SPLINE_CURVE_WITH_KNOTS('',3,(#5514,#5515,#5516,#5517),
 .UNSPECIFIED.,.F.,.F.,(4,4),(0.,0.00215648826708868),.UNSPECIFIED.);
#52=B_SPLINE_CURVE_WITH_KNOTS('',3,(#5545,#5546,#5547,#5548),
 .UNSPECIFIED.,.F.,.F.,(4,4),(4.86032246606382E-17,0.00243963176510803),
 .UNSPECIFIED.);
#53=B_SPLINE_CURVE_WITH_KNOTS('',3,(#5550,#5551,#5552,#5553),
 .UNSPECIFIED.,.F.,.F.,(4,4),(4.86032246606382E-17,0.00243963176510813),
 .UNSPECIFIED.);
#54=B_SPLINE_CURVE_WITH_KNOTS('',3,(#5569,#5570,#5571,#5572),
 .UNSPECIFIED.,.F.,.F.,(4,4),(7.152448122691E-18,0.00201264369626404),
 .UNSPECIFIED.);
#55=B_SPLINE_CURVE_WITH_KNOTS('',3,(#5574,#5575,#5576,#5577),
 .UNSPECIFIED.,.F.,.F.,(4,4),(0.,0.00201264369626403),.UNSPECIFIED.);
#56=B_SPLINE_CURVE_WITH_KNOTS('',3,(#5653,#5654,#5655,#5656),
 .UNSPECIFIED.,.F.,.F.,(4,4),(0.,0.00172519061367096),.UNSPECIFIED.);
#57=B_SPLINE_CURVE_WITH_KNOTS('',3,(#5658,#5659,#5660,#5661),
 .UNSPECIFIED.,.F.,.F.,(4,4),(0.,0.00172519061367098),.UNSPECIFIED.);
#58=B_SPLINE_CURVE_WITH_KNOTS('',3,(#5745,#5746,#5747,#5748),
 .UNSPECIFIED.,.F.,.F.,(4,4),(0.,0.000627091313404721),.UNSPECIFIED.);
#59=B_SPLINE_CURVE_WITH_KNOTS('',3,(#5749,#5750,#5751,#5752),
 .UNSPECIFIED.,.F.,.F.,(4,4),(0.00132447389612089,0.00195170541208646),
 .UNSPECIFIED.);
#60=B_SPLINE_CURVE_WITH_KNOTS('',3,(#6064,#6065,#6066,#6067),
 .UNSPECIFIED.,.F.,.F.,(4,4),(8.43905023453315E-8,0.00730663130119748),
 .UNSPECIFIED.);
#61=B_SPLINE_CURVE_WITH_KNOTS('',3,(#6091,#6092,#6093,#6094,#6095,#6096,
#6097,#6098,#6099,#6100,#6101,#6102,#6103,#6104,#6105),.UNSPECIFIED.,.F.,
 .F.,(4,1,1,1,1,1,1,1,1,1,1,1,4),(0.,0.00586941665049479,0.00880412497574219,
0.0117388333009896,0.0176082499514844,0.0205429582767318,0.0234776666019792,
0.029347083252474,0.0322817915777214,0.0352164999029688,0.0381512082282161,
0.0410859165534635,0.0469553332039583),.UNSPECIFIED.);
#62=B_SPLINE_CURVE_WITH_KNOTS('',3,(#6110,#6111,#6112,#6113),
 .UNSPECIFIED.,.F.,.F.,(4,4),(0.0085403270933693,0.0826046580542141),
 .UNSPECIFIED.);
#63=B_SPLINE_CURVE_WITH_KNOTS('',3,(#6117,#6118,#6119,#6120),
 .UNSPECIFIED.,.F.,.F.,(4,4),(0.,0.0321305718142079),.UNSPECIFIED.);
#64=B_SPLINE_CURVE_WITH_KNOTS('',3,(#6154,#6155,#6156,#6157,#6158,#6159,
#6160,#6161,#6162,#6163,#6164,#6165,#6166,#6167,#6168),.UNSPECIFIED.,.F.,
 .F.,(4,1,1,1,1,1,1,1,1,1,1,1,4),(0.,0.00469553332039583,0.00704329998059374,
0.00939106664079165,0.0140865999611875,0.0164343666213854,0.0187821332815833,
0.0234776666019791,0.025825433262177,0.028173199922375,0.0305209665825729,
0.0328687332427708,0.0375642665631666),.UNSPECIFIED.);
#65=B_SPLINE_CURVE_WITH_KNOTS('',3,(#6182,#6183,#6184,#6185),
 .UNSPECIFIED.,.F.,.F.,(4,4),(0.0203122577575171,0.0660837264433713),
 .UNSPECIFIED.);
#66=B_SPLINE_CURVE_WITH_KNOTS('',3,(#6188,#6189,#6190,#6191),
 .UNSPECIFIED.,.F.,.F.,(4,4),(0.,0.0257044574513663),.UNSPECIFIED.);
#67=B_SPLINE_CURVE_WITH_KNOTS('',3,(#6193,#6194,#6195,#6196,#6197,#6198),
 .UNSPECIFIED.,.F.,.F.,(4,1,1,4),(0.,0.0320340277178894,0.0480510415768341,
0.0640680554357788),.UNSPECIFIED.);
#68=B_SPLINE_CURVE_WITH_KNOTS('',3,(#6213,#6214,#6215,#6216),
 .UNSPECIFIED.,.F.,.F.,(4,4),(1.4304896245382E-17,0.0249481900439997),
 .UNSPECIFIED.);
#69=B_SPLINE_CURVE_WITH_KNOTS('',3,(#6221,#6222,#6223,#6224),
 .UNSPECIFIED.,.F.,.F.,(4,4),(0.,0.0249481900439996),.UNSPECIFIED.);
#70=B_SPLINE_CURVE_WITH_KNOTS('',3,(#6227,#6228,#6229,#6230),
 .UNSPECIFIED.,.F.,.F.,(4,4),(0.000512955170694165,0.0144264747659873),
 .UNSPECIFIED.);
#71=B_SPLINE_CURVE_WITH_KNOTS('',3,(#6232,#6233,#6234,#6235),
 .UNSPECIFIED.,.F.,.F.,(4,4),(0.0188755281742565,0.0188770318951092),
 .UNSPECIFIED.);
#72=B_SPLINE_CURVE_WITH_KNOTS('',3,(#6236,#6237,#6238,#6239,#6240,#6241,
#6242,#6243,#6244,#6245),.UNSPECIFIED.,.F.,.F.,(4,1,1,1,1,1,1,4),(0.0021828122761794,
0.00876492528333953,0.0120559817869196,0.0153470382904997,0.0186380947940797,
0.0219291512976598,0.0252202078012399,0.0285112643048199),.UNSPECIFIED.);
#73=B_SPLINE_CURVE_WITH_KNOTS('',3,(#6247,#6248,#6249,#6250),
 .UNSPECIFIED.,.F.,.F.,(4,4),(0.00083679228649883,0.00133598041021403),
 .UNSPECIFIED.);
#74=B_SPLINE_CURVE_WITH_KNOTS('',3,(#6254,#6255,#6256,#6257),
 .UNSPECIFIED.,.F.,.F.,(4,4),(0.,0.00168007467863947),.UNSPECIFIED.);
#75=B_SPLINE_CURVE_WITH_KNOTS('',3,(#6282,#6283,#6284,#6285),
 .UNSPECIFIED.,.F.,.F.,(4,4),(0.,0.00215648826708867),.UNSPECIFIED.);
#76=B_SPLINE_CURVE_WITH_KNOTS('',3,(#6295,#6296,#6297,#6298),
 .UNSPECIFIED.,.F.,.F.,(4,4),(0.,0.00243963176510809),.UNSPECIFIED.);
#77=B_SPLINE_CURVE_WITH_KNOTS('',3,(#6304,#6305,#6306,#6307),
 .UNSPECIFIED.,.F.,.F.,(4,4),(0.,0.00201264369626401),.UNSPECIFIED.);
#78=B_SPLINE_CURVE_WITH_KNOTS('',3,(#6327,#6328,#6329,#6330),
 .UNSPECIFIED.,.F.,.F.,(4,4),(2.25514051876985E-17,0.002012643696264),
 .UNSPECIFIED.);
#79=B_SPLINE_CURVE_WITH_KNOTS('',3,(#6336,#6337,#6338,#6339),
 .UNSPECIFIED.,.F.,.F.,(4,4),(0.,0.00243963176510809),.UNSPECIFIED.);
#80=B_SPLINE_CURVE_WITH_KNOTS('',3,(#6349,#6350,#6351,#6352),
 .UNSPECIFIED.,.F.,.F.,(4,4),(7.75791922889773E-18,0.00215648826708868),
 .UNSPECIFIED.);
#81=B_SPLINE_CURVE_WITH_KNOTS('',3,(#6403,#6404,#6405,#6406),
 .UNSPECIFIED.,.F.,.F.,(4,4),(0.,0.00134405974291157),.UNSPECIFIED.);
#82=B_SPLINE_CURVE_WITH_KNOTS('',3,(#6414,#6415,#6416,#6417),
 .UNSPECIFIED.,.F.,.F.,(4,4),(0.00132461409868169,0.00195170541208647),
 .UNSPECIFIED.);
#83=B_SPLINE_CURVE_WITH_KNOTS('',3,(#6427,#6428,#6429,#6430),
 .UNSPECIFIED.,.F.,.F.,(4,4),(0.,0.00172519061367097),.UNSPECIFIED.);
#84=B_SPLINE_CURVE_WITH_KNOTS('',3,(#6444,#6445,#6446,#6447),
 .UNSPECIFIED.,.F.,.F.,(4,4),(0.,0.000627231515965627),.UNSPECIFIED.);
#85=B_SPLINE_CURVE_WITH_KNOTS('',3,(#6452,#6453,#6454,#6455,#6456),
 .UNSPECIFIED.,.F.,.F.,(4,1,4),(0.00174624982094353,0.00733990861848262,
0.0129335674160217),.UNSPECIFIED.);
#86=B_SPLINE_CURVE_WITH_KNOTS('',3,(#6466,#6467,#6468,#6469),
 .UNSPECIFIED.,.F.,.F.,(4,4),(0.,0.00172519061367096),.UNSPECIFIED.);
#87=B_SPLINE_CURVE_WITH_KNOTS('',3,(#6491,#6492,#6493,#6494,#6495),
 .UNSPECIFIED.,.F.,.F.,(4,1,4),(0.,0.0124737682853465,0.0249475365706929),
 .UNSPECIFIED.);
#88=B_SPLINE_CURVE_WITH_KNOTS('',3,(#6499,#6500,#6501,#6502,#6503),
 .UNSPECIFIED.,.F.,.F.,(4,1,4),(0.,0.0124737682853465,0.0249475365706929),
 .UNSPECIFIED.);
#89=B_SPLINE_CURVE_WITH_KNOTS('',3,(#6504,#6505,#6506,#6507,#6508),
 .UNSPECIFIED.,.F.,.F.,(4,1,4),(0.00174873945611029,0.0350950155739758,
0.0684412916918413),.UNSPECIFIED.);
#90=B_SPLINE_CURVE_WITH_KNOTS('',3,(#6511,#6512,#6513,#6514),
 .UNSPECIFIED.,.F.,.F.,(4,4),(0.000669433829199015,0.00106878432817123),
 .UNSPECIFIED.);
#91=B_SPLINE_SURFACE_WITH_KNOTS('',3,1,((#5284,#5285),(#5286,#5287),(#5288,
#5289),(#5290,#5291),(#5292,#5293)),.SURF_OF_LINEAR_EXTRUSION.,.F.,.F.,
 .F.,(4,1,4),(2,2),(0.000147051756213718,0.50314384642758,1.00614064109895),
(0.,1.),.UNSPECIFIED.);
#92=B_SPLINE_SURFACE_WITH_KNOTS('',3,1,((#5376,#5377),(#5378,#5379),(#5380,
#5381),(#5382,#5383),(#5384,#5385)),.SURF_OF_LINEAR_EXTRUSION.,.F.,.F.,
 .F.,(4,1,4),(2,2),(0.0201957319262679,0.510097865963134,1.),(0.,1.),
 .UNSPECIFIED.);
#93=B_SPLINE_SURFACE_WITH_KNOTS('',3,1,((#6203,#6204),(#6205,#6206),(#6207,
#6208),(#6209,#6210),(#6211,#6212)),.SURF_OF_LINEAR_EXTRUSION.,.F.,.F.,
 .F.,(4,1,4),(2,2),(0.000129633914439753,0.504595333241926,1.00906103256941),
(0.,1.),.UNSPECIFIED.);
#94=B_SPLINE_SURFACE_WITH_KNOTS('',3,1,((#6478,#6479),(#6480,#6481),(#6482,
#6483),(#6484,#6485),(#6486,#6487)),.SURF_OF_LINEAR_EXTRUSION.,.F.,.F.,
 .F.,(4,1,4),(2,2),(0.0201946188588485,0.513066264790938,1.00593791072303),
(0.,1.),.UNSPECIFIED.);
#95=PLANE('',#3767);
#96=PLANE('',#3769);
#97=PLANE('',#3771);
#98=PLANE('',#3774);
#99=PLANE('',#3777);
#100=PLANE('',#3781);
#101=PLANE('',#3784);
#102=PLANE('',#3787);
#103=PLANE('',#3790);
#104=PLANE('',#3794);
#105=PLANE('',#3797);
#106=PLANE('',#3801);
#107=PLANE('',#3804);
#108=PLANE('',#3807);
#109=PLANE('',#3810);
#110=PLANE('',#3813);
#111=PLANE('',#3819);
#112=PLANE('',#3821);
#113=PLANE('',#3827);
#114=PLANE('',#3828);
#115=PLANE('',#3831);
#116=PLANE('',#3834);
#117=PLANE('',#3838);
#118=PLANE('',#3841);
#119=PLANE('',#3844);
#120=PLANE('',#3847);
#121=PLANE('',#3852);
#122=PLANE('',#3854);
#123=PLANE('',#3857);
#124=PLANE('',#3862);
#125=PLANE('',#3866);
#126=PLANE('',#3869);
#127=PLANE('',#3870);
#128=PLANE('',#3872);
#129=PLANE('',#3873);
#130=PLANE('',#3874);
#131=PLANE('',#3885);
#132=PLANE('',#3900);
#133=PLANE('',#3901);
#134=PLANE('',#3902);
#135=PLANE('',#3903);
#136=PLANE('',#3904);
#137=PLANE('',#3905);
#138=PLANE('',#3906);
#139=PLANE('',#3907);
#140=PLANE('',#3908);
#141=PLANE('',#3909);
#142=PLANE('',#3910);
#143=PLANE('',#3911);
#144=PLANE('',#3912);
#145=PLANE('',#3913);
#146=PLANE('',#3914);
#147=PLANE('',#3915);
#148=PLANE('',#3916);
#149=PLANE('',#3917);
#150=PLANE('',#3918);
#151=PLANE('',#3919);
#152=PLANE('',#3920);
#153=PLANE('',#3921);
#154=PLANE('',#3922);
#155=PLANE('',#3927);
#156=PLANE('',#3934);
#157=PLANE('',#3935);
#158=PLANE('',#3938);
#159=PLANE('',#3944);
#160=PLANE('',#3956);
#161=PLANE('',#3961);
#162=PLANE('',#3969);
#163=PLANE('',#3978);
#164=PLANE('',#3989);
#165=PLANE('',#3991);
#166=PLANE('',#3993);
#167=PLANE('',#3998);
#168=PLANE('',#3999);
#169=PLANE('',#4000);
#170=PLANE('',#4009);
#171=PLANE('',#4025);
#172=PLANE('',#4026);
#173=PLANE('',#4027);
#174=PLANE('',#4029);
#175=PLANE('',#4065);
#176=PLANE('',#4066);
#177=PLANE('',#4067);
#178=PLANE('',#4068);
#179=PLANE('',#4069);
#180=PLANE('',#4070);
#181=PLANE('',#4071);
#182=PLANE('',#4073);
#183=PLANE('',#4074);
#184=PLANE('',#4076);
#185=PLANE('',#4077);
#186=PLANE('',#4078);
#187=PLANE('',#4079);
#188=PLANE('',#4081);
#189=PLANE('',#4082);
#190=PLANE('',#4083);
#191=PLANE('',#4084);
#192=PLANE('',#4085);
#193=PLANE('',#4110);
#194=PLANE('',#4111);
#195=PLANE('',#4112);
#196=PLANE('',#4115);
#197=PLANE('',#4116);
#198=PLANE('',#4117);
#199=PLANE('',#4118);
#200=PLANE('',#4120);
#201=PLANE('',#4121);
#202=PLANE('',#4122);
#203=PLANE('',#4123);
#204=PLANE('',#4127);
#205=PLANE('',#4137);
#206=PLANE('',#4138);
#207=PLANE('',#4139);
#208=PLANE('',#4140);
#209=PLANE('',#4141);
#210=PLANE('',#4142);
#211=PLANE('',#4143);
#212=PLANE('',#4144);
#213=PLANE('',#4145);
#214=PLANE('',#4146);
#215=PLANE('',#4147);
#216=PLANE('',#4148);
#217=PLANE('',#4149);
#218=PLANE('',#4150);
#219=PLANE('',#4151);
#220=PLANE('',#4152);
#221=PLANE('',#4153);
#222=PLANE('',#4154);
#223=PLANE('',#4155);
#224=PLANE('',#4156);
#225=PLANE('',#4157);
#226=PLANE('',#4158);
#227=ELLIPSE('',#3765,0.0709921029425017,0.0700353686195068);
#228=ELLIPSE('',#3766,0.079663023255465,0.0700353686195068);
#229=ELLIPSE('',#3768,0.0277160686032473,0.0269810838351141);
#230=ELLIPSE('',#3770,0.191011135055158,0.0530842950310378);
#231=ELLIPSE('',#3772,0.0195432428479626,0.0193962495863177);
#232=ELLIPSE('',#3773,0.0195432428479626,0.0193962495863177);
#233=ELLIPSE('',#3775,0.0194976044769013,0.0193962495863177);
#234=ELLIPSE('',#3776,0.0194976044769013,0.0193962495863177);
#235=ELLIPSE('',#3778,0.0194846236669746,0.0193962495863177);
#236=ELLIPSE('',#3779,0.0194846236669746,0.0193962495863177);
#237=ELLIPSE('',#3782,0.0194272170294436,0.0193962495863177);
#238=ELLIPSE('',#3783,0.0194272170294436,0.0193962495863177);
#239=ELLIPSE('',#3785,0.0194086483930552,0.0193962495863177);
#240=ELLIPSE('',#3786,0.0194086483930552,0.0193962495863177);
#241=ELLIPSE('',#3788,0.0194079401344216,0.0193962495863177);
#242=ELLIPSE('',#3789,0.0194079401344216,0.0193962495863177);
#243=ELLIPSE('',#3791,0.0193975092812845,0.0193962495863177);
#244=ELLIPSE('',#3792,0.0193975092812845,0.0193962495863177);
#245=ELLIPSE('',#3795,0.0194024789193414,0.0193962495863177);
#246=ELLIPSE('',#3796,0.0194024789193414,0.0193962495863177);
#247=ELLIPSE('',#3798,0.019415801636351,0.0193962495863177);
#248=ELLIPSE('',#3799,0.019415801636351,0.0193962495863177);
#249=ELLIPSE('',#3802,0.0194269508086597,0.0193962495863177);
#250=ELLIPSE('',#3803,0.0194269508086597,0.0193962495863177);
#251=ELLIPSE('',#3805,0.019511203578807,0.0193962495863177);
#252=ELLIPSE('',#3806,0.019511203578807,0.0193962495863177);
#253=ELLIPSE('',#3808,0.0195002362708476,0.0193962495863177);
#254=ELLIPSE('',#3809,0.0195002362708476,0.0193962495863177);
#255=ELLIPSE('',#3811,0.0195533107536067,0.0193962495863177);
#256=ELLIPSE('',#3812,0.0195533107536067,0.0193962495863177);
#257=ELLIPSE('',#3814,0.0887401286781271,0.0875442107743835);
#258=ELLIPSE('',#3815,0.0196612165320536,0.0193962495863177);
#259=ELLIPSE('',#3816,0.0196612165320536,0.0193962495863177);
#260=ELLIPSE('',#3818,0.019604134037778,0.0193962495863177);
#261=ELLIPSE('',#3820,0.019604134037778,0.0193962495863177);
#262=ELLIPSE('',#3826,0.0220626222481715,0.0193962495863177);
#263=ELLIPSE('',#3829,0.0155263521075373,0.0155169996690541);
#264=ELLIPSE('',#3830,0.0155263521075373,0.0155169996690541);
#265=ELLIPSE('',#3832,0.0155269187144442,0.0155169996690541);
#266=ELLIPSE('',#3833,0.0155269187144442,0.0155169996690541);
#267=ELLIPSE('',#3835,0.0155417736235549,0.0155169996690541);
#268=ELLIPSE('',#3836,0.0155417736235549,0.0155169996690541);
#269=ELLIPSE('',#3839,0.0155876989335797,0.0155169996690541);
#270=ELLIPSE('',#3840,0.0155876989335797,0.0155169996690541);
#271=ELLIPSE('',#3842,0.0155980835815211,0.0155169996690541);
#272=ELLIPSE('',#3843,0.0155980835815211,0.0155169996690541);
#273=ELLIPSE('',#3845,0.0156345942783701,0.0155169996690541);
#274=ELLIPSE('',#3846,0.0156345942783701,0.0155169996690541);
#275=ELLIPSE('',#3848,0.015728973225643,0.0155169996690541);
#276=ELLIPSE('',#3849,0.015728973225643,0.0155169996690541);
#277=ELLIPSE('',#3855,0.0156833072302224,0.0155169996690541);
#278=ELLIPSE('',#3856,0.0156833072302224,0.0155169996690541);
#279=ELLIPSE('',#3858,0.0155180074250276,0.0155169996690541);
#280=ELLIPSE('',#3859,0.0155180074250276,0.0155169996690541);
#281=ELLIPSE('',#3865,0.0995787790693313,0.0875442107743835);
#282=ELLIPSE('',#3871,0.0222275679690464,0.019541260833589);
#283=ELLIPSE('',#3883,0.0176500977985373,0.0155169996690541);
#284=ELLIPSE('',#4003,0.0887401286781271,0.0875442107743835);
#285=ELLIPSE('',#4004,0.0995787790693313,0.0875442107743835);
#286=ELLIPSE('',#4012,0.0222275679690464,0.019541260833589);
#287=ELLIPSE('',#4015,0.079663023255465,0.0700353686195068);
#288=ELLIPSE('',#4016,0.0709921029425017,0.0700353686195068);
#289=ELLIPSE('',#4028,0.0220626222481715,0.0193962495863177);
#290=ELLIPSE('',#4032,0.0196612165320536,0.0193962495863177);
#291=ELLIPSE('',#4034,0.0196612165320536,0.0193962495863177);
#292=ELLIPSE('',#4036,0.0196041340377779,0.0193962495863177);
#293=ELLIPSE('',#4037,0.0195432428479626,0.0193962495863177);
#294=ELLIPSE('',#4038,0.0194976044769013,0.0193962495863177);
#295=ELLIPSE('',#4039,0.0194846236669746,0.0193962495863177);
#296=ELLIPSE('',#4040,0.0194272170294436,0.0193962495863177);
#297=ELLIPSE('',#4041,0.0194086483930552,0.0193962495863177);
#298=ELLIPSE('',#4042,0.0194079401344216,0.0193962495863177);
#299=ELLIPSE('',#4043,0.0193975092812845,0.0193962495863177);
#300=ELLIPSE('',#4044,0.0194024789193414,0.0193962495863177);
#301=ELLIPSE('',#4045,0.019415801636351,0.0193962495863177);
#302=ELLIPSE('',#4046,0.0194269508086597,0.0193962495863177);
#303=ELLIPSE('',#4047,0.019511203578807,0.0193962495863177);
#304=ELLIPSE('',#4048,0.0195002362708476,0.0193962495863177);
#305=ELLIPSE('',#4049,0.0195533107536067,0.0193962495863177);
#306=ELLIPSE('',#4051,0.0196041340377779,0.0193962495863177);
#307=ELLIPSE('',#4052,0.0195533107536067,0.0193962495863177);
#308=ELLIPSE('',#4053,0.0195002362708476,0.0193962495863177);
#309=ELLIPSE('',#4054,0.019511203578807,0.0193962495863177);
#310=ELLIPSE('',#4055,0.0194269508086597,0.0193962495863177);
#311=ELLIPSE('',#4056,0.019415801636351,0.0193962495863177);
#312=ELLIPSE('',#4057,0.0194024789193414,0.0193962495863177);
#313=ELLIPSE('',#4058,0.0193975092812845,0.0193962495863177);
#314=ELLIPSE('',#4059,0.0194079401344216,0.0193962495863177);
#315=ELLIPSE('',#4060,0.0194086483930552,0.0193962495863177);
#316=ELLIPSE('',#4061,0.0194272170294436,0.0193962495863177);
#317=ELLIPSE('',#4062,0.0194846236669746,0.0193962495863177);
#318=ELLIPSE('',#4063,0.0194976044769013,0.0193962495863177);
#319=ELLIPSE('',#4064,0.0195432428479626,0.0193962495863177);
#320=ELLIPSE('',#4086,0.0176500977985373,0.0155169996690541);
#321=ELLIPSE('',#4088,0.015728973225643,0.0155169996690541);
#322=ELLIPSE('',#4091,0.0155180074250276,0.0155169996690541);
#323=ELLIPSE('',#4092,0.0155263521075373,0.0155169996690541);
#324=ELLIPSE('',#4093,0.0155269187144442,0.0155169996690541);
#325=ELLIPSE('',#4094,0.0155417736235549,0.0155169996690541);
#326=ELLIPSE('',#4095,0.0155876989335797,0.0155169996690541);
#327=ELLIPSE('',#4096,0.0155980835815211,0.0155169996690541);
#328=ELLIPSE('',#4097,0.0156345942783701,0.0155169996690541);
#329=ELLIPSE('',#4098,0.0156833072302223,0.0155169996690541);
#330=ELLIPSE('',#4100,0.015728973225643,0.0155169996690541);
#331=ELLIPSE('',#4102,0.0156833072302223,0.0155169996690541);
#332=ELLIPSE('',#4103,0.0156345942783701,0.0155169996690541);
#333=ELLIPSE('',#4104,0.0155980835815211,0.0155169996690541);
#334=ELLIPSE('',#4105,0.0155876989335797,0.0155169996690541);
#335=ELLIPSE('',#4106,0.0155417736235549,0.0155169996690541);
#336=ELLIPSE('',#4107,0.0155269187144442,0.0155169996690541);
#337=ELLIPSE('',#4108,0.0155263521075373,0.0155169996690541);
#338=ELLIPSE('',#4109,0.0155180074250276,0.0155169996690541);
#339=ELLIPSE('',#4114,0.191011135055158,0.0530842950310378);
#340=CIRCLE('',#3762,0.0700353686195068);
#341=CIRCLE('',#3763,0.0700353686195068);
#342=CIRCLE('',#3764,0.0700353686195068);
#343=CIRCLE('',#3822,0.0193962495863177);
#344=CIRCLE('',#3823,0.0193962495863177);
#345=CIRCLE('',#3851,0.0155169996690541);
#346=CIRCLE('',#3853,0.0155169996690541);
#347=CIRCLE('',#3861,0.0215578271139077);
#348=CIRCLE('',#3864,0.0875442107743835);
#349=CIRCLE('',#3868,0.0172462616911262);
#350=CIRCLE('',#3875,0.00175);
#351=CIRCLE('',#3876,0.00175);
#352=CIRCLE('',#3877,0.00175);
#353=CIRCLE('',#3878,0.344704035251079);
#354=CIRCLE('',#3879,0.275763228200863);
#355=CIRCLE('',#3880,0.019541260833589);
#356=CIRCLE('',#3887,0.275763228200863);
#357=CIRCLE('',#3888,0.275763228200863);
#358=CIRCLE('',#3892,0.00175);
#359=CIRCLE('',#3895,0.00175);
#360=CIRCLE('',#3898,0.00175);
#361=CIRCLE('',#3925,0.0215578271139077);
#362=CIRCLE('',#3926,0.0215578271139077);
#363=CIRCLE('',#3929,0.0875442107743835);
#364=CIRCLE('',#3930,0.0875442107743835);
#365=CIRCLE('',#3932,0.0172462616911262);
#366=CIRCLE('',#3933,0.0172462616911262);
#367=CIRCLE('',#3936,0.275763228200863);
#368=CIRCLE('',#3937,0.0700353686195068);
#369=CIRCLE('',#3939,0.00175);
#370=CIRCLE('',#3940,0.00175);
#371=CIRCLE('',#3941,0.00175);
#372=CIRCLE('',#3942,0.344704035251079);
#373=CIRCLE('',#3943,0.019541260833589);
#374=CIRCLE('',#3945,0.00175);
#375=CIRCLE('',#3946,0.00175);
#376=CIRCLE('',#3947,0.00175);
#377=CIRCLE('',#3948,0.344704035251079);
#378=CIRCLE('',#3949,0.275763228200863);
#379=CIRCLE('',#3950,0.0700353686195068);
#380=CIRCLE('',#3951,0.019541260833589);
#381=CIRCLE('',#3962,0.275763228200863);
#382=CIRCLE('',#3963,0.0172462616911262);
#383=CIRCLE('',#3964,0.0700353686195068);
#384=CIRCLE('',#3966,0.0700353686195068);
#385=CIRCLE('',#3968,0.275763228200863);
#386=CIRCLE('',#3970,0.00175);
#387=CIRCLE('',#3971,0.00175);
#388=CIRCLE('',#3972,0.00175);
#389=CIRCLE('',#3973,0.344704035251079);
#390=CIRCLE('',#3974,0.0215578271139077);
#391=CIRCLE('',#3975,0.0875442107743835);
#392=CIRCLE('',#3976,0.019541260833589);
#393=CIRCLE('',#3977,0.0172462616911262);
#394=CIRCLE('',#3979,0.00175);
#395=CIRCLE('',#3980,0.00175);
#396=CIRCLE('',#3981,0.00175);
#397=CIRCLE('',#3982,0.344704035251079);
#398=CIRCLE('',#3983,0.019541260833589);
#399=CIRCLE('',#3984,0.0875442107743835);
#400=CIRCLE('',#3985,0.0215578271139077);
#401=CIRCLE('',#4002,0.0875442107743835);
#402=CIRCLE('',#4006,0.0215578271139077);
#403=CIRCLE('',#4008,0.344704035251079);
#404=CIRCLE('',#4011,0.019541260833589);
#405=CIRCLE('',#4014,0.0700353686195068);
#406=CIRCLE('',#4017,0.0700353686195068);
#407=CIRCLE('',#4018,0.0700353686195068);
#408=CIRCLE('',#4020,0.0172462616911262);
#409=CIRCLE('',#4022,0.275763228200863);
#410=CIRCLE('',#4023,0.275763228200863);
#411=CIRCLE('',#4024,0.275763228200863);
#412=CIRCLE('',#4031,0.0193962495863177);
#413=CIRCLE('',#4035,0.0193962495863177);
#414=CIRCLE('',#4089,0.0155169996690541);
#415=CIRCLE('',#4099,0.0155169996690541);
#416=CIRCLE('',#4124,0.00175);
#417=CIRCLE('',#4125,0.00175);
#418=CIRCLE('',#4126,0.00175);
#419=CIRCLE('',#4129,0.00175);
#420=CIRCLE('',#4132,0.00175);
#421=CIRCLE('',#4135,0.00175);
#422=ORIENTED_EDGE('',*,*,#1498,.T.);
#423=ORIENTED_EDGE('',*,*,#1499,.T.);
#424=ORIENTED_EDGE('',*,*,#1500,.F.);
#425=ORIENTED_EDGE('',*,*,#1501,.F.);
#426=ORIENTED_EDGE('',*,*,#1502,.F.);
#427=ORIENTED_EDGE('',*,*,#1503,.F.);
#428=ORIENTED_EDGE('',*,*,#1504,.T.);
#429=ORIENTED_EDGE('',*,*,#1505,.T.);
#430=ORIENTED_EDGE('',*,*,#1506,.F.);
#431=ORIENTED_EDGE('',*,*,#1507,.F.);
#432=ORIENTED_EDGE('',*,*,#1508,.F.);
#433=ORIENTED_EDGE('',*,*,#1509,.F.);
#434=ORIENTED_EDGE('',*,*,#1510,.T.);
#435=ORIENTED_EDGE('',*,*,#1511,.T.);
#436=ORIENTED_EDGE('',*,*,#1512,.T.);
#437=ORIENTED_EDGE('',*,*,#1513,.T.);
#438=ORIENTED_EDGE('',*,*,#1514,.F.);
#439=ORIENTED_EDGE('',*,*,#1515,.T.);
#440=ORIENTED_EDGE('',*,*,#1516,.T.);
#441=ORIENTED_EDGE('',*,*,#1517,.F.);
#442=ORIENTED_EDGE('',*,*,#1518,.F.);
#443=ORIENTED_EDGE('',*,*,#1519,.T.);
#444=ORIENTED_EDGE('',*,*,#1520,.T.);
#445=ORIENTED_EDGE('',*,*,#1521,.T.);
#446=ORIENTED_EDGE('',*,*,#1522,.F.);
#447=ORIENTED_EDGE('',*,*,#1523,.F.);
#448=ORIENTED_EDGE('',*,*,#1524,.F.);
#449=ORIENTED_EDGE('',*,*,#1525,.F.);
#450=ORIENTED_EDGE('',*,*,#1526,.T.);
#451=ORIENTED_EDGE('',*,*,#1527,.F.);
#452=ORIENTED_EDGE('',*,*,#1528,.T.);
#453=ORIENTED_EDGE('',*,*,#1529,.F.);
#454=ORIENTED_EDGE('',*,*,#1530,.T.);
#455=ORIENTED_EDGE('',*,*,#1531,.T.);
#456=ORIENTED_EDGE('',*,*,#1532,.T.);
#457=ORIENTED_EDGE('',*,*,#1533,.T.);
#458=ORIENTED_EDGE('',*,*,#1534,.F.);
#459=ORIENTED_EDGE('',*,*,#1535,.T.);
#460=ORIENTED_EDGE('',*,*,#1536,.F.);
#461=ORIENTED_EDGE('',*,*,#1537,.T.);
#462=ORIENTED_EDGE('',*,*,#1538,.T.);
#463=ORIENTED_EDGE('',*,*,#1539,.T.);
#464=ORIENTED_EDGE('',*,*,#1540,.T.);
#465=ORIENTED_EDGE('',*,*,#1541,.F.);
#466=ORIENTED_EDGE('',*,*,#1542,.F.);
#467=ORIENTED_EDGE('',*,*,#1543,.F.);
#468=ORIENTED_EDGE('',*,*,#1544,.F.);
#469=ORIENTED_EDGE('',*,*,#1545,.F.);
#470=ORIENTED_EDGE('',*,*,#1504,.F.);
#471=ORIENTED_EDGE('',*,*,#1546,.T.);
#472=ORIENTED_EDGE('',*,*,#1547,.F.);
#473=ORIENTED_EDGE('',*,*,#1548,.F.);
#474=ORIENTED_EDGE('',*,*,#1498,.F.);
#475=ORIENTED_EDGE('',*,*,#1549,.T.);
#476=ORIENTED_EDGE('',*,*,#1550,.F.);
#477=ORIENTED_EDGE('',*,*,#1551,.T.);
#478=ORIENTED_EDGE('',*,*,#1552,.F.);
#479=ORIENTED_EDGE('',*,*,#1534,.T.);
#480=ORIENTED_EDGE('',*,*,#1553,.F.);
#481=ORIENTED_EDGE('',*,*,#1554,.T.);
#482=ORIENTED_EDGE('',*,*,#1555,.T.);
#483=ORIENTED_EDGE('',*,*,#1556,.F.);
#484=ORIENTED_EDGE('',*,*,#1557,.F.);
#485=ORIENTED_EDGE('',*,*,#1558,.F.);
#486=ORIENTED_EDGE('',*,*,#1559,.T.);
#487=ORIENTED_EDGE('',*,*,#1520,.F.);
#488=ORIENTED_EDGE('',*,*,#1560,.F.);
#489=ORIENTED_EDGE('',*,*,#1561,.T.);
#490=ORIENTED_EDGE('',*,*,#1562,.T.);
#491=ORIENTED_EDGE('',*,*,#1563,.F.);
#492=ORIENTED_EDGE('',*,*,#1564,.T.);
#493=ORIENTED_EDGE('',*,*,#1565,.F.);
#494=ORIENTED_EDGE('',*,*,#1566,.T.);
#495=ORIENTED_EDGE('',*,*,#1567,.F.);
#496=ORIENTED_EDGE('',*,*,#1568,.T.);
#497=ORIENTED_EDGE('',*,*,#1569,.T.);
#498=ORIENTED_EDGE('',*,*,#1570,.T.);
#499=ORIENTED_EDGE('',*,*,#1569,.F.);
#500=ORIENTED_EDGE('',*,*,#1571,.T.);
#501=ORIENTED_EDGE('',*,*,#1572,.T.);
#502=ORIENTED_EDGE('',*,*,#1573,.T.);
#503=ORIENTED_EDGE('',*,*,#1572,.F.);
#504=ORIENTED_EDGE('',*,*,#1574,.T.);
#505=ORIENTED_EDGE('',*,*,#1575,.T.);
#506=ORIENTED_EDGE('',*,*,#1576,.T.);
#507=ORIENTED_EDGE('',*,*,#1575,.F.);
#508=ORIENTED_EDGE('',*,*,#1577,.T.);
#509=ORIENTED_EDGE('',*,*,#1578,.T.);
#510=ORIENTED_EDGE('',*,*,#1579,.T.);
#511=ORIENTED_EDGE('',*,*,#1578,.F.);
#512=ORIENTED_EDGE('',*,*,#1580,.T.);
#513=ORIENTED_EDGE('',*,*,#1581,.T.);
#514=ORIENTED_EDGE('',*,*,#1582,.T.);
#515=ORIENTED_EDGE('',*,*,#1581,.F.);
#516=ORIENTED_EDGE('',*,*,#1583,.T.);
#517=ORIENTED_EDGE('',*,*,#1584,.T.);
#518=ORIENTED_EDGE('',*,*,#1585,.T.);
#519=ORIENTED_EDGE('',*,*,#1584,.F.);
#520=ORIENTED_EDGE('',*,*,#1586,.T.);
#521=ORIENTED_EDGE('',*,*,#1587,.T.);
#522=ORIENTED_EDGE('',*,*,#1588,.T.);
#523=ORIENTED_EDGE('',*,*,#1587,.F.);
#524=ORIENTED_EDGE('',*,*,#1589,.T.);
#525=ORIENTED_EDGE('',*,*,#1590,.T.);
#526=ORIENTED_EDGE('',*,*,#1591,.T.);
#527=ORIENTED_EDGE('',*,*,#1590,.F.);
#528=ORIENTED_EDGE('',*,*,#1592,.T.);
#529=ORIENTED_EDGE('',*,*,#1593,.T.);
#530=ORIENTED_EDGE('',*,*,#1594,.T.);
#531=ORIENTED_EDGE('',*,*,#1593,.F.);
#532=ORIENTED_EDGE('',*,*,#1595,.T.);
#533=ORIENTED_EDGE('',*,*,#1596,.T.);
#534=ORIENTED_EDGE('',*,*,#1597,.T.);
#535=ORIENTED_EDGE('',*,*,#1596,.F.);
#536=ORIENTED_EDGE('',*,*,#1598,.T.);
#537=ORIENTED_EDGE('',*,*,#1599,.T.);
#538=ORIENTED_EDGE('',*,*,#1600,.T.);
#539=ORIENTED_EDGE('',*,*,#1599,.F.);
#540=ORIENTED_EDGE('',*,*,#1601,.T.);
#541=ORIENTED_EDGE('',*,*,#1602,.T.);
#542=ORIENTED_EDGE('',*,*,#1603,.T.);
#543=ORIENTED_EDGE('',*,*,#1602,.F.);
#544=ORIENTED_EDGE('',*,*,#1604,.T.);
#545=ORIENTED_EDGE('',*,*,#1605,.T.);
#546=ORIENTED_EDGE('',*,*,#1606,.T.);
#547=ORIENTED_EDGE('',*,*,#1605,.F.);
#548=ORIENTED_EDGE('',*,*,#1607,.T.);
#549=ORIENTED_EDGE('',*,*,#1608,.T.);
#550=ORIENTED_EDGE('',*,*,#1609,.T.);
#551=ORIENTED_EDGE('',*,*,#1608,.F.);
#552=ORIENTED_EDGE('',*,*,#1610,.T.);
#553=ORIENTED_EDGE('',*,*,#1611,.T.);
#554=ORIENTED_EDGE('',*,*,#1612,.T.);
#555=ORIENTED_EDGE('',*,*,#1611,.F.);
#556=ORIENTED_EDGE('',*,*,#1613,.T.);
#557=ORIENTED_EDGE('',*,*,#1614,.F.);
#558=ORIENTED_EDGE('',*,*,#1615,.F.);
#559=ORIENTED_EDGE('',*,*,#1616,.T.);
#560=ORIENTED_EDGE('',*,*,#1617,.F.);
#561=ORIENTED_EDGE('',*,*,#1618,.F.);
#562=ORIENTED_EDGE('',*,*,#1566,.F.);
#563=ORIENTED_EDGE('',*,*,#1570,.F.);
#564=ORIENTED_EDGE('',*,*,#1573,.F.);
#565=ORIENTED_EDGE('',*,*,#1576,.F.);
#566=ORIENTED_EDGE('',*,*,#1579,.F.);
#567=ORIENTED_EDGE('',*,*,#1582,.F.);
#568=ORIENTED_EDGE('',*,*,#1585,.F.);
#569=ORIENTED_EDGE('',*,*,#1588,.F.);
#570=ORIENTED_EDGE('',*,*,#1591,.F.);
#571=ORIENTED_EDGE('',*,*,#1594,.F.);
#572=ORIENTED_EDGE('',*,*,#1597,.F.);
#573=ORIENTED_EDGE('',*,*,#1600,.F.);
#574=ORIENTED_EDGE('',*,*,#1603,.F.);
#575=ORIENTED_EDGE('',*,*,#1606,.F.);
#576=ORIENTED_EDGE('',*,*,#1609,.F.);
#577=ORIENTED_EDGE('',*,*,#1612,.F.);
#578=ORIENTED_EDGE('',*,*,#1527,.T.);
#579=ORIENTED_EDGE('',*,*,#1619,.F.);
#580=ORIENTED_EDGE('',*,*,#1620,.T.);
#581=ORIENTED_EDGE('',*,*,#1567,.T.);
#582=ORIENTED_EDGE('',*,*,#1618,.T.);
#583=ORIENTED_EDGE('',*,*,#1526,.F.);
#584=ORIENTED_EDGE('',*,*,#1525,.T.);
#585=ORIENTED_EDGE('',*,*,#1621,.F.);
#586=ORIENTED_EDGE('',*,*,#1616,.F.);
#587=ORIENTED_EDGE('',*,*,#1622,.F.);
#588=ORIENTED_EDGE('',*,*,#1619,.T.);
#589=ORIENTED_EDGE('',*,*,#1617,.T.);
#590=ORIENTED_EDGE('',*,*,#1621,.T.);
#591=ORIENTED_EDGE('',*,*,#1524,.T.);
#592=ORIENTED_EDGE('',*,*,#1623,.F.);
#593=ORIENTED_EDGE('',*,*,#1613,.F.);
#594=ORIENTED_EDGE('',*,*,#1610,.F.);
#595=ORIENTED_EDGE('',*,*,#1607,.F.);
#596=ORIENTED_EDGE('',*,*,#1604,.F.);
#597=ORIENTED_EDGE('',*,*,#1601,.F.);
#598=ORIENTED_EDGE('',*,*,#1598,.F.);
#599=ORIENTED_EDGE('',*,*,#1595,.F.);
#600=ORIENTED_EDGE('',*,*,#1592,.F.);
#601=ORIENTED_EDGE('',*,*,#1589,.F.);
#602=ORIENTED_EDGE('',*,*,#1586,.F.);
#603=ORIENTED_EDGE('',*,*,#1583,.F.);
#604=ORIENTED_EDGE('',*,*,#1580,.F.);
#605=ORIENTED_EDGE('',*,*,#1577,.F.);
#606=ORIENTED_EDGE('',*,*,#1574,.F.);
#607=ORIENTED_EDGE('',*,*,#1571,.F.);
#608=ORIENTED_EDGE('',*,*,#1568,.F.);
#609=ORIENTED_EDGE('',*,*,#1620,.F.);
#610=ORIENTED_EDGE('',*,*,#1622,.T.);
#611=ORIENTED_EDGE('',*,*,#1615,.T.);
#612=ORIENTED_EDGE('',*,*,#1624,.F.);
#613=ORIENTED_EDGE('',*,*,#1625,.T.);
#614=ORIENTED_EDGE('',*,*,#1626,.F.);
#615=ORIENTED_EDGE('',*,*,#1627,.F.);
#616=ORIENTED_EDGE('',*,*,#1529,.T.);
#617=ORIENTED_EDGE('',*,*,#1628,.T.);
#618=ORIENTED_EDGE('',*,*,#1629,.F.);
#619=ORIENTED_EDGE('',*,*,#1630,.F.);
#620=ORIENTED_EDGE('',*,*,#1631,.F.);
#621=ORIENTED_EDGE('',*,*,#1632,.T.);
#622=ORIENTED_EDGE('',*,*,#1633,.F.);
#623=ORIENTED_EDGE('',*,*,#1632,.F.);
#624=ORIENTED_EDGE('',*,*,#1634,.F.);
#625=ORIENTED_EDGE('',*,*,#1635,.T.);
#626=ORIENTED_EDGE('',*,*,#1636,.F.);
#627=ORIENTED_EDGE('',*,*,#1635,.F.);
#628=ORIENTED_EDGE('',*,*,#1637,.F.);
#629=ORIENTED_EDGE('',*,*,#1638,.T.);
#630=ORIENTED_EDGE('',*,*,#1639,.F.);
#631=ORIENTED_EDGE('',*,*,#1638,.F.);
#632=ORIENTED_EDGE('',*,*,#1640,.F.);
#633=ORIENTED_EDGE('',*,*,#1641,.T.);
#634=ORIENTED_EDGE('',*,*,#1642,.F.);
#635=ORIENTED_EDGE('',*,*,#1641,.F.);
#636=ORIENTED_EDGE('',*,*,#1643,.F.);
#637=ORIENTED_EDGE('',*,*,#1644,.T.);
#638=ORIENTED_EDGE('',*,*,#1645,.F.);
#639=ORIENTED_EDGE('',*,*,#1644,.F.);
#640=ORIENTED_EDGE('',*,*,#1646,.F.);
#641=ORIENTED_EDGE('',*,*,#1647,.T.);
#642=ORIENTED_EDGE('',*,*,#1648,.F.);
#643=ORIENTED_EDGE('',*,*,#1647,.F.);
#644=ORIENTED_EDGE('',*,*,#1649,.F.);
#645=ORIENTED_EDGE('',*,*,#1650,.T.);
#646=ORIENTED_EDGE('',*,*,#1508,.T.);
#647=ORIENTED_EDGE('',*,*,#1651,.T.);
#648=ORIENTED_EDGE('',*,*,#1652,.F.);
#649=ORIENTED_EDGE('',*,*,#1653,.T.);
#650=ORIENTED_EDGE('',*,*,#1651,.F.);
#651=ORIENTED_EDGE('',*,*,#1507,.T.);
#652=ORIENTED_EDGE('',*,*,#1538,.F.);
#653=ORIENTED_EDGE('',*,*,#1654,.F.);
#654=ORIENTED_EDGE('',*,*,#1537,.F.);
#655=ORIENTED_EDGE('',*,*,#1655,.F.);
#656=ORIENTED_EDGE('',*,*,#1656,.T.);
#657=ORIENTED_EDGE('',*,*,#1652,.T.);
#658=ORIENTED_EDGE('',*,*,#1654,.T.);
#659=ORIENTED_EDGE('',*,*,#1655,.T.);
#660=ORIENTED_EDGE('',*,*,#1536,.T.);
#661=ORIENTED_EDGE('',*,*,#1657,.F.);
#662=ORIENTED_EDGE('',*,*,#1650,.F.);
#663=ORIENTED_EDGE('',*,*,#1658,.F.);
#664=ORIENTED_EDGE('',*,*,#1659,.F.);
#665=ORIENTED_EDGE('',*,*,#1660,.F.);
#666=ORIENTED_EDGE('',*,*,#1661,.F.);
#667=ORIENTED_EDGE('',*,*,#1630,.T.);
#668=ORIENTED_EDGE('',*,*,#1662,.F.);
#669=ORIENTED_EDGE('',*,*,#1663,.F.);
#670=ORIENTED_EDGE('',*,*,#1522,.T.);
#671=ORIENTED_EDGE('',*,*,#1664,.T.);
#672=ORIENTED_EDGE('',*,*,#1665,.F.);
#673=ORIENTED_EDGE('',*,*,#1666,.F.);
#674=ORIENTED_EDGE('',*,*,#1523,.T.);
#675=ORIENTED_EDGE('',*,*,#1663,.T.);
#676=ORIENTED_EDGE('',*,*,#1667,.F.);
#677=ORIENTED_EDGE('',*,*,#1668,.F.);
#678=ORIENTED_EDGE('',*,*,#1669,.F.);
#679=ORIENTED_EDGE('',*,*,#1624,.T.);
#680=ORIENTED_EDGE('',*,*,#1614,.T.);
#681=ORIENTED_EDGE('',*,*,#1623,.T.);
#682=ORIENTED_EDGE('',*,*,#1666,.T.);
#683=ORIENTED_EDGE('',*,*,#1506,.T.);
#684=ORIENTED_EDGE('',*,*,#1670,.T.);
#685=ORIENTED_EDGE('',*,*,#1671,.F.);
#686=ORIENTED_EDGE('',*,*,#1539,.F.);
#687=ORIENTED_EDGE('',*,*,#1671,.T.);
#688=ORIENTED_EDGE('',*,*,#1672,.T.);
#689=ORIENTED_EDGE('',*,*,#1673,.F.);
#690=ORIENTED_EDGE('',*,*,#1540,.F.);
#691=ORIENTED_EDGE('',*,*,#1562,.F.);
#692=ORIENTED_EDGE('',*,*,#1528,.F.);
#693=ORIENTED_EDGE('',*,*,#1626,.T.);
#694=ORIENTED_EDGE('',*,*,#1674,.T.);
#695=ORIENTED_EDGE('',*,*,#1675,.T.);
#696=ORIENTED_EDGE('',*,*,#1563,.T.);
#697=ORIENTED_EDGE('',*,*,#1674,.F.);
#698=ORIENTED_EDGE('',*,*,#1625,.F.);
#699=ORIENTED_EDGE('',*,*,#1669,.T.);
#700=ORIENTED_EDGE('',*,*,#1676,.T.);
#701=ORIENTED_EDGE('',*,*,#1560,.T.);
#702=ORIENTED_EDGE('',*,*,#1519,.F.);
#703=ORIENTED_EDGE('',*,*,#1627,.T.);
#704=ORIENTED_EDGE('',*,*,#1561,.F.);
#705=ORIENTED_EDGE('',*,*,#1676,.F.);
#706=ORIENTED_EDGE('',*,*,#1628,.F.);
#707=ORIENTED_EDGE('',*,*,#1677,.T.);
#708=ORIENTED_EDGE('',*,*,#1678,.T.);
#709=ORIENTED_EDGE('',*,*,#1679,.T.);
#710=ORIENTED_EDGE('',*,*,#1680,.T.);
#711=ORIENTED_EDGE('',*,*,#1558,.T.);
#712=ORIENTED_EDGE('',*,*,#1681,.F.);
#713=ORIENTED_EDGE('',*,*,#1672,.F.);
#714=ORIENTED_EDGE('',*,*,#1670,.F.);
#715=ORIENTED_EDGE('',*,*,#1505,.F.);
#716=ORIENTED_EDGE('',*,*,#1565,.T.);
#717=ORIENTED_EDGE('',*,*,#1682,.T.);
#718=ORIENTED_EDGE('',*,*,#1667,.T.);
#719=ORIENTED_EDGE('',*,*,#1665,.T.);
#720=ORIENTED_EDGE('',*,*,#1662,.T.);
#721=ORIENTED_EDGE('',*,*,#1551,.F.);
#722=ORIENTED_EDGE('',*,*,#1683,.F.);
#723=ORIENTED_EDGE('',*,*,#1660,.T.);
#724=ORIENTED_EDGE('',*,*,#1684,.F.);
#725=ORIENTED_EDGE('',*,*,#1683,.T.);
#726=ORIENTED_EDGE('',*,*,#1550,.T.);
#727=ORIENTED_EDGE('',*,*,#1685,.F.);
#728=ORIENTED_EDGE('',*,*,#1509,.T.);
#729=ORIENTED_EDGE('',*,*,#1653,.F.);
#730=ORIENTED_EDGE('',*,*,#1656,.F.);
#731=ORIENTED_EDGE('',*,*,#1658,.T.);
#732=ORIENTED_EDGE('',*,*,#1649,.T.);
#733=ORIENTED_EDGE('',*,*,#1646,.T.);
#734=ORIENTED_EDGE('',*,*,#1643,.T.);
#735=ORIENTED_EDGE('',*,*,#1640,.T.);
#736=ORIENTED_EDGE('',*,*,#1637,.T.);
#737=ORIENTED_EDGE('',*,*,#1634,.T.);
#738=ORIENTED_EDGE('',*,*,#1631,.T.);
#739=ORIENTED_EDGE('',*,*,#1661,.T.);
#740=ORIENTED_EDGE('',*,*,#1535,.F.);
#741=ORIENTED_EDGE('',*,*,#1552,.T.);
#742=ORIENTED_EDGE('',*,*,#1684,.T.);
#743=ORIENTED_EDGE('',*,*,#1659,.T.);
#744=ORIENTED_EDGE('',*,*,#1629,.T.);
#745=ORIENTED_EDGE('',*,*,#1633,.T.);
#746=ORIENTED_EDGE('',*,*,#1636,.T.);
#747=ORIENTED_EDGE('',*,*,#1639,.T.);
#748=ORIENTED_EDGE('',*,*,#1642,.T.);
#749=ORIENTED_EDGE('',*,*,#1645,.T.);
#750=ORIENTED_EDGE('',*,*,#1648,.T.);
#751=ORIENTED_EDGE('',*,*,#1657,.T.);
#752=ORIENTED_EDGE('',*,*,#1549,.F.);
#753=ORIENTED_EDGE('',*,*,#1510,.F.);
#754=ORIENTED_EDGE('',*,*,#1685,.T.);
#755=ORIENTED_EDGE('',*,*,#1686,.F.);
#756=ORIENTED_EDGE('',*,*,#1553,.T.);
#757=ORIENTED_EDGE('',*,*,#1541,.T.);
#758=ORIENTED_EDGE('',*,*,#1673,.T.);
#759=ORIENTED_EDGE('',*,*,#1681,.T.);
#760=ORIENTED_EDGE('',*,*,#1557,.T.);
#761=ORIENTED_EDGE('',*,*,#1687,.T.);
#762=ORIENTED_EDGE('',*,*,#1515,.F.);
#763=ORIENTED_EDGE('',*,*,#1688,.F.);
#764=ORIENTED_EDGE('',*,*,#1511,.F.);
#765=ORIENTED_EDGE('',*,*,#1559,.F.);
#766=ORIENTED_EDGE('',*,*,#1680,.F.);
#767=ORIENTED_EDGE('',*,*,#1664,.F.);
#768=ORIENTED_EDGE('',*,*,#1521,.F.);
#769=ORIENTED_EDGE('',*,*,#1564,.F.);
#770=ORIENTED_EDGE('',*,*,#1675,.F.);
#771=ORIENTED_EDGE('',*,*,#1668,.T.);
#772=ORIENTED_EDGE('',*,*,#1682,.F.);
#773=ORIENTED_EDGE('',*,*,#1689,.F.);
#774=ORIENTED_EDGE('',*,*,#1679,.F.);
#775=ORIENTED_EDGE('',*,*,#1689,.T.);
#776=ORIENTED_EDGE('',*,*,#1690,.F.);
#777=ORIENTED_EDGE('',*,*,#1678,.F.);
#778=ORIENTED_EDGE('',*,*,#1690,.T.);
#779=ORIENTED_EDGE('',*,*,#1691,.F.);
#780=ORIENTED_EDGE('',*,*,#1677,.F.);
#781=ORIENTED_EDGE('',*,*,#1691,.T.);
#782=ORIENTED_EDGE('',*,*,#1692,.T.);
#783=ORIENTED_EDGE('',*,*,#1542,.T.);
#784=ORIENTED_EDGE('',*,*,#1693,.F.);
#785=ORIENTED_EDGE('',*,*,#1531,.F.);
#786=ORIENTED_EDGE('',*,*,#1694,.T.);
#787=ORIENTED_EDGE('',*,*,#1543,.T.);
#788=ORIENTED_EDGE('',*,*,#1692,.F.);
#789=ORIENTED_EDGE('',*,*,#1530,.F.);
#790=ORIENTED_EDGE('',*,*,#1695,.T.);
#791=ORIENTED_EDGE('',*,*,#1544,.T.);
#792=ORIENTED_EDGE('',*,*,#1694,.F.);
#793=ORIENTED_EDGE('',*,*,#1533,.F.);
#794=ORIENTED_EDGE('',*,*,#1693,.T.);
#795=ORIENTED_EDGE('',*,*,#1545,.T.);
#796=ORIENTED_EDGE('',*,*,#1695,.F.);
#797=ORIENTED_EDGE('',*,*,#1532,.F.);
#798=ORIENTED_EDGE('',*,*,#1554,.F.);
#799=ORIENTED_EDGE('',*,*,#1686,.T.);
#800=ORIENTED_EDGE('',*,*,#1518,.T.);
#801=ORIENTED_EDGE('',*,*,#1696,.T.);
#802=ORIENTED_EDGE('',*,*,#1687,.F.);
#803=ORIENTED_EDGE('',*,*,#1556,.T.);
#804=ORIENTED_EDGE('',*,*,#1697,.F.);
#805=ORIENTED_EDGE('',*,*,#1516,.F.);
#806=ORIENTED_EDGE('',*,*,#1555,.F.);
#807=ORIENTED_EDGE('',*,*,#1696,.F.);
#808=ORIENTED_EDGE('',*,*,#1517,.T.);
#809=ORIENTED_EDGE('',*,*,#1697,.T.);
#810=ORIENTED_EDGE('',*,*,#1698,.T.);
#811=ORIENTED_EDGE('',*,*,#1699,.F.);
#812=ORIENTED_EDGE('',*,*,#1512,.F.);
#813=ORIENTED_EDGE('',*,*,#1700,.F.);
#814=ORIENTED_EDGE('',*,*,#1701,.T.);
#815=ORIENTED_EDGE('',*,*,#1702,.F.);
#816=ORIENTED_EDGE('',*,*,#1701,.F.);
#817=ORIENTED_EDGE('',*,*,#1703,.T.);
#818=ORIENTED_EDGE('',*,*,#1704,.T.);
#819=ORIENTED_EDGE('',*,*,#1705,.F.);
#820=ORIENTED_EDGE('',*,*,#1704,.F.);
#821=ORIENTED_EDGE('',*,*,#1706,.T.);
#822=ORIENTED_EDGE('',*,*,#1514,.T.);
#823=ORIENTED_EDGE('',*,*,#1707,.T.);
#824=ORIENTED_EDGE('',*,*,#1708,.T.);
#825=ORIENTED_EDGE('',*,*,#1707,.F.);
#826=ORIENTED_EDGE('',*,*,#1513,.F.);
#827=ORIENTED_EDGE('',*,*,#1699,.T.);
#828=ORIENTED_EDGE('',*,*,#1688,.T.);
#829=ORIENTED_EDGE('',*,*,#1706,.F.);
#830=ORIENTED_EDGE('',*,*,#1703,.F.);
#831=ORIENTED_EDGE('',*,*,#1700,.T.);
#832=ORIENTED_EDGE('',*,*,#1698,.F.);
#833=ORIENTED_EDGE('',*,*,#1702,.T.);
#834=ORIENTED_EDGE('',*,*,#1705,.T.);
#835=ORIENTED_EDGE('',*,*,#1708,.F.);
#836=ORIENTED_EDGE('',*,*,#1499,.F.);
#837=ORIENTED_EDGE('',*,*,#1548,.T.);
#838=ORIENTED_EDGE('',*,*,#1709,.F.);
#839=ORIENTED_EDGE('',*,*,#1710,.F.);
#840=ORIENTED_EDGE('',*,*,#1546,.F.);
#841=ORIENTED_EDGE('',*,*,#1503,.T.);
#842=ORIENTED_EDGE('',*,*,#1711,.T.);
#843=ORIENTED_EDGE('',*,*,#1712,.T.);
#844=ORIENTED_EDGE('',*,*,#1547,.T.);
#845=ORIENTED_EDGE('',*,*,#1712,.F.);
#846=ORIENTED_EDGE('',*,*,#1713,.F.);
#847=ORIENTED_EDGE('',*,*,#1709,.T.);
#848=ORIENTED_EDGE('',*,*,#1714,.F.);
#849=ORIENTED_EDGE('',*,*,#1500,.T.);
#850=ORIENTED_EDGE('',*,*,#1710,.T.);
#851=ORIENTED_EDGE('',*,*,#1713,.T.);
#852=ORIENTED_EDGE('',*,*,#1711,.F.);
#853=ORIENTED_EDGE('',*,*,#1502,.T.);
#854=ORIENTED_EDGE('',*,*,#1715,.T.);
#855=ORIENTED_EDGE('',*,*,#1716,.F.);
#856=ORIENTED_EDGE('',*,*,#1717,.T.);
#857=ORIENTED_EDGE('',*,*,#1718,.F.);
#858=ORIENTED_EDGE('',*,*,#1719,.F.);
#859=ORIENTED_EDGE('',*,*,#1720,.T.);
#860=ORIENTED_EDGE('',*,*,#1721,.F.);
#861=ORIENTED_EDGE('',*,*,#1720,.F.);
#862=ORIENTED_EDGE('',*,*,#1722,.T.);
#863=ORIENTED_EDGE('',*,*,#1714,.T.);
#864=ORIENTED_EDGE('',*,*,#1723,.T.);
#865=ORIENTED_EDGE('',*,*,#1724,.F.);
#866=ORIENTED_EDGE('',*,*,#1723,.F.);
#867=ORIENTED_EDGE('',*,*,#1716,.T.);
#868=ORIENTED_EDGE('',*,*,#1725,.T.);
#869=ORIENTED_EDGE('',*,*,#1726,.T.);
#870=ORIENTED_EDGE('',*,*,#1725,.F.);
#871=ORIENTED_EDGE('',*,*,#1715,.F.);
#872=ORIENTED_EDGE('',*,*,#1727,.F.);
#873=ORIENTED_EDGE('',*,*,#1718,.T.);
#874=ORIENTED_EDGE('',*,*,#1501,.T.);
#875=ORIENTED_EDGE('',*,*,#1722,.F.);
#876=ORIENTED_EDGE('',*,*,#1719,.T.);
#877=ORIENTED_EDGE('',*,*,#1727,.T.);
#878=ORIENTED_EDGE('',*,*,#1717,.F.);
#879=ORIENTED_EDGE('',*,*,#1721,.T.);
#880=ORIENTED_EDGE('',*,*,#1724,.T.);
#881=ORIENTED_EDGE('',*,*,#1726,.F.);
#882=ORIENTED_EDGE('',*,*,#1728,.F.);
#883=ORIENTED_EDGE('',*,*,#1729,.T.);
#884=ORIENTED_EDGE('',*,*,#1730,.F.);
#885=ORIENTED_EDGE('',*,*,#1731,.F.);
#886=ORIENTED_EDGE('',*,*,#1732,.F.);
#887=ORIENTED_EDGE('',*,*,#1733,.T.);
#888=ORIENTED_EDGE('',*,*,#1734,.F.);
#889=ORIENTED_EDGE('',*,*,#1729,.F.);
#890=ORIENTED_EDGE('',*,*,#1735,.F.);
#891=ORIENTED_EDGE('',*,*,#1736,.T.);
#892=ORIENTED_EDGE('',*,*,#1737,.F.);
#893=ORIENTED_EDGE('',*,*,#1733,.F.);
#894=ORIENTED_EDGE('',*,*,#1738,.F.);
#895=ORIENTED_EDGE('',*,*,#1739,.T.);
#896=ORIENTED_EDGE('',*,*,#1740,.T.);
#897=ORIENTED_EDGE('',*,*,#1741,.T.);
#898=ORIENTED_EDGE('',*,*,#1742,.F.);
#899=ORIENTED_EDGE('',*,*,#1743,.T.);
#900=ORIENTED_EDGE('',*,*,#1738,.T.);
#901=ORIENTED_EDGE('',*,*,#1744,.T.);
#902=ORIENTED_EDGE('',*,*,#1745,.F.);
#903=ORIENTED_EDGE('',*,*,#1746,.T.);
#904=ORIENTED_EDGE('',*,*,#1747,.F.);
#905=ORIENTED_EDGE('',*,*,#1744,.F.);
#906=ORIENTED_EDGE('',*,*,#1741,.F.);
#907=ORIENTED_EDGE('',*,*,#1748,.T.);
#908=ORIENTED_EDGE('',*,*,#1749,.T.);
#909=ORIENTED_EDGE('',*,*,#1750,.T.);
#910=ORIENTED_EDGE('',*,*,#1751,.F.);
#911=ORIENTED_EDGE('',*,*,#1752,.T.);
#912=ORIENTED_EDGE('',*,*,#1730,.T.);
#913=ORIENTED_EDGE('',*,*,#1734,.T.);
#914=ORIENTED_EDGE('',*,*,#1737,.T.);
#915=ORIENTED_EDGE('',*,*,#1753,.T.);
#916=ORIENTED_EDGE('',*,*,#1754,.F.);
#917=ORIENTED_EDGE('',*,*,#1755,.F.);
#918=ORIENTED_EDGE('',*,*,#1756,.F.);
#919=ORIENTED_EDGE('',*,*,#1757,.T.);
#920=ORIENTED_EDGE('',*,*,#1758,.T.);
#921=ORIENTED_EDGE('',*,*,#1759,.F.);
#922=ORIENTED_EDGE('',*,*,#1739,.F.);
#923=ORIENTED_EDGE('',*,*,#1743,.F.);
#924=ORIENTED_EDGE('',*,*,#1760,.F.);
#925=ORIENTED_EDGE('',*,*,#1761,.T.);
#926=ORIENTED_EDGE('',*,*,#1762,.T.);
#927=ORIENTED_EDGE('',*,*,#1735,.T.);
#928=ORIENTED_EDGE('',*,*,#1732,.T.);
#929=ORIENTED_EDGE('',*,*,#1728,.T.);
#930=ORIENTED_EDGE('',*,*,#1763,.F.);
#931=ORIENTED_EDGE('',*,*,#1757,.F.);
#932=ORIENTED_EDGE('',*,*,#1731,.T.);
#933=ORIENTED_EDGE('',*,*,#1752,.F.);
#934=ORIENTED_EDGE('',*,*,#1764,.F.);
#935=ORIENTED_EDGE('',*,*,#1753,.F.);
#936=ORIENTED_EDGE('',*,*,#1736,.F.);
#937=ORIENTED_EDGE('',*,*,#1762,.F.);
#938=ORIENTED_EDGE('',*,*,#1759,.T.);
#939=ORIENTED_EDGE('',*,*,#1765,.T.);
#940=ORIENTED_EDGE('',*,*,#1745,.T.);
#941=ORIENTED_EDGE('',*,*,#1740,.F.);
#942=ORIENTED_EDGE('',*,*,#1747,.T.);
#943=ORIENTED_EDGE('',*,*,#1766,.T.);
#944=ORIENTED_EDGE('',*,*,#1760,.T.);
#945=ORIENTED_EDGE('',*,*,#1742,.T.);
#946=ORIENTED_EDGE('',*,*,#1751,.T.);
#947=ORIENTED_EDGE('',*,*,#1764,.T.);
#948=ORIENTED_EDGE('',*,*,#1761,.F.);
#949=ORIENTED_EDGE('',*,*,#1766,.F.);
#950=ORIENTED_EDGE('',*,*,#1746,.F.);
#951=ORIENTED_EDGE('',*,*,#1765,.F.);
#952=ORIENTED_EDGE('',*,*,#1758,.F.);
#953=ORIENTED_EDGE('',*,*,#1763,.T.);
#954=ORIENTED_EDGE('',*,*,#1750,.F.);
#955=ORIENTED_EDGE('',*,*,#1756,.T.);
#956=ORIENTED_EDGE('',*,*,#1749,.F.);
#957=ORIENTED_EDGE('',*,*,#1755,.T.);
#958=ORIENTED_EDGE('',*,*,#1748,.F.);
#959=ORIENTED_EDGE('',*,*,#1754,.T.);
#960=ORIENTED_EDGE('',*,*,#1767,.F.);
#961=ORIENTED_EDGE('',*,*,#1768,.T.);
#962=ORIENTED_EDGE('',*,*,#1769,.T.);
#963=ORIENTED_EDGE('',*,*,#1770,.T.);
#964=ORIENTED_EDGE('',*,*,#1771,.T.);
#965=ORIENTED_EDGE('',*,*,#1772,.F.);
#966=ORIENTED_EDGE('',*,*,#1773,.T.);
#967=ORIENTED_EDGE('',*,*,#1771,.F.);
#968=ORIENTED_EDGE('',*,*,#1774,.F.);
#969=ORIENTED_EDGE('',*,*,#1768,.F.);
#970=ORIENTED_EDGE('',*,*,#1775,.T.);
#971=ORIENTED_EDGE('',*,*,#1776,.F.);
#972=ORIENTED_EDGE('',*,*,#1777,.T.);
#973=ORIENTED_EDGE('',*,*,#1778,.F.);
#974=ORIENTED_EDGE('',*,*,#1779,.F.);
#975=ORIENTED_EDGE('',*,*,#1780,.F.);
#976=ORIENTED_EDGE('',*,*,#1781,.F.);
#977=ORIENTED_EDGE('',*,*,#1782,.F.);
#978=ORIENTED_EDGE('',*,*,#1783,.F.);
#979=ORIENTED_EDGE('',*,*,#1784,.F.);
#980=ORIENTED_EDGE('',*,*,#1785,.F.);
#981=ORIENTED_EDGE('',*,*,#1786,.F.);
#982=ORIENTED_EDGE('',*,*,#1787,.F.);
#983=ORIENTED_EDGE('',*,*,#1772,.T.);
#984=ORIENTED_EDGE('',*,*,#1788,.T.);
#985=ORIENTED_EDGE('',*,*,#1789,.T.);
#986=ORIENTED_EDGE('',*,*,#1776,.T.);
#987=ORIENTED_EDGE('',*,*,#1790,.T.);
#988=ORIENTED_EDGE('',*,*,#1791,.T.);
#989=ORIENTED_EDGE('',*,*,#1792,.T.);
#990=ORIENTED_EDGE('',*,*,#1793,.F.);
#991=ORIENTED_EDGE('',*,*,#1794,.T.);
#992=ORIENTED_EDGE('',*,*,#1795,.F.);
#993=ORIENTED_EDGE('',*,*,#1796,.F.);
#994=ORIENTED_EDGE('',*,*,#1797,.F.);
#995=ORIENTED_EDGE('',*,*,#1798,.F.);
#996=ORIENTED_EDGE('',*,*,#1799,.F.);
#997=ORIENTED_EDGE('',*,*,#1793,.T.);
#998=ORIENTED_EDGE('',*,*,#1800,.F.);
#999=ORIENTED_EDGE('',*,*,#1782,.T.);
#1000=ORIENTED_EDGE('',*,*,#1801,.F.);
#1001=ORIENTED_EDGE('',*,*,#1786,.T.);
#1002=ORIENTED_EDGE('',*,*,#1802,.T.);
#1003=ORIENTED_EDGE('',*,*,#1795,.T.);
#1004=ORIENTED_EDGE('',*,*,#1789,.F.);
#1005=ORIENTED_EDGE('',*,*,#1803,.T.);
#1006=ORIENTED_EDGE('',*,*,#1769,.F.);
#1007=ORIENTED_EDGE('',*,*,#1777,.F.);
#1008=ORIENTED_EDGE('',*,*,#1788,.F.);
#1009=ORIENTED_EDGE('',*,*,#1774,.T.);
#1010=ORIENTED_EDGE('',*,*,#1770,.F.);
#1011=ORIENTED_EDGE('',*,*,#1803,.F.);
#1012=ORIENTED_EDGE('',*,*,#1804,.F.);
#1013=ORIENTED_EDGE('',*,*,#1783,.T.);
#1014=ORIENTED_EDGE('',*,*,#1800,.T.);
#1015=ORIENTED_EDGE('',*,*,#1798,.T.);
#1016=ORIENTED_EDGE('',*,*,#1805,.F.);
#1017=ORIENTED_EDGE('',*,*,#1784,.T.);
#1018=ORIENTED_EDGE('',*,*,#1804,.T.);
#1019=ORIENTED_EDGE('',*,*,#1797,.T.);
#1020=ORIENTED_EDGE('',*,*,#1802,.F.);
#1021=ORIENTED_EDGE('',*,*,#1785,.T.);
#1022=ORIENTED_EDGE('',*,*,#1805,.T.);
#1023=ORIENTED_EDGE('',*,*,#1796,.T.);
#1024=ORIENTED_EDGE('',*,*,#1775,.F.);
#1025=ORIENTED_EDGE('',*,*,#1767,.T.);
#1026=ORIENTED_EDGE('',*,*,#1773,.F.);
#1027=ORIENTED_EDGE('',*,*,#1787,.T.);
#1028=ORIENTED_EDGE('',*,*,#1801,.T.);
#1029=ORIENTED_EDGE('',*,*,#1794,.F.);
#1030=ORIENTED_EDGE('',*,*,#1799,.T.);
#1031=ORIENTED_EDGE('',*,*,#1781,.T.);
#1032=ORIENTED_EDGE('',*,*,#1792,.F.);
#1033=ORIENTED_EDGE('',*,*,#1780,.T.);
#1034=ORIENTED_EDGE('',*,*,#1791,.F.);
#1035=ORIENTED_EDGE('',*,*,#1779,.T.);
#1036=ORIENTED_EDGE('',*,*,#1790,.F.);
#1037=ORIENTED_EDGE('',*,*,#1778,.T.);
#1038=ORIENTED_EDGE('',*,*,#1806,.F.);
#1039=ORIENTED_EDGE('',*,*,#1807,.T.);
#1040=ORIENTED_EDGE('',*,*,#1808,.T.);
#1041=ORIENTED_EDGE('',*,*,#1809,.F.);
#1042=ORIENTED_EDGE('',*,*,#1810,.F.);
#1043=ORIENTED_EDGE('',*,*,#1811,.T.);
#1044=ORIENTED_EDGE('',*,*,#1812,.F.);
#1045=ORIENTED_EDGE('',*,*,#1813,.F.);
#1046=ORIENTED_EDGE('',*,*,#1814,.F.);
#1047=ORIENTED_EDGE('',*,*,#1815,.T.);
#1048=ORIENTED_EDGE('',*,*,#1816,.F.);
#1049=ORIENTED_EDGE('',*,*,#1817,.F.);
#1050=ORIENTED_EDGE('',*,*,#1818,.T.);
#1051=ORIENTED_EDGE('',*,*,#1819,.T.);
#1052=ORIENTED_EDGE('',*,*,#1820,.F.);
#1053=ORIENTED_EDGE('',*,*,#1821,.F.);
#1054=ORIENTED_EDGE('',*,*,#1822,.F.);
#1055=ORIENTED_EDGE('',*,*,#1823,.T.);
#1056=ORIENTED_EDGE('',*,*,#1824,.F.);
#1057=ORIENTED_EDGE('',*,*,#1825,.T.);
#1058=ORIENTED_EDGE('',*,*,#1826,.T.);
#1059=ORIENTED_EDGE('',*,*,#1827,.T.);
#1060=ORIENTED_EDGE('',*,*,#1828,.F.);
#1061=ORIENTED_EDGE('',*,*,#1829,.F.);
#1062=ORIENTED_EDGE('',*,*,#1830,.T.);
#1063=ORIENTED_EDGE('',*,*,#1831,.T.);
#1064=ORIENTED_EDGE('',*,*,#1832,.T.);
#1065=ORIENTED_EDGE('',*,*,#1833,.T.);
#1066=ORIENTED_EDGE('',*,*,#1834,.T.);
#1067=ORIENTED_EDGE('',*,*,#1835,.F.);
#1068=ORIENTED_EDGE('',*,*,#1836,.T.);
#1069=ORIENTED_EDGE('',*,*,#1837,.F.);
#1070=ORIENTED_EDGE('',*,*,#1838,.T.);
#1071=ORIENTED_EDGE('',*,*,#1835,.T.);
#1072=ORIENTED_EDGE('',*,*,#1839,.T.);
#1073=ORIENTED_EDGE('',*,*,#1828,.T.);
#1074=ORIENTED_EDGE('',*,*,#1840,.T.);
#1075=ORIENTED_EDGE('',*,*,#1833,.F.);
#1076=ORIENTED_EDGE('',*,*,#1841,.T.);
#1077=ORIENTED_EDGE('',*,*,#1842,.F.);
#1078=ORIENTED_EDGE('',*,*,#1843,.T.);
#1079=ORIENTED_EDGE('',*,*,#1826,.F.);
#1080=ORIENTED_EDGE('',*,*,#1844,.F.);
#1081=ORIENTED_EDGE('',*,*,#1810,.T.);
#1082=ORIENTED_EDGE('',*,*,#1845,.T.);
#1083=ORIENTED_EDGE('',*,*,#1806,.T.);
#1084=ORIENTED_EDGE('',*,*,#1846,.T.);
#1085=ORIENTED_EDGE('',*,*,#1847,.T.);
#1086=ORIENTED_EDGE('',*,*,#1848,.F.);
#1087=ORIENTED_EDGE('',*,*,#1849,.F.);
#1088=ORIENTED_EDGE('',*,*,#1850,.F.);
#1089=ORIENTED_EDGE('',*,*,#1851,.T.);
#1090=ORIENTED_EDGE('',*,*,#1852,.T.);
#1091=ORIENTED_EDGE('',*,*,#1853,.F.);
#1092=ORIENTED_EDGE('',*,*,#1854,.T.);
#1093=ORIENTED_EDGE('',*,*,#1855,.F.);
#1094=ORIENTED_EDGE('',*,*,#1856,.F.);
#1095=ORIENTED_EDGE('',*,*,#1857,.F.);
#1096=ORIENTED_EDGE('',*,*,#1858,.F.);
#1097=ORIENTED_EDGE('',*,*,#1859,.T.);
#1098=ORIENTED_EDGE('',*,*,#1860,.T.);
#1099=ORIENTED_EDGE('',*,*,#1861,.T.);
#1100=ORIENTED_EDGE('',*,*,#1816,.T.);
#1101=ORIENTED_EDGE('',*,*,#1862,.T.);
#1102=ORIENTED_EDGE('',*,*,#1820,.T.);
#1103=ORIENTED_EDGE('',*,*,#1863,.F.);
#1104=ORIENTED_EDGE('',*,*,#1864,.T.);
#1105=ORIENTED_EDGE('',*,*,#1865,.F.);
#1106=ORIENTED_EDGE('',*,*,#1859,.F.);
#1107=ORIENTED_EDGE('',*,*,#1866,.F.);
#1108=ORIENTED_EDGE('',*,*,#1867,.F.);
#1109=ORIENTED_EDGE('',*,*,#1852,.F.);
#1110=ORIENTED_EDGE('',*,*,#1868,.F.);
#1111=ORIENTED_EDGE('',*,*,#1857,.T.);
#1112=ORIENTED_EDGE('',*,*,#1869,.T.);
#1113=ORIENTED_EDGE('',*,*,#1870,.T.);
#1114=ORIENTED_EDGE('',*,*,#1871,.F.);
#1115=ORIENTED_EDGE('',*,*,#1872,.T.);
#1116=ORIENTED_EDGE('',*,*,#1873,.T.);
#1117=ORIENTED_EDGE('',*,*,#1874,.T.);
#1118=ORIENTED_EDGE('',*,*,#1875,.T.);
#1119=ORIENTED_EDGE('',*,*,#1838,.F.);
#1120=ORIENTED_EDGE('',*,*,#1876,.T.);
#1121=ORIENTED_EDGE('',*,*,#1877,.T.);
#1122=ORIENTED_EDGE('',*,*,#1869,.F.);
#1123=ORIENTED_EDGE('',*,*,#1825,.F.);
#1124=ORIENTED_EDGE('',*,*,#1878,.F.);
#1125=ORIENTED_EDGE('',*,*,#1879,.T.);
#1126=ORIENTED_EDGE('',*,*,#1880,.F.);
#1127=ORIENTED_EDGE('',*,*,#1881,.F.);
#1128=ORIENTED_EDGE('',*,*,#1841,.F.);
#1129=ORIENTED_EDGE('',*,*,#1836,.F.);
#1130=ORIENTED_EDGE('',*,*,#1882,.F.);
#1131=ORIENTED_EDGE('',*,*,#1844,.T.);
#1132=ORIENTED_EDGE('',*,*,#1832,.F.);
#1133=ORIENTED_EDGE('',*,*,#1883,.F.);
#1134=ORIENTED_EDGE('',*,*,#1823,.F.);
#1135=ORIENTED_EDGE('',*,*,#1884,.F.);
#1136=ORIENTED_EDGE('',*,*,#1871,.T.);
#1137=ORIENTED_EDGE('',*,*,#1885,.T.);
#1138=ORIENTED_EDGE('',*,*,#1881,.T.);
#1139=ORIENTED_EDGE('',*,*,#1886,.T.);
#1140=ORIENTED_EDGE('',*,*,#1887,.T.);
#1141=ORIENTED_EDGE('',*,*,#1829,.T.);
#1142=ORIENTED_EDGE('',*,*,#1831,.F.);
#1143=ORIENTED_EDGE('',*,*,#1888,.T.);
#1144=ORIENTED_EDGE('',*,*,#1889,.T.);
#1145=ORIENTED_EDGE('',*,*,#1890,.F.);
#1146=ORIENTED_EDGE('',*,*,#1891,.F.);
#1147=ORIENTED_EDGE('',*,*,#1892,.F.);
#1148=ORIENTED_EDGE('',*,*,#1893,.F.);
#1149=ORIENTED_EDGE('',*,*,#1894,.F.);
#1150=ORIENTED_EDGE('',*,*,#1895,.F.);
#1151=ORIENTED_EDGE('',*,*,#1896,.F.);
#1152=ORIENTED_EDGE('',*,*,#1897,.F.);
#1153=ORIENTED_EDGE('',*,*,#1898,.F.);
#1154=ORIENTED_EDGE('',*,*,#1899,.F.);
#1155=ORIENTED_EDGE('',*,*,#1900,.F.);
#1156=ORIENTED_EDGE('',*,*,#1901,.F.);
#1157=ORIENTED_EDGE('',*,*,#1902,.F.);
#1158=ORIENTED_EDGE('',*,*,#1903,.F.);
#1159=ORIENTED_EDGE('',*,*,#1904,.F.);
#1160=ORIENTED_EDGE('',*,*,#1905,.F.);
#1161=ORIENTED_EDGE('',*,*,#1906,.F.);
#1162=ORIENTED_EDGE('',*,*,#1824,.T.);
#1163=ORIENTED_EDGE('',*,*,#1883,.T.);
#1164=ORIENTED_EDGE('',*,*,#1907,.F.);
#1165=ORIENTED_EDGE('',*,*,#1878,.T.);
#1166=ORIENTED_EDGE('',*,*,#1908,.F.);
#1167=ORIENTED_EDGE('',*,*,#1909,.F.);
#1168=ORIENTED_EDGE('',*,*,#1910,.F.);
#1169=ORIENTED_EDGE('',*,*,#1911,.F.);
#1170=ORIENTED_EDGE('',*,*,#1912,.F.);
#1171=ORIENTED_EDGE('',*,*,#1913,.F.);
#1172=ORIENTED_EDGE('',*,*,#1914,.F.);
#1173=ORIENTED_EDGE('',*,*,#1915,.F.);
#1174=ORIENTED_EDGE('',*,*,#1916,.F.);
#1175=ORIENTED_EDGE('',*,*,#1917,.F.);
#1176=ORIENTED_EDGE('',*,*,#1918,.F.);
#1177=ORIENTED_EDGE('',*,*,#1919,.F.);
#1178=ORIENTED_EDGE('',*,*,#1920,.F.);
#1179=ORIENTED_EDGE('',*,*,#1921,.F.);
#1180=ORIENTED_EDGE('',*,*,#1922,.F.);
#1181=ORIENTED_EDGE('',*,*,#1923,.F.);
#1182=ORIENTED_EDGE('',*,*,#1907,.T.);
#1183=ORIENTED_EDGE('',*,*,#1924,.F.);
#1184=ORIENTED_EDGE('',*,*,#1890,.T.);
#1185=ORIENTED_EDGE('',*,*,#1925,.T.);
#1186=ORIENTED_EDGE('',*,*,#1879,.F.);
#1187=ORIENTED_EDGE('',*,*,#1880,.T.);
#1188=ORIENTED_EDGE('',*,*,#1925,.F.);
#1189=ORIENTED_EDGE('',*,*,#1889,.F.);
#1190=ORIENTED_EDGE('',*,*,#1926,.T.);
#1191=ORIENTED_EDGE('',*,*,#1886,.F.);
#1192=ORIENTED_EDGE('',*,*,#1926,.F.);
#1193=ORIENTED_EDGE('',*,*,#1888,.F.);
#1194=ORIENTED_EDGE('',*,*,#1830,.F.);
#1195=ORIENTED_EDGE('',*,*,#1887,.F.);
#1196=ORIENTED_EDGE('',*,*,#1908,.T.);
#1197=ORIENTED_EDGE('',*,*,#1906,.T.);
#1198=ORIENTED_EDGE('',*,*,#1927,.T.);
#1199=ORIENTED_EDGE('',*,*,#1909,.T.);
#1200=ORIENTED_EDGE('',*,*,#1927,.F.);
#1201=ORIENTED_EDGE('',*,*,#1905,.T.);
#1202=ORIENTED_EDGE('',*,*,#1928,.T.);
#1203=ORIENTED_EDGE('',*,*,#1910,.T.);
#1204=ORIENTED_EDGE('',*,*,#1928,.F.);
#1205=ORIENTED_EDGE('',*,*,#1904,.T.);
#1206=ORIENTED_EDGE('',*,*,#1929,.T.);
#1207=ORIENTED_EDGE('',*,*,#1911,.T.);
#1208=ORIENTED_EDGE('',*,*,#1929,.F.);
#1209=ORIENTED_EDGE('',*,*,#1903,.T.);
#1210=ORIENTED_EDGE('',*,*,#1930,.T.);
#1211=ORIENTED_EDGE('',*,*,#1912,.T.);
#1212=ORIENTED_EDGE('',*,*,#1930,.F.);
#1213=ORIENTED_EDGE('',*,*,#1902,.T.);
#1214=ORIENTED_EDGE('',*,*,#1931,.T.);
#1215=ORIENTED_EDGE('',*,*,#1913,.T.);
#1216=ORIENTED_EDGE('',*,*,#1931,.F.);
#1217=ORIENTED_EDGE('',*,*,#1901,.T.);
#1218=ORIENTED_EDGE('',*,*,#1932,.T.);
#1219=ORIENTED_EDGE('',*,*,#1914,.T.);
#1220=ORIENTED_EDGE('',*,*,#1932,.F.);
#1221=ORIENTED_EDGE('',*,*,#1900,.T.);
#1222=ORIENTED_EDGE('',*,*,#1933,.T.);
#1223=ORIENTED_EDGE('',*,*,#1915,.T.);
#1224=ORIENTED_EDGE('',*,*,#1933,.F.);
#1225=ORIENTED_EDGE('',*,*,#1899,.T.);
#1226=ORIENTED_EDGE('',*,*,#1934,.T.);
#1227=ORIENTED_EDGE('',*,*,#1916,.T.);
#1228=ORIENTED_EDGE('',*,*,#1934,.F.);
#1229=ORIENTED_EDGE('',*,*,#1898,.T.);
#1230=ORIENTED_EDGE('',*,*,#1935,.T.);
#1231=ORIENTED_EDGE('',*,*,#1917,.T.);
#1232=ORIENTED_EDGE('',*,*,#1935,.F.);
#1233=ORIENTED_EDGE('',*,*,#1897,.T.);
#1234=ORIENTED_EDGE('',*,*,#1936,.T.);
#1235=ORIENTED_EDGE('',*,*,#1918,.T.);
#1236=ORIENTED_EDGE('',*,*,#1936,.F.);
#1237=ORIENTED_EDGE('',*,*,#1896,.T.);
#1238=ORIENTED_EDGE('',*,*,#1937,.T.);
#1239=ORIENTED_EDGE('',*,*,#1919,.T.);
#1240=ORIENTED_EDGE('',*,*,#1937,.F.);
#1241=ORIENTED_EDGE('',*,*,#1895,.T.);
#1242=ORIENTED_EDGE('',*,*,#1938,.T.);
#1243=ORIENTED_EDGE('',*,*,#1920,.T.);
#1244=ORIENTED_EDGE('',*,*,#1938,.F.);
#1245=ORIENTED_EDGE('',*,*,#1894,.T.);
#1246=ORIENTED_EDGE('',*,*,#1939,.T.);
#1247=ORIENTED_EDGE('',*,*,#1921,.T.);
#1248=ORIENTED_EDGE('',*,*,#1939,.F.);
#1249=ORIENTED_EDGE('',*,*,#1893,.T.);
#1250=ORIENTED_EDGE('',*,*,#1940,.T.);
#1251=ORIENTED_EDGE('',*,*,#1922,.T.);
#1252=ORIENTED_EDGE('',*,*,#1940,.F.);
#1253=ORIENTED_EDGE('',*,*,#1892,.T.);
#1254=ORIENTED_EDGE('',*,*,#1941,.T.);
#1255=ORIENTED_EDGE('',*,*,#1923,.T.);
#1256=ORIENTED_EDGE('',*,*,#1941,.F.);
#1257=ORIENTED_EDGE('',*,*,#1891,.T.);
#1258=ORIENTED_EDGE('',*,*,#1924,.T.);
#1259=ORIENTED_EDGE('',*,*,#1942,.F.);
#1260=ORIENTED_EDGE('',*,*,#1885,.F.);
#1261=ORIENTED_EDGE('',*,*,#1870,.F.);
#1262=ORIENTED_EDGE('',*,*,#1877,.F.);
#1263=ORIENTED_EDGE('',*,*,#1848,.T.);
#1264=ORIENTED_EDGE('',*,*,#1943,.T.);
#1265=ORIENTED_EDGE('',*,*,#1944,.T.);
#1266=ORIENTED_EDGE('',*,*,#1945,.F.);
#1267=ORIENTED_EDGE('',*,*,#1851,.F.);
#1268=ORIENTED_EDGE('',*,*,#1946,.F.);
#1269=ORIENTED_EDGE('',*,*,#1947,.F.);
#1270=ORIENTED_EDGE('',*,*,#1944,.F.);
#1271=ORIENTED_EDGE('',*,*,#1948,.T.);
#1272=ORIENTED_EDGE('',*,*,#1949,.T.);
#1273=ORIENTED_EDGE('',*,*,#1950,.T.);
#1274=ORIENTED_EDGE('',*,*,#1951,.T.);
#1275=ORIENTED_EDGE('',*,*,#1952,.T.);
#1276=ORIENTED_EDGE('',*,*,#1953,.T.);
#1277=ORIENTED_EDGE('',*,*,#1954,.T.);
#1278=ORIENTED_EDGE('',*,*,#1955,.T.);
#1279=ORIENTED_EDGE('',*,*,#1956,.T.);
#1280=ORIENTED_EDGE('',*,*,#1957,.T.);
#1281=ORIENTED_EDGE('',*,*,#1958,.T.);
#1282=ORIENTED_EDGE('',*,*,#1959,.F.);
#1283=ORIENTED_EDGE('',*,*,#1960,.F.);
#1284=ORIENTED_EDGE('',*,*,#1849,.T.);
#1285=ORIENTED_EDGE('',*,*,#1961,.T.);
#1286=ORIENTED_EDGE('',*,*,#1962,.T.);
#1287=ORIENTED_EDGE('',*,*,#1963,.F.);
#1288=ORIENTED_EDGE('',*,*,#1964,.T.);
#1289=ORIENTED_EDGE('',*,*,#1965,.T.);
#1290=ORIENTED_EDGE('',*,*,#1966,.T.);
#1291=ORIENTED_EDGE('',*,*,#1967,.T.);
#1292=ORIENTED_EDGE('',*,*,#1968,.T.);
#1293=ORIENTED_EDGE('',*,*,#1969,.T.);
#1294=ORIENTED_EDGE('',*,*,#1970,.T.);
#1295=ORIENTED_EDGE('',*,*,#1971,.T.);
#1296=ORIENTED_EDGE('',*,*,#1972,.T.);
#1297=ORIENTED_EDGE('',*,*,#1973,.F.);
#1298=ORIENTED_EDGE('',*,*,#1974,.F.);
#1299=ORIENTED_EDGE('',*,*,#1975,.F.);
#1300=ORIENTED_EDGE('',*,*,#1976,.F.);
#1301=ORIENTED_EDGE('',*,*,#1977,.F.);
#1302=ORIENTED_EDGE('',*,*,#1866,.T.);
#1303=ORIENTED_EDGE('',*,*,#1858,.T.);
#1304=ORIENTED_EDGE('',*,*,#1868,.T.);
#1305=ORIENTED_EDGE('',*,*,#1945,.T.);
#1306=ORIENTED_EDGE('',*,*,#1978,.T.);
#1307=ORIENTED_EDGE('',*,*,#1979,.F.);
#1308=ORIENTED_EDGE('',*,*,#1963,.T.);
#1309=ORIENTED_EDGE('',*,*,#1964,.F.);
#1310=ORIENTED_EDGE('',*,*,#1979,.T.);
#1311=ORIENTED_EDGE('',*,*,#1980,.F.);
#1312=ORIENTED_EDGE('',*,*,#1958,.F.);
#1313=ORIENTED_EDGE('',*,*,#1981,.T.);
#1314=ORIENTED_EDGE('',*,*,#1978,.F.);
#1315=ORIENTED_EDGE('',*,*,#1947,.T.);
#1316=ORIENTED_EDGE('',*,*,#1982,.F.);
#1317=ORIENTED_EDGE('',*,*,#1959,.T.);
#1318=ORIENTED_EDGE('',*,*,#1980,.T.);
#1319=ORIENTED_EDGE('',*,*,#1982,.T.);
#1320=ORIENTED_EDGE('',*,*,#1946,.T.);
#1321=ORIENTED_EDGE('',*,*,#1850,.T.);
#1322=ORIENTED_EDGE('',*,*,#1960,.T.);
#1323=ORIENTED_EDGE('',*,*,#1983,.F.);
#1324=ORIENTED_EDGE('',*,*,#1961,.F.);
#1325=ORIENTED_EDGE('',*,*,#1984,.F.);
#1326=ORIENTED_EDGE('',*,*,#1949,.F.);
#1327=ORIENTED_EDGE('',*,*,#1972,.F.);
#1328=ORIENTED_EDGE('',*,*,#1985,.F.);
#1329=ORIENTED_EDGE('',*,*,#1950,.F.);
#1330=ORIENTED_EDGE('',*,*,#1984,.T.);
#1331=ORIENTED_EDGE('',*,*,#1971,.F.);
#1332=ORIENTED_EDGE('',*,*,#1986,.F.);
#1333=ORIENTED_EDGE('',*,*,#1951,.F.);
#1334=ORIENTED_EDGE('',*,*,#1985,.T.);
#1335=ORIENTED_EDGE('',*,*,#1970,.F.);
#1336=ORIENTED_EDGE('',*,*,#1987,.F.);
#1337=ORIENTED_EDGE('',*,*,#1952,.F.);
#1338=ORIENTED_EDGE('',*,*,#1986,.T.);
#1339=ORIENTED_EDGE('',*,*,#1969,.F.);
#1340=ORIENTED_EDGE('',*,*,#1988,.F.);
#1341=ORIENTED_EDGE('',*,*,#1953,.F.);
#1342=ORIENTED_EDGE('',*,*,#1987,.T.);
#1343=ORIENTED_EDGE('',*,*,#1968,.F.);
#1344=ORIENTED_EDGE('',*,*,#1989,.F.);
#1345=ORIENTED_EDGE('',*,*,#1954,.F.);
#1346=ORIENTED_EDGE('',*,*,#1988,.T.);
#1347=ORIENTED_EDGE('',*,*,#1967,.F.);
#1348=ORIENTED_EDGE('',*,*,#1990,.F.);
#1349=ORIENTED_EDGE('',*,*,#1955,.F.);
#1350=ORIENTED_EDGE('',*,*,#1989,.T.);
#1351=ORIENTED_EDGE('',*,*,#1966,.F.);
#1352=ORIENTED_EDGE('',*,*,#1991,.F.);
#1353=ORIENTED_EDGE('',*,*,#1956,.F.);
#1354=ORIENTED_EDGE('',*,*,#1990,.T.);
#1355=ORIENTED_EDGE('',*,*,#1965,.F.);
#1356=ORIENTED_EDGE('',*,*,#1981,.F.);
#1357=ORIENTED_EDGE('',*,*,#1957,.F.);
#1358=ORIENTED_EDGE('',*,*,#1991,.T.);
#1359=ORIENTED_EDGE('',*,*,#1992,.T.);
#1360=ORIENTED_EDGE('',*,*,#1993,.T.);
#1361=ORIENTED_EDGE('',*,*,#1994,.T.);
#1362=ORIENTED_EDGE('',*,*,#1995,.F.);
#1363=ORIENTED_EDGE('',*,*,#1839,.F.);
#1364=ORIENTED_EDGE('',*,*,#1834,.F.);
#1365=ORIENTED_EDGE('',*,*,#1840,.F.);
#1366=ORIENTED_EDGE('',*,*,#1827,.F.);
#1367=ORIENTED_EDGE('',*,*,#1843,.F.);
#1368=ORIENTED_EDGE('',*,*,#1996,.F.);
#1369=ORIENTED_EDGE('',*,*,#1853,.T.);
#1370=ORIENTED_EDGE('',*,*,#1867,.T.);
#1371=ORIENTED_EDGE('',*,*,#1856,.T.);
#1372=ORIENTED_EDGE('',*,*,#1865,.T.);
#1373=ORIENTED_EDGE('',*,*,#1847,.F.);
#1374=ORIENTED_EDGE('',*,*,#1997,.T.);
#1375=ORIENTED_EDGE('',*,*,#1998,.T.);
#1376=ORIENTED_EDGE('',*,*,#1999,.F.);
#1377=ORIENTED_EDGE('',*,*,#1854,.F.);
#1378=ORIENTED_EDGE('',*,*,#1996,.T.);
#1379=ORIENTED_EDGE('',*,*,#1842,.T.);
#1380=ORIENTED_EDGE('',*,*,#1882,.T.);
#1381=ORIENTED_EDGE('',*,*,#1822,.T.);
#1382=ORIENTED_EDGE('',*,*,#1884,.T.);
#1383=ORIENTED_EDGE('',*,*,#1942,.T.);
#1384=ORIENTED_EDGE('',*,*,#1876,.F.);
#1385=ORIENTED_EDGE('',*,*,#1837,.T.);
#1386=ORIENTED_EDGE('',*,*,#1995,.T.);
#1387=ORIENTED_EDGE('',*,*,#1864,.F.);
#1388=ORIENTED_EDGE('',*,*,#2000,.F.);
#1389=ORIENTED_EDGE('',*,*,#2001,.F.);
#1390=ORIENTED_EDGE('',*,*,#2002,.T.);
#1391=ORIENTED_EDGE('',*,*,#1860,.F.);
#1392=ORIENTED_EDGE('',*,*,#1977,.T.);
#1393=ORIENTED_EDGE('',*,*,#1962,.F.);
#1394=ORIENTED_EDGE('',*,*,#1983,.T.);
#1395=ORIENTED_EDGE('',*,*,#1948,.F.);
#1396=ORIENTED_EDGE('',*,*,#1943,.F.);
#1397=ORIENTED_EDGE('',*,*,#2003,.F.);
#1398=ORIENTED_EDGE('',*,*,#1994,.F.);
#1399=ORIENTED_EDGE('',*,*,#2003,.T.);
#1400=ORIENTED_EDGE('',*,*,#2004,.F.);
#1401=ORIENTED_EDGE('',*,*,#1993,.F.);
#1402=ORIENTED_EDGE('',*,*,#2004,.T.);
#1403=ORIENTED_EDGE('',*,*,#2005,.F.);
#1404=ORIENTED_EDGE('',*,*,#1992,.F.);
#1405=ORIENTED_EDGE('',*,*,#2005,.T.);
#1406=ORIENTED_EDGE('',*,*,#2006,.T.);
#1407=ORIENTED_EDGE('',*,*,#1973,.T.);
#1408=ORIENTED_EDGE('',*,*,#2007,.F.);
#1409=ORIENTED_EDGE('',*,*,#1873,.F.);
#1410=ORIENTED_EDGE('',*,*,#2008,.T.);
#1411=ORIENTED_EDGE('',*,*,#1974,.T.);
#1412=ORIENTED_EDGE('',*,*,#2006,.F.);
#1413=ORIENTED_EDGE('',*,*,#1872,.F.);
#1414=ORIENTED_EDGE('',*,*,#2009,.T.);
#1415=ORIENTED_EDGE('',*,*,#1975,.T.);
#1416=ORIENTED_EDGE('',*,*,#2008,.F.);
#1417=ORIENTED_EDGE('',*,*,#1875,.F.);
#1418=ORIENTED_EDGE('',*,*,#2007,.T.);
#1419=ORIENTED_EDGE('',*,*,#1976,.T.);
#1420=ORIENTED_EDGE('',*,*,#2009,.F.);
#1421=ORIENTED_EDGE('',*,*,#1874,.F.);
#1422=ORIENTED_EDGE('',*,*,#1861,.F.);
#1423=ORIENTED_EDGE('',*,*,#2002,.F.);
#1424=ORIENTED_EDGE('',*,*,#2010,.F.);
#1425=ORIENTED_EDGE('',*,*,#1817,.T.);
#1426=ORIENTED_EDGE('',*,*,#2000,.T.);
#1427=ORIENTED_EDGE('',*,*,#1863,.T.);
#1428=ORIENTED_EDGE('',*,*,#1819,.F.);
#1429=ORIENTED_EDGE('',*,*,#2011,.T.);
#1430=ORIENTED_EDGE('',*,*,#2001,.T.);
#1431=ORIENTED_EDGE('',*,*,#2011,.F.);
#1432=ORIENTED_EDGE('',*,*,#1818,.F.);
#1433=ORIENTED_EDGE('',*,*,#2010,.T.);
#1434=ORIENTED_EDGE('',*,*,#2012,.T.);
#1435=ORIENTED_EDGE('',*,*,#2013,.T.);
#1436=ORIENTED_EDGE('',*,*,#2014,.F.);
#1437=ORIENTED_EDGE('',*,*,#1862,.F.);
#1438=ORIENTED_EDGE('',*,*,#2015,.T.);
#1439=ORIENTED_EDGE('',*,*,#2016,.F.);
#1440=ORIENTED_EDGE('',*,*,#2012,.F.);
#1441=ORIENTED_EDGE('',*,*,#1815,.F.);
#1442=ORIENTED_EDGE('',*,*,#2017,.T.);
#1443=ORIENTED_EDGE('',*,*,#2018,.F.);
#1444=ORIENTED_EDGE('',*,*,#2017,.F.);
#1445=ORIENTED_EDGE('',*,*,#1814,.T.);
#1446=ORIENTED_EDGE('',*,*,#2019,.T.);
#1447=ORIENTED_EDGE('',*,*,#2020,.F.);
#1448=ORIENTED_EDGE('',*,*,#2019,.F.);
#1449=ORIENTED_EDGE('',*,*,#1821,.T.);
#1450=ORIENTED_EDGE('',*,*,#2014,.T.);
#1451=ORIENTED_EDGE('',*,*,#2021,.T.);
#1452=ORIENTED_EDGE('',*,*,#2022,.T.);
#1453=ORIENTED_EDGE('',*,*,#2021,.F.);
#1454=ORIENTED_EDGE('',*,*,#2013,.F.);
#1455=ORIENTED_EDGE('',*,*,#2016,.T.);
#1456=ORIENTED_EDGE('',*,*,#2015,.F.);
#1457=ORIENTED_EDGE('',*,*,#2018,.T.);
#1458=ORIENTED_EDGE('',*,*,#2020,.T.);
#1459=ORIENTED_EDGE('',*,*,#2022,.F.);
#1460=ORIENTED_EDGE('',*,*,#1846,.F.);
#1461=ORIENTED_EDGE('',*,*,#1813,.T.);
#1462=ORIENTED_EDGE('',*,*,#2023,.T.);
#1463=ORIENTED_EDGE('',*,*,#1997,.F.);
#1464=ORIENTED_EDGE('',*,*,#1811,.F.);
#1465=ORIENTED_EDGE('',*,*,#1855,.T.);
#1466=ORIENTED_EDGE('',*,*,#1999,.T.);
#1467=ORIENTED_EDGE('',*,*,#2024,.F.);
#1468=ORIENTED_EDGE('',*,*,#1998,.F.);
#1469=ORIENTED_EDGE('',*,*,#2023,.F.);
#1470=ORIENTED_EDGE('',*,*,#1812,.T.);
#1471=ORIENTED_EDGE('',*,*,#2024,.T.);
#1472=ORIENTED_EDGE('',*,*,#2025,.F.);
#1473=ORIENTED_EDGE('',*,*,#2026,.F.);
#1474=ORIENTED_EDGE('',*,*,#2027,.T.);
#1475=ORIENTED_EDGE('',*,*,#1845,.F.);
#1476=ORIENTED_EDGE('',*,*,#2028,.T.);
#1477=ORIENTED_EDGE('',*,*,#2029,.F.);
#1478=ORIENTED_EDGE('',*,*,#1807,.F.);
#1479=ORIENTED_EDGE('',*,*,#2027,.F.);
#1480=ORIENTED_EDGE('',*,*,#2030,.T.);
#1481=ORIENTED_EDGE('',*,*,#2031,.F.);
#1482=ORIENTED_EDGE('',*,*,#2030,.F.);
#1483=ORIENTED_EDGE('',*,*,#2026,.T.);
#1484=ORIENTED_EDGE('',*,*,#2032,.T.);
#1485=ORIENTED_EDGE('',*,*,#2033,.F.);
#1486=ORIENTED_EDGE('',*,*,#2032,.F.);
#1487=ORIENTED_EDGE('',*,*,#2025,.T.);
#1488=ORIENTED_EDGE('',*,*,#1809,.T.);
#1489=ORIENTED_EDGE('',*,*,#2034,.T.);
#1490=ORIENTED_EDGE('',*,*,#2035,.T.);
#1491=ORIENTED_EDGE('',*,*,#2034,.F.);
#1492=ORIENTED_EDGE('',*,*,#1808,.F.);
#1493=ORIENTED_EDGE('',*,*,#2029,.T.);
#1494=ORIENTED_EDGE('',*,*,#2028,.F.);
#1495=ORIENTED_EDGE('',*,*,#2031,.T.);
#1496=ORIENTED_EDGE('',*,*,#2033,.T.);
#1497=ORIENTED_EDGE('',*,*,#2035,.F.);
#1498=EDGE_CURVE('',#2036,#2037,#2402,.T.);
#1499=EDGE_CURVE('',#2037,#2038,#340,.T.);
#1500=EDGE_CURVE('',#2039,#2038,#2403,.F.);
#1501=EDGE_CURVE('',#2040,#2039,#2404,.F.);
#1502=EDGE_CURVE('',#2041,#2040,#2405,.F.);
#1503=EDGE_CURVE('',#2042,#2041,#341,.T.);
#1504=EDGE_CURVE('',#2042,#2043,#2406,.T.);
#1505=EDGE_CURVE('',#2043,#2044,#342,.T.);
#1506=EDGE_CURVE('',#2045,#2044,#2407,.T.);
#1507=EDGE_CURVE('',#2046,#2045,#2408,.T.);
#1508=EDGE_CURVE('',#2047,#2046,#227,.T.);
#1509=EDGE_CURVE('',#2048,#2047,#2409,.F.);
#1510=EDGE_CURVE('',#2048,#2036,#228,.T.);
#1511=EDGE_CURVE('',#2049,#2050,#2410,.T.);
#1512=EDGE_CURVE('',#2050,#2051,#2411,.T.);
#1513=EDGE_CURVE('',#2051,#2052,#2412,.T.);
#1514=EDGE_CURVE('',#2053,#2052,#2413,.T.);
#1515=EDGE_CURVE('',#2053,#2054,#2414,.T.);
#1516=EDGE_CURVE('',#2054,#2055,#2415,.T.);
#1517=EDGE_CURVE('',#2056,#2055,#2416,.T.);
#1518=EDGE_CURVE('',#2049,#2056,#2417,.T.);
#1519=EDGE_CURVE('',#2057,#2058,#229,.F.);
#1520=EDGE_CURVE('',#2058,#2059,#30,.T.);
#1521=EDGE_CURVE('',#2059,#2060,#31,.T.);
#1522=EDGE_CURVE('',#2061,#2060,#32,.T.);
#1523=EDGE_CURVE('',#2062,#2061,#33,.T.);
#1524=EDGE_CURVE('',#2063,#2062,#34,.T.);
#1525=EDGE_CURVE('',#2064,#2063,#2418,.F.);
#1526=EDGE_CURVE('',#2064,#2065,#35,.T.);
#1527=EDGE_CURVE('',#2066,#2065,#36,.T.);
#1528=EDGE_CURVE('',#2066,#2067,#37,.T.);
#1529=EDGE_CURVE('',#2057,#2067,#38,.T.);
#1530=EDGE_CURVE('',#2068,#2069,#39,.T.);
#1531=EDGE_CURVE('',#2069,#2070,#2419,.T.);
#1532=EDGE_CURVE('',#2070,#2071,#40,.T.);
#1533=EDGE_CURVE('',#2071,#2068,#2420,.F.);
#1534=EDGE_CURVE('',#2072,#2073,#41,.T.);
#1535=EDGE_CURVE('',#2072,#2074,#42,.T.);
#1536=EDGE_CURVE('',#2075,#2074,#43,.T.);
#1537=EDGE_CURVE('',#2075,#2076,#2421,.F.);
#1538=EDGE_CURVE('',#2076,#2045,#44,.T.);
#1539=EDGE_CURVE('',#2045,#2077,#45,.T.);
#1540=EDGE_CURVE('',#2077,#2078,#46,.T.);
#1541=EDGE_CURVE('',#2073,#2078,#47,.T.);
#1542=EDGE_CURVE('',#2079,#2080,#2422,.T.);
#1543=EDGE_CURVE('',#2081,#2079,#48,.F.);
#1544=EDGE_CURVE('',#2082,#2081,#2423,.F.);
#1545=EDGE_CURVE('',#2080,#2082,#49,.T.);
#1546=EDGE_CURVE('',#2042,#2083,#2424,.T.);
#1547=EDGE_CURVE('',#2084,#2083,#2425,.T.);
#1548=EDGE_CURVE('',#2037,#2084,#2426,.T.);
#1549=EDGE_CURVE('',#2036,#2085,#2427,.T.);
#1550=EDGE_CURVE('',#2086,#2085,#2428,.T.);
#1551=EDGE_CURVE('',#2086,#2087,#230,.F.);
#1552=EDGE_CURVE('',#2072,#2087,#2429,.T.);
#1553=EDGE_CURVE('',#2088,#2073,#2430,.F.);
#1554=EDGE_CURVE('',#2088,#2089,#2431,.T.);
#1555=EDGE_CURVE('',#2089,#2090,#2432,.T.);
#1556=EDGE_CURVE('',#2091,#2090,#2433,.T.);
#1557=EDGE_CURVE('',#2092,#2091,#2434,.F.);
#1558=EDGE_CURVE('',#2093,#2092,#2435,.T.);
#1559=EDGE_CURVE('',#2093,#2059,#2436,.F.);
#1560=EDGE_CURVE('',#2094,#2058,#2437,.T.);
#1561=EDGE_CURVE('',#2094,#2067,#2438,.T.);
#1562=EDGE_CURVE('',#2067,#2095,#2439,.T.);
#1563=EDGE_CURVE('',#2096,#2095,#2440,.T.);
#1564=EDGE_CURVE('',#2096,#2097,#2441,.T.);
#1565=EDGE_CURVE('',#2043,#2097,#2442,.T.);
#1566=EDGE_CURVE('',#2098,#2099,#231,.F.);
#1567=EDGE_CURVE('',#2100,#2099,#2443,.T.);
#1568=EDGE_CURVE('',#2100,#2101,#232,.T.);
#1569=EDGE_CURVE('',#2101,#2098,#2444,.T.);
#1570=EDGE_CURVE('',#2102,#2098,#233,.F.);
#1571=EDGE_CURVE('',#2101,#2103,#234,.T.);
#1572=EDGE_CURVE('',#2103,#2102,#2445,.T.);
#1573=EDGE_CURVE('',#2104,#2102,#235,.F.);
#1574=EDGE_CURVE('',#2103,#2105,#236,.T.);
#1575=EDGE_CURVE('',#2105,#2104,#2446,.T.);
#1576=EDGE_CURVE('',#2106,#2104,#50,.T.);
#1577=EDGE_CURVE('',#2105,#2107,#51,.T.);
#1578=EDGE_CURVE('',#2107,#2106,#2447,.T.);
#1579=EDGE_CURVE('',#2108,#2106,#237,.F.);
#1580=EDGE_CURVE('',#2107,#2109,#238,.T.);
#1581=EDGE_CURVE('',#2109,#2108,#2448,.T.);
#1582=EDGE_CURVE('',#2110,#2108,#239,.F.);
#1583=EDGE_CURVE('',#2109,#2111,#240,.T.);
#1584=EDGE_CURVE('',#2111,#2110,#2449,.T.);
#1585=EDGE_CURVE('',#2112,#2110,#241,.F.);
#1586=EDGE_CURVE('',#2111,#2113,#242,.T.);
#1587=EDGE_CURVE('',#2113,#2112,#2450,.T.);
#1588=EDGE_CURVE('',#2114,#2112,#243,.F.);
#1589=EDGE_CURVE('',#2113,#2115,#244,.T.);
#1590=EDGE_CURVE('',#2115,#2114,#2451,.T.);
#1591=EDGE_CURVE('',#2116,#2114,#52,.T.);
#1592=EDGE_CURVE('',#2115,#2117,#53,.T.);
#1593=EDGE_CURVE('',#2117,#2116,#2452,.T.);
#1594=EDGE_CURVE('',#2118,#2116,#245,.F.);
#1595=EDGE_CURVE('',#2117,#2119,#246,.T.);
#1596=EDGE_CURVE('',#2119,#2118,#2453,.T.);
#1597=EDGE_CURVE('',#2120,#2118,#247,.F.);
#1598=EDGE_CURVE('',#2119,#2121,#248,.T.);
#1599=EDGE_CURVE('',#2121,#2120,#2454,.T.);
#1600=EDGE_CURVE('',#2122,#2120,#54,.T.);
#1601=EDGE_CURVE('',#2121,#2123,#55,.T.);
#1602=EDGE_CURVE('',#2123,#2122,#2455,.T.);
#1603=EDGE_CURVE('',#2124,#2122,#249,.F.);
#1604=EDGE_CURVE('',#2123,#2125,#250,.T.);
#1605=EDGE_CURVE('',#2125,#2124,#2456,.T.);
#1606=EDGE_CURVE('',#2126,#2124,#251,.F.);
#1607=EDGE_CURVE('',#2125,#2127,#252,.T.);
#1608=EDGE_CURVE('',#2127,#2126,#2457,.T.);
#1609=EDGE_CURVE('',#2128,#2126,#253,.F.);
#1610=EDGE_CURVE('',#2127,#2129,#254,.T.);
#1611=EDGE_CURVE('',#2129,#2128,#2458,.T.);
#1612=EDGE_CURVE('',#2066,#2128,#255,.F.);
#1613=EDGE_CURVE('',#2129,#2066,#256,.T.);
#1614=EDGE_CURVE('',#2130,#2131,#257,.T.);
#1615=EDGE_CURVE('',#2132,#2130,#258,.T.);
#1616=EDGE_CURVE('',#2132,#2133,#2459,.T.);
#1617=EDGE_CURVE('',#2131,#2133,#259,.F.);
#1618=EDGE_CURVE('',#2099,#2065,#260,.F.);
#1619=EDGE_CURVE('',#2134,#2064,#2460,.T.);
#1620=EDGE_CURVE('',#2134,#2100,#261,.T.);
#1621=EDGE_CURVE('',#2133,#2063,#343,.F.);
#1622=EDGE_CURVE('',#2134,#2132,#344,.T.);
#1623=EDGE_CURVE('',#2131,#2062,#2461,.T.);
#1624=EDGE_CURVE('',#2135,#2130,#2462,.F.);
#1625=EDGE_CURVE('',#2135,#2136,#262,.T.);
#1626=EDGE_CURVE('',#2066,#2136,#2463,.T.);
#1627=EDGE_CURVE('',#2057,#2137,#2464,.T.);
#1628=EDGE_CURVE('',#2067,#2137,#2465,.T.);
#1629=EDGE_CURVE('',#2138,#2139,#263,.F.);
#1630=EDGE_CURVE('',#2140,#2138,#2466,.T.);
#1631=EDGE_CURVE('',#2141,#2140,#264,.T.);
#1632=EDGE_CURVE('',#2141,#2139,#2467,.T.);
#1633=EDGE_CURVE('',#2139,#2142,#265,.F.);
#1634=EDGE_CURVE('',#2143,#2141,#266,.T.);
#1635=EDGE_CURVE('',#2143,#2142,#2468,.T.);
#1636=EDGE_CURVE('',#2142,#2144,#267,.F.);
#1637=EDGE_CURVE('',#2145,#2143,#268,.T.);
#1638=EDGE_CURVE('',#2145,#2144,#2469,.T.);
#1639=EDGE_CURVE('',#2144,#2146,#56,.T.);
#1640=EDGE_CURVE('',#2147,#2145,#57,.T.);
#1641=EDGE_CURVE('',#2147,#2146,#2470,.T.);
#1642=EDGE_CURVE('',#2146,#2148,#269,.F.);
#1643=EDGE_CURVE('',#2149,#2147,#270,.T.);
#1644=EDGE_CURVE('',#2149,#2148,#2471,.T.);
#1645=EDGE_CURVE('',#2148,#2150,#271,.F.);
#1646=EDGE_CURVE('',#2151,#2149,#272,.T.);
#1647=EDGE_CURVE('',#2151,#2150,#2472,.T.);
#1648=EDGE_CURVE('',#2150,#2152,#273,.F.);
#1649=EDGE_CURVE('',#2153,#2151,#274,.T.);
#1650=EDGE_CURVE('',#2153,#2152,#2473,.T.);
#1651=EDGE_CURVE('',#2046,#2154,#275,.F.);
#1652=EDGE_CURVE('',#2155,#2154,#2474,.T.);
#1653=EDGE_CURVE('',#2155,#2047,#276,.T.);
#1654=EDGE_CURVE('',#2154,#2076,#345,.F.);
#1655=EDGE_CURVE('',#2156,#2075,#2475,.T.);
#1656=EDGE_CURVE('',#2156,#2155,#346,.T.);
#1657=EDGE_CURVE('',#2152,#2074,#277,.F.);
#1658=EDGE_CURVE('',#2156,#2153,#278,.T.);
#1659=EDGE_CURVE('',#2157,#2138,#279,.F.);
#1660=EDGE_CURVE('',#2158,#2157,#2476,.T.);
#1661=EDGE_CURVE('',#2140,#2158,#280,.T.);
#1662=EDGE_CURVE('',#2159,#2160,#347,.T.);
#1663=EDGE_CURVE('',#2061,#2159,#2477,.T.);
#1664=EDGE_CURVE('',#2060,#2160,#2478,.T.);
#1665=EDGE_CURVE('',#2161,#2159,#2479,.T.);
#1666=EDGE_CURVE('',#2062,#2161,#2480,.T.);
#1667=EDGE_CURVE('',#2162,#2161,#348,.T.);
#1668=EDGE_CURVE('',#2163,#2162,#2481,.T.);
#1669=EDGE_CURVE('',#2135,#2163,#281,.T.);
#1670=EDGE_CURVE('',#2044,#2164,#2482,.T.);
#1671=EDGE_CURVE('',#2077,#2164,#2483,.T.);
#1672=EDGE_CURVE('',#2164,#2165,#349,.T.);
#1673=EDGE_CURVE('',#2078,#2165,#2484,.T.);
#1674=EDGE_CURVE('',#2136,#2095,#2485,.T.);
#1675=EDGE_CURVE('',#2163,#2096,#282,.T.);
#1676=EDGE_CURVE('',#2137,#2094,#2486,.T.);
#1677=EDGE_CURVE('',#2166,#2166,#350,.F.);
#1678=EDGE_CURVE('',#2167,#2167,#351,.F.);
#1679=EDGE_CURVE('',#2168,#2168,#352,.F.);
#1680=EDGE_CURVE('',#2160,#2093,#353,.T.);
#1681=EDGE_CURVE('',#2165,#2092,#354,.T.);
#1682=EDGE_CURVE('',#2097,#2162,#355,.T.);
#1683=EDGE_CURVE('',#2158,#2086,#58,.T.);
#1684=EDGE_CURVE('',#2087,#2157,#59,.T.);
#1685=EDGE_CURVE('',#2048,#2085,#283,.T.);
#1686=EDGE_CURVE('',#2088,#2049,#356,.T.);
#1687=EDGE_CURVE('',#2091,#2054,#357,.T.);
#1688=EDGE_CURVE('',#2050,#2053,#2487,.T.);
#1689=EDGE_CURVE('',#2170,#2170,#358,.T.);
#1690=EDGE_CURVE('',#2172,#2172,#359,.T.);
#1691=EDGE_CURVE('',#2174,#2174,#360,.T.);
#1692=EDGE_CURVE('',#2069,#2079,#2488,.T.);
#1693=EDGE_CURVE('',#2070,#2080,#2489,.T.);
#1694=EDGE_CURVE('',#2068,#2081,#2490,.T.);
#1695=EDGE_CURVE('',#2071,#2082,#2491,.T.);
#1696=EDGE_CURVE('',#2056,#2089,#2492,.T.);
#1697=EDGE_CURVE('',#2055,#2090,#2493,.T.);
#1698=EDGE_CURVE('',#2175,#2176,#2494,.T.);
#1699=EDGE_CURVE('',#2051,#2176,#2495,.T.);
#1700=EDGE_CURVE('',#2177,#2050,#2496,.T.);
#1701=EDGE_CURVE('',#2177,#2175,#2497,.T.);
#1702=EDGE_CURVE('',#2175,#2178,#2498,.T.);
#1703=EDGE_CURVE('',#2177,#2179,#2499,.T.);
#1704=EDGE_CURVE('',#2179,#2178,#2500,.T.);
#1705=EDGE_CURVE('',#2178,#2180,#2501,.T.);
#1706=EDGE_CURVE('',#2179,#2053,#2502,.T.);
#1707=EDGE_CURVE('',#2052,#2180,#2503,.T.);
#1708=EDGE_CURVE('',#2176,#2180,#2504,.T.);
#1709=EDGE_CURVE('',#2181,#2084,#2505,.T.);
#1710=EDGE_CURVE('',#2038,#2181,#2506,.T.);
#1711=EDGE_CURVE('',#2041,#2182,#2507,.T.);
#1712=EDGE_CURVE('',#2182,#2083,#2508,.T.);
#1713=EDGE_CURVE('',#2181,#2182,#2509,.T.);
#1714=EDGE_CURVE('',#2039,#2183,#2510,.T.);
#1715=EDGE_CURVE('',#2040,#2184,#2511,.T.);
#1716=EDGE_CURVE('',#2183,#2184,#2512,.T.);
#1717=EDGE_CURVE('',#2185,#2186,#2513,.T.);
#1718=EDGE_CURVE('',#2187,#2186,#2514,.T.);
#1719=EDGE_CURVE('',#2188,#2187,#2515,.T.);
#1720=EDGE_CURVE('',#2188,#2185,#2516,.T.);
#1721=EDGE_CURVE('',#2185,#2189,#2517,.T.);
#1722=EDGE_CURVE('',#2188,#2039,#2518,.T.);
#1723=EDGE_CURVE('',#2183,#2189,#2519,.T.);
#1724=EDGE_CURVE('',#2189,#2190,#2520,.T.);
#1725=EDGE_CURVE('',#2184,#2190,#2521,.T.);
#1726=EDGE_CURVE('',#2186,#2190,#2522,.T.);
#1727=EDGE_CURVE('',#2187,#2040,#2523,.T.);
#1728=EDGE_CURVE('',#2191,#2192,#361,.F.);
#1729=EDGE_CURVE('',#2191,#2193,#2524,.T.);
#1730=EDGE_CURVE('',#2194,#2193,#362,.T.);
#1731=EDGE_CURVE('',#2192,#2194,#2525,.T.);
#1732=EDGE_CURVE('',#2195,#2191,#2526,.T.);
#1733=EDGE_CURVE('',#2195,#2196,#2527,.T.);
#1734=EDGE_CURVE('',#2193,#2196,#2528,.T.);
#1735=EDGE_CURVE('',#2197,#2195,#363,.F.);
#1736=EDGE_CURVE('',#2197,#2198,#2529,.T.);
#1737=EDGE_CURVE('',#2196,#2198,#364,.T.);
#1738=EDGE_CURVE('',#2199,#2200,#2530,.T.);
#1739=EDGE_CURVE('',#2199,#2201,#365,.F.);
#1740=EDGE_CURVE('',#2201,#2202,#2531,.T.);
#1741=EDGE_CURVE('',#2202,#2200,#366,.T.);
#1742=EDGE_CURVE('',#2203,#2204,#2532,.T.);
#1743=EDGE_CURVE('',#2203,#2199,#2533,.T.);
#1744=EDGE_CURVE('',#2200,#2204,#2534,.T.);
#1745=EDGE_CURVE('',#2205,#2202,#367,.T.);
#1746=EDGE_CURVE('',#2205,#2206,#2535,.T.);
#1747=EDGE_CURVE('',#2204,#2206,#368,.T.);
#1748=EDGE_CURVE('',#2207,#2207,#369,.T.);
#1749=EDGE_CURVE('',#2208,#2208,#370,.T.);
#1750=EDGE_CURVE('',#2209,#2209,#371,.T.);
#1751=EDGE_CURVE('',#2210,#2211,#2536,.T.);
#1752=EDGE_CURVE('',#2210,#2194,#372,.T.);
#1753=EDGE_CURVE('',#2198,#2211,#373,.T.);
#1754=EDGE_CURVE('',#2212,#2212,#374,.F.);
#1755=EDGE_CURVE('',#2213,#2213,#375,.F.);
#1756=EDGE_CURVE('',#2214,#2214,#376,.F.);
#1757=EDGE_CURVE('',#2192,#2215,#377,.F.);
#1758=EDGE_CURVE('',#2215,#2216,#2537,.T.);
#1759=EDGE_CURVE('',#2201,#2216,#378,.F.);
#1760=EDGE_CURVE('',#2217,#2203,#379,.F.);
#1761=EDGE_CURVE('',#2217,#2218,#2538,.T.);
#1762=EDGE_CURVE('',#2218,#2197,#380,.F.);
#1763=EDGE_CURVE('',#2215,#2210,#2539,.T.);
#1764=EDGE_CURVE('',#2211,#2218,#2540,.F.);
#1765=EDGE_CURVE('',#2216,#2205,#2541,.T.);
#1766=EDGE_CURVE('',#2206,#2217,#2542,.F.);
#1767=EDGE_CURVE('',#2219,#2220,#2543,.T.);
#1768=EDGE_CURVE('',#2219,#2221,#381,.T.);
#1769=EDGE_CURVE('',#2221,#2222,#382,.T.);
#1770=EDGE_CURVE('',#2222,#2223,#2544,.T.);
#1771=EDGE_CURVE('',#2223,#2220,#383,.T.);
#1772=EDGE_CURVE('',#2224,#2225,#384,.T.);
#1773=EDGE_CURVE('',#2224,#2220,#2545,.T.);
#1774=EDGE_CURVE('',#2225,#2223,#2546,.T.);
#1775=EDGE_CURVE('',#2219,#2226,#2547,.F.);
#1776=EDGE_CURVE('',#2227,#2226,#385,.T.);
#1777=EDGE_CURVE('',#2227,#2221,#2548,.T.);
#1778=EDGE_CURVE('',#2228,#2228,#386,.F.);
#1779=EDGE_CURVE('',#2229,#2229,#387,.F.);
#1780=EDGE_CURVE('',#2230,#2230,#388,.F.);
#1781=EDGE_CURVE('',#2231,#2226,#2549,.T.);
#1782=EDGE_CURVE('',#2232,#2231,#389,.T.);
#1783=EDGE_CURVE('',#2233,#2232,#390,.T.);
#1784=EDGE_CURVE('',#2234,#2233,#2550,.T.);
#1785=EDGE_CURVE('',#2235,#2234,#391,.T.);
#1786=EDGE_CURVE('',#2236,#2235,#392,.T.);
#1787=EDGE_CURVE('',#2224,#2236,#2551,.T.);
#1788=EDGE_CURVE('',#2225,#2237,#2552,.T.);
#1789=EDGE_CURVE('',#2237,#2227,#393,.T.);
#1790=EDGE_CURVE('',#2238,#2238,#394,.T.);
#1791=EDGE_CURVE('',#2239,#2239,#395,.T.);
#1792=EDGE_CURVE('',#2240,#2240,#396,.T.);
#1793=EDGE_CURVE('',#2241,#2242,#397,.T.);
#1794=EDGE_CURVE('',#2241,#2243,#2553,.T.);
#1795=EDGE_CURVE('',#2244,#2243,#398,.T.);
#1796=EDGE_CURVE('',#2245,#2244,#399,.T.);
#1797=EDGE_CURVE('',#2246,#2245,#2554,.T.);
#1798=EDGE_CURVE('',#2242,#2246,#400,.T.);
#1799=EDGE_CURVE('',#2241,#2231,#2555,.F.);
#1800=EDGE_CURVE('',#2232,#2242,#2556,.T.);
#1801=EDGE_CURVE('',#2236,#2243,#2557,.T.);
#1802=EDGE_CURVE('',#2235,#2244,#2558,.T.);
#1803=EDGE_CURVE('',#2237,#2222,#2559,.T.);
#1804=EDGE_CURVE('',#2233,#2246,#2560,.T.);
#1805=EDGE_CURVE('',#2234,#2245,#2561,.T.);
#1806=EDGE_CURVE('',#2247,#2248,#2562,.F.);
#1807=EDGE_CURVE('',#2247,#2249,#2563,.T.);
#1808=EDGE_CURVE('',#2249,#2250,#2564,.T.);
#1809=EDGE_CURVE('',#2251,#2250,#2565,.T.);
#1810=EDGE_CURVE('',#2252,#2251,#2566,.F.);
#1811=EDGE_CURVE('',#2252,#2253,#2567,.T.);
#1812=EDGE_CURVE('',#2254,#2253,#2568,.T.);
#1813=EDGE_CURVE('',#2248,#2254,#2569,.T.);
#1814=EDGE_CURVE('',#2255,#2256,#2570,.T.);
#1815=EDGE_CURVE('',#2255,#2257,#2571,.T.);
#1816=EDGE_CURVE('',#2258,#2257,#2572,.T.);
#1817=EDGE_CURVE('',#2259,#2258,#2573,.T.);
#1818=EDGE_CURVE('',#2259,#2260,#2574,.T.);
#1819=EDGE_CURVE('',#2260,#2261,#2575,.T.);
#1820=EDGE_CURVE('',#2262,#2261,#2576,.T.);
#1821=EDGE_CURVE('',#2256,#2262,#2577,.T.);
#1822=EDGE_CURVE('',#2263,#2264,#2578,.T.);
#1823=EDGE_CURVE('',#2263,#2265,#2579,.T.);
#1824=EDGE_CURVE('',#2266,#2265,#2580,.T.);
#1825=EDGE_CURVE('',#2266,#2264,#60,.T.);
#1826=EDGE_CURVE('',#2267,#2268,#2581,.T.);
#1827=EDGE_CURVE('',#2268,#2269,#401,.F.);
#1828=EDGE_CURVE('',#2270,#2269,#2582,.T.);
#1829=EDGE_CURVE('',#2271,#2270,#2583,.T.);
#1830=EDGE_CURVE('',#2271,#2272,#284,.F.);
#1831=EDGE_CURVE('',#2272,#2273,#2584,.T.);
#1832=EDGE_CURVE('',#2273,#2267,#285,.F.);
#1833=EDGE_CURVE('',#2274,#2275,#2585,.T.);
#1834=EDGE_CURVE('',#2275,#2276,#402,.F.);
#1835=EDGE_CURVE('',#2277,#2276,#2586,.T.);
#1836=EDGE_CURVE('',#2277,#2274,#61,.T.);
#1837=EDGE_CURVE('',#2278,#2279,#2587,.T.);
#1838=EDGE_CURVE('',#2278,#2277,#62,.T.);
#1839=EDGE_CURVE('',#2276,#2279,#403,.F.);
#1840=EDGE_CURVE('',#2269,#2275,#2588,.T.);
#1841=EDGE_CURVE('',#2274,#2270,#63,.T.);
#1842=EDGE_CURVE('',#2280,#2281,#2589,.F.);
#1843=EDGE_CURVE('',#2280,#2268,#404,.F.);
#1844=EDGE_CURVE('',#2281,#2267,#286,.F.);
#1845=EDGE_CURVE('',#2251,#2247,#2590,.F.);
#1846=EDGE_CURVE('',#2248,#2282,#405,.F.);
#1847=EDGE_CURVE('',#2282,#2283,#2591,.F.);
#1848=EDGE_CURVE('',#2284,#2283,#287,.F.);
#1849=EDGE_CURVE('',#2285,#2284,#2592,.T.);
#1850=EDGE_CURVE('',#2286,#2285,#288,.F.);
#1851=EDGE_CURVE('',#2286,#2287,#2593,.T.);
#1852=EDGE_CURVE('',#2287,#2288,#2594,.T.);
#1853=EDGE_CURVE('',#2289,#2288,#406,.F.);
#1854=EDGE_CURVE('',#2289,#2290,#2595,.F.);
#1855=EDGE_CURVE('',#2252,#2290,#407,.F.);
#1856=EDGE_CURVE('',#2291,#2292,#408,.F.);
#1857=EDGE_CURVE('',#2293,#2291,#2596,.T.);
#1858=EDGE_CURVE('',#2294,#2293,#64,.T.);
#1859=EDGE_CURVE('',#2294,#2292,#2597,.T.);
#1860=EDGE_CURVE('',#2295,#2296,#2598,.T.);
#1861=EDGE_CURVE('',#2296,#2258,#409,.F.);
#1862=EDGE_CURVE('',#2257,#2262,#2599,.T.);
#1863=EDGE_CURVE('',#2297,#2261,#410,.F.);
#1864=EDGE_CURVE('',#2297,#2298,#2600,.T.);
#1865=EDGE_CURVE('',#2292,#2298,#411,.F.);
#1866=EDGE_CURVE('',#2295,#2294,#65,.T.);
#1867=EDGE_CURVE('',#2288,#2291,#2601,.T.);
#1868=EDGE_CURVE('',#2293,#2287,#66,.T.);
#1869=EDGE_CURVE('',#2264,#2299,#67,.T.);
#1870=EDGE_CURVE('',#2299,#2300,#2602,.T.);
#1871=EDGE_CURVE('',#2264,#2300,#2603,.T.);
#1872=EDGE_CURVE('',#2301,#2302,#68,.T.);
#1873=EDGE_CURVE('',#2302,#2303,#2604,.T.);
#1874=EDGE_CURVE('',#2303,#2304,#69,.T.);
#1875=EDGE_CURVE('',#2304,#2301,#2605,.F.);
#1876=EDGE_CURVE('',#2278,#2305,#70,.T.);
#1877=EDGE_CURVE('',#2305,#2299,#71,.T.);
#1878=EDGE_CURVE('',#2306,#2266,#72,.T.);
#1879=EDGE_CURVE('',#2306,#2307,#73,.T.);
#1880=EDGE_CURVE('',#2308,#2307,#2606,.T.);
#1881=EDGE_CURVE('',#2270,#2308,#74,.T.);
#1882=EDGE_CURVE('',#2281,#2263,#2607,.T.);
#1883=EDGE_CURVE('',#2265,#2273,#289,.F.);
#1884=EDGE_CURVE('',#2264,#2309,#2608,.T.);
#1885=EDGE_CURVE('',#2300,#2309,#2609,.T.);
#1886=EDGE_CURVE('',#2308,#2310,#412,.T.);
#1887=EDGE_CURVE('',#2310,#2271,#290,.T.);
#1888=EDGE_CURVE('',#2272,#2311,#291,.F.);
#1889=EDGE_CURVE('',#2311,#2312,#413,.F.);
#1890=EDGE_CURVE('',#2313,#2312,#292,.F.);
#1891=EDGE_CURVE('',#2314,#2313,#293,.F.);
#1892=EDGE_CURVE('',#2315,#2314,#294,.F.);
#1893=EDGE_CURVE('',#2316,#2315,#295,.F.);
#1894=EDGE_CURVE('',#2317,#2316,#75,.T.);
#1895=EDGE_CURVE('',#2318,#2317,#296,.F.);
#1896=EDGE_CURVE('',#2319,#2318,#297,.F.);
#1897=EDGE_CURVE('',#2320,#2319,#298,.F.);
#1898=EDGE_CURVE('',#2321,#2320,#299,.F.);
#1899=EDGE_CURVE('',#2322,#2321,#76,.T.);
#1900=EDGE_CURVE('',#2323,#2322,#300,.F.);
#1901=EDGE_CURVE('',#2324,#2323,#301,.F.);
#1902=EDGE_CURVE('',#2325,#2324,#77,.T.);
#1903=EDGE_CURVE('',#2326,#2325,#302,.F.);
#1904=EDGE_CURVE('',#2327,#2326,#303,.F.);
#1905=EDGE_CURVE('',#2328,#2327,#304,.F.);
#1906=EDGE_CURVE('',#2266,#2328,#305,.F.);
#1907=EDGE_CURVE('',#2306,#2329,#306,.T.);
#1908=EDGE_CURVE('',#2330,#2266,#307,.T.);
#1909=EDGE_CURVE('',#2331,#2330,#308,.T.);
#1910=EDGE_CURVE('',#2332,#2331,#309,.T.);
#1911=EDGE_CURVE('',#2333,#2332,#310,.T.);
#1912=EDGE_CURVE('',#2334,#2333,#78,.T.);
#1913=EDGE_CURVE('',#2335,#2334,#311,.T.);
#1914=EDGE_CURVE('',#2336,#2335,#312,.T.);
#1915=EDGE_CURVE('',#2337,#2336,#79,.T.);
#1916=EDGE_CURVE('',#2338,#2337,#313,.T.);
#1917=EDGE_CURVE('',#2339,#2338,#314,.T.);
#1918=EDGE_CURVE('',#2340,#2339,#315,.T.);
#1919=EDGE_CURVE('',#2341,#2340,#316,.T.);
#1920=EDGE_CURVE('',#2342,#2341,#80,.T.);
#1921=EDGE_CURVE('',#2343,#2342,#317,.T.);
#1922=EDGE_CURVE('',#2344,#2343,#318,.T.);
#1923=EDGE_CURVE('',#2329,#2344,#319,.T.);
#1924=EDGE_CURVE('',#2313,#2329,#2610,.T.);
#1925=EDGE_CURVE('',#2312,#2307,#2611,.T.);
#1926=EDGE_CURVE('',#2311,#2310,#2612,.T.);
#1927=EDGE_CURVE('',#2328,#2330,#2613,.T.);
#1928=EDGE_CURVE('',#2327,#2331,#2614,.T.);
#1929=EDGE_CURVE('',#2326,#2332,#2615,.T.);
#1930=EDGE_CURVE('',#2325,#2333,#2616,.T.);
#1931=EDGE_CURVE('',#2324,#2334,#2617,.T.);
#1932=EDGE_CURVE('',#2323,#2335,#2618,.T.);
#1933=EDGE_CURVE('',#2322,#2336,#2619,.T.);
#1934=EDGE_CURVE('',#2321,#2337,#2620,.T.);
#1935=EDGE_CURVE('',#2320,#2338,#2621,.T.);
#1936=EDGE_CURVE('',#2319,#2339,#2622,.T.);
#1937=EDGE_CURVE('',#2318,#2340,#2623,.T.);
#1938=EDGE_CURVE('',#2317,#2341,#2624,.T.);
#1939=EDGE_CURVE('',#2316,#2342,#2625,.T.);
#1940=EDGE_CURVE('',#2315,#2343,#2626,.T.);
#1941=EDGE_CURVE('',#2314,#2344,#2627,.T.);
#1942=EDGE_CURVE('',#2309,#2305,#2628,.T.);
#1943=EDGE_CURVE('',#2283,#2345,#2629,.T.);
#1944=EDGE_CURVE('',#2345,#2284,#320,.F.);
#1945=EDGE_CURVE('',#2287,#2346,#81,.T.);
#1946=EDGE_CURVE('',#2347,#2286,#321,.T.);
#1947=EDGE_CURVE('',#2346,#2347,#414,.T.);
#1948=EDGE_CURVE('',#2345,#2348,#2630,.F.);
#1949=EDGE_CURVE('',#2348,#2349,#82,.T.);
#1950=EDGE_CURVE('',#2349,#2350,#322,.F.);
#1951=EDGE_CURVE('',#2350,#2351,#323,.F.);
#1952=EDGE_CURVE('',#2351,#2352,#324,.F.);
#1953=EDGE_CURVE('',#2352,#2353,#325,.F.);
#1954=EDGE_CURVE('',#2353,#2354,#83,.T.);
#1955=EDGE_CURVE('',#2354,#2355,#326,.F.);
#1956=EDGE_CURVE('',#2355,#2356,#327,.F.);
#1957=EDGE_CURVE('',#2356,#2357,#328,.F.);
#1958=EDGE_CURVE('',#2357,#2358,#329,.F.);
#1959=EDGE_CURVE('',#2359,#2358,#415,.F.);
#1960=EDGE_CURVE('',#2285,#2359,#330,.F.);
#1961=EDGE_CURVE('',#2360,#2361,#84,.T.);
#1962=EDGE_CURVE('',#2361,#2362,#2631,.F.);
#1963=EDGE_CURVE('',#2363,#2362,#85,.T.);
#1964=EDGE_CURVE('',#2363,#2364,#331,.T.);
#1965=EDGE_CURVE('',#2364,#2365,#332,.T.);
#1966=EDGE_CURVE('',#2365,#2366,#333,.T.);
#1967=EDGE_CURVE('',#2366,#2367,#334,.T.);
#1968=EDGE_CURVE('',#2367,#2368,#86,.T.);
#1969=EDGE_CURVE('',#2368,#2369,#335,.T.);
#1970=EDGE_CURVE('',#2369,#2370,#336,.T.);
#1971=EDGE_CURVE('',#2370,#2371,#337,.T.);
#1972=EDGE_CURVE('',#2371,#2360,#338,.T.);
#1973=EDGE_CURVE('',#2372,#2373,#2632,.T.);
#1974=EDGE_CURVE('',#2374,#2372,#87,.T.);
#1975=EDGE_CURVE('',#2375,#2374,#2633,.F.);
#1976=EDGE_CURVE('',#2373,#2375,#88,.T.);
#1977=EDGE_CURVE('',#2295,#2362,#89,.T.);
#1978=EDGE_CURVE('',#2346,#2376,#2634,.T.);
#1979=EDGE_CURVE('',#2363,#2376,#90,.T.);
#1980=EDGE_CURVE('',#2358,#2376,#2635,.T.);
#1981=EDGE_CURVE('',#2357,#2364,#2636,.T.);
#1982=EDGE_CURVE('',#2359,#2347,#2637,.T.);
#1983=EDGE_CURVE('',#2361,#2348,#339,.T.);
#1984=EDGE_CURVE('',#2349,#2360,#2638,.T.);
#1985=EDGE_CURVE('',#2350,#2371,#2639,.T.);
#1986=EDGE_CURVE('',#2351,#2370,#2640,.T.);
#1987=EDGE_CURVE('',#2352,#2369,#2641,.T.);
#1988=EDGE_CURVE('',#2353,#2368,#2642,.T.);
#1989=EDGE_CURVE('',#2354,#2367,#2643,.T.);
#1990=EDGE_CURVE('',#2355,#2366,#2644,.T.);
#1991=EDGE_CURVE('',#2356,#2365,#2645,.T.);
#1992=EDGE_CURVE('',#2377,#2377,#416,.F.);
#1993=EDGE_CURVE('',#2378,#2378,#417,.F.);
#1994=EDGE_CURVE('',#2379,#2379,#418,.F.);
#1995=EDGE_CURVE('',#2279,#2298,#2646,.T.);
#1996=EDGE_CURVE('',#2289,#2280,#2647,.T.);
#1997=EDGE_CURVE('',#2282,#2380,#2648,.T.);
#1998=EDGE_CURVE('',#2380,#2381,#2649,.T.);
#1999=EDGE_CURVE('',#2290,#2381,#2650,.T.);
#2000=EDGE_CURVE('',#2382,#2297,#2651,.T.);
#2001=EDGE_CURVE('',#2383,#2382,#2652,.T.);
#2002=EDGE_CURVE('',#2383,#2296,#2653,.T.);
#2003=EDGE_CURVE('',#2385,#2385,#419,.T.);
#2004=EDGE_CURVE('',#2387,#2387,#420,.T.);
#2005=EDGE_CURVE('',#2389,#2389,#421,.T.);
#2006=EDGE_CURVE('',#2302,#2372,#2654,.T.);
#2007=EDGE_CURVE('',#2303,#2373,#2655,.T.);
#2008=EDGE_CURVE('',#2301,#2374,#2656,.T.);
#2009=EDGE_CURVE('',#2304,#2375,#2657,.T.);
#2010=EDGE_CURVE('',#2259,#2383,#2658,.T.);
#2011=EDGE_CURVE('',#2260,#2382,#2659,.T.);
#2012=EDGE_CURVE('',#2257,#2390,#2660,.T.);
#2013=EDGE_CURVE('',#2390,#2391,#2661,.T.);
#2014=EDGE_CURVE('',#2262,#2391,#2662,.T.);
#2015=EDGE_CURVE('',#2392,#2393,#2663,.T.);
#2016=EDGE_CURVE('',#2390,#2393,#2664,.T.);
#2017=EDGE_CURVE('',#2255,#2392,#2665,.T.);
#2018=EDGE_CURVE('',#2392,#2394,#2666,.T.);
#2019=EDGE_CURVE('',#2256,#2394,#2667,.T.);
#2020=EDGE_CURVE('',#2394,#2395,#2668,.T.);
#2021=EDGE_CURVE('',#2391,#2395,#2669,.T.);
#2022=EDGE_CURVE('',#2393,#2395,#2670,.T.);
#2023=EDGE_CURVE('',#2254,#2380,#2671,.T.);
#2024=EDGE_CURVE('',#2253,#2381,#2672,.T.);
#2025=EDGE_CURVE('',#2396,#2251,#2673,.T.);
#2026=EDGE_CURVE('',#2397,#2396,#2674,.T.);
#2027=EDGE_CURVE('',#2397,#2247,#2675,.T.);
#2028=EDGE_CURVE('',#2398,#2399,#2676,.T.);
#2029=EDGE_CURVE('',#2249,#2399,#2677,.T.);
#2030=EDGE_CURVE('',#2397,#2398,#2678,.T.);
#2031=EDGE_CURVE('',#2398,#2400,#2679,.T.);
#2032=EDGE_CURVE('',#2396,#2400,#2680,.T.);
#2033=EDGE_CURVE('',#2400,#2401,#2681,.T.);
#2034=EDGE_CURVE('',#2250,#2401,#2682,.T.);
#2035=EDGE_CURVE('',#2399,#2401,#2683,.T.);
#2036=VERTEX_POINT('',#5242);
#2037=VERTEX_POINT('',#5243);
#2038=VERTEX_POINT('',#5245);
#2039=VERTEX_POINT('',#5247);
#2040=VERTEX_POINT('',#5249);
#2041=VERTEX_POINT('',#5251);
#2042=VERTEX_POINT('',#5253);
#2043=VERTEX_POINT('',#5255);
#2044=VERTEX_POINT('',#5257);
#2045=VERTEX_POINT('',#5259);
#2046=VERTEX_POINT('',#5261);
#2047=VERTEX_POINT('',#5263);
#2048=VERTEX_POINT('',#5265);
#2049=VERTEX_POINT('',#5269);
#2050=VERTEX_POINT('',#5270);
#2051=VERTEX_POINT('',#5272);
#2052=VERTEX_POINT('',#5274);
#2053=VERTEX_POINT('',#5276);
#2054=VERTEX_POINT('',#5278);
#2055=VERTEX_POINT('',#5280);
#2056=VERTEX_POINT('',#5282);
#2057=VERTEX_POINT('',#5295);
#2058=VERTEX_POINT('',#5296);
#2059=VERTEX_POINT('',#5301);
#2060=VERTEX_POINT('',#5306);
#2061=VERTEX_POINT('',#5323);
#2062=VERTEX_POINT('',#5328);
#2063=VERTEX_POINT('',#5333);
#2064=VERTEX_POINT('',#5335);
#2065=VERTEX_POINT('',#5340);
#2066=VERTEX_POINT('',#5350);
#2067=VERTEX_POINT('',#5355);
#2068=VERTEX_POINT('',#5366);
#2069=VERTEX_POINT('',#5367);
#2070=VERTEX_POINT('',#5369);
#2071=VERTEX_POINT('',#5374);
#2072=VERTEX_POINT('',#5391);
#2073=VERTEX_POINT('',#5392);
#2074=VERTEX_POINT('',#5398);
#2075=VERTEX_POINT('',#5403);
#2076=VERTEX_POINT('',#5405);
#2077=VERTEX_POINT('',#5414);
#2078=VERTEX_POINT('',#5430);
#2079=VERTEX_POINT('',#5436);
#2080=VERTEX_POINT('',#5437);
#2081=VERTEX_POINT('',#5443);
#2082=VERTEX_POINT('',#5445);
#2083=VERTEX_POINT('',#5453);
#2084=VERTEX_POINT('',#5455);
#2085=VERTEX_POINT('',#5458);
#2086=VERTEX_POINT('',#5460);
#2087=VERTEX_POINT('',#5462);
#2088=VERTEX_POINT('',#5465);
#2089=VERTEX_POINT('',#5467);
#2090=VERTEX_POINT('',#5469);
#2091=VERTEX_POINT('',#5471);
#2092=VERTEX_POINT('',#5473);
#2093=VERTEX_POINT('',#5475);
#2094=VERTEX_POINT('',#5478);
#2095=VERTEX_POINT('',#5481);
#2096=VERTEX_POINT('',#5483);
#2097=VERTEX_POINT('',#5485);
#2098=VERTEX_POINT('',#5489);
#2099=VERTEX_POINT('',#5490);
#2100=VERTEX_POINT('',#5492);
#2101=VERTEX_POINT('',#5494);
#2102=VERTEX_POINT('',#5498);
#2103=VERTEX_POINT('',#5500);
#2104=VERTEX_POINT('',#5504);
#2105=VERTEX_POINT('',#5506);
#2106=VERTEX_POINT('',#5513);
#2107=VERTEX_POINT('',#5518);
#2108=VERTEX_POINT('',#5522);
#2109=VERTEX_POINT('',#5524);
#2110=VERTEX_POINT('',#5528);
#2111=VERTEX_POINT('',#5530);
#2112=VERTEX_POINT('',#5534);
#2113=VERTEX_POINT('',#5536);
#2114=VERTEX_POINT('',#5540);
#2115=VERTEX_POINT('',#5542);
#2116=VERTEX_POINT('',#5549);
#2117=VERTEX_POINT('',#5554);
#2118=VERTEX_POINT('',#5558);
#2119=VERTEX_POINT('',#5560);
#2120=VERTEX_POINT('',#5564);
#2121=VERTEX_POINT('',#5566);
#2122=VERTEX_POINT('',#5573);
#2123=VERTEX_POINT('',#5578);
#2124=VERTEX_POINT('',#5582);
#2125=VERTEX_POINT('',#5584);
#2126=VERTEX_POINT('',#5588);
#2127=VERTEX_POINT('',#5590);
#2128=VERTEX_POINT('',#5594);
#2129=VERTEX_POINT('',#5596);
#2130=VERTEX_POINT('',#5603);
#2131=VERTEX_POINT('',#5604);
#2132=VERTEX_POINT('',#5606);
#2133=VERTEX_POINT('',#5608);
#2134=VERTEX_POINT('',#5614);
#2135=VERTEX_POINT('',#5623);
#2136=VERTEX_POINT('',#5625);
#2137=VERTEX_POINT('',#5629);
#2138=VERTEX_POINT('',#5633);
#2139=VERTEX_POINT('',#5634);
#2140=VERTEX_POINT('',#5636);
#2141=VERTEX_POINT('',#5638);
#2142=VERTEX_POINT('',#5642);
#2143=VERTEX_POINT('',#5644);
#2144=VERTEX_POINT('',#5648);
#2145=VERTEX_POINT('',#5650);
#2146=VERTEX_POINT('',#5657);
#2147=VERTEX_POINT('',#5662);
#2148=VERTEX_POINT('',#5666);
#2149=VERTEX_POINT('',#5668);
#2150=VERTEX_POINT('',#5672);
#2151=VERTEX_POINT('',#5674);
#2152=VERTEX_POINT('',#5678);
#2153=VERTEX_POINT('',#5680);
#2154=VERTEX_POINT('',#5684);
#2155=VERTEX_POINT('',#5686);
#2156=VERTEX_POINT('',#5692);
#2157=VERTEX_POINT('',#5699);
#2158=VERTEX_POINT('',#5701);
#2159=VERTEX_POINT('',#5705);
#2160=VERTEX_POINT('',#5706);
#2161=VERTEX_POINT('',#5711);
#2162=VERTEX_POINT('',#5715);
#2163=VERTEX_POINT('',#5717);
#2164=VERTEX_POINT('',#5721);
#2165=VERTEX_POINT('',#5725);
#2166=VERTEX_POINT('',#5736);
#2167=VERTEX_POINT('',#5738);
#2168=VERTEX_POINT('',#5740);
#2169=VERTEX_POINT('',#5764);
#2170=VERTEX_POINT('',#5766);
#2171=VERTEX_POINT('',#5769);
#2172=VERTEX_POINT('',#5771);
#2173=VERTEX_POINT('',#5774);
#2174=VERTEX_POINT('',#5776);
#2175=VERTEX_POINT('',#5793);
#2176=VERTEX_POINT('',#5794);
#2177=VERTEX_POINT('',#5797);
#2178=VERTEX_POINT('',#5801);
#2179=VERTEX_POINT('',#5803);
#2180=VERTEX_POINT('',#5807);
#2181=VERTEX_POINT('',#5816);
#2182=VERTEX_POINT('',#5820);
#2183=VERTEX_POINT('',#5826);
#2184=VERTEX_POINT('',#5828);
#2185=VERTEX_POINT('',#5832);
#2186=VERTEX_POINT('',#5833);
#2187=VERTEX_POINT('',#5835);
#2188=VERTEX_POINT('',#5837);
#2189=VERTEX_POINT('',#5841);
#2190=VERTEX_POINT('',#5846);
#2191=VERTEX_POINT('',#5856);
#2192=VERTEX_POINT('',#5857);
#2193=VERTEX_POINT('',#5859);
#2194=VERTEX_POINT('',#5861);
#2195=VERTEX_POINT('',#5865);
#2196=VERTEX_POINT('',#5867);
#2197=VERTEX_POINT('',#5871);
#2198=VERTEX_POINT('',#5873);
#2199=VERTEX_POINT('',#5877);
#2200=VERTEX_POINT('',#5878);
#2201=VERTEX_POINT('',#5880);
#2202=VERTEX_POINT('',#5882);
#2203=VERTEX_POINT('',#5886);
#2204=VERTEX_POINT('',#5887);
#2205=VERTEX_POINT('',#5892);
#2206=VERTEX_POINT('',#5894);
#2207=VERTEX_POINT('',#5898);
#2208=VERTEX_POINT('',#5900);
#2209=VERTEX_POINT('',#5902);
#2210=VERTEX_POINT('',#5904);
#2211=VERTEX_POINT('',#5905);
#2212=VERTEX_POINT('',#5910);
#2213=VERTEX_POINT('',#5912);
#2214=VERTEX_POINT('',#5914);
#2215=VERTEX_POINT('',#5916);
#2216=VERTEX_POINT('',#5918);
#2217=VERTEX_POINT('',#5921);
#2218=VERTEX_POINT('',#5923);
#2219=VERTEX_POINT('',#5940);
#2220=VERTEX_POINT('',#5941);
#2221=VERTEX_POINT('',#5943);
#2222=VERTEX_POINT('',#5945);
#2223=VERTEX_POINT('',#5947);
#2224=VERTEX_POINT('',#5951);
#2225=VERTEX_POINT('',#5952);
#2226=VERTEX_POINT('',#5957);
#2227=VERTEX_POINT('',#5959);
#2228=VERTEX_POINT('',#5963);
#2229=VERTEX_POINT('',#5965);
#2230=VERTEX_POINT('',#5967);
#2231=VERTEX_POINT('',#5969);
#2232=VERTEX_POINT('',#5971);
#2233=VERTEX_POINT('',#5973);
#2234=VERTEX_POINT('',#5975);
#2235=VERTEX_POINT('',#5977);
#2236=VERTEX_POINT('',#5979);
#2237=VERTEX_POINT('',#5982);
#2238=VERTEX_POINT('',#5986);
#2239=VERTEX_POINT('',#5988);
#2240=VERTEX_POINT('',#5990);
#2241=VERTEX_POINT('',#5992);
#2242=VERTEX_POINT('',#5993);
#2243=VERTEX_POINT('',#5995);
#2244=VERTEX_POINT('',#5997);
#2245=VERTEX_POINT('',#5999);
#2246=VERTEX_POINT('',#6001);
#2247=VERTEX_POINT('',#6024);
#2248=VERTEX_POINT('',#6025);
#2249=VERTEX_POINT('',#6027);
#2250=VERTEX_POINT('',#6029);
#2251=VERTEX_POINT('',#6031);
#2252=VERTEX_POINT('',#6033);
#2253=VERTEX_POINT('',#6035);
#2254=VERTEX_POINT('',#6037);
#2255=VERTEX_POINT('',#6041);
#2256=VERTEX_POINT('',#6042);
#2257=VERTEX_POINT('',#6044);
#2258=VERTEX_POINT('',#6046);
#2259=VERTEX_POINT('',#6048);
#2260=VERTEX_POINT('',#6050);
#2261=VERTEX_POINT('',#6052);
#2262=VERTEX_POINT('',#6054);
#2263=VERTEX_POINT('',#6058);
#2264=VERTEX_POINT('',#6059);
#2265=VERTEX_POINT('',#6061);
#2266=VERTEX_POINT('',#6063);
#2267=VERTEX_POINT('',#6070);
#2268=VERTEX_POINT('',#6071);
#2269=VERTEX_POINT('',#6073);
#2270=VERTEX_POINT('',#6075);
#2271=VERTEX_POINT('',#6077);
#2272=VERTEX_POINT('',#6079);
#2273=VERTEX_POINT('',#6081);
#2274=VERTEX_POINT('',#6085);
#2275=VERTEX_POINT('',#6086);
#2276=VERTEX_POINT('',#6088);
#2277=VERTEX_POINT('',#6090);
#2278=VERTEX_POINT('',#6108);
#2279=VERTEX_POINT('',#6109);
#2280=VERTEX_POINT('',#6123);
#2281=VERTEX_POINT('',#6124);
#2282=VERTEX_POINT('',#6130);
#2283=VERTEX_POINT('',#6132);
#2284=VERTEX_POINT('',#6134);
#2285=VERTEX_POINT('',#6136);
#2286=VERTEX_POINT('',#6138);
#2287=VERTEX_POINT('',#6140);
#2288=VERTEX_POINT('',#6142);
#2289=VERTEX_POINT('',#6144);
#2290=VERTEX_POINT('',#6146);
#2291=VERTEX_POINT('',#6150);
#2292=VERTEX_POINT('',#6151);
#2293=VERTEX_POINT('',#6153);
#2294=VERTEX_POINT('',#6169);
#2295=VERTEX_POINT('',#6173);
#2296=VERTEX_POINT('',#6174);
#2297=VERTEX_POINT('',#6178);
#2298=VERTEX_POINT('',#6180);
#2299=VERTEX_POINT('',#6199);
#2300=VERTEX_POINT('',#6201);
#2301=VERTEX_POINT('',#6217);
#2302=VERTEX_POINT('',#6218);
#2303=VERTEX_POINT('',#6220);
#2304=VERTEX_POINT('',#6225);
#2305=VERTEX_POINT('',#6231);
#2306=VERTEX_POINT('',#6246);
#2307=VERTEX_POINT('',#6251);
#2308=VERTEX_POINT('',#6253);
#2309=VERTEX_POINT('',#6263);
#2310=VERTEX_POINT('',#6267);
#2311=VERTEX_POINT('',#6271);
#2312=VERTEX_POINT('',#6273);
#2313=VERTEX_POINT('',#6275);
#2314=VERTEX_POINT('',#6277);
#2315=VERTEX_POINT('',#6279);
#2316=VERTEX_POINT('',#6281);
#2317=VERTEX_POINT('',#6286);
#2318=VERTEX_POINT('',#6288);
#2319=VERTEX_POINT('',#6290);
#2320=VERTEX_POINT('',#6292);
#2321=VERTEX_POINT('',#6294);
#2322=VERTEX_POINT('',#6299);
#2323=VERTEX_POINT('',#6301);
#2324=VERTEX_POINT('',#6303);
#2325=VERTEX_POINT('',#6308);
#2326=VERTEX_POINT('',#6310);
#2327=VERTEX_POINT('',#6312);
#2328=VERTEX_POINT('',#6314);
#2329=VERTEX_POINT('',#6318);
#2330=VERTEX_POINT('',#6320);
#2331=VERTEX_POINT('',#6322);
#2332=VERTEX_POINT('',#6324);
#2333=VERTEX_POINT('',#6326);
#2334=VERTEX_POINT('',#6331);
#2335=VERTEX_POINT('',#6333);
#2336=VERTEX_POINT('',#6335);
#2337=VERTEX_POINT('',#6340);
#2338=VERTEX_POINT('',#6342);
#2339=VERTEX_POINT('',#6344);
#2340=VERTEX_POINT('',#6346);
#2341=VERTEX_POINT('',#6348);
#2342=VERTEX_POINT('',#6353);
#2343=VERTEX_POINT('',#6355);
#2344=VERTEX_POINT('',#6357);
#2345=VERTEX_POINT('',#6400);
#2346=VERTEX_POINT('',#6407);
#2347=VERTEX_POINT('',#6409);
#2348=VERTEX_POINT('',#6413);
#2349=VERTEX_POINT('',#6418);
#2350=VERTEX_POINT('',#6420);
#2351=VERTEX_POINT('',#6422);
#2352=VERTEX_POINT('',#6424);
#2353=VERTEX_POINT('',#6426);
#2354=VERTEX_POINT('',#6431);
#2355=VERTEX_POINT('',#6433);
#2356=VERTEX_POINT('',#6435);
#2357=VERTEX_POINT('',#6437);
#2358=VERTEX_POINT('',#6439);
#2359=VERTEX_POINT('',#6441);
#2360=VERTEX_POINT('',#6448);
#2361=VERTEX_POINT('',#6449);
#2362=VERTEX_POINT('',#6451);
#2363=VERTEX_POINT('',#6457);
#2364=VERTEX_POINT('',#6459);
#2365=VERTEX_POINT('',#6461);
#2366=VERTEX_POINT('',#6463);
#2367=VERTEX_POINT('',#6465);
#2368=VERTEX_POINT('',#6470);
#2369=VERTEX_POINT('',#6472);
#2370=VERTEX_POINT('',#6474);
#2371=VERTEX_POINT('',#6476);
#2372=VERTEX_POINT('',#6489);
#2373=VERTEX_POINT('',#6490);
#2374=VERTEX_POINT('',#6496);
#2375=VERTEX_POINT('',#6498);
#2376=VERTEX_POINT('',#6510);
#2377=VERTEX_POINT('',#6541);
#2378=VERTEX_POINT('',#6543);
#2379=VERTEX_POINT('',#6545);
#2380=VERTEX_POINT('',#6550);
#2381=VERTEX_POINT('',#6552);
#2382=VERTEX_POINT('',#6555);
#2383=VERTEX_POINT('',#6557);
#2384=VERTEX_POINT('',#6560);
#2385=VERTEX_POINT('',#6562);
#2386=VERTEX_POINT('',#6565);
#2387=VERTEX_POINT('',#6567);
#2388=VERTEX_POINT('',#6570);
#2389=VERTEX_POINT('',#6572);
#2390=VERTEX_POINT('',#6589);
#2391=VERTEX_POINT('',#6591);
#2392=VERTEX_POINT('',#6595);
#2393=VERTEX_POINT('',#6596);
#2394=VERTEX_POINT('',#6601);
#2395=VERTEX_POINT('',#6605);
#2396=VERTEX_POINT('',#6617);
#2397=VERTEX_POINT('',#6619);
#2398=VERTEX_POINT('',#6623);
#2399=VERTEX_POINT('',#6624);
#2400=VERTEX_POINT('',#6629);
#2401=VERTEX_POINT('',#6633);
#2402=LINE('',#5241,#2684);
#2403=LINE('',#5246,#2685);
#2404=LINE('',#5248,#2686);
#2405=LINE('',#5250,#2687);
#2406=LINE('',#5254,#2688);
#2407=LINE('',#5258,#2689);
#2408=LINE('',#5260,#2690);
#2409=LINE('',#5264,#2691);
#2410=LINE('',#5268,#2692);
#2411=LINE('',#5271,#2693);
#2412=LINE('',#5273,#2694);
#2413=LINE('',#5275,#2695);
#2414=LINE('',#5277,#2696);
#2415=LINE('',#5279,#2697);
#2416=LINE('',#5281,#2698);
#2417=LINE('',#5283,#2699);
#2418=LINE('',#5334,#2700);
#2419=LINE('',#5368,#2701);
#2420=LINE('',#5375,#2702);
#2421=LINE('',#5404,#2703);
#2422=LINE('',#5435,#2704);
#2423=LINE('',#5444,#2705);
#2424=LINE('',#5452,#2706);
#2425=LINE('',#5454,#2707);
#2426=LINE('',#5456,#2708);
#2427=LINE('',#5457,#2709);
#2428=LINE('',#5459,#2710);
#2429=LINE('',#5463,#2711);
#2430=LINE('',#5464,#2712);
#2431=LINE('',#5466,#2713);
#2432=LINE('',#5468,#2714);
#2433=LINE('',#5470,#2715);
#2434=LINE('',#5472,#2716);
#2435=LINE('',#5474,#2717);
#2436=LINE('',#5476,#2718);
#2437=LINE('',#5477,#2719);
#2438=LINE('',#5479,#2720);
#2439=LINE('',#5480,#2721);
#2440=LINE('',#5482,#2722);
#2441=LINE('',#5484,#2723);
#2442=LINE('',#5486,#2724);
#2443=LINE('',#5491,#2725);
#2444=LINE('',#5495,#2726);
#2445=LINE('',#5501,#2727);
#2446=LINE('',#5507,#2728);
#2447=LINE('',#5519,#2729);
#2448=LINE('',#5525,#2730);
#2449=LINE('',#5531,#2731);
#2450=LINE('',#5537,#2732);
#2451=LINE('',#5543,#2733);
#2452=LINE('',#5555,#2734);
#2453=LINE('',#5561,#2735);
#2454=LINE('',#5567,#2736);
#2455=LINE('',#5579,#2737);
#2456=LINE('',#5585,#2738);
#2457=LINE('',#5591,#2739);
#2458=LINE('',#5597,#2740);
#2459=LINE('',#5607,#2741);
#2460=LINE('',#5613,#2742);
#2461=LINE('',#5620,#2743);
#2462=LINE('',#5622,#2744);
#2463=LINE('',#5626,#2745);
#2464=LINE('',#5628,#2746);
#2465=LINE('',#5630,#2747);
#2466=LINE('',#5635,#2748);
#2467=LINE('',#5639,#2749);
#2468=LINE('',#5645,#2750);
#2469=LINE('',#5651,#2751);
#2470=LINE('',#5663,#2752);
#2471=LINE('',#5669,#2753);
#2472=LINE('',#5675,#2754);
#2473=LINE('',#5681,#2755);
#2474=LINE('',#5685,#2756);
#2475=LINE('',#5691,#2757);
#2476=LINE('',#5700,#2758);
#2477=LINE('',#5707,#2759);
#2478=LINE('',#5708,#2760);
#2479=LINE('',#5710,#2761);
#2480=LINE('',#5712,#2762);
#2481=LINE('',#5716,#2763);
#2482=LINE('',#5720,#2764);
#2483=LINE('',#5722,#2765);
#2484=LINE('',#5726,#2766);
#2485=LINE('',#5728,#2767);
#2486=LINE('',#5732,#2768);
#2487=LINE('',#5760,#2769);
#2488=LINE('',#5779,#2770);
#2489=LINE('',#5780,#2771);
#2490=LINE('',#5782,#2772);
#2491=LINE('',#5784,#2773);
#2492=LINE('',#5787,#2774);
#2493=LINE('',#5789,#2775);
#2494=LINE('',#5792,#2776);
#2495=LINE('',#5795,#2777);
#2496=LINE('',#5796,#2778);
#2497=LINE('',#5798,#2779);
#2498=LINE('',#5800,#2780);
#2499=LINE('',#5802,#2781);
#2500=LINE('',#5804,#2782);
#2501=LINE('',#5806,#2783);
#2502=LINE('',#5808,#2784);
#2503=LINE('',#5809,#2785);
#2504=LINE('',#5811,#2786);
#2505=LINE('',#5815,#2787);
#2506=LINE('',#5817,#2788);
#2507=LINE('',#5819,#2789);
#2508=LINE('',#5821,#2790);
#2509=LINE('',#5823,#2791);
#2510=LINE('',#5825,#2792);
#2511=LINE('',#5827,#2793);
#2512=LINE('',#5829,#2794);
#2513=LINE('',#5831,#2795);
#2514=LINE('',#5834,#2796);
#2515=LINE('',#5836,#2797);
#2516=LINE('',#5838,#2798);
#2517=LINE('',#5840,#2799);
#2518=LINE('',#5842,#2800);
#2519=LINE('',#5843,#2801);
#2520=LINE('',#5845,#2802);
#2521=LINE('',#5847,#2803);
#2522=LINE('',#5849,#2804);
#2523=LINE('',#5850,#2805);
#2524=LINE('',#5858,#2806);
#2525=LINE('',#5862,#2807);
#2526=LINE('',#5864,#2808);
#2527=LINE('',#5866,#2809);
#2528=LINE('',#5868,#2810);
#2529=LINE('',#5872,#2811);
#2530=LINE('',#5876,#2812);
#2531=LINE('',#5881,#2813);
#2532=LINE('',#5885,#2814);
#2533=LINE('',#5888,#2815);
#2534=LINE('',#5889,#2816);
#2535=LINE('',#5893,#2817);
#2536=LINE('',#5903,#2818);
#2537=LINE('',#5917,#2819);
#2538=LINE('',#5922,#2820);
#2539=LINE('',#5926,#2821);
#2540=LINE('',#5928,#2822);
#2541=LINE('',#5930,#2823);
#2542=LINE('',#5932,#2824);
#2543=LINE('',#5939,#2825);
#2544=LINE('',#5946,#2826);
#2545=LINE('',#5953,#2827);
#2546=LINE('',#5954,#2828);
#2547=LINE('',#5956,#2829);
#2548=LINE('',#5960,#2830);
#2549=LINE('',#5968,#2831);
#2550=LINE('',#5974,#2832);
#2551=LINE('',#5980,#2833);
#2552=LINE('',#5981,#2834);
#2553=LINE('',#5994,#2835);
#2554=LINE('',#6000,#2836);
#2555=LINE('',#6004,#2837);
#2556=LINE('',#6005,#2838);
#2557=LINE('',#6007,#2839);
#2558=LINE('',#6008,#2840);
#2559=LINE('',#6010,#2841);
#2560=LINE('',#6013,#2842);
#2561=LINE('',#6015,#2843);
#2562=LINE('',#6023,#2844);
#2563=LINE('',#6026,#2845);
#2564=LINE('',#6028,#2846);
#2565=LINE('',#6030,#2847);
#2566=LINE('',#6032,#2848);
#2567=LINE('',#6034,#2849);
#2568=LINE('',#6036,#2850);
#2569=LINE('',#6038,#2851);
#2570=LINE('',#6040,#2852);
#2571=LINE('',#6043,#2853);
#2572=LINE('',#6045,#2854);
#2573=LINE('',#6047,#2855);
#2574=LINE('',#6049,#2856);
#2575=LINE('',#6051,#2857);
#2576=LINE('',#6053,#2858);
#2577=LINE('',#6055,#2859);
#2578=LINE('',#6057,#2860);
#2579=LINE('',#6060,#2861);
#2580=LINE('',#6062,#2862);
#2581=LINE('',#6069,#2863);
#2582=LINE('',#6074,#2864);
#2583=LINE('',#6076,#2865);
#2584=LINE('',#6080,#2866);
#2585=LINE('',#6084,#2867);
#2586=LINE('',#6089,#2868);
#2587=LINE('',#6107,#2869);
#2588=LINE('',#6116,#2870);
#2589=LINE('',#6122,#2871);
#2590=LINE('',#6128,#2872);
#2591=LINE('',#6131,#2873);
#2592=LINE('',#6135,#2874);
#2593=LINE('',#6139,#2875);
#2594=LINE('',#6141,#2876);
#2595=LINE('',#6145,#2877);
#2596=LINE('',#6152,#2878);
#2597=LINE('',#6170,#2879);
#2598=LINE('',#6172,#2880);
#2599=LINE('',#6176,#2881);
#2600=LINE('',#6179,#2882);
#2601=LINE('',#6187,#2883);
#2602=LINE('',#6200,#2884);
#2603=LINE('',#6202,#2885);
#2604=LINE('',#6219,#2886);
#2605=LINE('',#6226,#2887);
#2606=LINE('',#6252,#2888);
#2607=LINE('',#6259,#2889);
#2608=LINE('',#6262,#2890);
#2609=LINE('',#6264,#2891);
#2610=LINE('',#6360,#2892);
#2611=LINE('',#6361,#2893);
#2612=LINE('',#6363,#2894);
#2613=LINE('',#6366,#2895);
#2614=LINE('',#6368,#2896);
#2615=LINE('',#6370,#2897);
#2616=LINE('',#6372,#2898);
#2617=LINE('',#6374,#2899);
#2618=LINE('',#6376,#2900);
#2619=LINE('',#6378,#2901);
#2620=LINE('',#6380,#2902);
#2621=LINE('',#6382,#2903);
#2622=LINE('',#6384,#2904);
#2623=LINE('',#6386,#2905);
#2624=LINE('',#6388,#2906);
#2625=LINE('',#6390,#2907);
#2626=LINE('',#6392,#2908);
#2627=LINE('',#6394,#2909);
#2628=LINE('',#6397,#2910);
#2629=LINE('',#6399,#2911);
#2630=LINE('',#6412,#2912);
#2631=LINE('',#6450,#2913);
#2632=LINE('',#6488,#2914);
#2633=LINE('',#6497,#2915);
#2634=LINE('',#6509,#2916);
#2635=LINE('',#6516,#2917);
#2636=LINE('',#6517,#2918);
#2637=LINE('',#6519,#2919);
#2638=LINE('',#6523,#2920);
#2639=LINE('',#6525,#2921);
#2640=LINE('',#6527,#2922);
#2641=LINE('',#6529,#2923);
#2642=LINE('',#6531,#2924);
#2643=LINE('',#6533,#2925);
#2644=LINE('',#6535,#2926);
#2645=LINE('',#6537,#2927);
#2646=LINE('',#6546,#2928);
#2647=LINE('',#6547,#2929);
#2648=LINE('',#6549,#2930);
#2649=LINE('',#6551,#2931);
#2650=LINE('',#6553,#2932);
#2651=LINE('',#6554,#2933);
#2652=LINE('',#6556,#2934);
#2653=LINE('',#6558,#2935);
#2654=LINE('',#6575,#2936);
#2655=LINE('',#6576,#2937);
#2656=LINE('',#6578,#2938);
#2657=LINE('',#6580,#2939);
#2658=LINE('',#6583,#2940);
#2659=LINE('',#6585,#2941);
#2660=LINE('',#6588,#2942);
#2661=LINE('',#6590,#2943);
#2662=LINE('',#6592,#2944);
#2663=LINE('',#6594,#2945);
#2664=LINE('',#6597,#2946);
#2665=LINE('',#6598,#2947);
#2666=LINE('',#6600,#2948);
#2667=LINE('',#6602,#2949);
#2668=LINE('',#6604,#2950);
#2669=LINE('',#6606,#2951);
#2670=LINE('',#6608,#2952);
#2671=LINE('',#6611,#2953);
#2672=LINE('',#6613,#2954);
#2673=LINE('',#6616,#2955);
#2674=LINE('',#6618,#2956);
#2675=LINE('',#6620,#2957);
#2676=LINE('',#6622,#2958);
#2677=LINE('',#6625,#2959);
#2678=LINE('',#6626,#2960);
#2679=LINE('',#6628,#2961);
#2680=LINE('',#6630,#2962);
#2681=LINE('',#6632,#2963);
#2682=LINE('',#6634,#2964);
#2683=LINE('',#6636,#2965);
#2684=VECTOR('',#4163,1.);
#2685=VECTOR('',#4166,1.);
#2686=VECTOR('',#4167,1.);
#2687=VECTOR('',#4168,1.);
#2688=VECTOR('',#4171,1.);
#2689=VECTOR('',#4174,1.);
#2690=VECTOR('',#4175,1.);
#2691=VECTOR('',#4178,1.);
#2692=VECTOR('',#4183,1.);
#2693=VECTOR('',#4184,1.);
#2694=VECTOR('',#4185,1.);
#2695=VECTOR('',#4186,1.);
#2696=VECTOR('',#4187,1.);
#2697=VECTOR('',#4188,1.);
#2698=VECTOR('',#4189,1.);
#2699=VECTOR('',#4190,1.);
#2700=VECTOR('',#4193,1.);
#2701=VECTOR('',#4194,1.);
#2702=VECTOR('',#4195,1.);
#2703=VECTOR('',#4196,1.);
#2704=VECTOR('',#4197,1.);
#2705=VECTOR('',#4198,1.);
#2706=VECTOR('',#4201,1.);
#2707=VECTOR('',#4202,1.);
#2708=VECTOR('',#4203,1.);
#2709=VECTOR('',#4204,1.);
#2710=VECTOR('',#4205,1.);
#2711=VECTOR('',#4208,1.);
#2712=VECTOR('',#4209,1.);
#2713=VECTOR('',#4210,1.);
#2714=VECTOR('',#4211,1.);
#2715=VECTOR('',#4212,1.);
#2716=VECTOR('',#4213,1.);
#2717=VECTOR('',#4214,1.);
#2718=VECTOR('',#4215,1.);
#2719=VECTOR('',#4216,1.);
#2720=VECTOR('',#4217,1.);
#2721=VECTOR('',#4218,1.);
#2722=VECTOR('',#4219,1.);
#2723=VECTOR('',#4220,1.);
#2724=VECTOR('',#4221,1.);
#2725=VECTOR('',#4226,1.);
#2726=VECTOR('',#4229,1.);
#2727=VECTOR('',#4236,1.);
#2728=VECTOR('',#4243,1.);
#2729=VECTOR('',#4246,1.);
#2730=VECTOR('',#4253,1.);
#2731=VECTOR('',#4260,1.);
#2732=VECTOR('',#4267,1.);
#2733=VECTOR('',#4274,1.);
#2734=VECTOR('',#4277,1.);
#2735=VECTOR('',#4284,1.);
#2736=VECTOR('',#4291,1.);
#2737=VECTOR('',#4294,1.);
#2738=VECTOR('',#4301,1.);
#2739=VECTOR('',#4308,1.);
#2740=VECTOR('',#4315,1.);
#2741=VECTOR('',#4328,1.);
#2742=VECTOR('',#4337,1.);
#2743=VECTOR('',#4348,1.);
#2744=VECTOR('',#4351,1.);
#2745=VECTOR('',#4354,1.);
#2746=VECTOR('',#4357,1.);
#2747=VECTOR('',#4358,1.);
#2748=VECTOR('',#4363,1.);
#2749=VECTOR('',#4366,1.);
#2750=VECTOR('',#4373,1.);
#2751=VECTOR('',#4380,1.);
#2752=VECTOR('',#4383,1.);
#2753=VECTOR('',#4390,1.);
#2754=VECTOR('',#4397,1.);
#2755=VECTOR('',#4404,1.);
#2756=VECTOR('',#4409,1.);
#2757=VECTOR('',#4418,1.);
#2758=VECTOR('',#4431,1.);
#2759=VECTOR('',#4438,1.);
#2760=VECTOR('',#4439,1.);
#2761=VECTOR('',#4442,1.);
#2762=VECTOR('',#4443,1.);
#2763=VECTOR('',#4448,1.);
#2764=VECTOR('',#4453,1.);
#2765=VECTOR('',#4454,1.);
#2766=VECTOR('',#4459,1.);
#2767=VECTOR('',#4462,1.);
#2768=VECTOR('',#4469,1.);
#2769=VECTOR('',#4502,1.);
#2770=VECTOR('',#4527,1.);
#2771=VECTOR('',#4528,1.);
#2772=VECTOR('',#4531,1.);
#2773=VECTOR('',#4534,1.);
#2774=VECTOR('',#4539,1.);
#2775=VECTOR('',#4542,1.);
#2776=VECTOR('',#4547,1.);
#2777=VECTOR('',#4548,1.);
#2778=VECTOR('',#4549,1.);
#2779=VECTOR('',#4550,1.);
#2780=VECTOR('',#4553,1.);
#2781=VECTOR('',#4554,1.);
#2782=VECTOR('',#4555,1.);
#2783=VECTOR('',#4558,1.);
#2784=VECTOR('',#4559,1.);
#2785=VECTOR('',#4560,1.);
#2786=VECTOR('',#4563,1.);
#2787=VECTOR('',#4570,1.);
#2788=VECTOR('',#4571,1.);
#2789=VECTOR('',#4574,1.);
#2790=VECTOR('',#4575,1.);
#2791=VECTOR('',#4578,1.);
#2792=VECTOR('',#4581,1.);
#2793=VECTOR('',#4582,1.);
#2794=VECTOR('',#4583,1.);
#2795=VECTOR('',#4586,1.);
#2796=VECTOR('',#4587,1.);
#2797=VECTOR('',#4588,1.);
#2798=VECTOR('',#4589,1.);
#2799=VECTOR('',#4592,1.);
#2800=VECTOR('',#4593,1.);
#2801=VECTOR('',#4594,1.);
#2802=VECTOR('',#4597,1.);
#2803=VECTOR('',#4598,1.);
#2804=VECTOR('',#4601,1.);
#2805=VECTOR('',#4602,1.);
#2806=VECTOR('',#4613,1.);
#2807=VECTOR('',#4616,1.);
#2808=VECTOR('',#4619,1.);
#2809=VECTOR('',#4620,1.);
#2810=VECTOR('',#4621,1.);
#2811=VECTOR('',#4626,1.);
#2812=VECTOR('',#4631,1.);
#2813=VECTOR('',#4634,1.);
#2814=VECTOR('',#4639,1.);
#2815=VECTOR('',#4640,1.);
#2816=VECTOR('',#4641,1.);
#2817=VECTOR('',#4646,1.);
#2818=VECTOR('',#4657,1.);
#2819=VECTOR('',#4672,1.);
#2820=VECTOR('',#4677,1.);
#2821=VECTOR('',#4682,1.);
#2822=VECTOR('',#4685,1.);
#2823=VECTOR('',#4688,1.);
#2824=VECTOR('',#4691,1.);
#2825=VECTOR('',#4704,1.);
#2826=VECTOR('',#4709,1.);
#2827=VECTOR('',#4716,1.);
#2828=VECTOR('',#4717,1.);
#2829=VECTOR('',#4720,1.);
#2830=VECTOR('',#4723,1.);
#2831=VECTOR('',#4732,1.);
#2832=VECTOR('',#4737,1.);
#2833=VECTOR('',#4742,1.);
#2834=VECTOR('',#4743,1.);
#2835=VECTOR('',#4756,1.);
#2836=VECTOR('',#4761,1.);
#2837=VECTOR('',#4766,1.);
#2838=VECTOR('',#4767,1.);
#2839=VECTOR('',#4770,1.);
#2840=VECTOR('',#4771,1.);
#2841=VECTOR('',#4774,1.);
#2842=VECTOR('',#4779,1.);
#2843=VECTOR('',#4782,1.);
#2844=VECTOR('',#4797,1.);
#2845=VECTOR('',#4798,1.);
#2846=VECTOR('',#4799,1.);
#2847=VECTOR('',#4800,1.);
#2848=VECTOR('',#4801,1.);
#2849=VECTOR('',#4802,1.);
#2850=VECTOR('',#4803,1.);
#2851=VECTOR('',#4804,1.);
#2852=VECTOR('',#4807,1.);
#2853=VECTOR('',#4808,1.);
#2854=VECTOR('',#4809,1.);
#2855=VECTOR('',#4810,1.);
#2856=VECTOR('',#4811,1.);
#2857=VECTOR('',#4812,1.);
#2858=VECTOR('',#4813,1.);
#2859=VECTOR('',#4814,1.);
#2860=VECTOR('',#4817,1.);
#2861=VECTOR('',#4818,1.);
#2862=VECTOR('',#4819,1.);
#2863=VECTOR('',#4822,1.);
#2864=VECTOR('',#4825,1.);
#2865=VECTOR('',#4826,1.);
#2866=VECTOR('',#4829,1.);
#2867=VECTOR('',#4834,1.);
#2868=VECTOR('',#4837,1.);
#2869=VECTOR('',#4840,1.);
#2870=VECTOR('',#4845,1.);
#2871=VECTOR('',#4848,1.);
#2872=VECTOR('',#4855,1.);
#2873=VECTOR('',#4858,1.);
#2874=VECTOR('',#4861,1.);
#2875=VECTOR('',#4864,1.);
#2876=VECTOR('',#4865,1.);
#2877=VECTOR('',#4868,1.);
#2878=VECTOR('',#4875,1.);
#2879=VECTOR('',#4876,1.);
#2880=VECTOR('',#4879,1.);
#2881=VECTOR('',#4882,1.);
#2882=VECTOR('',#4885,1.);
#2883=VECTOR('',#4890,1.);
#2884=VECTOR('',#4893,1.);
#2885=VECTOR('',#4894,1.);
#2886=VECTOR('',#4895,1.);
#2887=VECTOR('',#4896,1.);
#2888=VECTOR('',#4897,1.);
#2889=VECTOR('',#4900,1.);
#2890=VECTOR('',#4905,1.);
#2891=VECTOR('',#4906,1.);
#2892=VECTOR('',#4979,1.);
#2893=VECTOR('',#4980,1.);
#2894=VECTOR('',#4983,1.);
#2895=VECTOR('',#4988,1.);
#2896=VECTOR('',#4991,1.);
#2897=VECTOR('',#4994,1.);
#2898=VECTOR('',#4997,1.);
#2899=VECTOR('',#5000,1.);
#2900=VECTOR('',#5003,1.);
#2901=VECTOR('',#5006,1.);
#2902=VECTOR('',#5009,1.);
#2903=VECTOR('',#5012,1.);
#2904=VECTOR('',#5015,1.);
#2905=VECTOR('',#5018,1.);
#2906=VECTOR('',#5021,1.);
#2907=VECTOR('',#5024,1.);
#2908=VECTOR('',#5027,1.);
#2909=VECTOR('',#5030,1.);
#2910=VECTOR('',#5035,1.);
#2911=VECTOR('',#5038,1.);
#2912=VECTOR('',#5049,1.);
#2913=VECTOR('',#5072,1.);
#2914=VECTOR('',#5089,1.);
#2915=VECTOR('',#5090,1.);
#2916=VECTOR('',#5091,1.);
#2917=VECTOR('',#5094,1.);
#2918=VECTOR('',#5095,1.);
#2919=VECTOR('',#5098,1.);
#2920=VECTOR('',#5105,1.);
#2921=VECTOR('',#5108,1.);
#2922=VECTOR('',#5111,1.);
#2923=VECTOR('',#5114,1.);
#2924=VECTOR('',#5117,1.);
#2925=VECTOR('',#5120,1.);
#2926=VECTOR('',#5123,1.);
#2927=VECTOR('',#5126,1.);
#2928=VECTOR('',#5137,1.);
#2929=VECTOR('',#5138,1.);
#2930=VECTOR('',#5141,1.);
#2931=VECTOR('',#5142,1.);
#2932=VECTOR('',#5143,1.);
#2933=VECTOR('',#5144,1.);
#2934=VECTOR('',#5145,1.);
#2935=VECTOR('',#5146,1.);
#2936=VECTOR('',#5167,1.);
#2937=VECTOR('',#5168,1.);
#2938=VECTOR('',#5171,1.);
#2939=VECTOR('',#5174,1.);
#2940=VECTOR('',#5179,1.);
#2941=VECTOR('',#5182,1.);
#2942=VECTOR('',#5187,1.);
#2943=VECTOR('',#5188,1.);
#2944=VECTOR('',#5189,1.);
#2945=VECTOR('',#5192,1.);
#2946=VECTOR('',#5193,1.);
#2947=VECTOR('',#5194,1.);
#2948=VECTOR('',#5197,1.);
#2949=VECTOR('',#5198,1.);
#2950=VECTOR('',#5201,1.);
#2951=VECTOR('',#5202,1.);
#2952=VECTOR('',#5205,1.);
#2953=VECTOR('',#5210,1.);
#2954=VECTOR('',#5213,1.);
#2955=VECTOR('',#5218,1.);
#2956=VECTOR('',#5219,1.);
#2957=VECTOR('',#5220,1.);
#2958=VECTOR('',#5223,1.);
#2959=VECTOR('',#5224,1.);
#2960=VECTOR('',#5225,1.);
#2961=VECTOR('',#5228,1.);
#2962=VECTOR('',#5229,1.);
#2963=VECTOR('',#5232,1.);
#2964=VECTOR('',#5233,1.);
#2965=VECTOR('',#5236,1.);
#2966=EDGE_LOOP('',(#422,#423,#424,#425,#426,#427,#428,#429,#430,#431,#432,
#433,#434));
#2967=EDGE_LOOP('',(#435,#436,#437,#438,#439,#440,#441,#442));
#2968=EDGE_LOOP('',(#443,#444,#445,#446,#447,#448,#449,#450,#451,#452,#453));
#2969=EDGE_LOOP('',(#454,#455,#456,#457));
#2970=EDGE_LOOP('',(#458,#459,#460,#461,#462,#463,#464,#465));
#2971=EDGE_LOOP('',(#466,#467,#468,#469));
#2972=EDGE_LOOP('',(#470,#471,#472,#473,#474,#475,#476,#477,#478,#479,#480,
#481,#482,#483,#484,#485,#486,#487,#488,#489,#490,#491,#492,#493));
#2973=EDGE_LOOP('',(#494,#495,#496,#497));
#2974=EDGE_LOOP('',(#498,#499,#500,#501));
#2975=EDGE_LOOP('',(#502,#503,#504,#505));
#2976=EDGE_LOOP('',(#506,#507,#508,#509));
#2977=EDGE_LOOP('',(#510,#511,#512,#513));
#2978=EDGE_LOOP('',(#514,#515,#516,#517));
#2979=EDGE_LOOP('',(#518,#519,#520,#521));
#2980=EDGE_LOOP('',(#522,#523,#524,#525));
#2981=EDGE_LOOP('',(#526,#527,#528,#529));
#2982=EDGE_LOOP('',(#530,#531,#532,#533));
#2983=EDGE_LOOP('',(#534,#535,#536,#537));
#2984=EDGE_LOOP('',(#538,#539,#540,#541));
#2985=EDGE_LOOP('',(#542,#543,#544,#545));
#2986=EDGE_LOOP('',(#546,#547,#548,#549));
#2987=EDGE_LOOP('',(#550,#551,#552,#553));
#2988=EDGE_LOOP('',(#554,#555,#556));
#2989=EDGE_LOOP('',(#557,#558,#559,#560));
#2990=EDGE_LOOP('',(#561,#562,#563,#564,#565,#566,#567,#568,#569,#570,#571,
#572,#573,#574,#575,#576,#577,#578));
#2991=EDGE_LOOP('',(#579,#580,#581,#582,#583));
#2992=EDGE_LOOP('',(#584,#585,#586,#587,#588));
#2993=EDGE_LOOP('',(#589,#590,#591,#592));
#2994=EDGE_LOOP('',(#593,#594,#595,#596,#597,#598,#599,#600,#601,#602,#603,
#604,#605,#606,#607,#608,#609,#610,#611,#612,#613,#614));
#2995=EDGE_LOOP('',(#615,#616,#617));
#2996=EDGE_LOOP('',(#618,#619,#620,#621));
#2997=EDGE_LOOP('',(#622,#623,#624,#625));
#2998=EDGE_LOOP('',(#626,#627,#628,#629));
#2999=EDGE_LOOP('',(#630,#631,#632,#633));
#3000=EDGE_LOOP('',(#634,#635,#636,#637));
#3001=EDGE_LOOP('',(#638,#639,#640,#641));
#3002=EDGE_LOOP('',(#642,#643,#644,#645));
#3003=EDGE_LOOP('',(#646,#647,#648,#649));
#3004=EDGE_LOOP('',(#650,#651,#652,#653));
#3005=EDGE_LOOP('',(#654,#655,#656,#657,#658));
#3006=EDGE_LOOP('',(#659,#660,#661,#662,#663));
#3007=EDGE_LOOP('',(#664,#665,#666,#667));
#3008=EDGE_LOOP('',(#668,#669,#670,#671));
#3009=EDGE_LOOP('',(#672,#673,#674,#675));
#3010=EDGE_LOOP('',(#676,#677,#678,#679,#680,#681,#682));
#3011=EDGE_LOOP('',(#683,#684,#685,#686));
#3012=EDGE_LOOP('',(#687,#688,#689,#690));
#3013=EDGE_LOOP('',(#691,#692,#693,#694));
#3014=EDGE_LOOP('',(#695,#696,#697,#698,#699));
#3015=EDGE_LOOP('',(#700,#701,#702,#703));
#3016=EDGE_LOOP('',(#704,#705,#706));
#3017=EDGE_LOOP('',(#707));
#3018=EDGE_LOOP('',(#708));
#3019=EDGE_LOOP('',(#709));
#3020=EDGE_LOOP('',(#710,#711,#712,#713,#714,#715,#716,#717,#718,#719,#720));
#3021=EDGE_LOOP('',(#721,#722,#723,#724));
#3022=EDGE_LOOP('',(#725,#726,#727,#728,#729,#730,#731,#732,#733,#734,#735,
#736,#737,#738,#739));
#3023=EDGE_LOOP('',(#740,#741,#742,#743,#744,#745,#746,#747,#748,#749,#750,
#751));
#3024=EDGE_LOOP('',(#752,#753,#754));
#3025=EDGE_LOOP('',(#755,#756,#757,#758,#759,#760,#761,#762,#763,#764));
#3026=EDGE_LOOP('',(#765,#766,#767,#768));
#3027=EDGE_LOOP('',(#769,#770,#771,#772));
#3028=EDGE_LOOP('',(#773));
#3029=EDGE_LOOP('',(#774));
#3030=EDGE_LOOP('',(#775));
#3031=EDGE_LOOP('',(#776));
#3032=EDGE_LOOP('',(#777));
#3033=EDGE_LOOP('',(#778));
#3034=EDGE_LOOP('',(#779));
#3035=EDGE_LOOP('',(#780));
#3036=EDGE_LOOP('',(#781));
#3037=EDGE_LOOP('',(#782,#783,#784,#785));
#3038=EDGE_LOOP('',(#786,#787,#788,#789));
#3039=EDGE_LOOP('',(#790,#791,#792,#793));
#3040=EDGE_LOOP('',(#794,#795,#796,#797));
#3041=EDGE_LOOP('',(#798,#799,#800,#801));
#3042=EDGE_LOOP('',(#802,#803,#804,#805));
#3043=EDGE_LOOP('',(#806,#807,#808,#809));
#3044=EDGE_LOOP('',(#810,#811,#812,#813,#814));
#3045=EDGE_LOOP('',(#815,#816,#817,#818));
#3046=EDGE_LOOP('',(#819,#820,#821,#822,#823));
#3047=EDGE_LOOP('',(#824,#825,#826,#827));
#3048=EDGE_LOOP('',(#828,#829,#830,#831));
#3049=EDGE_LOOP('',(#832,#833,#834,#835));
#3050=EDGE_LOOP('',(#836,#837,#838,#839));
#3051=EDGE_LOOP('',(#840,#841,#842,#843));
#3052=EDGE_LOOP('',(#844,#845,#846,#847));
#3053=EDGE_LOOP('',(#848,#849,#850,#851,#852,#853,#854,#855));
#3054=EDGE_LOOP('',(#856,#857,#858,#859));
#3055=EDGE_LOOP('',(#860,#861,#862,#863,#864));
#3056=EDGE_LOOP('',(#865,#866,#867,#868));
#3057=EDGE_LOOP('',(#869,#870,#871,#872,#873));
#3058=EDGE_LOOP('',(#874,#875,#876,#877));
#3059=EDGE_LOOP('',(#878,#879,#880,#881));
#3060=EDGE_LOOP('',(#882,#883,#884,#885));
#3061=EDGE_LOOP('',(#886,#887,#888,#889));
#3062=EDGE_LOOP('',(#890,#891,#892,#893));
#3063=EDGE_LOOP('',(#894,#895,#896,#897));
#3064=EDGE_LOOP('',(#898,#899,#900,#901));
#3065=EDGE_LOOP('',(#902,#903,#904,#905,#906));
#3066=EDGE_LOOP('',(#907));
#3067=EDGE_LOOP('',(#908));
#3068=EDGE_LOOP('',(#909));
#3069=EDGE_LOOP('',(#910,#911,#912,#913,#914,#915));
#3070=EDGE_LOOP('',(#916));
#3071=EDGE_LOOP('',(#917));
#3072=EDGE_LOOP('',(#918));
#3073=EDGE_LOOP('',(#919,#920,#921,#922,#923,#924,#925,#926,#927,#928,#929));
#3074=EDGE_LOOP('',(#930,#931,#932,#933));
#3075=EDGE_LOOP('',(#934,#935,#936,#937));
#3076=EDGE_LOOP('',(#938,#939,#940,#941));
#3077=EDGE_LOOP('',(#942,#943,#944,#945));
#3078=EDGE_LOOP('',(#946,#947,#948,#949,#950,#951,#952,#953));
#3079=EDGE_LOOP('',(#954));
#3080=EDGE_LOOP('',(#955));
#3081=EDGE_LOOP('',(#956));
#3082=EDGE_LOOP('',(#957));
#3083=EDGE_LOOP('',(#958));
#3084=EDGE_LOOP('',(#959));
#3085=EDGE_LOOP('',(#960,#961,#962,#963,#964));
#3086=EDGE_LOOP('',(#965,#966,#967,#968));
#3087=EDGE_LOOP('',(#969,#970,#971,#972));
#3088=EDGE_LOOP('',(#973));
#3089=EDGE_LOOP('',(#974));
#3090=EDGE_LOOP('',(#975));
#3091=EDGE_LOOP('',(#976,#977,#978,#979,#980,#981,#982,#983,#984,#985,#986));
#3092=EDGE_LOOP('',(#987));
#3093=EDGE_LOOP('',(#988));
#3094=EDGE_LOOP('',(#989));
#3095=EDGE_LOOP('',(#990,#991,#992,#993,#994,#995));
#3096=EDGE_LOOP('',(#996,#997,#998,#999));
#3097=EDGE_LOOP('',(#1000,#1001,#1002,#1003));
#3098=EDGE_LOOP('',(#1004,#1005,#1006,#1007));
#3099=EDGE_LOOP('',(#1008,#1009,#1010,#1011));
#3100=EDGE_LOOP('',(#1012,#1013,#1014,#1015));
#3101=EDGE_LOOP('',(#1016,#1017,#1018,#1019));
#3102=EDGE_LOOP('',(#1020,#1021,#1022,#1023));
#3103=EDGE_LOOP('',(#1024,#1025,#1026,#1027,#1028,#1029,#1030,#1031));
#3104=EDGE_LOOP('',(#1032));
#3105=EDGE_LOOP('',(#1033));
#3106=EDGE_LOOP('',(#1034));
#3107=EDGE_LOOP('',(#1035));
#3108=EDGE_LOOP('',(#1036));
#3109=EDGE_LOOP('',(#1037));
#3110=EDGE_LOOP('',(#1038,#1039,#1040,#1041,#1042,#1043,#1044,#1045));
#3111=EDGE_LOOP('',(#1046,#1047,#1048,#1049,#1050,#1051,#1052,#1053));
#3112=EDGE_LOOP('',(#1054,#1055,#1056,#1057));
#3113=EDGE_LOOP('',(#1058,#1059,#1060,#1061,#1062,#1063,#1064));
#3114=EDGE_LOOP('',(#1065,#1066,#1067,#1068));
#3115=EDGE_LOOP('',(#1069,#1070,#1071,#1072));
#3116=EDGE_LOOP('',(#1073,#1074,#1075,#1076));
#3117=EDGE_LOOP('',(#1077,#1078,#1079,#1080));
#3118=EDGE_LOOP('',(#1081,#1082,#1083,#1084,#1085,#1086,#1087,#1088,#1089,
#1090,#1091,#1092,#1093));
#3119=EDGE_LOOP('',(#1094,#1095,#1096,#1097));
#3120=EDGE_LOOP('',(#1098,#1099,#1100,#1101,#1102,#1103,#1104,#1105,#1106,
#1107));
#3121=EDGE_LOOP('',(#1108,#1109,#1110,#1111));
#3122=EDGE_LOOP('',(#1112,#1113,#1114));
#3123=EDGE_LOOP('',(#1115,#1116,#1117,#1118));
#3124=EDGE_LOOP('',(#1119,#1120,#1121,#1122,#1123,#1124,#1125,#1126,#1127,
#1128,#1129));
#3125=EDGE_LOOP('',(#1130,#1131,#1132,#1133,#1134));
#3126=EDGE_LOOP('',(#1135,#1136,#1137));
#3127=EDGE_LOOP('',(#1138,#1139,#1140,#1141));
#3128=EDGE_LOOP('',(#1142,#1143,#1144,#1145,#1146,#1147,#1148,#1149,#1150,
#1151,#1152,#1153,#1154,#1155,#1156,#1157,#1158,#1159,#1160,#1161,#1162,
#1163));
#3129=EDGE_LOOP('',(#1164,#1165,#1166,#1167,#1168,#1169,#1170,#1171,#1172,
#1173,#1174,#1175,#1176,#1177,#1178,#1179,#1180,#1181));
#3130=EDGE_LOOP('',(#1182,#1183,#1184,#1185,#1186));
#3131=EDGE_LOOP('',(#1187,#1188,#1189,#1190,#1191));
#3132=EDGE_LOOP('',(#1192,#1193,#1194,#1195));
#3133=EDGE_LOOP('',(#1196,#1197,#1198));
#3134=EDGE_LOOP('',(#1199,#1200,#1201,#1202));
#3135=EDGE_LOOP('',(#1203,#1204,#1205,#1206));
#3136=EDGE_LOOP('',(#1207,#1208,#1209,#1210));
#3137=EDGE_LOOP('',(#1211,#1212,#1213,#1214));
#3138=EDGE_LOOP('',(#1215,#1216,#1217,#1218));
#3139=EDGE_LOOP('',(#1219,#1220,#1221,#1222));
#3140=EDGE_LOOP('',(#1223,#1224,#1225,#1226));
#3141=EDGE_LOOP('',(#1227,#1228,#1229,#1230));
#3142=EDGE_LOOP('',(#1231,#1232,#1233,#1234));
#3143=EDGE_LOOP('',(#1235,#1236,#1237,#1238));
#3144=EDGE_LOOP('',(#1239,#1240,#1241,#1242));
#3145=EDGE_LOOP('',(#1243,#1244,#1245,#1246));
#3146=EDGE_LOOP('',(#1247,#1248,#1249,#1250));
#3147=EDGE_LOOP('',(#1251,#1252,#1253,#1254));
#3148=EDGE_LOOP('',(#1255,#1256,#1257,#1258));
#3149=EDGE_LOOP('',(#1259,#1260,#1261,#1262));
#3150=EDGE_LOOP('',(#1263,#1264,#1265));
#3151=EDGE_LOOP('',(#1266,#1267,#1268,#1269));
#3152=EDGE_LOOP('',(#1270,#1271,#1272,#1273,#1274,#1275,#1276,#1277,#1278,
#1279,#1280,#1281,#1282,#1283,#1284));
#3153=EDGE_LOOP('',(#1285,#1286,#1287,#1288,#1289,#1290,#1291,#1292,#1293,
#1294,#1295,#1296));
#3154=EDGE_LOOP('',(#1297,#1298,#1299,#1300));
#3155=EDGE_LOOP('',(#1301,#1302,#1303,#1304,#1305,#1306,#1307,#1308));
#3156=EDGE_LOOP('',(#1309,#1310,#1311,#1312,#1313));
#3157=EDGE_LOOP('',(#1314,#1315,#1316,#1317,#1318));
#3158=EDGE_LOOP('',(#1319,#1320,#1321,#1322));
#3159=EDGE_LOOP('',(#1323,#1324,#1325,#1326));
#3160=EDGE_LOOP('',(#1327,#1328,#1329,#1330));
#3161=EDGE_LOOP('',(#1331,#1332,#1333,#1334));
#3162=EDGE_LOOP('',(#1335,#1336,#1337,#1338));
#3163=EDGE_LOOP('',(#1339,#1340,#1341,#1342));
#3164=EDGE_LOOP('',(#1343,#1344,#1345,#1346));
#3165=EDGE_LOOP('',(#1347,#1348,#1349,#1350));
#3166=EDGE_LOOP('',(#1351,#1352,#1353,#1354));
#3167=EDGE_LOOP('',(#1355,#1356,#1357,#1358));
#3168=EDGE_LOOP('',(#1359));
#3169=EDGE_LOOP('',(#1360));
#3170=EDGE_LOOP('',(#1361));
#3171=EDGE_LOOP('',(#1362,#1363,#1364,#1365,#1366,#1367,#1368,#1369,#1370,
#1371,#1372));
#3172=EDGE_LOOP('',(#1373,#1374,#1375,#1376,#1377,#1378,#1379,#1380,#1381,
#1382,#1383,#1384,#1385,#1386,#1387,#1388,#1389,#1390,#1391,#1392,#1393,
#1394,#1395,#1396));
#3173=EDGE_LOOP('',(#1397));
#3174=EDGE_LOOP('',(#1398));
#3175=EDGE_LOOP('',(#1399));
#3176=EDGE_LOOP('',(#1400));
#3177=EDGE_LOOP('',(#1401));
#3178=EDGE_LOOP('',(#1402));
#3179=EDGE_LOOP('',(#1403));
#3180=EDGE_LOOP('',(#1404));
#3181=EDGE_LOOP('',(#1405));
#3182=EDGE_LOOP('',(#1406,#1407,#1408,#1409));
#3183=EDGE_LOOP('',(#1410,#1411,#1412,#1413));
#3184=EDGE_LOOP('',(#1414,#1415,#1416,#1417));
#3185=EDGE_LOOP('',(#1418,#1419,#1420,#1421));
#3186=EDGE_LOOP('',(#1422,#1423,#1424,#1425));
#3187=EDGE_LOOP('',(#1426,#1427,#1428,#1429));
#3188=EDGE_LOOP('',(#1430,#1431,#1432,#1433));
#3189=EDGE_LOOP('',(#1434,#1435,#1436,#1437));
#3190=EDGE_LOOP('',(#1438,#1439,#1440,#1441,#1442));
#3191=EDGE_LOOP('',(#1443,#1444,#1445,#1446));
#3192=EDGE_LOOP('',(#1447,#1448,#1449,#1450,#1451));
#3193=EDGE_LOOP('',(#1452,#1453,#1454,#1455));
#3194=EDGE_LOOP('',(#1456,#1457,#1458,#1459));
#3195=EDGE_LOOP('',(#1460,#1461,#1462,#1463));
#3196=EDGE_LOOP('',(#1464,#1465,#1466,#1467));
#3197=EDGE_LOOP('',(#1468,#1469,#1470,#1471));
#3198=EDGE_LOOP('',(#1472,#1473,#1474,#1475));
#3199=EDGE_LOOP('',(#1476,#1477,#1478,#1479,#1480));
#3200=EDGE_LOOP('',(#1481,#1482,#1483,#1484));
#3201=EDGE_LOOP('',(#1485,#1486,#1487,#1488,#1489));
#3202=EDGE_LOOP('',(#1490,#1491,#1492,#1493));
#3203=EDGE_LOOP('',(#1494,#1495,#1496,#1497));
#3204=FACE_BOUND('',#2966,.T.);
#3205=FACE_BOUND('',#2967,.T.);
#3206=FACE_BOUND('',#2968,.T.);
#3207=FACE_BOUND('',#2969,.T.);
#3208=FACE_BOUND('',#2970,.T.);
#3209=FACE_BOUND('',#2971,.T.);
#3210=FACE_BOUND('',#2972,.T.);
#3211=FACE_BOUND('',#2973,.T.);
#3212=FACE_BOUND('',#2974,.T.);
#3213=FACE_BOUND('',#2975,.T.);
#3214=FACE_BOUND('',#2976,.T.);
#3215=FACE_BOUND('',#2977,.T.);
#3216=FACE_BOUND('',#2978,.T.);
#3217=FACE_BOUND('',#2979,.T.);
#3218=FACE_BOUND('',#2980,.T.);
#3219=FACE_BOUND('',#2981,.T.);
#3220=FACE_BOUND('',#2982,.T.);
#3221=FACE_BOUND('',#2983,.T.);
#3222=FACE_BOUND('',#2984,.T.);
#3223=FACE_BOUND('',#2985,.T.);
#3224=FACE_BOUND('',#2986,.T.);
#3225=FACE_BOUND('',#2987,.T.);
#3226=FACE_BOUND('',#2988,.T.);
#3227=FACE_BOUND('',#2989,.T.);
#3228=FACE_BOUND('',#2990,.T.);
#3229=FACE_BOUND('',#2991,.T.);
#3230=FACE_BOUND('',#2992,.T.);
#3231=FACE_BOUND('',#2993,.T.);
#3232=FACE_BOUND('',#2994,.T.);
#3233=FACE_BOUND('',#2995,.T.);
#3234=FACE_BOUND('',#2996,.T.);
#3235=FACE_BOUND('',#2997,.T.);
#3236=FACE_BOUND('',#2998,.T.);
#3237=FACE_BOUND('',#2999,.T.);
#3238=FACE_BOUND('',#3000,.T.);
#3239=FACE_BOUND('',#3001,.T.);
#3240=FACE_BOUND('',#3002,.T.);
#3241=FACE_BOUND('',#3003,.T.);
#3242=FACE_BOUND('',#3004,.T.);
#3243=FACE_BOUND('',#3005,.T.);
#3244=FACE_BOUND('',#3006,.T.);
#3245=FACE_BOUND('',#3007,.T.);
#3246=FACE_BOUND('',#3008,.T.);
#3247=FACE_BOUND('',#3009,.T.);
#3248=FACE_BOUND('',#3010,.T.);
#3249=FACE_BOUND('',#3011,.T.);
#3250=FACE_BOUND('',#3012,.T.);
#3251=FACE_BOUND('',#3013,.T.);
#3252=FACE_BOUND('',#3014,.T.);
#3253=FACE_BOUND('',#3015,.T.);
#3254=FACE_BOUND('',#3016,.T.);
#3255=FACE_BOUND('',#3017,.T.);
#3256=FACE_BOUND('',#3018,.T.);
#3257=FACE_BOUND('',#3019,.T.);
#3258=FACE_BOUND('',#3020,.T.);
#3259=FACE_BOUND('',#3021,.T.);
#3260=FACE_BOUND('',#3022,.T.);
#3261=FACE_BOUND('',#3023,.T.);
#3262=FACE_BOUND('',#3024,.T.);
#3263=FACE_BOUND('',#3025,.T.);
#3264=FACE_BOUND('',#3026,.T.);
#3265=FACE_BOUND('',#3027,.T.);
#3266=FACE_BOUND('',#18,.T.);
#3267=FACE_BOUND('',#3028,.T.);
#3268=FACE_BOUND('',#3029,.T.);
#3269=FACE_BOUND('',#3030,.T.);
#3270=FACE_BOUND('',#19,.T.);
#3271=FACE_BOUND('',#3031,.T.);
#3272=FACE_BOUND('',#3032,.T.);
#3273=FACE_BOUND('',#3033,.T.);
#3274=FACE_BOUND('',#20,.T.);
#3275=FACE_BOUND('',#3034,.T.);
#3276=FACE_BOUND('',#3035,.T.);
#3277=FACE_BOUND('',#3036,.T.);
#3278=FACE_BOUND('',#3037,.T.);
#3279=FACE_BOUND('',#3038,.T.);
#3280=FACE_BOUND('',#3039,.T.);
#3281=FACE_BOUND('',#3040,.T.);
#3282=FACE_BOUND('',#3041,.T.);
#3283=FACE_BOUND('',#3042,.T.);
#3284=FACE_BOUND('',#3043,.T.);
#3285=FACE_BOUND('',#3044,.T.);
#3286=FACE_BOUND('',#3045,.T.);
#3287=FACE_BOUND('',#3046,.T.);
#3288=FACE_BOUND('',#3047,.T.);
#3289=FACE_BOUND('',#3048,.T.);
#3290=FACE_BOUND('',#3049,.T.);
#3291=FACE_BOUND('',#3050,.T.);
#3292=FACE_BOUND('',#3051,.T.);
#3293=FACE_BOUND('',#3052,.T.);
#3294=FACE_BOUND('',#3053,.T.);
#3295=FACE_BOUND('',#3054,.T.);
#3296=FACE_BOUND('',#3055,.T.);
#3297=FACE_BOUND('',#3056,.T.);
#3298=FACE_BOUND('',#3057,.T.);
#3299=FACE_BOUND('',#3058,.T.);
#3300=FACE_BOUND('',#3059,.T.);
#3301=FACE_BOUND('',#3060,.T.);
#3302=FACE_BOUND('',#3061,.T.);
#3303=FACE_BOUND('',#3062,.T.);
#3304=FACE_BOUND('',#3063,.T.);
#3305=FACE_BOUND('',#3064,.T.);
#3306=FACE_BOUND('',#3065,.T.);
#3307=FACE_BOUND('',#3066,.T.);
#3308=FACE_BOUND('',#3067,.T.);
#3309=FACE_BOUND('',#3068,.T.);
#3310=FACE_BOUND('',#3069,.T.);
#3311=FACE_BOUND('',#3070,.T.);
#3312=FACE_BOUND('',#3071,.T.);
#3313=FACE_BOUND('',#3072,.T.);
#3314=FACE_BOUND('',#3073,.T.);
#3315=FACE_BOUND('',#3074,.T.);
#3316=FACE_BOUND('',#3075,.T.);
#3317=FACE_BOUND('',#3076,.T.);
#3318=FACE_BOUND('',#3077,.T.);
#3319=FACE_BOUND('',#3078,.T.);
#3320=FACE_BOUND('',#3079,.T.);
#3321=FACE_BOUND('',#3080,.T.);
#3322=FACE_BOUND('',#3081,.T.);
#3323=FACE_BOUND('',#3082,.T.);
#3324=FACE_BOUND('',#3083,.T.);
#3325=FACE_BOUND('',#3084,.T.);
#3326=FACE_BOUND('',#3085,.T.);
#3327=FACE_BOUND('',#3086,.T.);
#3328=FACE_BOUND('',#3087,.T.);
#3329=FACE_BOUND('',#3088,.T.);
#3330=FACE_BOUND('',#3089,.T.);
#3331=FACE_BOUND('',#3090,.T.);
#3332=FACE_BOUND('',#3091,.T.);
#3333=FACE_BOUND('',#3092,.T.);
#3334=FACE_BOUND('',#3093,.T.);
#3335=FACE_BOUND('',#3094,.T.);
#3336=FACE_BOUND('',#3095,.T.);
#3337=FACE_BOUND('',#3096,.T.);
#3338=FACE_BOUND('',#3097,.T.);
#3339=FACE_BOUND('',#3098,.T.);
#3340=FACE_BOUND('',#3099,.T.);
#3341=FACE_BOUND('',#3100,.T.);
#3342=FACE_BOUND('',#3101,.T.);
#3343=FACE_BOUND('',#3102,.T.);
#3344=FACE_BOUND('',#3103,.T.);
#3345=FACE_BOUND('',#3104,.T.);
#3346=FACE_BOUND('',#3105,.T.);
#3347=FACE_BOUND('',#3106,.T.);
#3348=FACE_BOUND('',#3107,.T.);
#3349=FACE_BOUND('',#3108,.T.);
#3350=FACE_BOUND('',#3109,.T.);
#3351=FACE_BOUND('',#3110,.T.);
#3352=FACE_BOUND('',#3111,.T.);
#3353=FACE_BOUND('',#3112,.T.);
#3354=FACE_BOUND('',#3113,.T.);
#3355=FACE_BOUND('',#3114,.T.);
#3356=FACE_BOUND('',#3115,.T.);
#3357=FACE_BOUND('',#3116,.T.);
#3358=FACE_BOUND('',#3117,.T.);
#3359=FACE_BOUND('',#3118,.T.);
#3360=FACE_BOUND('',#3119,.T.);
#3361=FACE_BOUND('',#3120,.T.);
#3362=FACE_BOUND('',#3121,.T.);
#3363=FACE_BOUND('',#3122,.T.);
#3364=FACE_BOUND('',#3123,.T.);
#3365=FACE_BOUND('',#3124,.T.);
#3366=FACE_BOUND('',#3125,.T.);
#3367=FACE_BOUND('',#3126,.T.);
#3368=FACE_BOUND('',#3127,.T.);
#3369=FACE_BOUND('',#3128,.T.);
#3370=FACE_BOUND('',#3129,.T.);
#3371=FACE_BOUND('',#3130,.T.);
#3372=FACE_BOUND('',#3131,.T.);
#3373=FACE_BOUND('',#3132,.T.);
#3374=FACE_BOUND('',#3133,.T.);
#3375=FACE_BOUND('',#3134,.T.);
#3376=FACE_BOUND('',#3135,.T.);
#3377=FACE_BOUND('',#3136,.T.);
#3378=FACE_BOUND('',#3137,.T.);
#3379=FACE_BOUND('',#3138,.T.);
#3380=FACE_BOUND('',#3139,.T.);
#3381=FACE_BOUND('',#3140,.T.);
#3382=FACE_BOUND('',#3141,.T.);
#3383=FACE_BOUND('',#3142,.T.);
#3384=FACE_BOUND('',#3143,.T.);
#3385=FACE_BOUND('',#3144,.T.);
#3386=FACE_BOUND('',#3145,.T.);
#3387=FACE_BOUND('',#3146,.T.);
#3388=FACE_BOUND('',#3147,.T.);
#3389=FACE_BOUND('',#3148,.T.);
#3390=FACE_BOUND('',#3149,.T.);
#3391=FACE_BOUND('',#3150,.T.);
#3392=FACE_BOUND('',#3151,.T.);
#3393=FACE_BOUND('',#3152,.T.);
#3394=FACE_BOUND('',#3153,.T.);
#3395=FACE_BOUND('',#3154,.T.);
#3396=FACE_BOUND('',#3155,.T.);
#3397=FACE_BOUND('',#3156,.T.);
#3398=FACE_BOUND('',#3157,.T.);
#3399=FACE_BOUND('',#3158,.T.);
#3400=FACE_BOUND('',#3159,.T.);
#3401=FACE_BOUND('',#3160,.T.);
#3402=FACE_BOUND('',#3161,.T.);
#3403=FACE_BOUND('',#3162,.T.);
#3404=FACE_BOUND('',#3163,.T.);
#3405=FACE_BOUND('',#3164,.T.);
#3406=FACE_BOUND('',#3165,.T.);
#3407=FACE_BOUND('',#3166,.T.);
#3408=FACE_BOUND('',#3167,.T.);
#3409=FACE_BOUND('',#3168,.T.);
#3410=FACE_BOUND('',#3169,.T.);
#3411=FACE_BOUND('',#3170,.T.);
#3412=FACE_BOUND('',#3171,.T.);
#3413=FACE_BOUND('',#3172,.T.);
#3414=FACE_BOUND('',#21,.T.);
#3415=FACE_BOUND('',#3173,.T.);
#3416=FACE_BOUND('',#3174,.T.);
#3417=FACE_BOUND('',#3175,.T.);
#3418=FACE_BOUND('',#22,.T.);
#3419=FACE_BOUND('',#3176,.T.);
#3420=FACE_BOUND('',#3177,.T.);
#3421=FACE_BOUND('',#3178,.T.);
#3422=FACE_BOUND('',#23,.T.);
#3423=FACE_BOUND('',#3179,.T.);
#3424=FACE_BOUND('',#3180,.T.);
#3425=FACE_BOUND('',#3181,.T.);
#3426=FACE_BOUND('',#3182,.T.);
#3427=FACE_BOUND('',#3183,.T.);
#3428=FACE_BOUND('',#3184,.T.);
#3429=FACE_BOUND('',#3185,.T.);
#3430=FACE_BOUND('',#3186,.T.);
#3431=FACE_BOUND('',#3187,.T.);
#3432=FACE_BOUND('',#3188,.T.);
#3433=FACE_BOUND('',#3189,.T.);
#3434=FACE_BOUND('',#3190,.T.);
#3435=FACE_BOUND('',#3191,.T.);
#3436=FACE_BOUND('',#3192,.T.);
#3437=FACE_BOUND('',#3193,.T.);
#3438=FACE_BOUND('',#3194,.T.);
#3439=FACE_BOUND('',#3195,.T.);
#3440=FACE_BOUND('',#3196,.T.);
#3441=FACE_BOUND('',#3197,.T.);
#3442=FACE_BOUND('',#3198,.T.);
#3443=FACE_BOUND('',#3199,.T.);
#3444=FACE_BOUND('',#3200,.T.);
#3445=FACE_BOUND('',#3201,.T.);
#3446=FACE_BOUND('',#3202,.T.);
#3447=FACE_BOUND('',#3203,.T.);
#3448=CYLINDRICAL_SURFACE('',#3761,0.0700353686195068);
#3449=CYLINDRICAL_SURFACE('',#3780,0.0353653412734797);
#3450=CYLINDRICAL_SURFACE('',#3793,0.0663553687887973);
#3451=CYLINDRICAL_SURFACE('',#3800,0.0438487788322763);
#3452=CYLINDRICAL_SURFACE('',#3817,0.0193962495863177);
#3453=CYLINDRICAL_SURFACE('',#3824,0.0193962495863177);
#3454=CYLINDRICAL_SURFACE('',#3825,0.0193962495863177);
#3455=CYLINDRICAL_SURFACE('',#3837,0.0282922730187837);
#3456=CYLINDRICAL_SURFACE('',#3850,0.0155169996690541);
#3457=CYLINDRICAL_SURFACE('',#3860,0.0215578271139077);
#3458=CYLINDRICAL_SURFACE('',#3863,0.0875442107743835);
#3459=CYLINDRICAL_SURFACE('',#3867,0.0172462616911262);
#3460=CYLINDRICAL_SURFACE('',#3881,0.0530842950310378);
#3461=CYLINDRICAL_SURFACE('',#3882,0.0155169996690541);
#3462=CYLINDRICAL_SURFACE('',#3884,0.0155169996690541);
#3463=CYLINDRICAL_SURFACE('',#3886,0.275763228200863);
#3464=CYLINDRICAL_SURFACE('',#3889,0.344704035251079);
#3465=CYLINDRICAL_SURFACE('',#3890,0.019541260833589);
#3466=CYLINDRICAL_SURFACE('',#3893,0.00175);
#3467=CYLINDRICAL_SURFACE('',#3896,0.00175);
#3468=CYLINDRICAL_SURFACE('',#3899,0.00175);
#3469=CYLINDRICAL_SURFACE('',#3924,0.0215578271139077);
#3470=CYLINDRICAL_SURFACE('',#3928,0.0875442107743835);
#3471=CYLINDRICAL_SURFACE('',#3931,0.0172462616911262);
#3472=CYLINDRICAL_SURFACE('',#3952,0.344704035251079);
#3473=CYLINDRICAL_SURFACE('',#3953,0.019541260833589);
#3474=CYLINDRICAL_SURFACE('',#3954,0.275763228200863);
#3475=CYLINDRICAL_SURFACE('',#3955,0.0700353686195068);
#3476=CYLINDRICAL_SURFACE('',#3957,0.00175);
#3477=CYLINDRICAL_SURFACE('',#3958,0.00175);
#3478=CYLINDRICAL_SURFACE('',#3959,0.00175);
#3479=CYLINDRICAL_SURFACE('',#3965,0.0700353686195068);
#3480=CYLINDRICAL_SURFACE('',#3967,0.275763228200863);
#3481=CYLINDRICAL_SURFACE('',#3986,0.344704035251079);
#3482=CYLINDRICAL_SURFACE('',#3987,0.019541260833589);
#3483=CYLINDRICAL_SURFACE('',#3988,0.0172462616911262);
#3484=CYLINDRICAL_SURFACE('',#3990,0.0215578271139077);
#3485=CYLINDRICAL_SURFACE('',#3992,0.0875442107743835);
#3486=CYLINDRICAL_SURFACE('',#3994,0.00175);
#3487=CYLINDRICAL_SURFACE('',#3995,0.00175);
#3488=CYLINDRICAL_SURFACE('',#3996,0.00175);
#3489=CYLINDRICAL_SURFACE('',#4001,0.0875442107743835);
#3490=CYLINDRICAL_SURFACE('',#4005,0.0215578271139077);
#3491=CYLINDRICAL_SURFACE('',#4007,0.344704035251079);
#3492=CYLINDRICAL_SURFACE('',#4010,0.019541260833589);
#3493=CYLINDRICAL_SURFACE('',#4013,0.0700353686195068);
#3494=CYLINDRICAL_SURFACE('',#4019,0.0172462616911262);
#3495=CYLINDRICAL_SURFACE('',#4021,0.275763228200863);
#3496=CYLINDRICAL_SURFACE('',#4030,0.0193962495863177);
#3497=CYLINDRICAL_SURFACE('',#4033,0.0193962495863177);
#3498=CYLINDRICAL_SURFACE('',#4050,0.0193962495863177);
#3499=CYLINDRICAL_SURFACE('',#4072,0.0438487788322763);
#3500=CYLINDRICAL_SURFACE('',#4075,0.0663553687887973);
#3501=CYLINDRICAL_SURFACE('',#4080,0.0353653412734797);
#3502=CYLINDRICAL_SURFACE('',#4087,0.0155169996690541);
#3503=CYLINDRICAL_SURFACE('',#4090,0.0155169996690541);
#3504=CYLINDRICAL_SURFACE('',#4101,0.0155169996690541);
#3505=CYLINDRICAL_SURFACE('',#4113,0.0530842950310378);
#3506=CYLINDRICAL_SURFACE('',#4119,0.0282922730187837);
#3507=CYLINDRICAL_SURFACE('',#4130,0.00175);
#3508=CYLINDRICAL_SURFACE('',#4133,0.00175);
#3509=CYLINDRICAL_SURFACE('',#4136,0.00175);
#3510=ADVANCED_FACE('',(#3204),#3448,.F.);
#3511=ADVANCED_FACE('',(#3205),#95,.T.);
#3512=ADVANCED_FACE('',(#3206,#3207),#91,.T.);
#3513=ADVANCED_FACE('',(#3208,#3209),#92,.F.);
#3514=ADVANCED_FACE('',(#3210),#96,.T.);
#3515=ADVANCED_FACE('',(#3211),#97,.T.);
#3516=ADVANCED_FACE('',(#3212),#98,.T.);
#3517=ADVANCED_FACE('',(#3213),#99,.T.);
#3518=ADVANCED_FACE('',(#3214),#3449,.T.);
#3519=ADVANCED_FACE('',(#3215),#100,.T.);
#3520=ADVANCED_FACE('',(#3216),#101,.T.);
#3521=ADVANCED_FACE('',(#3217),#102,.T.);
#3522=ADVANCED_FACE('',(#3218),#103,.T.);
#3523=ADVANCED_FACE('',(#3219),#3450,.T.);
#3524=ADVANCED_FACE('',(#3220),#104,.T.);
#3525=ADVANCED_FACE('',(#3221),#105,.T.);
#3526=ADVANCED_FACE('',(#3222),#3451,.T.);
#3527=ADVANCED_FACE('',(#3223),#106,.T.);
#3528=ADVANCED_FACE('',(#3224),#107,.T.);
#3529=ADVANCED_FACE('',(#3225),#108,.T.);
#3530=ADVANCED_FACE('',(#3226),#109,.T.);
#3531=ADVANCED_FACE('',(#3227),#110,.F.);
#3532=ADVANCED_FACE('',(#3228),#3452,.F.);
#3533=ADVANCED_FACE('',(#3229),#111,.T.);
#3534=ADVANCED_FACE('',(#3230),#112,.F.);
#3535=ADVANCED_FACE('',(#3231),#3453,.F.);
#3536=ADVANCED_FACE('',(#3232),#3454,.T.);
#3537=ADVANCED_FACE('',(#3233),#113,.F.);
#3538=ADVANCED_FACE('',(#3234),#114,.F.);
#3539=ADVANCED_FACE('',(#3235),#115,.F.);
#3540=ADVANCED_FACE('',(#3236),#116,.F.);
#3541=ADVANCED_FACE('',(#3237),#3455,.F.);
#3542=ADVANCED_FACE('',(#3238),#117,.F.);
#3543=ADVANCED_FACE('',(#3239),#118,.F.);
#3544=ADVANCED_FACE('',(#3240),#119,.F.);
#3545=ADVANCED_FACE('',(#3241),#120,.T.);
#3546=ADVANCED_FACE('',(#3242),#3456,.T.);
#3547=ADVANCED_FACE('',(#3243),#121,.T.);
#3548=ADVANCED_FACE('',(#3244),#122,.F.);
#3549=ADVANCED_FACE('',(#3245),#123,.F.);
#3550=ADVANCED_FACE('',(#3246),#3457,.T.);
#3551=ADVANCED_FACE('',(#3247),#124,.F.);
#3552=ADVANCED_FACE('',(#3248),#3458,.T.);
#3553=ADVANCED_FACE('',(#3249),#125,.T.);
#3554=ADVANCED_FACE('',(#3250),#3459,.F.);
#3555=ADVANCED_FACE('',(#3251),#126,.F.);
#3556=ADVANCED_FACE('',(#3252),#127,.T.);
#3557=ADVANCED_FACE('',(#3253),#128,.T.);
#3558=ADVANCED_FACE('',(#3254),#129,.F.);
#3559=ADVANCED_FACE('',(#3255,#3256,#3257,#3258),#130,.T.);
#3560=ADVANCED_FACE('',(#3259),#3460,.F.);
#3561=ADVANCED_FACE('',(#3260),#3461,.F.);
#3562=ADVANCED_FACE('',(#3261),#3462,.T.);
#3563=ADVANCED_FACE('',(#3262),#131,.F.);
#3564=ADVANCED_FACE('',(#3263),#3463,.F.);
#3565=ADVANCED_FACE('',(#3264),#3464,.T.);
#3566=ADVANCED_FACE('',(#3265),#3465,.T.);
#3567=ADVANCED_FACE('',(#3266,#3267),#24,.F.);
#3568=ADVANCED_FACE('',(#3268,#3269),#3466,.F.);
#3569=ADVANCED_FACE('',(#3270,#3271),#25,.F.);
#3570=ADVANCED_FACE('',(#3272,#3273),#3467,.F.);
#3571=ADVANCED_FACE('',(#3274,#3275),#26,.F.);
#3572=ADVANCED_FACE('',(#3276,#3277),#3468,.F.);
#3573=ADVANCED_FACE('',(#3278),#132,.T.);
#3574=ADVANCED_FACE('',(#3279),#133,.T.);
#3575=ADVANCED_FACE('',(#3280),#134,.T.);
#3576=ADVANCED_FACE('',(#3281),#135,.T.);
#3577=ADVANCED_FACE('',(#3282),#136,.T.);
#3578=ADVANCED_FACE('',(#3283),#137,.F.);
#3579=ADVANCED_FACE('',(#3284),#138,.T.);
#3580=ADVANCED_FACE('',(#3285),#139,.F.);
#3581=ADVANCED_FACE('',(#3286),#140,.T.);
#3582=ADVANCED_FACE('',(#3287),#141,.T.);
#3583=ADVANCED_FACE('',(#3288),#142,.F.);
#3584=ADVANCED_FACE('',(#3289),#143,.F.);
#3585=ADVANCED_FACE('',(#3290),#144,.T.);
#3586=ADVANCED_FACE('',(#3291),#145,.F.);
#3587=ADVANCED_FACE('',(#3292),#146,.T.);
#3588=ADVANCED_FACE('',(#3293),#147,.F.);
#3589=ADVANCED_FACE('',(#3294),#148,.T.);
#3590=ADVANCED_FACE('',(#3295),#149,.F.);
#3591=ADVANCED_FACE('',(#3296),#150,.T.);
#3592=ADVANCED_FACE('',(#3297),#151,.T.);
#3593=ADVANCED_FACE('',(#3298),#152,.F.);
#3594=ADVANCED_FACE('',(#3299),#153,.F.);
#3595=ADVANCED_FACE('',(#3300),#154,.T.);
#3596=ADVANCED_FACE('',(#3301),#3469,.T.);
#3597=ADVANCED_FACE('',(#3302),#155,.T.);
#3598=ADVANCED_FACE('',(#3303),#3470,.T.);
#3599=ADVANCED_FACE('',(#3304),#3471,.F.);
#3600=ADVANCED_FACE('',(#3305),#156,.F.);
#3601=ADVANCED_FACE('',(#3306),#157,.F.);
#3602=ADVANCED_FACE('',(#3307,#3308,#3309,#3310),#158,.T.);
#3603=ADVANCED_FACE('',(#3311,#3312,#3313,#3314),#159,.F.);
#3604=ADVANCED_FACE('',(#3315),#3472,.T.);
#3605=ADVANCED_FACE('',(#3316),#3473,.T.);
#3606=ADVANCED_FACE('',(#3317),#3474,.F.);
#3607=ADVANCED_FACE('',(#3318),#3475,.F.);
#3608=ADVANCED_FACE('',(#3319),#160,.F.);
#3609=ADVANCED_FACE('',(#3320,#3321),#3476,.F.);
#3610=ADVANCED_FACE('',(#3322,#3323),#3477,.F.);
#3611=ADVANCED_FACE('',(#3324,#3325),#3478,.F.);
#3612=ADVANCED_FACE('',(#3326),#161,.F.);
#3613=ADVANCED_FACE('',(#3327),#3479,.F.);
#3614=ADVANCED_FACE('',(#3328),#3480,.F.);
#3615=ADVANCED_FACE('',(#3329,#3330,#3331,#3332),#162,.F.);
#3616=ADVANCED_FACE('',(#3333,#3334,#3335,#3336),#163,.T.);
#3617=ADVANCED_FACE('',(#3337),#3481,.T.);
#3618=ADVANCED_FACE('',(#3338),#3482,.T.);
#3619=ADVANCED_FACE('',(#3339),#3483,.F.);
#3620=ADVANCED_FACE('',(#3340),#164,.T.);
#3621=ADVANCED_FACE('',(#3341),#3484,.T.);
#3622=ADVANCED_FACE('',(#3342),#165,.F.);
#3623=ADVANCED_FACE('',(#3343),#3485,.T.);
#3624=ADVANCED_FACE('',(#3344),#166,.T.);
#3625=ADVANCED_FACE('',(#3345,#3346),#3486,.F.);
#3626=ADVANCED_FACE('',(#3347,#3348),#3487,.F.);
#3627=ADVANCED_FACE('',(#3349,#3350),#3488,.F.);
#3628=ADVANCED_FACE('',(#3351),#167,.T.);
#3629=ADVANCED_FACE('',(#3352),#168,.T.);
#3630=ADVANCED_FACE('',(#3353),#169,.T.);
#3631=ADVANCED_FACE('',(#3354),#3489,.T.);
#3632=ADVANCED_FACE('',(#3355),#3490,.T.);
#3633=ADVANCED_FACE('',(#3356),#3491,.T.);
#3634=ADVANCED_FACE('',(#3357),#170,.T.);
#3635=ADVANCED_FACE('',(#3358),#3492,.T.);
#3636=ADVANCED_FACE('',(#3359),#3493,.F.);
#3637=ADVANCED_FACE('',(#3360),#3494,.F.);
#3638=ADVANCED_FACE('',(#3361),#3495,.F.);
#3639=ADVANCED_FACE('',(#3362),#171,.F.);
#3640=ADVANCED_FACE('',(#3363),#172,.T.);
#3641=ADVANCED_FACE('',(#3364,#3365),#93,.F.);
#3642=ADVANCED_FACE('',(#3366),#173,.T.);
#3643=ADVANCED_FACE('',(#3367),#174,.T.);
#3644=ADVANCED_FACE('',(#3368),#3496,.F.);
#3645=ADVANCED_FACE('',(#3369),#3497,.T.);
#3646=ADVANCED_FACE('',(#3370),#3498,.F.);
#3647=ADVANCED_FACE('',(#3371),#175,.F.);
#3648=ADVANCED_FACE('',(#3372),#176,.T.);
#3649=ADVANCED_FACE('',(#3373),#177,.T.);
#3650=ADVANCED_FACE('',(#3374),#178,.F.);
#3651=ADVANCED_FACE('',(#3375),#179,.F.);
#3652=ADVANCED_FACE('',(#3376),#180,.F.);
#3653=ADVANCED_FACE('',(#3377),#181,.F.);
#3654=ADVANCED_FACE('',(#3378),#3499,.T.);
#3655=ADVANCED_FACE('',(#3379),#182,.F.);
#3656=ADVANCED_FACE('',(#3380),#183,.F.);
#3657=ADVANCED_FACE('',(#3381),#3500,.T.);
#3658=ADVANCED_FACE('',(#3382),#184,.F.);
#3659=ADVANCED_FACE('',(#3383),#185,.F.);
#3660=ADVANCED_FACE('',(#3384),#186,.F.);
#3661=ADVANCED_FACE('',(#3385),#187,.F.);
#3662=ADVANCED_FACE('',(#3386),#3501,.T.);
#3663=ADVANCED_FACE('',(#3387),#188,.F.);
#3664=ADVANCED_FACE('',(#3388),#189,.F.);
#3665=ADVANCED_FACE('',(#3389),#190,.F.);
#3666=ADVANCED_FACE('',(#3390),#191,.T.);
#3667=ADVANCED_FACE('',(#3391),#192,.F.);
#3668=ADVANCED_FACE('',(#3392),#3502,.T.);
#3669=ADVANCED_FACE('',(#3393),#3503,.F.);
#3670=ADVANCED_FACE('',(#3394),#3504,.T.);
#3671=ADVANCED_FACE('',(#3395,#3396),#94,.T.);
#3672=ADVANCED_FACE('',(#3397),#193,.T.);
#3673=ADVANCED_FACE('',(#3398),#194,.F.);
#3674=ADVANCED_FACE('',(#3399),#195,.F.);
#3675=ADVANCED_FACE('',(#3400),#3505,.F.);
#3676=ADVANCED_FACE('',(#3401),#196,.T.);
#3677=ADVANCED_FACE('',(#3402),#197,.T.);
#3678=ADVANCED_FACE('',(#3403),#198,.T.);
#3679=ADVANCED_FACE('',(#3404),#199,.T.);
#3680=ADVANCED_FACE('',(#3405),#3506,.F.);
#3681=ADVANCED_FACE('',(#3406),#200,.T.);
#3682=ADVANCED_FACE('',(#3407),#201,.T.);
#3683=ADVANCED_FACE('',(#3408),#202,.T.);
#3684=ADVANCED_FACE('',(#3409,#3410,#3411,#3412),#203,.T.);
#3685=ADVANCED_FACE('',(#3413),#204,.F.);
#3686=ADVANCED_FACE('',(#3414,#3415),#27,.F.);
#3687=ADVANCED_FACE('',(#3416,#3417),#3507,.F.);
#3688=ADVANCED_FACE('',(#3418,#3419),#28,.F.);
#3689=ADVANCED_FACE('',(#3420,#3421),#3508,.F.);
#3690=ADVANCED_FACE('',(#3422,#3423),#29,.F.);
#3691=ADVANCED_FACE('',(#3424,#3425),#3509,.F.);
#3692=ADVANCED_FACE('',(#3426),#205,.F.);
#3693=ADVANCED_FACE('',(#3427),#206,.F.);
#3694=ADVANCED_FACE('',(#3428),#207,.F.);
#3695=ADVANCED_FACE('',(#3429),#208,.F.);
#3696=ADVANCED_FACE('',(#3430),#209,.T.);
#3697=ADVANCED_FACE('',(#3431),#210,.F.);
#3698=ADVANCED_FACE('',(#3432),#211,.F.);
#3699=ADVANCED_FACE('',(#3433),#212,.F.);
#3700=ADVANCED_FACE('',(#3434),#213,.F.);
#3701=ADVANCED_FACE('',(#3435),#214,.T.);
#3702=ADVANCED_FACE('',(#3436),#215,.T.);
#3703=ADVANCED_FACE('',(#3437),#216,.F.);
#3704=ADVANCED_FACE('',(#3438),#217,.T.);
#3705=ADVANCED_FACE('',(#3439),#218,.T.);
#3706=ADVANCED_FACE('',(#3440),#219,.F.);
#3707=ADVANCED_FACE('',(#3441),#220,.T.);
#3708=ADVANCED_FACE('',(#3442),#221,.F.);
#3709=ADVANCED_FACE('',(#3443),#222,.F.);
#3710=ADVANCED_FACE('',(#3444),#223,.T.);
#3711=ADVANCED_FACE('',(#3445),#224,.T.);
#3712=ADVANCED_FACE('',(#3446),#225,.F.);
#3713=ADVANCED_FACE('',(#3447),#226,.T.);
#3714=CLOSED_SHELL('',(#3510,#3511,#3512,#3513,#3514,#3515,#3516,#3517,
#3518,#3519,#3520,#3521,#3522,#3523,#3524,#3525,#3526,#3527,#3528,#3529,
#3530,#3531,#3532,#3533,#3534,#3535,#3536,#3537,#3538,#3539,#3540,#3541,
#3542,#3543,#3544,#3545,#3546,#3547,#3548,#3549,#3550,#3551,#3552,#3553,
#3554,#3555,#3556,#3557,#3558,#3559,#3560,#3561,#3562,#3563,#3564,#3565,
#3566,#3567,#3568,#3569,#3570,#3571,#3572,#3573,#3574,#3575,#3576,#3577,
#3578,#3579,#3580,#3581,#3582,#3583,#3584,#3585,#3586,#3587,#3588,#3589,
#3590,#3591,#3592,#3593,#3594,#3595));
#3715=CLOSED_SHELL('',(#3596,#3597,#3598,#3599,#3600,#3601,#3602,#3603,
#3604,#3605,#3606,#3607,#3608,#3609,#3610,#3611));
#3716=CLOSED_SHELL('',(#3612,#3613,#3614,#3615,#3616,#3617,#3618,#3619,
#3620,#3621,#3622,#3623,#3624,#3625,#3626,#3627));
#3717=CLOSED_SHELL('',(#3628,#3629,#3630,#3631,#3632,#3633,#3634,#3635,
#3636,#3637,#3638,#3639,#3640,#3641,#3642,#3643,#3644,#3645,#3646,#3647,
#3648,#3649,#3650,#3651,#3652,#3653,#3654,#3655,#3656,#3657,#3658,#3659,
#3660,#3661,#3662,#3663,#3664,#3665,#3666,#3667,#3668,#3669,#3670,#3671,
#3672,#3673,#3674,#3675,#3676,#3677,#3678,#3679,#3680,#3681,#3682,#3683,
#3684,#3685,#3686,#3687,#3688,#3689,#3690,#3691,#3692,#3693,#3694,#3695,
#3696,#3697,#3698,#3699,#3700,#3701,#3702,#3703,#3704,#3705,#3706,#3707,
#3708,#3709,#3710,#3711,#3712,#3713));
#3718=STYLED_ITEM('',(#3722),#3748);
#3719=STYLED_ITEM('',(#3723),#3749);
#3720=STYLED_ITEM('',(#3724),#3750);
#3721=STYLED_ITEM('',(#3725),#3751);
#3722=PRESENTATION_STYLE_ASSIGNMENT((#3726));
#3723=PRESENTATION_STYLE_ASSIGNMENT((#3727));
#3724=PRESENTATION_STYLE_ASSIGNMENT((#3728));
#3725=PRESENTATION_STYLE_ASSIGNMENT((#3729));
#3726=SURFACE_STYLE_USAGE(.BOTH.,#3730);
#3727=SURFACE_STYLE_USAGE(.BOTH.,#3731);
#3728=SURFACE_STYLE_USAGE(.BOTH.,#3732);
#3729=SURFACE_STYLE_USAGE(.BOTH.,#3733);
#3730=SURFACE_SIDE_STYLE('',(#3734));
#3731=SURFACE_SIDE_STYLE('',(#3735));
#3732=SURFACE_SIDE_STYLE('',(#3736));
#3733=SURFACE_SIDE_STYLE('',(#3737));
#3734=SURFACE_STYLE_FILL_AREA(#3738);
#3735=SURFACE_STYLE_FILL_AREA(#3739);
#3736=SURFACE_STYLE_FILL_AREA(#3740);
#3737=SURFACE_STYLE_FILL_AREA(#3741);
#3738=FILL_AREA_STYLE('',(#3742));
#3739=FILL_AREA_STYLE('',(#3743));
#3740=FILL_AREA_STYLE('',(#3744));
#3741=FILL_AREA_STYLE('',(#3745));
#3742=FILL_AREA_STYLE_COLOUR('',#3746);
#3743=FILL_AREA_STYLE_COLOUR('',#3747);
#3744=FILL_AREA_STYLE_COLOUR('',#3746);
#3745=FILL_AREA_STYLE_COLOUR('',#3747);
#3746=COLOUR_RGB('',0.647058823529412,0.647058823529412,0.647058823529412);
#3747=COLOUR_RGB('',0.615686274509804,0.811764705882353,0.929411764705882);
#3748=MANIFOLD_SOLID_BREP('L Hand',#3714);
#3749=MANIFOLD_SOLID_BREP('R Hand Bottom',#3715);
#3750=MANIFOLD_SOLID_BREP('L Hand Bottom',#3716);
#3751=MANIFOLD_SOLID_BREP('R Hand',#3717);
#3752=SHAPE_DEFINITION_REPRESENTATION(#6662,#3756);
#3753=SHAPE_DEFINITION_REPRESENTATION(#6663,#3757);
#3754=SHAPE_DEFINITION_REPRESENTATION(#6664,#3758);
#3755=SHAPE_DEFINITION_REPRESENTATION(#6665,#3759);
#3756=SHAPE_REPRESENTATION('L Hand',(#3760),#6642);
#3757=SHAPE_REPRESENTATION('R Hand Bottom',(#3923),#6643);
#3758=SHAPE_REPRESENTATION('L Hand Bottom',(#3960),#6644);
#3759=SHAPE_REPRESENTATION('R Hand',(#3997),#6645);
#3760=AXIS2_PLACEMENT_3D('',#5239,#4159,#4160);
#3761=AXIS2_PLACEMENT_3D('',#5240,#4161,#4162);
#3762=AXIS2_PLACEMENT_3D('',#5244,#4164,#4165);
#3763=AXIS2_PLACEMENT_3D('',#5252,#4169,#4170);
#3764=AXIS2_PLACEMENT_3D('',#5256,#4172,#4173);
#3765=AXIS2_PLACEMENT_3D('',#5262,#4176,#4177);
#3766=AXIS2_PLACEMENT_3D('',#5266,#4179,#4180);
#3767=AXIS2_PLACEMENT_3D('',#5267,#4181,#4182);
#3768=AXIS2_PLACEMENT_3D('',#5294,#4191,#4192);
#3769=AXIS2_PLACEMENT_3D('',#5451,#4199,#4200);
#3770=AXIS2_PLACEMENT_3D('',#5461,#4206,#4207);
#3771=AXIS2_PLACEMENT_3D('',#5487,#4222,#4223);
#3772=AXIS2_PLACEMENT_3D('',#5488,#4224,#4225);
#3773=AXIS2_PLACEMENT_3D('',#5493,#4227,#4228);
#3774=AXIS2_PLACEMENT_3D('',#5496,#4230,#4231);
#3775=AXIS2_PLACEMENT_3D('',#5497,#4232,#4233);
#3776=AXIS2_PLACEMENT_3D('',#5499,#4234,#4235);
#3777=AXIS2_PLACEMENT_3D('',#5502,#4237,#4238);
#3778=AXIS2_PLACEMENT_3D('',#5503,#4239,#4240);
#3779=AXIS2_PLACEMENT_3D('',#5505,#4241,#4242);
#3780=AXIS2_PLACEMENT_3D('',#5508,#4244,#4245);
#3781=AXIS2_PLACEMENT_3D('',#5520,#4247,#4248);
#3782=AXIS2_PLACEMENT_3D('',#5521,#4249,#4250);
#3783=AXIS2_PLACEMENT_3D('',#5523,#4251,#4252);
#3784=AXIS2_PLACEMENT_3D('',#5526,#4254,#4255);
#3785=AXIS2_PLACEMENT_3D('',#5527,#4256,#4257);
#3786=AXIS2_PLACEMENT_3D('',#5529,#4258,#4259);
#3787=AXIS2_PLACEMENT_3D('',#5532,#4261,#4262);
#3788=AXIS2_PLACEMENT_3D('',#5533,#4263,#4264);
#3789=AXIS2_PLACEMENT_3D('',#5535,#4265,#4266);
#3790=AXIS2_PLACEMENT_3D('',#5538,#4268,#4269);
#3791=AXIS2_PLACEMENT_3D('',#5539,#4270,#4271);
#3792=AXIS2_PLACEMENT_3D('',#5541,#4272,#4273);
#3793=AXIS2_PLACEMENT_3D('',#5544,#4275,#4276);
#3794=AXIS2_PLACEMENT_3D('',#5556,#4278,#4279);
#3795=AXIS2_PLACEMENT_3D('',#5557,#4280,#4281);
#3796=AXIS2_PLACEMENT_3D('',#5559,#4282,#4283);
#3797=AXIS2_PLACEMENT_3D('',#5562,#4285,#4286);
#3798=AXIS2_PLACEMENT_3D('',#5563,#4287,#4288);
#3799=AXIS2_PLACEMENT_3D('',#5565,#4289,#4290);
#3800=AXIS2_PLACEMENT_3D('',#5568,#4292,#4293);
#3801=AXIS2_PLACEMENT_3D('',#5580,#4295,#4296);
#3802=AXIS2_PLACEMENT_3D('',#5581,#4297,#4298);
#3803=AXIS2_PLACEMENT_3D('',#5583,#4299,#4300);
#3804=AXIS2_PLACEMENT_3D('',#5586,#4302,#4303);
#3805=AXIS2_PLACEMENT_3D('',#5587,#4304,#4305);
#3806=AXIS2_PLACEMENT_3D('',#5589,#4306,#4307);
#3807=AXIS2_PLACEMENT_3D('',#5592,#4309,#4310);
#3808=AXIS2_PLACEMENT_3D('',#5593,#4311,#4312);
#3809=AXIS2_PLACEMENT_3D('',#5595,#4313,#4314);
#3810=AXIS2_PLACEMENT_3D('',#5598,#4316,#4317);
#3811=AXIS2_PLACEMENT_3D('',#5599,#4318,#4319);
#3812=AXIS2_PLACEMENT_3D('',#5600,#4320,#4321);
#3813=AXIS2_PLACEMENT_3D('',#5601,#4322,#4323);
#3814=AXIS2_PLACEMENT_3D('',#5602,#4324,#4325);
#3815=AXIS2_PLACEMENT_3D('',#5605,#4326,#4327);
#3816=AXIS2_PLACEMENT_3D('',#5609,#4329,#4330);
#3817=AXIS2_PLACEMENT_3D('',#5610,#4331,#4332);
#3818=AXIS2_PLACEMENT_3D('',#5611,#4333,#4334);
#3819=AXIS2_PLACEMENT_3D('',#5612,#4335,#4336);
#3820=AXIS2_PLACEMENT_3D('',#5615,#4338,#4339);
#3821=AXIS2_PLACEMENT_3D('',#5616,#4340,#4341);
#3822=AXIS2_PLACEMENT_3D('',#5617,#4342,#4343);
#3823=AXIS2_PLACEMENT_3D('',#5618,#4344,#4345);
#3824=AXIS2_PLACEMENT_3D('',#5619,#4346,#4347);
#3825=AXIS2_PLACEMENT_3D('',#5621,#4349,#4350);
#3826=AXIS2_PLACEMENT_3D('',#5624,#4352,#4353);
#3827=AXIS2_PLACEMENT_3D('',#5627,#4355,#4356);
#3828=AXIS2_PLACEMENT_3D('',#5631,#4359,#4360);
#3829=AXIS2_PLACEMENT_3D('',#5632,#4361,#4362);
#3830=AXIS2_PLACEMENT_3D('',#5637,#4364,#4365);
#3831=AXIS2_PLACEMENT_3D('',#5640,#4367,#4368);
#3832=AXIS2_PLACEMENT_3D('',#5641,#4369,#4370);
#3833=AXIS2_PLACEMENT_3D('',#5643,#4371,#4372);
#3834=AXIS2_PLACEMENT_3D('',#5646,#4374,#4375);
#3835=AXIS2_PLACEMENT_3D('',#5647,#4376,#4377);
#3836=AXIS2_PLACEMENT_3D('',#5649,#4378,#4379);
#3837=AXIS2_PLACEMENT_3D('',#5652,#4381,#4382);
#3838=AXIS2_PLACEMENT_3D('',#5664,#4384,#4385);
#3839=AXIS2_PLACEMENT_3D('',#5665,#4386,#4387);
#3840=AXIS2_PLACEMENT_3D('',#5667,#4388,#4389);
#3841=AXIS2_PLACEMENT_3D('',#5670,#4391,#4392);
#3842=AXIS2_PLACEMENT_3D('',#5671,#4393,#4394);
#3843=AXIS2_PLACEMENT_3D('',#5673,#4395,#4396);
#3844=AXIS2_PLACEMENT_3D('',#5676,#4398,#4399);
#3845=AXIS2_PLACEMENT_3D('',#5677,#4400,#4401);
#3846=AXIS2_PLACEMENT_3D('',#5679,#4402,#4403);
#3847=AXIS2_PLACEMENT_3D('',#5682,#4405,#4406);
#3848=AXIS2_PLACEMENT_3D('',#5683,#4407,#4408);
#3849=AXIS2_PLACEMENT_3D('',#5687,#4410,#4411);
#3850=AXIS2_PLACEMENT_3D('',#5688,#4412,#4413);
#3851=AXIS2_PLACEMENT_3D('',#5689,#4414,#4415);
#3852=AXIS2_PLACEMENT_3D('',#5690,#4416,#4417);
#3853=AXIS2_PLACEMENT_3D('',#5693,#4419,#4420);
#3854=AXIS2_PLACEMENT_3D('',#5694,#4421,#4422);
#3855=AXIS2_PLACEMENT_3D('',#5695,#4423,#4424);
#3856=AXIS2_PLACEMENT_3D('',#5696,#4425,#4426);
#3857=AXIS2_PLACEMENT_3D('',#5697,#4427,#4428);
#3858=AXIS2_PLACEMENT_3D('',#5698,#4429,#4430);
#3859=AXIS2_PLACEMENT_3D('',#5702,#4432,#4433);
#3860=AXIS2_PLACEMENT_3D('',#5703,#4434,#4435);
#3861=AXIS2_PLACEMENT_3D('',#5704,#4436,#4437);
#3862=AXIS2_PLACEMENT_3D('',#5709,#4440,#4441);
#3863=AXIS2_PLACEMENT_3D('',#5713,#4444,#4445);
#3864=AXIS2_PLACEMENT_3D('',#5714,#4446,#4447);
#3865=AXIS2_PLACEMENT_3D('',#5718,#4449,#4450);
#3866=AXIS2_PLACEMENT_3D('',#5719,#4451,#4452);
#3867=AXIS2_PLACEMENT_3D('',#5723,#4455,#4456);
#3868=AXIS2_PLACEMENT_3D('',#5724,#4457,#4458);
#3869=AXIS2_PLACEMENT_3D('',#5727,#4460,#4461);
#3870=AXIS2_PLACEMENT_3D('',#5729,#4463,#4464);
#3871=AXIS2_PLACEMENT_3D('',#5730,#4465,#4466);
#3872=AXIS2_PLACEMENT_3D('',#5731,#4467,#4468);
#3873=AXIS2_PLACEMENT_3D('',#5733,#4470,#4471);
#3874=AXIS2_PLACEMENT_3D('',#5734,#4472,#4473);
#3875=AXIS2_PLACEMENT_3D('',#5735,#4474,#4475);
#3876=AXIS2_PLACEMENT_3D('',#5737,#4476,#4477);
#3877=AXIS2_PLACEMENT_3D('',#5739,#4478,#4479);
#3878=AXIS2_PLACEMENT_3D('',#5741,#4480,#4481);
#3879=AXIS2_PLACEMENT_3D('',#5742,#4482,#4483);
#3880=AXIS2_PLACEMENT_3D('',#5743,#4484,#4485);
#3881=AXIS2_PLACEMENT_3D('',#5744,#4486,#4487);
#3882=AXIS2_PLACEMENT_3D('',#5753,#4488,#4489);
#3883=AXIS2_PLACEMENT_3D('',#5754,#4490,#4491);
#3884=AXIS2_PLACEMENT_3D('',#5755,#4492,#4493);
#3885=AXIS2_PLACEMENT_3D('',#5756,#4494,#4495);
#3886=AXIS2_PLACEMENT_3D('',#5757,#4496,#4497);
#3887=AXIS2_PLACEMENT_3D('',#5758,#4498,#4499);
#3888=AXIS2_PLACEMENT_3D('',#5759,#4500,#4501);
#3889=AXIS2_PLACEMENT_3D('',#5761,#4503,#4504);
#3890=AXIS2_PLACEMENT_3D('',#5762,#4505,#4506);
#3891=AXIS2_PLACEMENT_3D('',#5763,#4507,#4508);
#3892=AXIS2_PLACEMENT_3D('',#5765,#4509,#4510);
#3893=AXIS2_PLACEMENT_3D('',#5767,#4511,#4512);
#3894=AXIS2_PLACEMENT_3D('',#5768,#4513,#4514);
#3895=AXIS2_PLACEMENT_3D('',#5770,#4515,#4516);
#3896=AXIS2_PLACEMENT_3D('',#5772,#4517,#4518);
#3897=AXIS2_PLACEMENT_3D('',#5773,#4519,#4520);
#3898=AXIS2_PLACEMENT_3D('',#5775,#4521,#4522);
#3899=AXIS2_PLACEMENT_3D('',#5777,#4523,#4524);
#3900=AXIS2_PLACEMENT_3D('',#5778,#4525,#4526);
#3901=AXIS2_PLACEMENT_3D('',#5781,#4529,#4530);
#3902=AXIS2_PLACEMENT_3D('',#5783,#4532,#4533);
#3903=AXIS2_PLACEMENT_3D('',#5785,#4535,#4536);
#3904=AXIS2_PLACEMENT_3D('',#5786,#4537,#4538);
#3905=AXIS2_PLACEMENT_3D('',#5788,#4540,#4541);
#3906=AXIS2_PLACEMENT_3D('',#5790,#4543,#4544);
#3907=AXIS2_PLACEMENT_3D('',#5791,#4545,#4546);
#3908=AXIS2_PLACEMENT_3D('',#5799,#4551,#4552);
#3909=AXIS2_PLACEMENT_3D('',#5805,#4556,#4557);
#3910=AXIS2_PLACEMENT_3D('',#5810,#4561,#4562);
#3911=AXIS2_PLACEMENT_3D('',#5812,#4564,#4565);
#3912=AXIS2_PLACEMENT_3D('',#5813,#4566,#4567);
#3913=AXIS2_PLACEMENT_3D('',#5814,#4568,#4569);
#3914=AXIS2_PLACEMENT_3D('',#5818,#4572,#4573);
#3915=AXIS2_PLACEMENT_3D('',#5822,#4576,#4577);
#3916=AXIS2_PLACEMENT_3D('',#5824,#4579,#4580);
#3917=AXIS2_PLACEMENT_3D('',#5830,#4584,#4585);
#3918=AXIS2_PLACEMENT_3D('',#5839,#4590,#4591);
#3919=AXIS2_PLACEMENT_3D('',#5844,#4595,#4596);
#3920=AXIS2_PLACEMENT_3D('',#5848,#4599,#4600);
#3921=AXIS2_PLACEMENT_3D('',#5851,#4603,#4604);
#3922=AXIS2_PLACEMENT_3D('',#5852,#4605,#4606);
#3923=AXIS2_PLACEMENT_3D('',#5853,#4607,#4608);
#3924=AXIS2_PLACEMENT_3D('',#5854,#4609,#4610);
#3925=AXIS2_PLACEMENT_3D('',#5855,#4611,#4612);
#3926=AXIS2_PLACEMENT_3D('',#5860,#4614,#4615);
#3927=AXIS2_PLACEMENT_3D('',#5863,#4617,#4618);
#3928=AXIS2_PLACEMENT_3D('',#5869,#4622,#4623);
#3929=AXIS2_PLACEMENT_3D('',#5870,#4624,#4625);
#3930=AXIS2_PLACEMENT_3D('',#5874,#4627,#4628);
#3931=AXIS2_PLACEMENT_3D('',#5875,#4629,#4630);
#3932=AXIS2_PLACEMENT_3D('',#5879,#4632,#4633);
#3933=AXIS2_PLACEMENT_3D('',#5883,#4635,#4636);
#3934=AXIS2_PLACEMENT_3D('',#5884,#4637,#4638);
#3935=AXIS2_PLACEMENT_3D('',#5890,#4642,#4643);
#3936=AXIS2_PLACEMENT_3D('',#5891,#4644,#4645);
#3937=AXIS2_PLACEMENT_3D('',#5895,#4647,#4648);
#3938=AXIS2_PLACEMENT_3D('',#5896,#4649,#4650);
#3939=AXIS2_PLACEMENT_3D('',#5897,#4651,#4652);
#3940=AXIS2_PLACEMENT_3D('',#5899,#4653,#4654);
#3941=AXIS2_PLACEMENT_3D('',#5901,#4655,#4656);
#3942=AXIS2_PLACEMENT_3D('',#5906,#4658,#4659);
#3943=AXIS2_PLACEMENT_3D('',#5907,#4660,#4661);
#3944=AXIS2_PLACEMENT_3D('',#5908,#4662,#4663);
#3945=AXIS2_PLACEMENT_3D('',#5909,#4664,#4665);
#3946=AXIS2_PLACEMENT_3D('',#5911,#4666,#4667);
#3947=AXIS2_PLACEMENT_3D('',#5913,#4668,#4669);
#3948=AXIS2_PLACEMENT_3D('',#5915,#4670,#4671);
#3949=AXIS2_PLACEMENT_3D('',#5919,#4673,#4674);
#3950=AXIS2_PLACEMENT_3D('',#5920,#4675,#4676);
#3951=AXIS2_PLACEMENT_3D('',#5924,#4678,#4679);
#3952=AXIS2_PLACEMENT_3D('',#5925,#4680,#4681);
#3953=AXIS2_PLACEMENT_3D('',#5927,#4683,#4684);
#3954=AXIS2_PLACEMENT_3D('',#5929,#4686,#4687);
#3955=AXIS2_PLACEMENT_3D('',#5931,#4689,#4690);
#3956=AXIS2_PLACEMENT_3D('',#5933,#4692,#4693);
#3957=AXIS2_PLACEMENT_3D('',#5934,#4694,#4695);
#3958=AXIS2_PLACEMENT_3D('',#5935,#4696,#4697);
#3959=AXIS2_PLACEMENT_3D('',#5936,#4698,#4699);
#3960=AXIS2_PLACEMENT_3D('',#5937,#4700,#4701);
#3961=AXIS2_PLACEMENT_3D('',#5938,#4702,#4703);
#3962=AXIS2_PLACEMENT_3D('',#5942,#4705,#4706);
#3963=AXIS2_PLACEMENT_3D('',#5944,#4707,#4708);
#3964=AXIS2_PLACEMENT_3D('',#5948,#4710,#4711);
#3965=AXIS2_PLACEMENT_3D('',#5949,#4712,#4713);
#3966=AXIS2_PLACEMENT_3D('',#5950,#4714,#4715);
#3967=AXIS2_PLACEMENT_3D('',#5955,#4718,#4719);
#3968=AXIS2_PLACEMENT_3D('',#5958,#4721,#4722);
#3969=AXIS2_PLACEMENT_3D('',#5961,#4724,#4725);
#3970=AXIS2_PLACEMENT_3D('',#5962,#4726,#4727);
#3971=AXIS2_PLACEMENT_3D('',#5964,#4728,#4729);
#3972=AXIS2_PLACEMENT_3D('',#5966,#4730,#4731);
#3973=AXIS2_PLACEMENT_3D('',#5970,#4733,#4734);
#3974=AXIS2_PLACEMENT_3D('',#5972,#4735,#4736);
#3975=AXIS2_PLACEMENT_3D('',#5976,#4738,#4739);
#3976=AXIS2_PLACEMENT_3D('',#5978,#4740,#4741);
#3977=AXIS2_PLACEMENT_3D('',#5983,#4744,#4745);
#3978=AXIS2_PLACEMENT_3D('',#5984,#4746,#4747);
#3979=AXIS2_PLACEMENT_3D('',#5985,#4748,#4749);
#3980=AXIS2_PLACEMENT_3D('',#5987,#4750,#4751);
#3981=AXIS2_PLACEMENT_3D('',#5989,#4752,#4753);
#3982=AXIS2_PLACEMENT_3D('',#5991,#4754,#4755);
#3983=AXIS2_PLACEMENT_3D('',#5996,#4757,#4758);
#3984=AXIS2_PLACEMENT_3D('',#5998,#4759,#4760);
#3985=AXIS2_PLACEMENT_3D('',#6002,#4762,#4763);
#3986=AXIS2_PLACEMENT_3D('',#6003,#4764,#4765);
#3987=AXIS2_PLACEMENT_3D('',#6006,#4768,#4769);
#3988=AXIS2_PLACEMENT_3D('',#6009,#4772,#4773);
#3989=AXIS2_PLACEMENT_3D('',#6011,#4775,#4776);
#3990=AXIS2_PLACEMENT_3D('',#6012,#4777,#4778);
#3991=AXIS2_PLACEMENT_3D('',#6014,#4780,#4781);
#3992=AXIS2_PLACEMENT_3D('',#6016,#4783,#4784);
#3993=AXIS2_PLACEMENT_3D('',#6017,#4785,#4786);
#3994=AXIS2_PLACEMENT_3D('',#6018,#4787,#4788);
#3995=AXIS2_PLACEMENT_3D('',#6019,#4789,#4790);
#3996=AXIS2_PLACEMENT_3D('',#6020,#4791,#4792);
#3997=AXIS2_PLACEMENT_3D('',#6021,#4793,#4794);
#3998=AXIS2_PLACEMENT_3D('',#6022,#4795,#4796);
#3999=AXIS2_PLACEMENT_3D('',#6039,#4805,#4806);
#4000=AXIS2_PLACEMENT_3D('',#6056,#4815,#4816);
#4001=AXIS2_PLACEMENT_3D('',#6068,#4820,#4821);
#4002=AXIS2_PLACEMENT_3D('',#6072,#4823,#4824);
#4003=AXIS2_PLACEMENT_3D('',#6078,#4827,#4828);
#4004=AXIS2_PLACEMENT_3D('',#6082,#4830,#4831);
#4005=AXIS2_PLACEMENT_3D('',#6083,#4832,#4833);
#4006=AXIS2_PLACEMENT_3D('',#6087,#4835,#4836);
#4007=AXIS2_PLACEMENT_3D('',#6106,#4838,#4839);
#4008=AXIS2_PLACEMENT_3D('',#6114,#4841,#4842);
#4009=AXIS2_PLACEMENT_3D('',#6115,#4843,#4844);
#4010=AXIS2_PLACEMENT_3D('',#6121,#4846,#4847);
#4011=AXIS2_PLACEMENT_3D('',#6125,#4849,#4850);
#4012=AXIS2_PLACEMENT_3D('',#6126,#4851,#4852);
#4013=AXIS2_PLACEMENT_3D('',#6127,#4853,#4854);
#4014=AXIS2_PLACEMENT_3D('',#6129,#4856,#4857);
#4015=AXIS2_PLACEMENT_3D('',#6133,#4859,#4860);
#4016=AXIS2_PLACEMENT_3D('',#6137,#4862,#4863);
#4017=AXIS2_PLACEMENT_3D('',#6143,#4866,#4867);
#4018=AXIS2_PLACEMENT_3D('',#6147,#4869,#4870);
#4019=AXIS2_PLACEMENT_3D('',#6148,#4871,#4872);
#4020=AXIS2_PLACEMENT_3D('',#6149,#4873,#4874);
#4021=AXIS2_PLACEMENT_3D('',#6171,#4877,#4878);
#4022=AXIS2_PLACEMENT_3D('',#6175,#4880,#4881);
#4023=AXIS2_PLACEMENT_3D('',#6177,#4883,#4884);
#4024=AXIS2_PLACEMENT_3D('',#6181,#4886,#4887);
#4025=AXIS2_PLACEMENT_3D('',#6186,#4888,#4889);
#4026=AXIS2_PLACEMENT_3D('',#6192,#4891,#4892);
#4027=AXIS2_PLACEMENT_3D('',#6258,#4898,#4899);
#4028=AXIS2_PLACEMENT_3D('',#6260,#4901,#4902);
#4029=AXIS2_PLACEMENT_3D('',#6261,#4903,#4904);
#4030=AXIS2_PLACEMENT_3D('',#6265,#4907,#4908);
#4031=AXIS2_PLACEMENT_3D('',#6266,#4909,#4910);
#4032=AXIS2_PLACEMENT_3D('',#6268,#4911,#4912);
#4033=AXIS2_PLACEMENT_3D('',#6269,#4913,#4914);
#4034=AXIS2_PLACEMENT_3D('',#6270,#4915,#4916);
#4035=AXIS2_PLACEMENT_3D('',#6272,#4917,#4918);
#4036=AXIS2_PLACEMENT_3D('',#6274,#4919,#4920);
#4037=AXIS2_PLACEMENT_3D('',#6276,#4921,#4922);
#4038=AXIS2_PLACEMENT_3D('',#6278,#4923,#4924);
#4039=AXIS2_PLACEMENT_3D('',#6280,#4925,#4926);
#4040=AXIS2_PLACEMENT_3D('',#6287,#4927,#4928);
#4041=AXIS2_PLACEMENT_3D('',#6289,#4929,#4930);
#4042=AXIS2_PLACEMENT_3D('',#6291,#4931,#4932);
#4043=AXIS2_PLACEMENT_3D('',#6293,#4933,#4934);
#4044=AXIS2_PLACEMENT_3D('',#6300,#4935,#4936);
#4045=AXIS2_PLACEMENT_3D('',#6302,#4937,#4938);
#4046=AXIS2_PLACEMENT_3D('',#6309,#4939,#4940);
#4047=AXIS2_PLACEMENT_3D('',#6311,#4941,#4942);
#4048=AXIS2_PLACEMENT_3D('',#6313,#4943,#4944);
#4049=AXIS2_PLACEMENT_3D('',#6315,#4945,#4946);
#4050=AXIS2_PLACEMENT_3D('',#6316,#4947,#4948);
#4051=AXIS2_PLACEMENT_3D('',#6317,#4949,#4950);
#4052=AXIS2_PLACEMENT_3D('',#6319,#4951,#4952);
#4053=AXIS2_PLACEMENT_3D('',#6321,#4953,#4954);
#4054=AXIS2_PLACEMENT_3D('',#6323,#4955,#4956);
#4055=AXIS2_PLACEMENT_3D('',#6325,#4957,#4958);
#4056=AXIS2_PLACEMENT_3D('',#6332,#4959,#4960);
#4057=AXIS2_PLACEMENT_3D('',#6334,#4961,#4962);
#4058=AXIS2_PLACEMENT_3D('',#6341,#4963,#4964);
#4059=AXIS2_PLACEMENT_3D('',#6343,#4965,#4966);
#4060=AXIS2_PLACEMENT_3D('',#6345,#4967,#4968);
#4061=AXIS2_PLACEMENT_3D('',#6347,#4969,#4970);
#4062=AXIS2_PLACEMENT_3D('',#6354,#4971,#4972);
#4063=AXIS2_PLACEMENT_3D('',#6356,#4973,#4974);
#4064=AXIS2_PLACEMENT_3D('',#6358,#4975,#4976);
#4065=AXIS2_PLACEMENT_3D('',#6359,#4977,#4978);
#4066=AXIS2_PLACEMENT_3D('',#6362,#4981,#4982);
#4067=AXIS2_PLACEMENT_3D('',#6364,#4984,#4985);
#4068=AXIS2_PLACEMENT_3D('',#6365,#4986,#4987);
#4069=AXIS2_PLACEMENT_3D('',#6367,#4989,#4990);
#4070=AXIS2_PLACEMENT_3D('',#6369,#4992,#4993);
#4071=AXIS2_PLACEMENT_3D('',#6371,#4995,#4996);
#4072=AXIS2_PLACEMENT_3D('',#6373,#4998,#4999);
#4073=AXIS2_PLACEMENT_3D('',#6375,#5001,#5002);
#4074=AXIS2_PLACEMENT_3D('',#6377,#5004,#5005);
#4075=AXIS2_PLACEMENT_3D('',#6379,#5007,#5008);
#4076=AXIS2_PLACEMENT_3D('',#6381,#5010,#5011);
#4077=AXIS2_PLACEMENT_3D('',#6383,#5013,#5014);
#4078=AXIS2_PLACEMENT_3D('',#6385,#5016,#5017);
#4079=AXIS2_PLACEMENT_3D('',#6387,#5019,#5020);
#4080=AXIS2_PLACEMENT_3D('',#6389,#5022,#5023);
#4081=AXIS2_PLACEMENT_3D('',#6391,#5025,#5026);
#4082=AXIS2_PLACEMENT_3D('',#6393,#5028,#5029);
#4083=AXIS2_PLACEMENT_3D('',#6395,#5031,#5032);
#4084=AXIS2_PLACEMENT_3D('',#6396,#5033,#5034);
#4085=AXIS2_PLACEMENT_3D('',#6398,#5036,#5037);
#4086=AXIS2_PLACEMENT_3D('',#6401,#5039,#5040);
#4087=AXIS2_PLACEMENT_3D('',#6402,#5041,#5042);
#4088=AXIS2_PLACEMENT_3D('',#6408,#5043,#5044);
#4089=AXIS2_PLACEMENT_3D('',#6410,#5045,#5046);
#4090=AXIS2_PLACEMENT_3D('',#6411,#5047,#5048);
#4091=AXIS2_PLACEMENT_3D('',#6419,#5050,#5051);
#4092=AXIS2_PLACEMENT_3D('',#6421,#5052,#5053);
#4093=AXIS2_PLACEMENT_3D('',#6423,#5054,#5055);
#4094=AXIS2_PLACEMENT_3D('',#6425,#5056,#5057);
#4095=AXIS2_PLACEMENT_3D('',#6432,#5058,#5059);
#4096=AXIS2_PLACEMENT_3D('',#6434,#5060,#5061);
#4097=AXIS2_PLACEMENT_3D('',#6436,#5062,#5063);
#4098=AXIS2_PLACEMENT_3D('',#6438,#5064,#5065);
#4099=AXIS2_PLACEMENT_3D('',#6440,#5066,#5067);
#4100=AXIS2_PLACEMENT_3D('',#6442,#5068,#5069);
#4101=AXIS2_PLACEMENT_3D('',#6443,#5070,#5071);
#4102=AXIS2_PLACEMENT_3D('',#6458,#5073,#5074);
#4103=AXIS2_PLACEMENT_3D('',#6460,#5075,#5076);
#4104=AXIS2_PLACEMENT_3D('',#6462,#5077,#5078);
#4105=AXIS2_PLACEMENT_3D('',#6464,#5079,#5080);
#4106=AXIS2_PLACEMENT_3D('',#6471,#5081,#5082);
#4107=AXIS2_PLACEMENT_3D('',#6473,#5083,#5084);
#4108=AXIS2_PLACEMENT_3D('',#6475,#5085,#5086);
#4109=AXIS2_PLACEMENT_3D('',#6477,#5087,#5088);
#4110=AXIS2_PLACEMENT_3D('',#6515,#5092,#5093);
#4111=AXIS2_PLACEMENT_3D('',#6518,#5096,#5097);
#4112=AXIS2_PLACEMENT_3D('',#6520,#5099,#5100);
#4113=AXIS2_PLACEMENT_3D('',#6521,#5101,#5102);
#4114=AXIS2_PLACEMENT_3D('',#6522,#5103,#5104);
#4115=AXIS2_PLACEMENT_3D('',#6524,#5106,#5107);
#4116=AXIS2_PLACEMENT_3D('',#6526,#5109,#5110);
#4117=AXIS2_PLACEMENT_3D('',#6528,#5112,#5113);
#4118=AXIS2_PLACEMENT_3D('',#6530,#5115,#5116);
#4119=AXIS2_PLACEMENT_3D('',#6532,#5118,#5119);
#4120=AXIS2_PLACEMENT_3D('',#6534,#5121,#5122);
#4121=AXIS2_PLACEMENT_3D('',#6536,#5124,#5125);
#4122=AXIS2_PLACEMENT_3D('',#6538,#5127,#5128);
#4123=AXIS2_PLACEMENT_3D('',#6539,#5129,#5130);
#4124=AXIS2_PLACEMENT_3D('',#6540,#5131,#5132);
#4125=AXIS2_PLACEMENT_3D('',#6542,#5133,#5134);
#4126=AXIS2_PLACEMENT_3D('',#6544,#5135,#5136);
#4127=AXIS2_PLACEMENT_3D('',#6548,#5139,#5140);
#4128=AXIS2_PLACEMENT_3D('',#6559,#5147,#5148);
#4129=AXIS2_PLACEMENT_3D('',#6561,#5149,#5150);
#4130=AXIS2_PLACEMENT_3D('',#6563,#5151,#5152);
#4131=AXIS2_PLACEMENT_3D('',#6564,#5153,#5154);
#4132=AXIS2_PLACEMENT_3D('',#6566,#5155,#5156);
#4133=AXIS2_PLACEMENT_3D('',#6568,#5157,#5158);
#4134=AXIS2_PLACEMENT_3D('',#6569,#5159,#5160);
#4135=AXIS2_PLACEMENT_3D('',#6571,#5161,#5162);
#4136=AXIS2_PLACEMENT_3D('',#6573,#5163,#5164);
#4137=AXIS2_PLACEMENT_3D('',#6574,#5165,#5166);
#4138=AXIS2_PLACEMENT_3D('',#6577,#5169,#5170);
#4139=AXIS2_PLACEMENT_3D('',#6579,#5172,#5173);
#4140=AXIS2_PLACEMENT_3D('',#6581,#5175,#5176);
#4141=AXIS2_PLACEMENT_3D('',#6582,#5177,#5178);
#4142=AXIS2_PLACEMENT_3D('',#6584,#5180,#5181);
#4143=AXIS2_PLACEMENT_3D('',#6586,#5183,#5184);
#4144=AXIS2_PLACEMENT_3D('',#6587,#5185,#5186);
#4145=AXIS2_PLACEMENT_3D('',#6593,#5190,#5191);
#4146=AXIS2_PLACEMENT_3D('',#6599,#5195,#5196);
#4147=AXIS2_PLACEMENT_3D('',#6603,#5199,#5200);
#4148=AXIS2_PLACEMENT_3D('',#6607,#5203,#5204);
#4149=AXIS2_PLACEMENT_3D('',#6609,#5206,#5207);
#4150=AXIS2_PLACEMENT_3D('',#6610,#5208,#5209);
#4151=AXIS2_PLACEMENT_3D('',#6612,#5211,#5212);
#4152=AXIS2_PLACEMENT_3D('',#6614,#5214,#5215);
#4153=AXIS2_PLACEMENT_3D('',#6615,#5216,#5217);
#4154=AXIS2_PLACEMENT_3D('',#6621,#5221,#5222);
#4155=AXIS2_PLACEMENT_3D('',#6627,#5226,#5227);
#4156=AXIS2_PLACEMENT_3D('',#6631,#5230,#5231);
#4157=AXIS2_PLACEMENT_3D('',#6635,#5234,#5235);
#4158=AXIS2_PLACEMENT_3D('',#6637,#5237,#5238);
#4159=DIRECTION('',(0.,0.,1.));
#4160=DIRECTION('',(1.,0.,0.));
#4161=DIRECTION('',(0.,-1.22464679914735E-16,-1.));
#4162=DIRECTION('',(-1.,-1.22464679914735E-16,1.49975978266186E-32));
#4163=DIRECTION('',(0.,-1.22464679914735E-16,-1.));
#4164=DIRECTION('',(-4.19217867424682E-17,-1.44903190423279E-16,-1.));
#4165=DIRECTION('',(0.,1.,-1.44903190423279E-16));
#4166=DIRECTION('',(0.,-1.22464679914735E-16,-1.));
#4167=DIRECTION('',(0.,-1.22464679914735E-16,-1.));
#4168=DIRECTION('',(0.,-1.22464679914735E-16,-1.));
#4169=DIRECTION('',(-4.19217867424682E-17,-1.44903190423279E-16,-1.));
#4170=DIRECTION('',(0.,1.,-1.44903190423279E-16));
#4171=DIRECTION('',(0.,-1.22464679914735E-16,-1.));
#4172=DIRECTION('',(0.,0.,-1.));
#4173=DIRECTION('',(-1.,0.,0.));
#4174=DIRECTION('',(0.,-1.22464679914735E-16,-1.));
#4175=DIRECTION('',(0.,-1.22464679914735E-16,-1.));
#4176=DIRECTION('',(0.163620417320187,0.,-0.986523369736352));
#4177=DIRECTION('',(-0.986523369736352,-7.4846820415502E-16,-0.163620417320187));
#4178=DIRECTION('',(0.,0.,-1.));
#4179=DIRECTION('',(0.,-0.476553907411761,0.879145251554362));
#4180=DIRECTION('',(0.,-0.879145251554362,-0.476553907411761));
#4181=DIRECTION('',(-0.960606524869549,0.27791204431987,0.));
#4182=DIRECTION('',(-0.27791204431987,-0.960606524869549,0.));
#4183=DIRECTION('',(0.,-1.22464679914735E-16,-1.));
#4184=DIRECTION('',(-0.27791204431987,-0.960606524869549,0.));
#4185=DIRECTION('',(0.,0.,-1.));
#4186=DIRECTION('',(-0.27791204431987,-0.960606524869549,0.));
#4187=DIRECTION('',(0.,-1.22464679914735E-16,-1.));
#4188=DIRECTION('',(-0.27791204431987,-0.960606524869549,0.));
#4189=DIRECTION('',(0.,0.,-1.));
#4190=DIRECTION('',(-0.27791204431987,-0.960606524869549,0.));
#4191=DIRECTION('',(3.46944695195361E-17,0.228765168726251,0.973481637000745));
#4192=DIRECTION('',(-1.47637986896363E-16,-0.973481637000745,0.228765168726251));
#4193=DIRECTION('',(1.,1.22464679914735E-16,-1.49975978266186E-32));
#4194=DIRECTION('',(1.,1.22464679914735E-16,-1.49975978266186E-32));
#4195=DIRECTION('',(1.,1.22464679914735E-16,-1.49975978266186E-32));
#4196=DIRECTION('',(1.,1.22464679914735E-16,-1.49975978266186E-32));
#4197=DIRECTION('',(1.,1.22464679914735E-16,-1.49975978266186E-32));
#4198=DIRECTION('',(1.,1.22464679914735E-16,-1.49975978266186E-32));
#4199=DIRECTION('',(0.960606524869549,-0.27791204431987,0.));
#4200=DIRECTION('',(0.27791204431987,0.960606524869549,0.));
#4201=DIRECTION('',(0.27791204431987,0.960606524869549,-1.50845519650157E-16));
#4202=DIRECTION('',(0.,0.,-1.));
#4203=DIRECTION('',(0.27791204431987,0.960606524869549,-1.50845519650157E-16));
#4204=DIRECTION('',(0.246496437600506,0.852018079661243,0.461849215849315));
#4205=DIRECTION('',(0.,0.,-1.));
#4206=DIRECTION('',(0.960606524869549,-0.27791204431987,0.));
#4207=DIRECTION('',(0.27791204431987,0.960606524869549,0.));
#4208=DIRECTION('',(0.,1.22464679914735E-16,1.));
#4209=DIRECTION('',(0.,-1.22464679914735E-16,-1.));
#4210=DIRECTION('',(-0.27791204431987,-0.960606524869549,0.));
#4211=DIRECTION('',(0.,0.,-1.));
#4212=DIRECTION('',(-0.27791204431987,-0.960606524869549,0.));
#4213=DIRECTION('',(0.,-1.22464679914735E-16,-1.));
#4214=DIRECTION('',(-0.27791204431987,-0.960606524869549,0.));
#4215=DIRECTION('',(0.,-1.22464679914735E-16,-1.));
#4216=DIRECTION('',(0.271090698659382,0.937028456614568,-0.220198784272052));
#4217=DIRECTION('',(0.,0.,-1.));
#4218=DIRECTION('',(0.,0.,-1.));
#4219=DIRECTION('',(0.246496437600506,0.852018079661243,0.461849215849315));
#4220=DIRECTION('',(0.,-1.22464679914735E-16,-1.));
#4221=DIRECTION('',(-0.27791204431987,-0.960606524869549,0.));
#4222=DIRECTION('',(-0.122418549049617,0.,0.992478563420181));
#4223=DIRECTION('',(0.992478563420181,0.,0.122418549049617));
#4224=DIRECTION('',(-0.122418549049617,0.,0.992478563420181));
#4225=DIRECTION('',(0.992478563420181,1.00037682904655E-15,0.122418549049617));
#4226=DIRECTION('',(0.,1.,0.));
#4227=DIRECTION('',(-0.122418549049617,0.,0.992478563420181));
#4228=DIRECTION('',(-0.992478563420181,0.,-0.122418549049617));
#4229=DIRECTION('',(0.,1.,0.));
#4230=DIRECTION('',(-0.101831370452111,0.,0.994801674702976));
#4231=DIRECTION('',(0.994801674702976,0.,0.101831370452111));
#4232=DIRECTION('',(-0.101831370452111,0.,0.994801674702976));
#4233=DIRECTION('',(0.994801674702976,1.20262232916062E-15,0.101831370452111));
#4234=DIRECTION('',(-0.101831370452111,0.,0.994801674702976));
#4235=DIRECTION('',(-0.994801674702976,0.,-0.101831370452111));
#4236=DIRECTION('',(0.,1.,0.));
#4237=DIRECTION('',(-0.0951345871022869,0.,0.995464419422853));
#4238=DIRECTION('',(0.995464419422853,0.,0.0951345871022869));
#4239=DIRECTION('',(-0.0951345871022869,0.,0.995464419422853));
#4240=DIRECTION('',(0.995464419422853,1.28727819865412E-15,0.0951345871022869));
#4241=DIRECTION('',(-0.0951345871022869,0.,0.995464419422853));
#4242=DIRECTION('',(-0.995464419422853,0.,-0.0951345871022869));
#4243=DIRECTION('',(0.,1.,0.));
#4244=DIRECTION('',(0.,1.,0.));
#4245=DIRECTION('',(0.,0.,1.));
#4246=DIRECTION('',(0.,1.,0.));
#4247=DIRECTION('',(-0.0564402902240742,0.,0.998405976364035));
#4248=DIRECTION('',(0.998405976364035,0.,0.0564402902240742));
#4249=DIRECTION('',(-0.0564402902240742,0.,0.998405976364035));
#4250=DIRECTION('',(0.998405976364035,2.16980953550269E-15,0.0564402902240742));
#4251=DIRECTION('',(-0.0564402902240742,0.,0.998405976364035));
#4252=DIRECTION('',(-0.998405976364035,0.,-0.0564402902240742));
#4253=DIRECTION('',(0.,1.,0.));
#4254=DIRECTION('',(-0.0357386321049053,0.,0.999361171036413));
#4255=DIRECTION('',(0.999361171036413,0.,0.0357386321049053));
#4256=DIRECTION('',(-0.0357386321049053,0.,0.999361171036413));
#4257=DIRECTION('',(0.999361171036413,3.42667507685406E-15,0.0357386321049053));
#4258=DIRECTION('',(-0.0357386321049053,0.,0.999361171036413));
#4259=DIRECTION('',(-0.999361171036413,0.,-0.0357386321049053));
#4260=DIRECTION('',(0.,1.,0.));
#4261=DIRECTION('',(-0.034703821618984,0.,0.999397640964315));
#4262=DIRECTION('',(0.999397640964315,0.,0.034703821618984));
#4263=DIRECTION('',(-0.034703821618984,0.,0.999397640964315));
#4264=DIRECTION('',(0.999397640964315,3.52885285255569E-15,0.034703821618984));
#4265=DIRECTION('',(-0.034703821618984,0.,0.999397640964315));
#4266=DIRECTION('',(-0.999397640964315,0.,-0.034703821618984));
#4267=DIRECTION('',(0.,1.,0.));
#4268=DIRECTION('',(-0.0113963993616306,0.,0.999935058932124));
#4269=DIRECTION('',(0.999935058932124,0.,0.0113963993616306));
#4270=DIRECTION('',(-0.0113963993616306,0.,0.999935058932124));
#4271=DIRECTION('',(0.999935058932124,1.07459098289455E-14,0.0113963993616306));
#4272=DIRECTION('',(-0.0113963993616306,0.,0.999935058932124));
#4273=DIRECTION('',(-0.999935058932124,0.,-0.0113963993616306));
#4274=DIRECTION('',(0.,1.,0.));
#4275=DIRECTION('',(0.,1.,0.));
#4276=DIRECTION('',(0.,0.,1.));
#4277=DIRECTION('',(0.,1.,0.));
#4278=DIRECTION('',(0.0253379982010996,0.,0.999678941384263));
#4279=DIRECTION('',(0.999678941384263,0.,-0.0253379982010996));
#4280=DIRECTION('',(0.0253379982010996,0.,0.999678941384263));
#4281=DIRECTION('',(-0.999678941384263,4.83324211102914E-15,0.0253379982010996));
#4282=DIRECTION('',(0.0253379982010996,0.,0.999678941384263));
#4283=DIRECTION('',(0.999678941384263,0.,-0.0253379982010996));
#4284=DIRECTION('',(0.,1.,0.));
#4285=DIRECTION('',(0.0448666993534274,0.,0.998992982602545));
#4286=DIRECTION('',(0.998992982602545,0.,-0.0448666993534274));
#4287=DIRECTION('',(0.0448666993534274,0.,0.998992982602545));
#4288=DIRECTION('',(-0.998992982602545,2.7295228238219E-15,0.0448666993534274));
#4289=DIRECTION('',(0.0448666993534274,0.,0.998992982602545));
#4290=DIRECTION('',(0.998992982602545,0.,-0.0448666993534274));
#4291=DIRECTION('',(0.,1.,0.));
#4292=DIRECTION('',(0.,1.,0.));
#4293=DIRECTION('',(0.,0.,1.));
#4294=DIRECTION('',(0.,1.,0.));
#4295=DIRECTION('',(0.0561977411722919,0.,0.998419658203469));
#4296=DIRECTION('',(0.998419658203469,0.,-0.0561977411722919));
#4297=DIRECTION('',(0.0561977411722919,0.,0.998419658203469));
#4298=DIRECTION('',(-0.998419658203469,2.1791744180479E-15,0.0561977411722919));
#4299=DIRECTION('',(0.0561977411722919,0.,0.998419658203469));
#4300=DIRECTION('',(0.998419658203469,0.,-0.0561977411722919));
#4301=DIRECTION('',(0.,1.,0.));
#4302=DIRECTION('',(0.10839128651603,0.,0.994108308489271));
#4303=DIRECTION('',(0.994108308489271,0.,-0.10839128651603));
#4304=DIRECTION('',(0.10839128651603,0.,0.994108308489271));
#4305=DIRECTION('',(-0.994108308489271,1.12983878917817E-15,0.10839128651603));
#4306=DIRECTION('',(0.10839128651603,0.,0.994108308489271));
#4307=DIRECTION('',(0.994108308489271,0.,-0.10839128651603));
#4308=DIRECTION('',(0.,1.,0.));
#4309=DIRECTION('',(0.103134549406301,0.,0.994667414123314));
#4310=DIRECTION('',(0.994667414123313,0.,-0.103134549406301));
#4311=DIRECTION('',(0.103134549406301,0.,0.994667414123314));
#4312=DIRECTION('',(-0.994667414123313,1.18742633404334E-15,0.103134549406301));
#4313=DIRECTION('',(0.103134549406301,0.,0.994667414123314));
#4314=DIRECTION('',(0.994667414123313,0.,-0.103134549406301));
#4315=DIRECTION('',(0.,1.,0.));
#4316=DIRECTION('',(0.126492678197434,0.,0.991967540982285));
#4317=DIRECTION('',(0.991967540982285,0.,-0.126492678197434));
#4318=DIRECTION('',(0.126492678197434,0.,0.991967540982285));
#4319=DIRECTION('',(-0.991967540982285,9.68156273231783E-16,0.126492678197434));
#4320=DIRECTION('',(0.126492678197434,0.,0.991967540982285));
#4321=DIRECTION('',(0.991967540982285,0.,-0.126492678197434));
#4322=DIRECTION('',(0.163620417320187,0.,-0.986523369736352));
#4323=DIRECTION('',(-0.986523369736352,0.,-0.163620417320187));
#4324=DIRECTION('',(0.163620417320187,0.,-0.986523369736352));
#4325=DIRECTION('',(-0.986523369736352,-7.4846820415502E-16,-0.163620417320187));
#4326=DIRECTION('',(0.163620417320187,0.,-0.986523369736352));
#4327=DIRECTION('',(-0.986523369736352,0.,-0.163620417320187));
#4328=DIRECTION('',(0.,1.,0.));
#4329=DIRECTION('',(0.163620417320187,0.,-0.986523369736352));
#4330=DIRECTION('',(0.986523369736352,7.4846820415502E-16,0.163620417320187));
#4331=DIRECTION('',(0.,1.22464679914735E-16,1.));
#4332=DIRECTION('',(1.,1.22464679914735E-16,-1.49975978266186E-32));
#4333=DIRECTION('',(-0.145243859326543,0.,0.989395887058326));
#4334=DIRECTION('',(0.989395887058326,8.43165972610282E-16,0.145243859326543));
#4335=DIRECTION('',(-0.145243859326543,0.,0.989395887058326));
#4336=DIRECTION('',(0.989395887058326,0.,0.145243859326543));
#4337=DIRECTION('',(0.,1.,0.));
#4338=DIRECTION('',(-0.145243859326543,0.,0.989395887058326));
#4339=DIRECTION('',(-0.989395887058326,0.,-0.145243859326543));
#4340=DIRECTION('',(0.,0.,-1.));
#4341=DIRECTION('',(-1.,0.,0.));
#4342=DIRECTION('',(0.,0.,-1.));
#4343=DIRECTION('',(-1.,0.,0.));
#4344=DIRECTION('',(0.,0.,-1.));
#4345=DIRECTION('',(-1.,0.,0.));
#4346=DIRECTION('',(0.,1.22464679914735E-16,1.));
#4347=DIRECTION('',(1.,1.22464679914735E-16,-1.49975978266186E-32));
#4348=DIRECTION('',(0.,-1.22464679914735E-16,-1.));
#4349=DIRECTION('',(0.,0.,-1.));
#4350=DIRECTION('',(-1.,0.,0.));
#4351=DIRECTION('',(0.,0.,-1.));
#4352=DIRECTION('',(0.,-0.476553907411761,0.879145251554362));
#4353=DIRECTION('',(0.,-0.879145251554362,-0.476553907411761));
#4354=DIRECTION('',(0.,0.,-1.));
#4355=DIRECTION('',(0.960606524869549,-0.27791204431987,3.40344095520825E-17));
#4356=DIRECTION('',(-0.27791204431987,-0.960606524869549,1.17640370592155E-16));
#4357=DIRECTION('',(-0.271090698659382,-0.937028456614568,0.220198784272052));
#4358=DIRECTION('',(-3.99194227282071E-17,-1.55173137609519E-17,1.));
#4359=DIRECTION('',(-0.034703821618984,0.,0.999397640964315));
#4360=DIRECTION('',(0.999397640964315,0.,0.034703821618984));
#4361=DIRECTION('',(-0.034703821618984,0.,0.999397640964315));
#4362=DIRECTION('',(0.999397640964315,3.52885285255569E-15,0.034703821618984));
#4363=DIRECTION('',(0.,1.,0.));
#4364=DIRECTION('',(-0.034703821618984,0.,0.999397640964315));
#4365=DIRECTION('',(-0.999397640964315,0.,-0.034703821618984));
#4366=DIRECTION('',(0.,1.,0.));
#4367=DIRECTION('',(-0.0357386321049053,0.,0.999361171036413));
#4368=DIRECTION('',(0.999361171036413,0.,0.0357386321049053));
#4369=DIRECTION('',(-0.0357386321049053,0.,0.999361171036413));
#4370=DIRECTION('',(0.999361171036413,3.42667507685406E-15,0.0357386321049053));
#4371=DIRECTION('',(-0.0357386321049053,0.,0.999361171036413));
#4372=DIRECTION('',(-0.999361171036413,0.,-0.0357386321049053));
#4373=DIRECTION('',(0.,1.,0.));
#4374=DIRECTION('',(-0.0564402902240742,0.,0.998405976364035));
#4375=DIRECTION('',(0.998405976364035,0.,0.0564402902240742));
#4376=DIRECTION('',(-0.0564402902240742,0.,0.998405976364035));
#4377=DIRECTION('',(0.998405976364035,2.16980953550269E-15,0.0564402902240742));
#4378=DIRECTION('',(-0.0564402902240742,0.,0.998405976364035));
#4379=DIRECTION('',(-0.998405976364035,0.,-0.0564402902240742));
#4380=DIRECTION('',(0.,1.,0.));
#4381=DIRECTION('',(0.,1.,0.));
#4382=DIRECTION('',(0.,0.,1.));
#4383=DIRECTION('',(0.,1.,0.));
#4384=DIRECTION('',(-0.0951345871022869,0.,0.995464419422853));
#4385=DIRECTION('',(0.995464419422853,0.,0.0951345871022869));
#4386=DIRECTION('',(-0.0951345871022869,0.,0.995464419422853));
#4387=DIRECTION('',(0.995464419422853,1.28727819865412E-15,0.0951345871022869));
#4388=DIRECTION('',(-0.0951345871022869,0.,0.995464419422853));
#4389=DIRECTION('',(-0.995464419422853,0.,-0.0951345871022869));
#4390=DIRECTION('',(0.,1.,0.));
#4391=DIRECTION('',(-0.101831370452111,0.,0.994801674702976));
#4392=DIRECTION('',(0.994801674702976,0.,0.101831370452111));
#4393=DIRECTION('',(-0.101831370452111,0.,0.994801674702976));
#4394=DIRECTION('',(0.994801674702976,1.20262232916062E-15,0.101831370452111));
#4395=DIRECTION('',(-0.101831370452111,0.,0.994801674702976));
#4396=DIRECTION('',(-0.994801674702976,0.,-0.101831370452111));
#4397=DIRECTION('',(0.,1.,0.));
#4398=DIRECTION('',(-0.122418549049617,0.,0.992478563420181));
#4399=DIRECTION('',(0.992478563420181,0.,0.122418549049617));
#4400=DIRECTION('',(-0.122418549049617,0.,0.992478563420181));
#4401=DIRECTION('',(0.992478563420181,1.00037682904655E-15,0.122418549049617));
#4402=DIRECTION('',(-0.122418549049617,0.,0.992478563420181));
#4403=DIRECTION('',(-0.992478563420181,0.,-0.122418549049617));
#4404=DIRECTION('',(0.,1.,0.));
#4405=DIRECTION('',(0.163620417320187,0.,-0.986523369736352));
#4406=DIRECTION('',(-0.986523369736352,0.,-0.163620417320187));
#4407=DIRECTION('',(0.163620417320187,0.,-0.986523369736352));
#4408=DIRECTION('',(0.986523369736352,7.4846820415502E-16,0.163620417320187));
#4409=DIRECTION('',(0.,1.,0.));
#4410=DIRECTION('',(0.163620417320187,0.,-0.986523369736352));
#4411=DIRECTION('',(-0.986523369736352,0.,-0.163620417320187));
#4412=DIRECTION('',(0.,1.22464679914735E-16,1.));
#4413=DIRECTION('',(1.,1.22464679914735E-16,-1.49975978266186E-32));
#4414=DIRECTION('',(0.,0.,-1.));
#4415=DIRECTION('',(-1.,0.,0.));
#4416=DIRECTION('',(0.,0.,-1.));
#4417=DIRECTION('',(-1.,0.,0.));
#4418=DIRECTION('',(0.,1.,0.));
#4419=DIRECTION('',(0.,0.,-1.));
#4420=DIRECTION('',(-1.,0.,0.));
#4421=DIRECTION('',(-0.145243859326543,0.,0.989395887058326));
#4422=DIRECTION('',(0.989395887058326,0.,0.145243859326543));
#4423=DIRECTION('',(-0.145243859326543,0.,0.989395887058326));
#4424=DIRECTION('',(0.989395887058326,8.43165972610282E-16,0.145243859326543));
#4425=DIRECTION('',(-0.145243859326543,0.,0.989395887058326));
#4426=DIRECTION('',(-0.989395887058326,0.,-0.145243859326543));
#4427=DIRECTION('',(-0.0113963993616306,0.,0.999935058932124));
#4428=DIRECTION('',(0.999935058932124,0.,0.0113963993616306));
#4429=DIRECTION('',(-0.0113963993616306,0.,0.999935058932124));
#4430=DIRECTION('',(0.999935058932124,1.07459098289455E-14,0.0113963993616306));
#4431=DIRECTION('',(0.,1.,0.));
#4432=DIRECTION('',(-0.0113963993616306,0.,0.999935058932124));
#4433=DIRECTION('',(-0.999935058932124,0.,-0.0113963993616306));
#4434=DIRECTION('',(0.,-1.22464679914735E-16,-1.));
#4435=DIRECTION('',(-1.,-1.22464679914735E-16,1.49975978266186E-32));
#4436=DIRECTION('',(0.,0.,-1.));
#4437=DIRECTION('',(-1.,0.,0.));
#4438=DIRECTION('',(0.,-1.22464679914735E-16,-1.));
#4439=DIRECTION('',(0.,-1.22464679914735E-16,-1.));
#4440=DIRECTION('',(0.728919547044686,0.684599367466967,-8.38392424066723E-17));
#4441=DIRECTION('',(0.684599367466967,-0.728919547044686,8.92668990124213E-17));
#4442=DIRECTION('',(-0.684599367466967,0.728919547044686,0.));
#4443=DIRECTION('',(0.,-1.22464679914735E-16,-1.));
#4444=DIRECTION('',(0.,-1.22464679914735E-16,-1.));
#4445=DIRECTION('',(-1.,-1.22464679914735E-16,1.49975978266186E-32));
#4446=DIRECTION('',(0.,0.,-1.));
#4447=DIRECTION('',(-1.,0.,0.));
#4448=DIRECTION('',(0.,-1.22464679914735E-16,-1.));
#4449=DIRECTION('',(0.,-0.476553907411761,0.879145251554362));
#4450=DIRECTION('',(0.,-0.879145251554362,-0.476553907411761));
#4451=DIRECTION('',(0.728919547044686,0.684599367466967,-8.38392424066723E-17));
#4452=DIRECTION('',(0.684599367466967,-0.728919547044686,8.92668990124213E-17));
#4453=DIRECTION('',(-0.684599367466967,0.728919547044686,0.));
#4454=DIRECTION('',(0.,-1.22464679914735E-16,-1.));
#4455=DIRECTION('',(0.,-1.22464679914735E-16,-1.));
#4456=DIRECTION('',(-1.,-1.22464679914735E-16,1.49975978266186E-32));
#4457=DIRECTION('',(0.,0.,-1.));
#4458=DIRECTION('',(-1.,0.,0.));
#4459=DIRECTION('',(0.,-1.22464679914735E-16,-1.));
#4460=DIRECTION('',(-0.362306190701075,0.932059131267795,0.));
#4461=DIRECTION('',(-0.932059131267795,-0.362306190701075,0.));
#4462=DIRECTION('',(0.914587985721938,0.355514878886669,0.192712187635566));
#4463=DIRECTION('',(0.,-0.476553907411761,0.879145251554362));
#4464=DIRECTION('',(0.,-0.879145251554362,-0.476553907411761));
#4465=DIRECTION('',(0.,-0.476553907411761,0.879145251554362));
#4466=DIRECTION('',(0.,-0.879145251554362,-0.476553907411761));
#4467=DIRECTION('',(3.46944695195361E-17,0.228765168726251,0.973481637000745));
#4468=DIRECTION('',(1.,-7.93688617350448E-18,-3.37744289827505E-17));
#4469=DIRECTION('',(0.92869915721324,0.361000115410654,-0.0848339086976032));
#4470=DIRECTION('',(-0.362306190701075,0.932059131267795,0.));
#4471=DIRECTION('',(-0.932059131267795,-0.362306190701075,0.));
#4472=DIRECTION('',(0.,0.,-1.));
#4473=DIRECTION('',(1.,0.,0.));
#4474=DIRECTION('',(0.,0.,-1.));
#4475=DIRECTION('',(-1.,0.,0.));
#4476=DIRECTION('',(0.,0.,-1.));
#4477=DIRECTION('',(-1.,0.,0.));
#4478=DIRECTION('',(0.,0.,-1.));
#4479=DIRECTION('',(-1.,0.,0.));
#4480=DIRECTION('',(0.,0.,-1.));
#4481=DIRECTION('',(-1.,0.,0.));
#4482=DIRECTION('',(0.,0.,-1.));
#4483=DIRECTION('',(-1.,0.,0.));
#4484=DIRECTION('',(0.,0.,-1.));
#4485=DIRECTION('',(-1.,0.,0.));
#4486=DIRECTION('',(0.,1.,0.));
#4487=DIRECTION('',(0.,0.,1.));
#4488=DIRECTION('',(0.,0.,-1.));
#4489=DIRECTION('',(-1.,0.,0.));
#4490=DIRECTION('',(0.,-0.476553907411761,0.879145251554362));
#4491=DIRECTION('',(0.,-0.879145251554362,-0.476553907411761));
#4492=DIRECTION('',(0.,1.22464679914735E-16,1.));
#4493=DIRECTION('',(1.,1.22464679914735E-16,-1.49975978266186E-32));
#4494=DIRECTION('',(0.,-0.476553907411761,0.879145251554362));
#4495=DIRECTION('',(0.,-0.879145251554362,-0.476553907411761));
#4496=DIRECTION('',(0.,-1.22464679914735E-16,-1.));
#4497=DIRECTION('',(-1.,-1.22464679914735E-16,1.49975978266186E-32));
#4498=DIRECTION('',(0.,0.,1.));
#4499=DIRECTION('',(1.,0.,0.));
#4500=DIRECTION('',(0.,0.,1.));
#4501=DIRECTION('',(1.,0.,0.));
#4502=DIRECTION('',(0.,-1.22464679914735E-16,-1.));
#4503=DIRECTION('',(0.,-1.22464679914735E-16,-1.));
#4504=DIRECTION('',(-1.,-1.22464679914735E-16,1.49975978266186E-32));
#4505=DIRECTION('',(0.,-1.22464679914735E-16,-1.));
#4506=DIRECTION('',(-1.,-1.22464679914735E-16,1.49975978266186E-32));
#4507=DIRECTION('',(0.,0.,-1.));
#4508=DIRECTION('',(-1.,0.,0.));
#4509=DIRECTION('',(0.,0.,1.));
#4510=DIRECTION('',(1.,0.,0.));
#4511=DIRECTION('',(0.,0.,1.));
#4512=DIRECTION('',(1.,0.,0.));
#4513=DIRECTION('',(0.,0.,-1.));
#4514=DIRECTION('',(-1.,0.,0.));
#4515=DIRECTION('',(0.,0.,1.));
#4516=DIRECTION('',(1.,0.,0.));
#4517=DIRECTION('',(0.,0.,1.));
#4518=DIRECTION('',(1.,0.,0.));
#4519=DIRECTION('',(0.,0.,-1.));
#4520=DIRECTION('',(-1.,0.,0.));
#4521=DIRECTION('',(0.,0.,1.));
#4522=DIRECTION('',(1.,0.,0.));
#4523=DIRECTION('',(0.,0.,1.));
#4524=DIRECTION('',(1.,0.,0.));
#4525=DIRECTION('',(0.,-1.,0.));
#4526=DIRECTION('',(0.,0.,-1.));
#4527=DIRECTION('',(0.,0.,-1.));
#4528=DIRECTION('',(0.,0.,-1.));
#4529=DIRECTION('',(1.,0.,0.));
#4530=DIRECTION('',(0.,0.,-1.));
#4531=DIRECTION('',(0.,0.,-1.));
#4532=DIRECTION('',(0.,1.,0.));
#4533=DIRECTION('',(0.,0.,1.));
#4534=DIRECTION('',(0.,0.,-1.));
#4535=DIRECTION('',(-1.,0.,0.));
#4536=DIRECTION('',(0.,0.,1.));
#4537=DIRECTION('',(0.,0.,1.));
#4538=DIRECTION('',(1.,0.,0.));
#4539=DIRECTION('',(0.960606524869549,-0.27791204431987,0.));
#4540=DIRECTION('',(0.,0.,1.));
#4541=DIRECTION('',(1.,0.,0.));
#4542=DIRECTION('',(0.960606524869549,-0.27791204431987,0.));
#4543=DIRECTION('',(-0.27791204431987,-0.960606524869549,0.));
#4544=DIRECTION('',(0.960606524869549,-0.27791204431987,0.));
#4545=DIRECTION('',(0.,0.,1.));
#4546=DIRECTION('',(1.,0.,0.));
#4547=DIRECTION('',(-0.27791204431987,-0.960606524869549,0.));
#4548=DIRECTION('',(0.960606524869549,-0.27791204431987,0.));
#4549=DIRECTION('',(-0.27791204431987,-0.960606524869549,0.));
#4550=DIRECTION('',(0.960606524869549,-0.27791204431987,0.));
#4551=DIRECTION('',(-0.27791204431987,-0.960606524869549,0.));
#4552=DIRECTION('',(0.960606524869549,-0.27791204431987,0.));
#4553=DIRECTION('',(0.,0.,-1.));
#4554=DIRECTION('',(0.,0.,-1.));
#4555=DIRECTION('',(0.960606524869549,-0.27791204431987,0.));
#4556=DIRECTION('',(0.,0.,1.));
#4557=DIRECTION('',(1.,0.,0.));
#4558=DIRECTION('',(-0.27791204431987,-0.960606524869549,0.));
#4559=DIRECTION('',(-0.27791204431987,-0.960606524869549,0.));
#4560=DIRECTION('',(0.960606524869549,-0.27791204431987,0.));
#4561=DIRECTION('',(-0.27791204431987,-0.960606524869549,0.));
#4562=DIRECTION('',(0.960606524869549,-0.27791204431987,0.));
#4563=DIRECTION('',(0.,0.,-1.));
#4564=DIRECTION('',(-0.960606524869549,0.27791204431987,0.));
#4565=DIRECTION('',(-0.27791204431987,-0.960606524869549,0.));
#4566=DIRECTION('',(-0.960606524869549,0.27791204431987,0.));
#4567=DIRECTION('',(-0.27791204431987,-0.960606524869549,0.));
#4568=DIRECTION('',(-4.19217867424682E-17,-1.44903190423279E-16,-1.));
#4569=DIRECTION('',(0.,1.,-1.44903190423279E-16));
#4570=DIRECTION('',(0.960606524869549,-0.27791204431987,0.));
#4571=DIRECTION('',(0.27791204431987,0.960606524869549,-1.50845519650157E-16));
#4572=DIRECTION('',(-4.19217867424682E-17,-1.44903190423279E-16,-1.));
#4573=DIRECTION('',(0.,1.,-1.44903190423279E-16));
#4574=DIRECTION('',(0.27791204431987,0.960606524869549,-1.50845519650157E-16));
#4575=DIRECTION('',(0.960606524869549,-0.27791204431987,0.));
#4576=DIRECTION('',(-0.27791204431987,-0.960606524869549,0.));
#4577=DIRECTION('',(0.960606524869549,-0.27791204431987,0.));
#4578=DIRECTION('',(0.,0.,-1.));
#4579=DIRECTION('',(-0.960606524869549,0.27791204431987,0.));
#4580=DIRECTION('',(-0.27791204431987,-0.960606524869549,0.));
#4581=DIRECTION('',(0.27791204431987,0.960606524869549,-1.50845519650157E-16));
#4582=DIRECTION('',(0.27791204431987,0.960606524869549,-1.50845519650157E-16));
#4583=DIRECTION('',(0.,0.,-1.));
#4584=DIRECTION('',(-0.27791204431987,-0.960606524869549,0.));
#4585=DIRECTION('',(0.960606524869549,-0.27791204431987,0.));
#4586=DIRECTION('',(0.,0.,-1.));
#4587=DIRECTION('',(0.960606524869549,-0.27791204431987,0.));
#4588=DIRECTION('',(0.,0.,-1.));
#4589=DIRECTION('',(0.960606524869549,-0.27791204431987,0.));
#4590=DIRECTION('',(-4.19217867424682E-17,-1.44903190423279E-16,-1.));
#4591=DIRECTION('',(0.,1.,-1.44903190423279E-16));
#4592=DIRECTION('',(0.27791204431987,0.960606524869549,-1.50845519650157E-16));
#4593=DIRECTION('',(0.27791204431987,0.960606524869549,-1.50845519650157E-16));
#4594=DIRECTION('',(0.960606524869549,-0.27791204431987,0.));
#4595=DIRECTION('',(-0.27791204431987,-0.960606524869549,0.));
#4596=DIRECTION('',(0.960606524869549,-0.27791204431987,0.));
#4597=DIRECTION('',(0.,0.,-1.));
#4598=DIRECTION('',(0.960606524869549,-0.27791204431987,0.));
#4599=DIRECTION('',(-4.19217867424682E-17,-1.44903190423279E-16,-1.));
#4600=DIRECTION('',(0.,1.,-1.44903190423279E-16));
#4601=DIRECTION('',(0.27791204431987,0.960606524869549,-1.50845519650157E-16));
#4602=DIRECTION('',(0.27791204431987,0.960606524869549,-1.50845519650157E-16));
#4603=DIRECTION('',(-0.960606524869549,0.27791204431987,0.));
#4604=DIRECTION('',(-0.27791204431987,-0.960606524869549,0.));
#4605=DIRECTION('',(-0.960606524869549,0.27791204431987,0.));
#4606=DIRECTION('',(-0.27791204431987,-0.960606524869549,0.));
#4607=DIRECTION('',(0.,0.,1.));
#4608=DIRECTION('',(1.,0.,0.));
#4609=DIRECTION('',(0.,-1.22464679914735E-16,-1.));
#4610=DIRECTION('',(-1.,-1.22464679914735E-16,1.49975978266186E-32));
#4611=DIRECTION('',(0.,0.,-1.));
#4612=DIRECTION('',(-1.,0.,0.));
#4613=DIRECTION('',(0.,-1.22464679914735E-16,-1.));
#4614=DIRECTION('',(0.,-1.22464679914735E-16,-1.));
#4615=DIRECTION('',(-1.,-1.22464679914735E-16,1.49975978266186E-32));
#4616=DIRECTION('',(0.,-1.22464679914735E-16,-1.));
#4617=DIRECTION('',(0.728919547044686,-0.684599367466966,8.38392424066723E-17));
#4618=DIRECTION('',(-0.684599367466966,-0.728919547044686,8.92668990124213E-17));
#4619=DIRECTION('',(0.684599367466966,0.728919547044686,0.));
#4620=DIRECTION('',(0.,-1.22464679914735E-16,-1.));
#4621=DIRECTION('',(-0.684599367466966,-0.728919547044686,8.92668990124213E-17));
#4622=DIRECTION('',(0.,-1.22464679914735E-16,-1.));
#4623=DIRECTION('',(-1.,-1.22464679914735E-16,1.49975978266186E-32));
#4624=DIRECTION('',(0.,0.,-1.));
#4625=DIRECTION('',(-1.,0.,0.));
#4626=DIRECTION('',(0.,-1.22464679914735E-16,-1.));
#4627=DIRECTION('',(0.,-1.22464679914735E-16,-1.));
#4628=DIRECTION('',(-1.,-1.22464679914735E-16,1.49975978266186E-32));
#4629=DIRECTION('',(0.,-1.22464679914735E-16,-1.));
#4630=DIRECTION('',(-1.,-1.22464679914735E-16,1.49975978266186E-32));
#4631=DIRECTION('',(0.,-1.22464679914735E-16,-1.));
#4632=DIRECTION('',(0.,0.,-1.));
#4633=DIRECTION('',(-1.,0.,0.));
#4634=DIRECTION('',(0.,-1.22464679914735E-16,-1.));
#4635=DIRECTION('',(0.,-1.22464679914735E-16,-1.));
#4636=DIRECTION('',(-1.,-1.22464679914735E-16,1.49975978266186E-32));
#4637=DIRECTION('',(0.728919547044686,-0.684599367466966,8.38392424066723E-17));
#4638=DIRECTION('',(-0.684599367466966,-0.728919547044686,8.92668990124213E-17));
#4639=DIRECTION('',(0.,-1.22464679914735E-16,-1.));
#4640=DIRECTION('',(0.684599367466966,0.728919547044686,0.));
#4641=DIRECTION('',(-0.684599367466966,-0.728919547044686,8.92668990124213E-17));
#4642=DIRECTION('',(0.,-1.22464679914735E-16,-1.));
#4643=DIRECTION('',(-1.,-1.22464679914735E-16,1.49975978266186E-32));
#4644=DIRECTION('',(0.,-1.22464679914735E-16,-1.));
#4645=DIRECTION('',(-1.,-1.22464679914735E-16,1.49975978266186E-32));
#4646=DIRECTION('',(0.27791204431987,-0.960606524869549,1.17640370592155E-16));
#4647=DIRECTION('',(0.,-1.22464679914735E-16,-1.));
#4648=DIRECTION('',(-1.,-1.22464679914735E-16,1.49975978266186E-32));
#4649=DIRECTION('',(0.,-1.22464679914735E-16,-1.));
#4650=DIRECTION('',(-1.,-1.22464679914735E-16,1.49975978266186E-32));
#4651=DIRECTION('',(0.,0.,1.));
#4652=DIRECTION('',(1.,0.,0.));
#4653=DIRECTION('',(0.,0.,1.));
#4654=DIRECTION('',(1.,0.,0.));
#4655=DIRECTION('',(0.,0.,1.));
#4656=DIRECTION('',(1.,0.,0.));
#4657=DIRECTION('',(0.27791204431987,-0.960606524869549,1.17640370592155E-16));
#4658=DIRECTION('',(0.,-1.22464679914735E-16,-1.));
#4659=DIRECTION('',(-1.,-1.22464679914735E-16,1.49975978266186E-32));
#4660=DIRECTION('',(0.,-1.22464679914735E-16,-1.));
#4661=DIRECTION('',(-1.,-1.22464679914735E-16,1.49975978266186E-32));
#4662=DIRECTION('',(0.,0.,-1.));
#4663=DIRECTION('',(1.,0.,0.));
#4664=DIRECTION('',(0.,0.,-1.));
#4665=DIRECTION('',(-1.,0.,0.));
#4666=DIRECTION('',(0.,0.,-1.));
#4667=DIRECTION('',(-1.,0.,0.));
#4668=DIRECTION('',(0.,0.,-1.));
#4669=DIRECTION('',(-1.,0.,0.));
#4670=DIRECTION('',(0.,0.,-1.));
#4671=DIRECTION('',(-1.,0.,0.));
#4672=DIRECTION('',(0.27791204431987,-0.960606524869549,0.));
#4673=DIRECTION('',(0.,0.,-1.));
#4674=DIRECTION('',(-1.,0.,0.));
#4675=DIRECTION('',(0.,0.,-1.));
#4676=DIRECTION('',(-1.,0.,0.));
#4677=DIRECTION('',(0.27791204431987,-0.960606524869549,0.));
#4678=DIRECTION('',(0.,0.,-1.));
#4679=DIRECTION('',(-1.,0.,0.));
#4680=DIRECTION('',(0.,-1.22464679914735E-16,-1.));
#4681=DIRECTION('',(-1.,-1.22464679914735E-16,1.49975978266186E-32));
#4682=DIRECTION('',(0.,-1.22464679914735E-16,-1.));
#4683=DIRECTION('',(0.,-1.22464679914735E-16,-1.));
#4684=DIRECTION('',(-1.,-1.22464679914735E-16,1.49975978266186E-32));
#4685=DIRECTION('',(0.,-1.22464679914735E-16,-1.));
#4686=DIRECTION('',(0.,-1.22464679914735E-16,-1.));
#4687=DIRECTION('',(-1.,-1.22464679914735E-16,1.49975978266186E-32));
#4688=DIRECTION('',(0.,-1.22464679914735E-16,-1.));
#4689=DIRECTION('',(0.,-1.22464679914735E-16,-1.));
#4690=DIRECTION('',(-1.,-1.22464679914735E-16,1.49975978266186E-32));
#4691=DIRECTION('',(0.,-1.22464679914735E-16,-1.));
#4692=DIRECTION('',(0.960606524869549,0.27791204431987,0.));
#4693=DIRECTION('',(-0.27791204431987,0.960606524869549,0.));
#4694=DIRECTION('',(0.,0.,1.));
#4695=DIRECTION('',(1.,0.,0.));
#4696=DIRECTION('',(0.,0.,1.));
#4697=DIRECTION('',(1.,0.,0.));
#4698=DIRECTION('',(0.,0.,1.));
#4699=DIRECTION('',(1.,0.,0.));
#4700=DIRECTION('',(0.,0.,1.));
#4701=DIRECTION('',(1.,0.,0.));
#4702=DIRECTION('',(0.,-1.22464679914735E-16,-1.));
#4703=DIRECTION('',(-1.,-1.22464679914735E-16,1.49975978266186E-32));
#4704=DIRECTION('',(-0.27791204431987,-0.960606524869549,1.17640370592155E-16));
#4705=DIRECTION('',(0.,1.22464679914735E-16,1.));
#4706=DIRECTION('',(-1.,-1.22464679914735E-16,1.49975978266186E-32));
#4707=DIRECTION('',(0.,1.22464679914735E-16,1.));
#4708=DIRECTION('',(-1.,-1.22464679914735E-16,1.49975978266186E-32));
#4709=DIRECTION('',(0.684599367466967,-0.728919547044686,8.92668990124213E-17));
#4710=DIRECTION('',(0.,1.22464679914735E-16,1.));
#4711=DIRECTION('',(-1.,-1.22464679914735E-16,1.49975978266186E-32));
#4712=DIRECTION('',(0.,-1.22464679914735E-16,-1.));
#4713=DIRECTION('',(-1.,-1.22464679914735E-16,1.49975978266186E-32));
#4714=DIRECTION('',(0.,0.,-1.));
#4715=DIRECTION('',(-1.,0.,0.));
#4716=DIRECTION('',(0.,-1.22464679914735E-16,-1.));
#4717=DIRECTION('',(0.,-1.22464679914735E-16,-1.));
#4718=DIRECTION('',(0.,-1.22464679914735E-16,-1.));
#4719=DIRECTION('',(-1.,-1.22464679914735E-16,1.49975978266186E-32));
#4720=DIRECTION('',(0.,-1.22464679914735E-16,-1.));
#4721=DIRECTION('',(0.,0.,-1.));
#4722=DIRECTION('',(-1.,0.,0.));
#4723=DIRECTION('',(0.,-1.22464679914735E-16,-1.));
#4724=DIRECTION('',(0.,0.,-1.));
#4725=DIRECTION('',(1.,0.,0.));
#4726=DIRECTION('',(0.,0.,-1.));
#4727=DIRECTION('',(-1.,0.,0.));
#4728=DIRECTION('',(0.,0.,-1.));
#4729=DIRECTION('',(-1.,0.,0.));
#4730=DIRECTION('',(0.,0.,-1.));
#4731=DIRECTION('',(-1.,0.,0.));
#4732=DIRECTION('',(-0.27791204431987,-0.960606524869549,0.));
#4733=DIRECTION('',(0.,0.,-1.));
#4734=DIRECTION('',(-1.,0.,0.));
#4735=DIRECTION('',(0.,0.,-1.));
#4736=DIRECTION('',(-1.,0.,0.));
#4737=DIRECTION('',(-0.684599367466967,0.728919547044686,0.));
#4738=DIRECTION('',(0.,0.,-1.));
#4739=DIRECTION('',(-1.,0.,0.));
#4740=DIRECTION('',(0.,0.,-1.));
#4741=DIRECTION('',(-1.,0.,0.));
#4742=DIRECTION('',(-0.27791204431987,-0.960606524869549,0.));
#4743=DIRECTION('',(-0.684599367466967,0.728919547044686,0.));
#4744=DIRECTION('',(0.,0.,-1.));
#4745=DIRECTION('',(-1.,0.,0.));
#4746=DIRECTION('',(0.,-1.22464679914735E-16,-1.));
#4747=DIRECTION('',(-1.,-1.22464679914735E-16,1.49975978266186E-32));
#4748=DIRECTION('',(0.,0.,1.));
#4749=DIRECTION('',(1.,0.,0.));
#4750=DIRECTION('',(0.,0.,1.));
#4751=DIRECTION('',(1.,0.,0.));
#4752=DIRECTION('',(0.,0.,1.));
#4753=DIRECTION('',(1.,0.,0.));
#4754=DIRECTION('',(0.,1.22464679914735E-16,1.));
#4755=DIRECTION('',(-1.,-1.22464679914735E-16,1.49975978266186E-32));
#4756=DIRECTION('',(-0.27791204431987,-0.960606524869549,1.17640370592155E-16));
#4757=DIRECTION('',(0.,1.22464679914735E-16,1.));
#4758=DIRECTION('',(-1.,-1.22464679914735E-16,1.49975978266186E-32));
#4759=DIRECTION('',(0.,1.22464679914735E-16,1.));
#4760=DIRECTION('',(-1.,-1.22464679914735E-16,1.49975978266186E-32));
#4761=DIRECTION('',(0.684599367466967,-0.728919547044686,8.92668990124213E-17));
#4762=DIRECTION('',(0.,1.22464679914735E-16,1.));
#4763=DIRECTION('',(-1.,-1.22464679914735E-16,1.49975978266186E-32));
#4764=DIRECTION('',(0.,-1.22464679914735E-16,-1.));
#4765=DIRECTION('',(-1.,-1.22464679914735E-16,1.49975978266186E-32));
#4766=DIRECTION('',(0.,-1.22464679914735E-16,-1.));
#4767=DIRECTION('',(0.,-1.22464679914735E-16,-1.));
#4768=DIRECTION('',(0.,-1.22464679914735E-16,-1.));
#4769=DIRECTION('',(-1.,-1.22464679914735E-16,1.49975978266186E-32));
#4770=DIRECTION('',(0.,-1.22464679914735E-16,-1.));
#4771=DIRECTION('',(0.,-1.22464679914735E-16,-1.));
#4772=DIRECTION('',(0.,-1.22464679914735E-16,-1.));
#4773=DIRECTION('',(-1.,-1.22464679914735E-16,1.49975978266186E-32));
#4774=DIRECTION('',(0.,-1.22464679914735E-16,-1.));
#4775=DIRECTION('',(0.728919547044686,0.684599367466967,-8.38392424066723E-17));
#4776=DIRECTION('',(0.684599367466967,-0.728919547044686,8.92668990124213E-17));
#4777=DIRECTION('',(0.,-1.22464679914735E-16,-1.));
#4778=DIRECTION('',(-1.,-1.22464679914735E-16,1.49975978266186E-32));
#4779=DIRECTION('',(0.,-1.22464679914735E-16,-1.));
#4780=DIRECTION('',(0.728919547044686,0.684599367466967,-8.38392424066723E-17));
#4781=DIRECTION('',(0.684599367466967,-0.728919547044686,8.92668990124213E-17));
#4782=DIRECTION('',(0.,-1.22464679914735E-16,-1.));
#4783=DIRECTION('',(0.,-1.22464679914735E-16,-1.));
#4784=DIRECTION('',(-1.,-1.22464679914735E-16,1.49975978266186E-32));
#4785=DIRECTION('',(0.960606524869549,-0.27791204431987,0.));
#4786=DIRECTION('',(0.27791204431987,0.960606524869549,0.));
#4787=DIRECTION('',(0.,0.,1.));
#4788=DIRECTION('',(1.,0.,0.));
#4789=DIRECTION('',(0.,0.,1.));
#4790=DIRECTION('',(1.,0.,0.));
#4791=DIRECTION('',(0.,0.,1.));
#4792=DIRECTION('',(1.,0.,0.));
#4793=DIRECTION('',(0.,0.,1.));
#4794=DIRECTION('',(1.,0.,0.));
#4795=DIRECTION('',(0.960606524869549,0.27791204431987,0.));
#4796=DIRECTION('',(-0.27791204431987,0.960606524869549,0.));
#4797=DIRECTION('',(0.,-1.22464679914735E-16,-1.));
#4798=DIRECTION('',(-0.27791204431987,0.960606524869549,1.50845519650157E-16));
#4799=DIRECTION('',(0.,0.,-1.));
#4800=DIRECTION('',(-0.27791204431987,0.960606524869549,0.));
#4801=DIRECTION('',(0.,-1.22464679914735E-16,-1.));
#4802=DIRECTION('',(-0.27791204431987,0.960606524869549,0.));
#4803=DIRECTION('',(0.,0.,-1.));
#4804=DIRECTION('',(-0.27791204431987,0.960606524869549,1.50845519650157E-16));
#4805=DIRECTION('',(0.960606524869549,0.27791204431987,0.));
#4806=DIRECTION('',(-0.27791204431987,0.960606524869549,0.));
#4807=DIRECTION('',(0.,0.,-1.));
#4808=DIRECTION('',(-0.27791204431987,0.960606524869549,0.));
#4809=DIRECTION('',(0.,-1.22464679914735E-16,-1.));
#4810=DIRECTION('',(-0.27791204431987,0.960606524869549,0.));
#4811=DIRECTION('',(0.,0.,-1.));
#4812=DIRECTION('',(-0.27791204431987,0.960606524869549,0.));
#4813=DIRECTION('',(0.,-1.22464679914735E-16,-1.));
#4814=DIRECTION('',(-0.27791204431987,0.960606524869549,0.));
#4815=DIRECTION('',(-0.362306190701075,-0.932059131267795,0.));
#4816=DIRECTION('',(0.932059131267795,-0.362306190701075,0.));
#4817=DIRECTION('',(0.,0.,1.));
#4818=DIRECTION('',(0.914587985721938,-0.355514878886669,-0.192712187635566));
#4819=DIRECTION('',(0.,0.,-1.));
#4820=DIRECTION('',(0.,-1.22464679914735E-16,-1.));
#4821=DIRECTION('',(-1.,-1.22464679914735E-16,1.49975978266186E-32));
#4822=DIRECTION('',(0.,-1.22464679914735E-16,-1.));
#4823=DIRECTION('',(0.,0.,-1.));
#4824=DIRECTION('',(-1.,0.,0.));
#4825=DIRECTION('',(0.,-1.22464679914735E-16,-1.));
#4826=DIRECTION('',(0.,-1.22464679914735E-16,-1.));
#4827=DIRECTION('',(0.163620417320187,0.,0.986523369736352));
#4828=DIRECTION('',(0.986523369736352,-7.4846820415502E-16,-0.163620417320187));
#4829=DIRECTION('',(0.,0.,-1.));
#4830=DIRECTION('',(0.,-0.476553907411761,0.879145251554362));
#4831=DIRECTION('',(0.,-0.879145251554362,-0.476553907411761));
#4832=DIRECTION('',(0.,-1.22464679914735E-16,-1.));
#4833=DIRECTION('',(-1.,-1.22464679914735E-16,1.49975978266186E-32));
#4834=DIRECTION('',(0.,-1.22464679914735E-16,-1.));
#4835=DIRECTION('',(0.,0.,-1.));
#4836=DIRECTION('',(-1.,0.,0.));
#4837=DIRECTION('',(0.,-1.22464679914735E-16,-1.));
#4838=DIRECTION('',(0.,-1.22464679914735E-16,-1.));
#4839=DIRECTION('',(-1.,-1.22464679914735E-16,1.49975978266186E-32));
#4840=DIRECTION('',(0.,-1.22464679914735E-16,-1.));
#4841=DIRECTION('',(0.,0.,-1.));
#4842=DIRECTION('',(-1.,0.,0.));
#4843=DIRECTION('',(0.728919547044686,-0.684599367466966,8.38392424066723E-17));
#4844=DIRECTION('',(-0.684599367466966,-0.728919547044686,8.92668990124213E-17));
#4845=DIRECTION('',(0.684599367466966,0.728919547044686,0.));
#4846=DIRECTION('',(0.,-1.22464679914735E-16,-1.));
#4847=DIRECTION('',(-1.,-1.22464679914735E-16,1.49975978266186E-32));
#4848=DIRECTION('',(0.,-1.22464679914735E-16,-1.));
#4849=DIRECTION('',(0.,0.,-1.));
#4850=DIRECTION('',(-1.,0.,0.));
#4851=DIRECTION('',(0.,0.476553907411761,-0.879145251554362));
#4852=DIRECTION('',(0.,-0.879145251554362,-0.476553907411761));
#4853=DIRECTION('',(0.,-1.22464679914735E-16,-1.));
#4854=DIRECTION('',(-1.,-1.22464679914735E-16,1.49975978266186E-32));
#4855=DIRECTION('',(0.,-1.22464679914735E-16,-1.));
#4856=DIRECTION('',(4.19217867424682E-17,-1.44903190423279E-16,1.));
#4857=DIRECTION('',(0.,-1.,-1.44903190423279E-16));
#4858=DIRECTION('',(0.,-1.22464679914735E-16,-1.));
#4859=DIRECTION('',(0.,-0.476553907411761,0.879145251554362));
#4860=DIRECTION('',(0.,-0.879145251554362,-0.476553907411761));
#4861=DIRECTION('',(0.,0.,-1.));
#4862=DIRECTION('',(0.163620417320187,0.,0.986523369736352));
#4863=DIRECTION('',(0.986523369736352,-7.4846820415502E-16,-0.163620417320187));
#4864=DIRECTION('',(0.,-1.22464679914735E-16,-1.));
#4865=DIRECTION('',(0.,-1.22464679914735E-16,-1.));
#4866=DIRECTION('',(0.,0.,-1.));
#4867=DIRECTION('',(-1.,0.,0.));
#4868=DIRECTION('',(0.,-1.22464679914735E-16,-1.));
#4869=DIRECTION('',(0.,0.,1.));
#4870=DIRECTION('',(1.,0.,0.));
#4871=DIRECTION('',(0.,-1.22464679914735E-16,-1.));
#4872=DIRECTION('',(-1.,-1.22464679914735E-16,1.49975978266186E-32));
#4873=DIRECTION('',(0.,0.,-1.));
#4874=DIRECTION('',(-1.,0.,0.));
#4875=DIRECTION('',(0.,-1.22464679914735E-16,-1.));
#4876=DIRECTION('',(0.,-1.22464679914735E-16,-1.));
#4877=DIRECTION('',(0.,-1.22464679914735E-16,-1.));
#4878=DIRECTION('',(-1.,-1.22464679914735E-16,1.49975978266186E-32));
#4879=DIRECTION('',(0.,-1.22464679914735E-16,-1.));
#4880=DIRECTION('',(0.,0.,1.));
#4881=DIRECTION('',(1.,0.,0.));
#4882=DIRECTION('',(0.,-1.22464679914735E-16,-1.));
#4883=DIRECTION('',(0.,0.,1.));
#4884=DIRECTION('',(1.,0.,0.));
#4885=DIRECTION('',(0.,-1.22464679914735E-16,-1.));
#4886=DIRECTION('',(0.,0.,-1.));
#4887=DIRECTION('',(-1.,0.,0.));
#4888=DIRECTION('',(0.728919547044686,-0.684599367466966,8.38392424066723E-17));
#4889=DIRECTION('',(-0.684599367466966,-0.728919547044686,8.92668990124213E-17));
#4890=DIRECTION('',(0.684599367466966,0.728919547044686,0.));
#4891=DIRECTION('',(0.960606524869549,0.27791204431987,-3.40344095520825E-17));
#4892=DIRECTION('',(0.27791204431987,-0.960606524869549,1.17640370592155E-16));
#4893=DIRECTION('',(0.271090698659382,-0.937028456614568,0.220198784272052));
#4894=DIRECTION('',(3.99194227282071E-17,-1.55173137609519E-17,1.));
#4895=DIRECTION('',(-1.,-1.22464679914735E-16,1.49975978266186E-32));
#4896=DIRECTION('',(-1.,-1.22464679914735E-16,1.49975978266186E-32));
#4897=DIRECTION('',(-1.,-1.22464679914735E-16,1.49975978266186E-32));
#4898=DIRECTION('',(0.,-0.476553907411761,0.879145251554362));
#4899=DIRECTION('',(0.,-0.879145251554362,-0.476553907411761));
#4900=DIRECTION('',(-0.246496437600506,0.852018079661243,0.461849215849315));
#4901=DIRECTION('',(0.,0.476553907411761,-0.879145251554362));
#4902=DIRECTION('',(0.,-0.879145251554362,-0.476553907411761));
#4903=DIRECTION('',(-0.362306190701075,-0.932059131267795,0.));
#4904=DIRECTION('',(0.932059131267795,-0.362306190701075,0.));
#4905=DIRECTION('',(0.,0.,1.));
#4906=DIRECTION('',(-0.92869915721324,0.361000115410654,-0.0848339086976031));
#4907=DIRECTION('',(0.,1.22464679914735E-16,1.));
#4908=DIRECTION('',(1.,1.22464679914735E-16,-1.49975978266186E-32));
#4909=DIRECTION('',(0.,0.,1.));
#4910=DIRECTION('',(1.,0.,0.));
#4911=DIRECTION('',(0.163620417320187,0.,0.986523369736352));
#4912=DIRECTION('',(-0.986523369736352,7.4846820415502E-16,0.163620417320187));
#4913=DIRECTION('',(0.,0.,-1.));
#4914=DIRECTION('',(-1.,0.,0.));
#4915=DIRECTION('',(0.163620417320187,0.,0.986523369736352));
#4916=DIRECTION('',(0.986523369736352,0.,-0.163620417320187));
#4917=DIRECTION('',(0.,0.,1.));
#4918=DIRECTION('',(1.,0.,0.));
#4919=DIRECTION('',(-0.145243859326543,0.,-0.989395887058326));
#4920=DIRECTION('',(0.989395887058326,0.,-0.145243859326543));
#4921=DIRECTION('',(-0.122418549049617,0.,-0.992478563420181));
#4922=DIRECTION('',(0.992478563420181,0.,-0.122418549049617));
#4923=DIRECTION('',(-0.101831370452111,0.,-0.994801674702976));
#4924=DIRECTION('',(0.994801674702976,0.,-0.101831370452111));
#4925=DIRECTION('',(-0.0951345871022869,0.,-0.995464419422853));
#4926=DIRECTION('',(0.995464419422853,0.,-0.0951345871022869));
#4927=DIRECTION('',(-0.0564402902240742,0.,-0.998405976364035));
#4928=DIRECTION('',(0.998405976364035,0.,-0.0564402902240742));
#4929=DIRECTION('',(-0.0357386321049053,0.,-0.999361171036413));
#4930=DIRECTION('',(0.999361171036413,0.,-0.0357386321049053));
#4931=DIRECTION('',(-0.034703821618984,0.,-0.999397640964315));
#4932=DIRECTION('',(0.999397640964315,0.,-0.034703821618984));
#4933=DIRECTION('',(-0.0113963993616306,0.,-0.999935058932124));
#4934=DIRECTION('',(0.999935058932124,0.,-0.0113963993616306));
#4935=DIRECTION('',(0.0253379982010996,0.,-0.999678941384263));
#4936=DIRECTION('',(-0.999678941384263,0.,-0.0253379982010996));
#4937=DIRECTION('',(0.0448666993534274,0.,-0.998992982602545));
#4938=DIRECTION('',(-0.998992982602545,0.,-0.0448666993534274));
#4939=DIRECTION('',(0.0561977411722919,0.,-0.998419658203469));
#4940=DIRECTION('',(-0.998419658203469,0.,-0.0561977411722919));
#4941=DIRECTION('',(0.10839128651603,0.,-0.994108308489271));
#4942=DIRECTION('',(-0.994108308489271,0.,-0.10839128651603));
#4943=DIRECTION('',(0.103134549406301,0.,-0.994667414123314));
#4944=DIRECTION('',(-0.994667414123313,0.,-0.103134549406301));
#4945=DIRECTION('',(0.126492678197434,0.,-0.991967540982285));
#4946=DIRECTION('',(-0.991967540982285,0.,-0.126492678197434));
#4947=DIRECTION('',(0.,1.22464679914735E-16,1.));
#4948=DIRECTION('',(1.,1.22464679914735E-16,-1.49975978266186E-32));
#4949=DIRECTION('',(-0.145243859326543,0.,-0.989395887058326));
#4950=DIRECTION('',(-0.989395887058326,8.43165972610282E-16,0.145243859326543));
#4951=DIRECTION('',(0.126492678197434,0.,-0.991967540982285));
#4952=DIRECTION('',(0.991967540982285,9.68156273231783E-16,0.126492678197434));
#4953=DIRECTION('',(0.103134549406301,0.,-0.994667414123314));
#4954=DIRECTION('',(0.994667414123313,1.18742633404334E-15,0.103134549406301));
#4955=DIRECTION('',(0.10839128651603,0.,-0.994108308489271));
#4956=DIRECTION('',(0.994108308489271,1.12983878917817E-15,0.10839128651603));
#4957=DIRECTION('',(0.0561977411722919,0.,-0.998419658203469));
#4958=DIRECTION('',(0.998419658203469,2.1791744180479E-15,0.0561977411722919));
#4959=DIRECTION('',(0.0448666993534274,0.,-0.998992982602545));
#4960=DIRECTION('',(0.998992982602545,2.7295228238219E-15,0.0448666993534274));
#4961=DIRECTION('',(0.0253379982010996,0.,-0.999678941384263));
#4962=DIRECTION('',(0.999678941384263,4.83324211102914E-15,0.0253379982010996));
#4963=DIRECTION('',(-0.0113963993616306,0.,-0.999935058932124));
#4964=DIRECTION('',(-0.999935058932124,1.07459098289455E-14,0.0113963993616306));
#4965=DIRECTION('',(-0.034703821618984,0.,-0.999397640964315));
#4966=DIRECTION('',(-0.999397640964315,3.52885285255569E-15,0.034703821618984));
#4967=DIRECTION('',(-0.0357386321049053,0.,-0.999361171036413));
#4968=DIRECTION('',(-0.999361171036413,3.42667507685406E-15,0.0357386321049053));
#4969=DIRECTION('',(-0.0564402902240742,0.,-0.998405976364035));
#4970=DIRECTION('',(-0.998405976364035,2.16980953550269E-15,0.0564402902240742));
#4971=DIRECTION('',(-0.0951345871022869,0.,-0.995464419422853));
#4972=DIRECTION('',(-0.995464419422853,1.28727819865412E-15,0.0951345871022869));
#4973=DIRECTION('',(-0.101831370452111,0.,-0.994801674702976));
#4974=DIRECTION('',(-0.994801674702976,1.20262232916062E-15,0.101831370452111));
#4975=DIRECTION('',(-0.122418549049617,0.,-0.992478563420181));
#4976=DIRECTION('',(-0.992478563420181,1.00037682904655E-15,0.122418549049617));
#4977=DIRECTION('',(-0.145243859326543,0.,-0.989395887058326));
#4978=DIRECTION('',(-0.989395887058326,0.,0.145243859326543));
#4979=DIRECTION('',(0.,1.,0.));
#4980=DIRECTION('',(0.,1.,0.));
#4981=DIRECTION('',(0.,0.,1.));
#4982=DIRECTION('',(1.,0.,0.));
#4983=DIRECTION('',(0.,1.,0.));
#4984=DIRECTION('',(0.163620417320187,0.,0.986523369736352));
#4985=DIRECTION('',(0.986523369736352,0.,-0.163620417320187));
#4986=DIRECTION('',(0.126492678197434,0.,-0.991967540982285));
#4987=DIRECTION('',(-0.991967540982285,0.,-0.126492678197434));
#4988=DIRECTION('',(0.,1.,0.));
#4989=DIRECTION('',(0.103134549406301,0.,-0.994667414123314));
#4990=DIRECTION('',(-0.994667414123313,0.,-0.103134549406301));
#4991=DIRECTION('',(0.,1.,0.));
#4992=DIRECTION('',(0.10839128651603,0.,-0.994108308489271));
#4993=DIRECTION('',(-0.994108308489271,0.,-0.10839128651603));
#4994=DIRECTION('',(0.,1.,0.));
#4995=DIRECTION('',(0.0561977411722919,0.,-0.998419658203469));
#4996=DIRECTION('',(-0.998419658203469,0.,-0.0561977411722919));
#4997=DIRECTION('',(0.,1.,0.));
#4998=DIRECTION('',(0.,1.,0.));
#4999=DIRECTION('',(0.,0.,1.));
#5000=DIRECTION('',(0.,1.,0.));
#5001=DIRECTION('',(0.0448666993534274,0.,-0.998992982602545));
#5002=DIRECTION('',(-0.998992982602545,0.,-0.0448666993534274));
#5003=DIRECTION('',(0.,1.,0.));
#5004=DIRECTION('',(0.0253379982010996,0.,-0.999678941384263));
#5005=DIRECTION('',(-0.999678941384263,0.,-0.0253379982010996));
#5006=DIRECTION('',(0.,1.,0.));
#5007=DIRECTION('',(0.,1.,0.));
#5008=DIRECTION('',(0.,0.,1.));
#5009=DIRECTION('',(0.,1.,0.));
#5010=DIRECTION('',(-0.0113963993616306,0.,-0.999935058932124));
#5011=DIRECTION('',(-0.999935058932124,0.,0.0113963993616306));
#5012=DIRECTION('',(0.,1.,0.));
#5013=DIRECTION('',(-0.034703821618984,0.,-0.999397640964315));
#5014=DIRECTION('',(-0.999397640964315,0.,0.034703821618984));
#5015=DIRECTION('',(0.,1.,0.));
#5016=DIRECTION('',(-0.0357386321049053,0.,-0.999361171036413));
#5017=DIRECTION('',(-0.999361171036413,0.,0.0357386321049053));
#5018=DIRECTION('',(0.,1.,0.));
#5019=DIRECTION('',(-0.0564402902240742,0.,-0.998405976364035));
#5020=DIRECTION('',(-0.998405976364035,0.,0.0564402902240742));
#5021=DIRECTION('',(0.,1.,0.));
#5022=DIRECTION('',(0.,1.,0.));
#5023=DIRECTION('',(0.,0.,1.));
#5024=DIRECTION('',(0.,1.,0.));
#5025=DIRECTION('',(-0.0951345871022869,0.,-0.995464419422853));
#5026=DIRECTION('',(-0.995464419422853,0.,0.0951345871022869));
#5027=DIRECTION('',(0.,1.,0.));
#5028=DIRECTION('',(-0.101831370452111,0.,-0.994801674702976));
#5029=DIRECTION('',(-0.994801674702976,0.,0.101831370452111));
#5030=DIRECTION('',(0.,1.,0.));
#5031=DIRECTION('',(-0.122418549049617,0.,-0.992478563420181));
#5032=DIRECTION('',(-0.992478563420181,0.,0.122418549049617));
#5033=DIRECTION('',(3.46944695195361E-17,0.228765168726251,0.973481637000745));
#5034=DIRECTION('',(1.,-7.93688617350448E-18,-3.37744289827505E-17));
#5035=DIRECTION('',(-0.271090698659382,0.937028456614568,-0.220198784272052));
#5036=DIRECTION('',(0.,-0.476553907411761,0.879145251554362));
#5037=DIRECTION('',(0.,-0.879145251554362,-0.476553907411761));
#5038=DIRECTION('',(-0.246496437600506,0.852018079661243,0.461849215849315));
#5039=DIRECTION('',(0.,0.476553907411761,-0.879145251554362));
#5040=DIRECTION('',(0.,-0.879145251554362,-0.476553907411761));
#5041=DIRECTION('',(0.,1.22464679914735E-16,1.));
#5042=DIRECTION('',(1.,1.22464679914735E-16,-1.49975978266186E-32));
#5043=DIRECTION('',(0.163620417320187,0.,0.986523369736352));
#5044=DIRECTION('',(-0.986523369736352,7.4846820415502E-16,0.163620417320187));
#5045=DIRECTION('',(0.,0.,1.));
#5046=DIRECTION('',(1.,0.,0.));
#5047=DIRECTION('',(0.,0.,-1.));
#5048=DIRECTION('',(-1.,0.,0.));
#5049=DIRECTION('',(0.,0.,-1.));
#5050=DIRECTION('',(-0.0113963993616306,0.,-0.999935058932124));
#5051=DIRECTION('',(0.999935058932124,0.,-0.0113963993616306));
#5052=DIRECTION('',(-0.034703821618984,0.,-0.999397640964315));
#5053=DIRECTION('',(0.999397640964315,0.,-0.034703821618984));
#5054=DIRECTION('',(-0.0357386321049053,0.,-0.999361171036413));
#5055=DIRECTION('',(0.999361171036413,0.,-0.0357386321049053));
#5056=DIRECTION('',(-0.0564402902240742,0.,-0.998405976364035));
#5057=DIRECTION('',(0.998405976364035,0.,-0.0564402902240742));
#5058=DIRECTION('',(-0.0951345871022869,0.,-0.995464419422853));
#5059=DIRECTION('',(0.995464419422853,0.,-0.0951345871022869));
#5060=DIRECTION('',(-0.101831370452111,0.,-0.994801674702976));
#5061=DIRECTION('',(0.994801674702976,0.,-0.101831370452111));
#5062=DIRECTION('',(-0.122418549049617,0.,-0.992478563420181));
#5063=DIRECTION('',(0.992478563420181,0.,-0.122418549049617));
#5064=DIRECTION('',(-0.145243859326543,0.,-0.989395887058326));
#5065=DIRECTION('',(0.989395887058326,0.,-0.145243859326543));
#5066=DIRECTION('',(0.,0.,1.));
#5067=DIRECTION('',(1.,0.,0.));
#5068=DIRECTION('',(0.163620417320187,0.,0.986523369736352));
#5069=DIRECTION('',(0.986523369736352,0.,-0.163620417320187));
#5070=DIRECTION('',(0.,1.22464679914735E-16,1.));
#5071=DIRECTION('',(1.,1.22464679914735E-16,-1.49975978266186E-32));
#5072=DIRECTION('',(0.,1.22464679914735E-16,1.));
#5073=DIRECTION('',(-0.145243859326543,0.,-0.989395887058326));
#5074=DIRECTION('',(-0.989395887058326,8.43165972610282E-16,0.145243859326543));
#5075=DIRECTION('',(-0.122418549049617,0.,-0.992478563420181));
#5076=DIRECTION('',(-0.992478563420181,1.00037682904655E-15,0.122418549049617));
#5077=DIRECTION('',(-0.101831370452111,0.,-0.994801674702976));
#5078=DIRECTION('',(-0.994801674702976,1.20262232916062E-15,0.101831370452111));
#5079=DIRECTION('',(-0.0951345871022869,0.,-0.995464419422853));
#5080=DIRECTION('',(-0.995464419422853,1.28727819865412E-15,0.0951345871022869));
#5081=DIRECTION('',(-0.0564402902240742,0.,-0.998405976364035));
#5082=DIRECTION('',(-0.998405976364035,2.16980953550269E-15,0.0564402902240742));
#5083=DIRECTION('',(-0.0357386321049053,0.,-0.999361171036413));
#5084=DIRECTION('',(-0.999361171036413,3.42667507685406E-15,0.0357386321049053));
#5085=DIRECTION('',(-0.034703821618984,0.,-0.999397640964315));
#5086=DIRECTION('',(-0.999397640964315,3.52885285255569E-15,0.034703821618984));
#5087=DIRECTION('',(-0.0113963993616306,0.,-0.999935058932124));
#5088=DIRECTION('',(-0.999935058932124,1.07459098289455E-14,0.0113963993616306));
#5089=DIRECTION('',(-1.,-1.22464679914735E-16,1.49975978266186E-32));
#5090=DIRECTION('',(-1.,-1.22464679914735E-16,1.49975978266186E-32));
#5091=DIRECTION('',(-1.,-1.22464679914735E-16,1.49975978266186E-32));
#5092=DIRECTION('',(-0.145243859326543,0.,-0.989395887058326));
#5093=DIRECTION('',(-0.989395887058326,0.,0.145243859326543));
#5094=DIRECTION('',(0.,1.,0.));
#5095=DIRECTION('',(0.,1.,0.));
#5096=DIRECTION('',(0.,0.,1.));
#5097=DIRECTION('',(1.,0.,0.));
#5098=DIRECTION('',(0.,1.,0.));
#5099=DIRECTION('',(0.163620417320187,0.,0.986523369736352));
#5100=DIRECTION('',(0.986523369736352,0.,-0.163620417320187));
#5101=DIRECTION('',(0.,1.,0.));
#5102=DIRECTION('',(0.,0.,1.));
#5103=DIRECTION('',(0.960606524869549,0.27791204431987,0.));
#5104=DIRECTION('',(-0.27791204431987,0.960606524869549,0.));
#5105=DIRECTION('',(0.,1.,0.));
#5106=DIRECTION('',(-0.0113963993616306,0.,-0.999935058932124));
#5107=DIRECTION('',(-0.999935058932124,0.,0.0113963993616306));
#5108=DIRECTION('',(0.,1.,0.));
#5109=DIRECTION('',(-0.034703821618984,0.,-0.999397640964315));
#5110=DIRECTION('',(-0.999397640964315,0.,0.034703821618984));
#5111=DIRECTION('',(0.,1.,0.));
#5112=DIRECTION('',(-0.0357386321049053,0.,-0.999361171036413));
#5113=DIRECTION('',(-0.999361171036413,0.,0.0357386321049053));
#5114=DIRECTION('',(0.,1.,0.));
#5115=DIRECTION('',(-0.0564402902240742,0.,-0.998405976364035));
#5116=DIRECTION('',(-0.998405976364035,0.,0.0564402902240742));
#5117=DIRECTION('',(0.,1.,0.));
#5118=DIRECTION('',(0.,1.,0.));
#5119=DIRECTION('',(0.,0.,1.));
#5120=DIRECTION('',(0.,1.,0.));
#5121=DIRECTION('',(-0.0951345871022869,0.,-0.995464419422853));
#5122=DIRECTION('',(-0.995464419422853,0.,0.0951345871022869));
#5123=DIRECTION('',(0.,1.,0.));
#5124=DIRECTION('',(-0.101831370452111,0.,-0.994801674702976));
#5125=DIRECTION('',(-0.994801674702976,0.,0.101831370452111));
#5126=DIRECTION('',(0.,1.,0.));
#5127=DIRECTION('',(-0.122418549049617,0.,-0.992478563420181));
#5128=DIRECTION('',(-0.992478563420181,0.,0.122418549049617));
#5129=DIRECTION('',(0.,0.,-1.));
#5130=DIRECTION('',(1.,0.,0.));
#5131=DIRECTION('',(0.,0.,-1.));
#5132=DIRECTION('',(-1.,0.,0.));
#5133=DIRECTION('',(0.,0.,-1.));
#5134=DIRECTION('',(-1.,0.,0.));
#5135=DIRECTION('',(0.,0.,-1.));
#5136=DIRECTION('',(-1.,0.,0.));
#5137=DIRECTION('',(0.27791204431987,-0.960606524869549,0.));
#5138=DIRECTION('',(0.27791204431987,-0.960606524869549,0.));
#5139=DIRECTION('',(0.960606524869549,0.27791204431987,0.));
#5140=DIRECTION('',(-0.27791204431987,0.960606524869549,0.));
#5141=DIRECTION('',(-0.27791204431987,0.960606524869549,1.50845519650157E-16));
#5142=DIRECTION('',(0.,0.,-1.));
#5143=DIRECTION('',(-0.27791204431987,0.960606524869549,0.));
#5144=DIRECTION('',(-0.27791204431987,0.960606524869549,0.));
#5145=DIRECTION('',(0.,0.,-1.));
#5146=DIRECTION('',(-0.27791204431987,0.960606524869549,0.));
#5147=DIRECTION('',(0.,0.,-1.));
#5148=DIRECTION('',(-1.,0.,0.));
#5149=DIRECTION('',(0.,0.,1.));
#5150=DIRECTION('',(1.,0.,0.));
#5151=DIRECTION('',(0.,0.,1.));
#5152=DIRECTION('',(1.,0.,0.));
#5153=DIRECTION('',(0.,0.,-1.));
#5154=DIRECTION('',(-1.,0.,0.));
#5155=DIRECTION('',(0.,0.,1.));
#5156=DIRECTION('',(1.,0.,0.));
#5157=DIRECTION('',(0.,0.,1.));
#5158=DIRECTION('',(1.,0.,0.));
#5159=DIRECTION('',(0.,0.,-1.));
#5160=DIRECTION('',(-1.,0.,0.));
#5161=DIRECTION('',(0.,0.,1.));
#5162=DIRECTION('',(1.,0.,0.));
#5163=DIRECTION('',(0.,0.,1.));
#5164=DIRECTION('',(1.,0.,0.));
#5165=DIRECTION('',(0.,-1.,0.));
#5166=DIRECTION('',(0.,0.,-1.));
#5167=DIRECTION('',(0.,0.,-1.));
#5168=DIRECTION('',(0.,0.,-1.));
#5169=DIRECTION('',(1.,0.,0.));
#5170=DIRECTION('',(0.,0.,-1.));
#5171=DIRECTION('',(0.,0.,-1.));
#5172=DIRECTION('',(0.,1.,0.));
#5173=DIRECTION('',(0.,0.,1.));
#5174=DIRECTION('',(0.,0.,-1.));
#5175=DIRECTION('',(-1.,0.,0.));
#5176=DIRECTION('',(0.,0.,1.));
#5177=DIRECTION('',(0.,0.,1.));
#5178=DIRECTION('',(1.,0.,0.));
#5179=DIRECTION('',(-0.960606524869549,-0.27791204431987,0.));
#5180=DIRECTION('',(0.,0.,1.));
#5181=DIRECTION('',(1.,0.,0.));
#5182=DIRECTION('',(-0.960606524869549,-0.27791204431987,0.));
#5183=DIRECTION('',(-0.27791204431987,0.960606524869549,0.));
#5184=DIRECTION('',(-0.960606524869549,-0.27791204431987,0.));
#5185=DIRECTION('',(0.960606524869549,0.27791204431987,0.));
#5186=DIRECTION('',(-0.27791204431987,0.960606524869549,0.));
#5187=DIRECTION('',(-0.27791204431987,0.960606524869549,0.));
#5188=DIRECTION('',(0.,0.,-1.));
#5189=DIRECTION('',(-0.27791204431987,0.960606524869549,0.));
#5190=DIRECTION('',(0.,0.,1.));
#5191=DIRECTION('',(1.,0.,0.));
#5192=DIRECTION('',(-0.27791204431987,0.960606524869549,0.));
#5193=DIRECTION('',(-0.960606524869549,-0.27791204431987,0.));
#5194=DIRECTION('',(-0.960606524869549,-0.27791204431987,0.));
#5195=DIRECTION('',(-0.27791204431987,0.960606524869549,0.));
#5196=DIRECTION('',(-0.960606524869549,-0.27791204431987,0.));
#5197=DIRECTION('',(0.,0.,-1.));
#5198=DIRECTION('',(-0.960606524869549,-0.27791204431987,0.));
#5199=DIRECTION('',(0.,0.,1.));
#5200=DIRECTION('',(1.,0.,0.));
#5201=DIRECTION('',(-0.27791204431987,0.960606524869549,0.));
#5202=DIRECTION('',(-0.960606524869549,-0.27791204431987,0.));
#5203=DIRECTION('',(-0.27791204431987,0.960606524869549,0.));
#5204=DIRECTION('',(-0.960606524869549,-0.27791204431987,0.));
#5205=DIRECTION('',(0.,0.,-1.));
#5206=DIRECTION('',(0.960606524869549,0.27791204431987,0.));
#5207=DIRECTION('',(-0.27791204431987,0.960606524869549,0.));
#5208=DIRECTION('',(4.19217867424682E-17,-1.44903190423279E-16,1.));
#5209=DIRECTION('',(0.,-1.,-1.44903190423279E-16));
#5210=DIRECTION('',(-0.960606524869549,-0.27791204431987,0.));
#5211=DIRECTION('',(0.,0.,1.));
#5212=DIRECTION('',(1.,0.,0.));
#5213=DIRECTION('',(-0.960606524869549,-0.27791204431987,0.));
#5214=DIRECTION('',(-0.27791204431987,0.960606524869549,0.));
#5215=DIRECTION('',(-0.960606524869549,-0.27791204431987,0.));
#5216=DIRECTION('',(0.960606524869549,0.27791204431987,0.));
#5217=DIRECTION('',(-0.27791204431987,0.960606524869549,0.));
#5218=DIRECTION('',(-0.27791204431987,0.960606524869549,0.));
#5219=DIRECTION('',(0.,0.,-1.));
#5220=DIRECTION('',(-0.27791204431987,0.960606524869549,1.50845519650157E-16));
#5221=DIRECTION('',(4.19217867424682E-17,-1.44903190423279E-16,1.));
#5222=DIRECTION('',(0.,-1.,-1.44903190423279E-16));
#5223=DIRECTION('',(-0.27791204431987,0.960606524869549,1.50845519650157E-16));
#5224=DIRECTION('',(-0.960606524869549,-0.27791204431987,0.));
#5225=DIRECTION('',(-0.960606524869549,-0.27791204431987,0.));
#5226=DIRECTION('',(-0.27791204431987,0.960606524869549,0.));
#5227=DIRECTION('',(-0.960606524869549,-0.27791204431987,0.));
#5228=DIRECTION('',(0.,0.,-1.));
#5229=DIRECTION('',(-0.960606524869549,-0.27791204431987,0.));
#5230=DIRECTION('',(0.,0.,1.));
#5231=DIRECTION('',(1.,0.,0.));
#5232=DIRECTION('',(-0.27791204431987,0.960606524869549,0.));
#5233=DIRECTION('',(-0.960606524869549,-0.27791204431987,0.));
#5234=DIRECTION('',(-0.27791204431987,0.960606524869549,0.));
#5235=DIRECTION('',(-0.960606524869549,-0.27791204431987,0.));
#5236=DIRECTION('',(0.,0.,-1.));
#5237=DIRECTION('',(0.960606524869549,0.27791204431987,0.));
#5238=DIRECTION('',(-0.27791204431987,0.960606524869549,0.));
#5239=CARTESIAN_POINT('',(0.,0.,0.));
#5240=CARTESIAN_POINT('',(0.0176154821365812,0.0720207972157788,0.03917817));
#5241=CARTESIAN_POINT('',(-0.0230473009315694,0.0149989511318197,0.03917817));
#5242=CARTESIAN_POINT('',(-0.0230473009315694,0.0149989511318197,0.0166671775585183));
#5243=CARTESIAN_POINT('',(-0.0230473009315694,0.0149989511318197,0.0149999953249433));
#5244=CARTESIAN_POINT('',(0.0176154821365812,0.0720207972157788,0.0149999953249433));
#5245=CARTESIAN_POINT('',(-0.0289674445042038,0.0197237246088973,0.0149999953249433));
#5246=CARTESIAN_POINT('',(-0.0289674445042038,0.0197237246088973,0.03917817));
#5247=CARTESIAN_POINT('',(-0.0289674445042038,0.0197237246088973,0.0143499953249433));
#5248=CARTESIAN_POINT('',(-0.0289674445042038,0.0197237246088973,0.03917817));
#5249=CARTESIAN_POINT('',(-0.0289674445042038,0.0197237246088973,0.0026499953249433));
#5250=CARTESIAN_POINT('',(-0.0289674445042038,0.0197237246088973,0.03917817));
#5251=CARTESIAN_POINT('',(-0.0289674445042038,0.0197237246088973,0.00199999532494329));
#5252=CARTESIAN_POINT('',(0.0176154821365812,0.0720207972157788,0.00199999532494329));
#5253=CARTESIAN_POINT('',(-0.0230473009315694,0.0149989511318197,0.00199999532494328));
#5254=CARTESIAN_POINT('',(-0.0230473009315694,0.0149989511318197,0.03917817));
#5255=CARTESIAN_POINT('',(-0.0230473009315694,0.0149989511318197,-4.67505670287416E-9));
#5256=CARTESIAN_POINT('',(0.0176154821365812,0.0720207972157788,-4.67505670287416E-9));
#5257=CARTESIAN_POINT('',(-0.0334346670346573,0.0240746281585486,-4.67505670981305E-9));
#5258=CARTESIAN_POINT('',(-0.0334346670346573,0.0240746281585486,0.03917817));
#5259=CARTESIAN_POINT('',(-0.0334346670346573,0.0240746281585486,0.0313551133835367));
#5260=CARTESIAN_POINT('',(-0.0334346670346573,0.0240746281585486,0.03917817));
#5261=CARTESIAN_POINT('',(-0.0334346670346573,0.0240746281585486,0.0313597858004813));
#5262=CARTESIAN_POINT('',(0.0176154821365812,0.0720207972157788,0.0398267385031712));
#5263=CARTESIAN_POINT('',(-0.0333557730212854,0.0239907648890996,0.0313728708137593));
#5264=CARTESIAN_POINT('',(-0.0333557730212854,0.0239907648890996,0.0289951605849011));
#5265=CARTESIAN_POINT('',(-0.0333557730212818,0.0239907648890958,0.0215413254574833));
#5266=CARTESIAN_POINT('',(0.0176154821365812,0.0720207972157788,0.0475767269317284));
#5267=CARTESIAN_POINT('',(-0.0205610596621818,0.0487805010058081,0.00899999532494329));
#5268=CARTESIAN_POINT('',(-0.0112199303040415,0.0810682337416812,0.03917817));
#5269=CARTESIAN_POINT('',(-0.0112199303040415,0.0810682337416812,0.0159999953249433));
#5270=CARTESIAN_POINT('',(-0.0112199303040415,0.0810682337416813,0.0153499953249433));
#5271=CARTESIAN_POINT('',(-0.0115128994035912,0.0800555823134159,0.0153499953249433));
#5272=CARTESIAN_POINT('',(-0.0131386848628625,0.074436034142929,0.0153499953249433));
#5273=CARTESIAN_POINT('',(-0.0131386848628625,0.074436034142929,0.00949999532494329));
#5274=CARTESIAN_POINT('',(-0.0131386848628625,0.074436034142929,0.00364999532494329));
#5275=CARTESIAN_POINT('',(-0.0115128994035912,0.0800555823134159,0.00364999532494329));
#5276=CARTESIAN_POINT('',(-0.0112199303040415,0.0810682337416813,0.00364999532494329));
#5277=CARTESIAN_POINT('',(-0.0112199303040415,0.0810682337416812,0.03917817));
#5278=CARTESIAN_POINT('',(-0.0112199303040415,0.0810682337416812,0.0029999953249433));
#5279=CARTESIAN_POINT('',(-0.0115128994035912,0.0800555823134159,0.0029999953249433));
#5280=CARTESIAN_POINT('',(-0.0133193276916704,0.0738116399017638,0.0029999953249433));
#5281=CARTESIAN_POINT('',(-0.0133193276916704,0.0738116399017638,0.00949999532494329));
#5282=CARTESIAN_POINT('',(-0.0133193276916704,0.0738116399017638,0.0159999953249433));
#5283=CARTESIAN_POINT('',(-0.0115128994035912,0.0800555823134159,0.0159999953249433));
#5284=CARTESIAN_POINT('',(-0.0873429565238927,0.0915474635340311,0.019180887816264));
#5285=CARTESIAN_POINT('',(-0.000522092928047516,0.0915474635340312,0.019180887816264));
#5286=CARTESIAN_POINT('',(-0.0873429565238927,0.0783615548999685,0.0222797263424039));
#5287=CARTESIAN_POINT('',(-0.000522092928047446,0.0783615548999685,0.0222797263424039));
#5288=CARTESIAN_POINT('',(-0.0873429565238928,0.0519224806903044,0.0287159456894882));
#5289=CARTESIAN_POINT('',(-0.000522092928047543,0.0519224806903044,0.0287159456894882));
#5290=CARTESIAN_POINT('',(-0.0873429565238927,0.0242213935773694,0.033205474414467));
#5291=CARTESIAN_POINT('',(-0.000522092928047474,0.0242213935773694,0.033205474414467));
#5292=CARTESIAN_POINT('',(-0.0873429565238927,0.0103854390115902,0.0354973429360001));
#5293=CARTESIAN_POINT('',(-0.000522092928047474,0.0103854390115902,0.0354973429360001));
#5294=CARTESIAN_POINT('',(0.0201036789211378,0.0676807099476802,0.0248032592749213));
#5295=CARTESIAN_POINT('',(-0.00480842121243477,0.078042473883049,0.0223682768521614));
#5296=CARTESIAN_POINT('',(-0.00480784880781833,0.0780438499702268,0.022367953475938));
#5297=CARTESIAN_POINT('',(-0.00480784880784367,0.0780438499701392,0.0223679534755342));
#5298=CARTESIAN_POINT('',(-0.00355057371237702,0.0823896373692314,0.0213467042203068));
#5299=CARTESIAN_POINT('',(-0.00229405980526364,0.0867327937110748,0.0203133231821264));
#5300=CARTESIAN_POINT('',(-0.00103684113118494,0.0910783860889202,0.019291174685562));
#5301=CARTESIAN_POINT('',(-0.00103684113118489,0.0910783860889201,0.019291174685562));
#5302=CARTESIAN_POINT('',(-0.00103684113118409,0.0910783860889159,0.019291174685563));
#5303=CARTESIAN_POINT('',(-0.0257818443042414,0.0893823531669554,0.0196901070636074));
#5304=CARTESIAN_POINT('',(-0.0500698995530702,0.0850653101801134,0.0207176876191954));
#5305=CARTESIAN_POINT('',(-0.0739009161161945,0.0781210192453324,0.0223498175579954));
#5306=CARTESIAN_POINT('',(-0.0739009161161946,0.0781210192453324,0.0223498175579954));
#5307=CARTESIAN_POINT('',(-0.076919062384038,0.0402569864799729,0.0304026031368823));
#5308=CARTESIAN_POINT('',(-0.0785798752311721,0.041327156541805,0.0302070068363174));
#5309=CARTESIAN_POINT('',(-0.0807904501282765,0.0432222627354209,0.0298575405588084));
#5310=CARTESIAN_POINT('',(-0.0832021871375441,0.0463359542084509,0.0292665791932704));
#5311=CARTESIAN_POINT('',(-0.0851301786524835,0.0496748951291261,0.0286195935673439));
#5312=CARTESIAN_POINT('',(-0.0863719257223905,0.053402845988626,0.0278705212806057));
#5313=CARTESIAN_POINT('',(-0.0868325076708036,0.0572035391272899,0.0270742410858135));
#5314=CARTESIAN_POINT('',(-0.0867814538858205,0.0610922427148599,0.0262402525547872));
#5315=CARTESIAN_POINT('',(-0.0859650783108778,0.0648471760863691,0.0254089433600928));
#5316=CARTESIAN_POINT('',(-0.0844014215218241,0.0684005389467844,0.0246047604695491));
#5317=CARTESIAN_POINT('',(-0.0829057427410149,0.0708502030359919,0.0240436658143572));
#5318=CARTESIAN_POINT('',(-0.0810516587533902,0.0731318090901145,0.0235161637407541));
#5319=CARTESIAN_POINT('',(-0.0789337744403037,0.075113773323527,0.0230546685010918));
#5320=CARTESIAN_POINT('',(-0.0765560864287882,0.0768076544479646,0.0226583003836528));
#5321=CARTESIAN_POINT('',(-0.0748012546586249,0.0777261451125616,0.0224426255783111));
#5322=CARTESIAN_POINT('',(-0.0739009161161946,0.0781210192453324,0.0223498175579954));
#5323=CARTESIAN_POINT('',(-0.076919062384038,0.0402569864799729,0.0304026031368823));
#5324=CARTESIAN_POINT('',(-0.0550933337933216,0.0170182851981858,0.0343993492294209));
#5325=CARTESIAN_POINT('',(-0.0623726831823224,0.0247688913359668,0.0331149485243327));
#5326=CARTESIAN_POINT('',(-0.069650871509784,0.0325182612464133,0.0318170194813097));
#5327=CARTESIAN_POINT('',(-0.0769190623840381,0.0402569864799729,0.0304026031368823));
#5328=CARTESIAN_POINT('',(-0.0550933337933216,0.0170182851981858,0.0343993492294209));
#5329=CARTESIAN_POINT('',(-0.0538898027810906,0.0158433607914485,0.0345939562067223));
#5330=CARTESIAN_POINT('',(-0.0543077388638415,0.0162173793559067,0.0345320328726073));
#5331=CARTESIAN_POINT('',(-0.0547089354604922,0.0166090013572038,0.0344671741768629));
#5332=CARTESIAN_POINT('',(-0.0550933337933216,0.0170182851981858,0.0343993492294209));
#5333=CARTESIAN_POINT('',(-0.0538898027810907,0.0158433607914485,0.0345939562067222));
#5334=CARTESIAN_POINT('',(-0.0396432836983249,0.0158433607914485,0.0345939562067223));
#5335=CARTESIAN_POINT('',(-0.0538834845304489,0.0158433607914485,0.0345939562067222));
#5336=CARTESIAN_POINT('',(-0.0538834845304489,0.0158433607914485,0.0345939562067222));
#5337=CARTESIAN_POINT('',(-0.0537597263928849,0.0157336270286032,0.0346121239692509));
#5338=CARTESIAN_POINT('',(-0.053635973748604,0.0156238869383907,0.0346302909253625));
#5339=CARTESIAN_POINT('',(-0.0535122257476893,0.0155141414997767,0.0346484571998255));
#5340=CARTESIAN_POINT('',(-0.053512225747689,0.015514141499777,0.0346484571998254));
#5341=CARTESIAN_POINT('',(-0.0290954732316364,0.014948803786497,0.0347420257228701));
#5342=CARTESIAN_POINT('',(-0.029971834606725,0.0142716367210199,0.0348540899016431));
#5343=CARTESIAN_POINT('',(-0.0318115229487746,0.0130860123674821,0.0350502311235907));
#5344=CARTESIAN_POINT('',(-0.0358831191663058,0.0113463341212356,0.0353381434560668));
#5345=CARTESIAN_POINT('',(-0.0403106003509246,0.0106922076227949,0.0354465329377531));
#5346=CARTESIAN_POINT('',(-0.0447018149514647,0.0111698275284504,0.0353674114017218));
#5347=CARTESIAN_POINT('',(-0.0489677586042919,0.0123923845530834,0.0351649724670951));
#5348=CARTESIAN_POINT('',(-0.0518277455879225,0.0140832661354198,0.0348853114592773));
#5349=CARTESIAN_POINT('',(-0.053512225747689,0.015514141499777,0.0346484571998254));
#5350=CARTESIAN_POINT('',(-0.0290949202363373,0.0149484299230926,0.0347470237224288));
#5351=CARTESIAN_POINT('',(-0.0290953986539877,0.0149488327760137,0.0347420209254035));
#5352=CARTESIAN_POINT('',(-0.0268294589296974,0.0158296395428002,0.034596256470755));
#5353=CARTESIAN_POINT('',(-0.0245635230578578,0.016710444812078,0.0344504231360656));
#5354=CARTESIAN_POINT('',(-0.0222975993240613,0.0175912453631056,0.034304372778762));
#5355=CARTESIAN_POINT('',(-0.0222974668441333,0.0175909082402181,0.0343043950408658));
#5356=CARTESIAN_POINT('',(-0.00480842121243476,0.078042473883049,0.0223682768521614));
#5357=CARTESIAN_POINT('',(-0.00625578237510129,0.0730396515688783,0.0235439245966169));
#5358=CARTESIAN_POINT('',(-0.00915204804556695,0.063028672348407,0.0258665297025115));
#5359=CARTESIAN_POINT('',(-0.014971023219931,0.0429153104600158,0.0300772373619494));
#5360=CARTESIAN_POINT('',(-0.0193667472632248,0.0277214342541546,0.0326246306657132));
#5361=CARTESIAN_POINT('',(-0.0222974889423222,0.0175912882702411,0.0343043656640949));
#5362=CARTESIAN_POINT('',(-0.0474592884659767,0.0396383072018624,0.0305154278639438));
#5363=CARTESIAN_POINT('',(-0.0474592884659767,0.0478215680570456,0.0290264029701707));
#5364=CARTESIAN_POINT('',(-0.0474592884659767,0.0559731146703478,0.0273804385024199));
#5365=CARTESIAN_POINT('',(-0.0474592884659767,0.0640921930551529,0.0255738033187403));
#5366=CARTESIAN_POINT('',(-0.0474592884659767,0.0396383072018624,0.0305154278639438));
#5367=CARTESIAN_POINT('',(-0.0474592884659767,0.0640921930551529,0.0255738033187403));
#5368=CARTESIAN_POINT('',(-0.0439325247259701,0.0640921930551529,0.0255738033187403));
#5369=CARTESIAN_POINT('',(-0.0228770365595818,0.0640921930551529,0.0255738033187403));
#5370=CARTESIAN_POINT('',(-0.0228770365595818,0.0640921930551529,0.0255738033187403));
#5371=CARTESIAN_POINT('',(-0.0228770365595818,0.0559731146703478,0.0273804385024199));
#5372=CARTESIAN_POINT('',(-0.0228770365595818,0.0478215680570456,0.0290264029701707));
#5373=CARTESIAN_POINT('',(-0.0228770365595818,0.0396383072018624,0.0305154278639438));
#5374=CARTESIAN_POINT('',(-0.0228770365595818,0.0396383072018624,0.0305154278639438));
#5375=CARTESIAN_POINT('',(-0.0439325247259701,0.0396383072018624,0.0305154278639438));
#5376=CARTESIAN_POINT('',(-0.0591536415960681,0.0824364702781015,0.0194772235732583));
#5377=CARTESIAN_POINT('',(-0.00331233513982657,0.0824364702781015,0.0194772235732583));
#5378=CARTESIAN_POINT('',(-0.0591536415960681,0.0721600854783995,0.021898723386612));
#5379=CARTESIAN_POINT('',(-0.00331233513982656,0.0721600854783995,0.021898723386612));
#5380=CARTESIAN_POINT('',(-0.0591536415960681,0.0515352964224098,0.0268789406219555));
#5381=CARTESIAN_POINT('',(-0.00331233513982652,0.0515352964224098,0.0268789406219555));
#5382=CARTESIAN_POINT('',(-0.0591536415960681,0.0299543446572929,0.0303805949019027));
#5383=CARTESIAN_POINT('',(-0.00331233513982654,0.0299543446572929,0.0303805949019027));
#5384=CARTESIAN_POINT('',(-0.0591536415960681,0.0191737373213898,0.0321663578197194));
#5385=CARTESIAN_POINT('',(-0.00331233513982655,0.0191737373213898,0.0321663578197194));
#5386=CARTESIAN_POINT('',(-0.0218367557555871,0.0191832159683575,0.0321647877287883));
#5387=CARTESIAN_POINT('',(-0.0187864847266028,0.0297265166742831,0.0304183506740695));
#5388=CARTESIAN_POINT('',(-0.0126796432579741,0.0508348920794055,0.0270127679327392));
#5389=CARTESIAN_POINT('',(-0.00665620705062761,0.0716549761353977,0.0220193476040082));
#5390=CARTESIAN_POINT('',(-0.00364341007929037,0.0820687472832315,0.0195639010487746));
#5391=CARTESIAN_POINT('',(-0.0218367557555871,0.0191832159683576,0.0321647877287883));
#5392=CARTESIAN_POINT('',(-0.00364341007929045,0.0820687472832315,0.0195639010487747));
#5393=CARTESIAN_POINT('',(-0.0218367557555871,0.0191832159683575,0.0321647877287883));
#5394=CARTESIAN_POINT('',(-0.0237170199696062,0.0191484005861774,0.0321705546963831));
#5395=CARTESIAN_POINT('',(-0.0274662314746883,0.0197695617032071,0.032067589536288));
#5396=CARTESIAN_POINT('',(-0.0307403783754958,0.0216571128340312,0.0317553875856551));
#5397=CARTESIAN_POINT('',(-0.0321697805981512,0.0228713131998216,0.0315543997598603));
#5398=CARTESIAN_POINT('',(-0.0321697805981512,0.0228713131998216,0.0315543997598603));
#5399=CARTESIAN_POINT('',(-0.0324667876243591,0.0231346886331589,0.0315107989653778));
#5400=CARTESIAN_POINT('',(-0.0323677811143079,0.0230469016228826,0.0315253331754007));
#5401=CARTESIAN_POINT('',(-0.0322687789988831,0.0229591095507126,0.03153986674029));
#5402=CARTESIAN_POINT('',(-0.0321697805981514,0.0228713131998214,0.0315543997598603));
#5403=CARTESIAN_POINT('',(-0.0324667876243591,0.0231346886331589,0.0315107989653778));
#5404=CARTESIAN_POINT('',(-0.0210746269586599,0.0231346886331588,0.0315107989653778));
#5405=CARTESIAN_POINT('',(-0.0324718422248726,0.0231346886331589,0.0315107989653778));
#5406=CARTESIAN_POINT('',(-0.0324718422248725,0.0231346886331588,0.0315107989653778));
#5407=CARTESIAN_POINT('',(-0.0328061910910733,0.0234339034847254,0.0314612602980858));
#5408=CARTESIAN_POINT('',(-0.0331271483683938,0.023747201085763,0.0314093733414903));
#5409=CARTESIAN_POINT('',(-0.0334346670346573,0.0240746281585486,0.0313551133835367));
#5410=CARTESIAN_POINT('',(-0.0334346670346573,0.0240746281585486,0.0313551133835367));
#5411=CARTESIAN_POINT('',(-0.039258146545858,0.0302751130687734,0.0303275928194661));
#5412=CARTESIAN_POINT('',(-0.0450806972078273,0.0364746089971306,0.0292892495850477));
#5413=CARTESIAN_POINT('',(-0.0508952499072305,0.0426655891839783,0.0281577165095058));
#5414=CARTESIAN_POINT('',(-0.0508952499072304,0.0426655891839783,0.0281577165095058));
#5415=CARTESIAN_POINT('',(-0.0508952499072304,0.0426655891839783,0.0281577165095058));
#5416=CARTESIAN_POINT('',(-0.0522239001849377,0.043521725233444,0.0280012394690539));
#5417=CARTESIAN_POINT('',(-0.0539923601105746,0.0450378101853469,0.0277216664477292));
#5418=CARTESIAN_POINT('',(-0.0559217496967794,0.0475287633717438,0.0272488973534789));
#5419=CARTESIAN_POINT('',(-0.0574641429935683,0.0501999160763921,0.0267313088600174));
#5420=CARTESIAN_POINT('',(-0.0584575401298653,0.05318227695933,0.0261320509860385));
#5421=CARTESIAN_POINT('',(-0.0588260069028298,0.0562228310138081,0.0254950269343959));
#5422=CARTESIAN_POINT('',(-0.0587851589595819,0.0593337957316022,0.0248278356878057));
#5423=CARTESIAN_POINT('',(-0.0581320886274757,0.0623377311031903,0.0241627909172631));
#5424=CARTESIAN_POINT('',(-0.0568810927918744,0.0651804478578327,0.0235194385635648));
#5425=CARTESIAN_POINT('',(-0.0556847635174683,0.0671400987765005,0.0230705811809106));
#5426=CARTESIAN_POINT('',(-0.0542006941296714,0.0689656851808585,0.0226485106869783));
#5427=CARTESIAN_POINT('',(-0.0519456109164427,0.0710782791744433,0.0221565917629385));
#5428=CARTESIAN_POINT('',(-0.0499212745608442,0.0723250167838327,0.0218639808789014));
#5429=CARTESIAN_POINT('',(-0.0484807328929557,0.0729568153962659,0.0217154880463964));
#5430=CARTESIAN_POINT('',(-0.0484807328929557,0.0729568153962659,0.0217154880463964));
#5431=CARTESIAN_POINT('',(-0.00364341007929066,0.0820687472832327,0.0195639010487744));
#5432=CARTESIAN_POINT('',(-0.0188066633086042,0.0802797770857998,0.0199857194896007));
#5433=CARTESIAN_POINT('',(-0.0337532572752014,0.0772483602052621,0.0207068380874232));
#5434=CARTESIAN_POINT('',(-0.0484807328929556,0.0729568153962659,0.0217154880463964));
#5435=CARTESIAN_POINT('',(-0.0312329883679473,0.0640921930551529,0.0237654695593765));
#5436=CARTESIAN_POINT('',(-0.0474592884659767,0.0640921930551529,0.0237654695593764));
#5437=CARTESIAN_POINT('',(-0.0228770365595818,0.064092193055153,0.0237654695593764));
#5438=CARTESIAN_POINT('',(-0.0474592884659767,0.0837072226223077,0.01917817));
#5439=CARTESIAN_POINT('',(-0.0474592884659767,0.0733356579977684,0.0216155516700893));
#5440=CARTESIAN_POINT('',(-0.0474592884659767,0.0523158062646703,0.0267391101246661));
#5441=CARTESIAN_POINT('',(-0.0474592884659767,0.0302964894890198,0.0303239200287733));
#5442=CARTESIAN_POINT('',(-0.0474592884659767,0.0191737373213897,0.0321663578197194));
#5443=CARTESIAN_POINT('',(-0.0474592884659767,0.0396383072018624,0.0287037939331186));
#5444=CARTESIAN_POINT('',(-0.0312329883679473,0.0396383072018624,0.0287037939331186));
#5445=CARTESIAN_POINT('',(-0.0228770365595818,0.0396383072018624,0.0287037939331186));
#5446=CARTESIAN_POINT('',(-0.0228770365595818,0.0837072226223077,0.01917817));
#5447=CARTESIAN_POINT('',(-0.0228770365595818,0.0733356579977684,0.0216155516700893));
#5448=CARTESIAN_POINT('',(-0.0228770365595818,0.0523158062646703,0.0267391101246661));
#5449=CARTESIAN_POINT('',(-0.0228770365595817,0.0302964894890198,0.0303239200287733));
#5450=CARTESIAN_POINT('',(-0.0228770365595817,0.0191737373213898,0.0321663578197194));
#5451=CARTESIAN_POINT('',(-0.0135529550773785,0.0478162786399672,-0.00582183));
#5452=CARTESIAN_POINT('',(-0.0214954140250861,0.0203630680123088,0.00199999532494329));
#5453=CARTESIAN_POINT('',(-0.0182994255154077,0.0314100430483086,0.00199999532494329));
#5454=CARTESIAN_POINT('',(-0.0182994255154077,0.0314100430483086,0.00849999532494329));
#5455=CARTESIAN_POINT('',(-0.0182994255154077,0.0314100430483086,0.0149999953249433));
#5456=CARTESIAN_POINT('',(-0.0214954140250861,0.0203630680123088,0.0149999953249433));
#5457=CARTESIAN_POINT('',(-0.0206905528852174,0.0231450808051117,0.0210829096792647));
#5458=CARTESIAN_POINT('',(-0.021836895938599,0.0191827314239896,0.0189350585969028));
#5459=CARTESIAN_POINT('',(-0.021836895938599,0.0191827314239896,0.03917817));
#5460=CARTESIAN_POINT('',(-0.021836895938599,0.0191827314239896,0.0321785877659221));
#5461=CARTESIAN_POINT('',(-0.0218596279237058,0.0191041580276107,-0.0209057072651157));
#5462=CARTESIAN_POINT('',(-0.0218367557555871,0.0191832159683576,0.0321785828385129));
#5463=CARTESIAN_POINT('',(-0.0218367557555871,0.0191832159683576,0.01917817));
#5464=CARTESIAN_POINT('',(-0.00364341007929009,0.0820687472832327,0.03917817));
#5465=CARTESIAN_POINT('',(-0.00364341007929009,0.0820687472832327,0.0159999953249433));
#5466=CARTESIAN_POINT('',(-0.00478865372950439,0.0781101980031768,0.0159999953249433));
#5467=CARTESIAN_POINT('',(-0.00659508201758355,0.0718662555915248,0.0159999953249433));
#5468=CARTESIAN_POINT('',(-0.00659508201758355,0.0718662555915248,0.00949999532494329));
#5469=CARTESIAN_POINT('',(-0.00659508201758355,0.0718662555915248,0.0029999953249433));
#5470=CARTESIAN_POINT('',(-0.00478865372950439,0.0781101980031768,0.0029999953249433));
#5471=CARTESIAN_POINT('',(-0.00364341007929009,0.0820687472832327,0.0029999953249433));
#5472=CARTESIAN_POINT('',(-0.00364341007929009,0.0820687472832327,0.03917817));
#5473=CARTESIAN_POINT('',(-0.00364341007929009,0.0820687472832327,-4.67505670981305E-9));
#5474=CARTESIAN_POINT('',(-0.0269064625120086,0.00165970992056444,-4.67505670634361E-9));
#5475=CARTESIAN_POINT('',(-0.00103684113118616,0.0910783860889157,-4.67505670287416E-9));
#5476=CARTESIAN_POINT('',(-0.00103684113118616,0.0910783860889157,0.04417817));
#5477=CARTESIAN_POINT('',(-0.00480825973074905,0.078042429609877,0.0223682872562197));
#5478=CARTESIAN_POINT('',(-0.0222974889423222,0.0175906858335632,0.0365742597565248));
#5479=CARTESIAN_POINT('',(-0.0222974889423222,0.0175906858335632,0.04417817));
#5480=CARTESIAN_POINT('',(-0.0222974889423222,0.0175906858335632,0.04417817));
#5481=CARTESIAN_POINT('',(-0.0222974889423222,0.0175906858335632,0.0224992168794304));
#5482=CARTESIAN_POINT('',(-0.0237935287863228,0.0124196050366559,0.0196961547518115));
#5483=CARTESIAN_POINT('',(-0.0271929283097218,0.000669540501940666,0.0133268314630289));
#5484=CARTESIAN_POINT('',(-0.0271926109336435,0.000670634252483107,0.04417817));
#5485=CARTESIAN_POINT('',(-0.0271926109336435,0.000670634252483107,-4.67505670981305E-9));
#5486=CARTESIAN_POINT('',(-0.0269064625120086,0.00165970992056444,-4.67505670634361E-9));
#5487=CARTESIAN_POINT('',(-0.0523388785898686,-0.0577,0.0348077804192734));
#5488=CARTESIAN_POINT('',(-0.0409550283304973,0.0302969453962103,0.0362119361186649));
#5489=CARTESIAN_POINT('',(-0.0517878150224686,0.0142076560862072,0.0348757520660591));
#5490=CARTESIAN_POINT('',(-0.0528899421572685,0.0150073302943749,0.0347398087724876));
#5491=CARTESIAN_POINT('',(-0.0528899421572685,-0.0577,0.0347398087724876));
#5492=CARTESIAN_POINT('',(-0.0528899421572685,0.015006727857697,0.0347398087724876));
#5493=CARTESIAN_POINT('',(-0.0409550283304973,0.0302963429595323,0.0362119361186649));
#5494=CARTESIAN_POINT('',(-0.0517878150224686,0.0142070536495293,0.0348757520660591));
#5495=CARTESIAN_POINT('',(-0.0517878150224686,-0.0577,0.0348757520660591));
#5496=CARTESIAN_POINT('',(-0.0514795137226582,-0.0577,0.0349073108628226));
#5497=CARTESIAN_POINT('',(-0.0409550283304973,0.0302969453962103,0.0359846339092548));
#5498=CARTESIAN_POINT('',(-0.0511712124228478,0.0138092505723141,0.0349388696595859));
#5499=CARTESIAN_POINT('',(-0.0409550283304973,0.0302963429595323,0.0359846339092548));
#5500=CARTESIAN_POINT('',(-0.0511712124228478,0.0138086481356361,0.0349388696595859));
#5501=CARTESIAN_POINT('',(-0.0511712124228478,-0.0577,0.0349388696595859));
#5502=CARTESIAN_POINT('',(-0.0502948527812958,-0.0577,0.035022621636076));
#5503=CARTESIAN_POINT('',(-0.0409550283304973,0.0302969453962103,0.0359152103870126));
#5504=CARTESIAN_POINT('',(-0.0494184931397438,0.0128446028188548,0.035106373612566));
#5505=CARTESIAN_POINT('',(-0.0409550283304973,0.0302963429595323,0.0359152103870126));
#5506=CARTESIAN_POINT('',(-0.0494184931397438,0.0128440003821769,0.035106373612566));
#5507=CARTESIAN_POINT('',(-0.0494184931397438,-0.0577,0.035106373612566));
#5508=CARTESIAN_POINT('',(-0.0460540259999597,-0.0577,-9.85653059295058E-5));
#5509=CARTESIAN_POINT('',(-0.0474327271461487,0.0120143329989505,0.0352398917421531));
#5510=CARTESIAN_POINT('',(-0.0481110848006286,0.0122546813955325,0.0352134261702555));
#5511=CARTESIAN_POINT('',(-0.048772911329404,0.0125315297222729,0.0351680706032058));
#5512=CARTESIAN_POINT('',(-0.0494184931397438,0.0128446028188548,0.035106373612566));
#5513=CARTESIAN_POINT('',(-0.0474327271461487,0.0120143329989505,0.0352398917421531));
#5514=CARTESIAN_POINT('',(-0.0494184931397438,0.0128440003821769,0.035106373612566));
#5515=CARTESIAN_POINT('',(-0.048772911329404,0.012530927285595,0.0351680706032058));
#5516=CARTESIAN_POINT('',(-0.0481110848006286,0.0122540789588546,0.0352134261702555));
#5517=CARTESIAN_POINT('',(-0.0474327271461487,0.0120137305622726,0.0352398917421531));
#5518=CARTESIAN_POINT('',(-0.0474327271461487,0.0120137305622726,0.0352398917421531));
#5519=CARTESIAN_POINT('',(-0.0474327271461487,-0.0577,0.0352398917421531));
#5520=CARTESIAN_POINT('',(-0.0468100485980511,-0.0577,0.0352750920101833));
#5521=CARTESIAN_POINT('',(-0.0409550283304973,0.0302969453962103,0.0356060786538852));
#5522=CARTESIAN_POINT('',(-0.0461873700499535,0.0116197641810063,0.0353102922782135));
#5523=CARTESIAN_POINT('',(-0.0409550283304973,0.0302963429595323,0.0356060786538852));
#5524=CARTESIAN_POINT('',(-0.0461873700499535,0.0116191617443284,0.0353102922782135));
#5525=CARTESIAN_POINT('',(-0.0461873700499535,-0.0577,0.0353102922782135));
#5526=CARTESIAN_POINT('',(-0.0453049419105053,-0.0577,0.0353418492123317));
#5527=CARTESIAN_POINT('',(-0.0409550283304973,0.0302969453962103,0.0354974085492658));
#5528=CARTESIAN_POINT('',(-0.0444225137710572,0.0112131553445923,0.03537340614645));
#5529=CARTESIAN_POINT('',(-0.0409550283304973,0.0302963429595323,0.0354974085492658));
#5530=CARTESIAN_POINT('',(-0.0444225137710572,0.0112125529079144,0.03537340614645));
#5531=CARTESIAN_POINT('',(-0.0444225137710572,-0.0577,0.03537340614645));
#5532=CARTESIAN_POINT('',(-0.04407293998003,-0.0577,0.0353855450048876));
#5533=CARTESIAN_POINT('',(-0.0409550283304973,0.0302969453962103,0.0354938136712062));
#5534=CARTESIAN_POINT('',(-0.043723366189003,0.0110992683618425,0.0353976838633251));
#5535=CARTESIAN_POINT('',(-0.0409550283304973,0.0302963429595323,0.0354938136712062));
#5536=CARTESIAN_POINT('',(-0.043723366189003,0.0110986659251646,0.0353976838633251));
#5537=CARTESIAN_POINT('',(-0.043723366189003,-0.0577,0.0353976838633251));
#5538=CARTESIAN_POINT('',(-0.0425520566880703,-0.0577,0.0354110334411097));
#5539=CARTESIAN_POINT('',(-0.0409550283304973,0.0302969453962103,0.0354292349960929));
#5540=CARTESIAN_POINT('',(-0.0413807471871376,0.0109053683208451,0.0354243830188942));
#5541=CARTESIAN_POINT('',(-0.0409550283304973,0.0302963429595323,0.0354292349960929));
#5542=CARTESIAN_POINT('',(-0.0413807471871376,0.0109047658841672,0.0354243830188942));
#5543=CARTESIAN_POINT('',(-0.0413807471871376,-0.0577,0.0354243830188942));
#5544=CARTESIAN_POINT('',(-0.0406245349046322,-0.0577,-0.0309266765813946));
#5545=CARTESIAN_POINT('',(-0.0389432226896287,0.0110053115598008,0.0354073882445526));
#5546=CARTESIAN_POINT('',(-0.0397535283756106,0.0109208097719424,0.0354279263625061));
#5547=CARTESIAN_POINT('',(-0.0405660354683713,0.0108874823005355,0.0354336684020086));
#5548=CARTESIAN_POINT('',(-0.0413807471871376,0.0109053683208451,0.0354243830188942));
#5549=CARTESIAN_POINT('',(-0.0389432226896286,0.0110053115598008,0.0354073882445526));
#5550=CARTESIAN_POINT('',(-0.0413807471871376,0.0109047658841672,0.0354243830188942));
#5551=CARTESIAN_POINT('',(-0.0405660354683713,0.0108868798638576,0.0354336684020086));
#5552=CARTESIAN_POINT('',(-0.0397535283756106,0.0109202073352645,0.0354279263625061));
#5553=CARTESIAN_POINT('',(-0.0389432226896286,0.0110047091231229,0.0354073882445526));
#5554=CARTESIAN_POINT('',(-0.0389432226896286,0.0110047091231229,0.0354073882445526));
#5555=CARTESIAN_POINT('',(-0.0389432226896286,-0.0577,0.0354073882445526));
#5556=CARTESIAN_POINT('',(-0.0379874650791743,-0.0577,0.0353831634823697));
#5557=CARTESIAN_POINT('',(-0.0409550283304973,0.0302969453962103,0.035458379743522));
#5558=CARTESIAN_POINT('',(-0.0370317074687201,0.0113016288305335,0.0353589387201867));
#5559=CARTESIAN_POINT('',(-0.0409550283304973,0.0302963429595323,0.035458379743522));
#5560=CARTESIAN_POINT('',(-0.0370317074687201,0.0113010263938557,0.0353589387201867));
#5561=CARTESIAN_POINT('',(-0.0370317074687201,-0.0577,0.0353589387201867));
#5562=CARTESIAN_POINT('',(-0.0359319840029338,-0.0577,0.0353095480207817));
#5563=CARTESIAN_POINT('',(-0.0409550283304973,0.0302969453962103,0.0355351426181498));
#5564=CARTESIAN_POINT('',(-0.0348322605371475,0.0118924293046786,0.0352601573213768));
#5565=CARTESIAN_POINT('',(-0.0409550283304973,0.0302963429595323,0.0355351426181498));
#5566=CARTESIAN_POINT('',(-0.0348322605371475,0.0118918268680007,0.0352601573213768));
#5567=CARTESIAN_POINT('',(-0.0348322605371475,-0.0577,0.0352601573213768));
#5568=CARTESIAN_POINT('',(-0.0367996105140303,-0.0577,-0.00854446502775818));
#5569=CARTESIAN_POINT('',(-0.0329615538597107,0.0126243999117699,0.0351360194727612));
#5570=CARTESIAN_POINT('',(-0.0335717810495607,0.0123483878642842,0.0351896380750599));
#5571=CARTESIAN_POINT('',(-0.0341952901008681,0.0121043350159275,0.0352315497519952));
#5572=CARTESIAN_POINT('',(-0.0348322605371475,0.0118924293046786,0.0352601573213768));
#5573=CARTESIAN_POINT('',(-0.0329615538597107,0.01262439991177,0.0351360194727612));
#5574=CARTESIAN_POINT('',(-0.0348322605371475,0.0118918268680007,0.0352601573213768));
#5575=CARTESIAN_POINT('',(-0.0341952901008682,0.0121037325792496,0.0352315497519952));
#5576=CARTESIAN_POINT('',(-0.0335717810495607,0.0123477854276063,0.0351896380750599));
#5577=CARTESIAN_POINT('',(-0.0329615538597107,0.0126237974750921,0.0351360194727612));
#5578=CARTESIAN_POINT('',(-0.0329615538597107,0.0126237974750921,0.0351360194727612));
#5579=CARTESIAN_POINT('',(-0.0329615538597107,-0.0577,0.0351360194727612));
#5580=CARTESIAN_POINT('',(-0.0325256315648556,-0.0577,0.0351114828482104));
#5581=CARTESIAN_POINT('',(-0.0409550283304973,0.0302969453962103,0.0355859457193907));
#5582=CARTESIAN_POINT('',(-0.0320897092700004,0.013045260957573,0.0350869462236595));
#5583=CARTESIAN_POINT('',(-0.0409550283304973,0.0302963429595323,0.0355859457193907));
#5584=CARTESIAN_POINT('',(-0.0320897092700004,0.0130446585208951,0.0350869462236595));
#5585=CARTESIAN_POINT('',(-0.0320897092700004,-0.0577,0.0350869462236595));
#5586=CARTESIAN_POINT('',(-0.0316263613879681,-0.0577,0.0350364256992769));
#5587=CARTESIAN_POINT('',(-0.0409550283304973,0.0302969453962103,0.0360535645791611));
#5588=CARTESIAN_POINT('',(-0.0311630135059357,0.0135538589516418,0.0349859051748943));
#5589=CARTESIAN_POINT('',(-0.0409550283304973,0.0302963429595323,0.0360535645791611));
#5590=CARTESIAN_POINT('',(-0.0311630135059357,0.0135532565149639,0.0349859051748943));
#5591=CARTESIAN_POINT('',(-0.0311630135059357,-0.0577,0.0349859051748943));
#5592=CARTESIAN_POINT('',(-0.0305365537881851,-0.0577,0.0349209491506052));
#5593=CARTESIAN_POINT('',(-0.0409550283304973,0.0302969453962103,0.0360012144354285));
#5594=CARTESIAN_POINT('',(-0.0299100940704346,0.0143525443348464,0.034855993126316));
#5595=CARTESIAN_POINT('',(-0.0409550283304973,0.0302963429595323,0.0360012144354285));
#5596=CARTESIAN_POINT('',(-0.0299100940704346,0.0143519418981685,0.034855993126316));
#5597=CARTESIAN_POINT('',(-0.0299100940704346,-0.0577,0.034855993126316));
#5598=CARTESIAN_POINT('',(-0.029479945975542,-0.0577,0.0348011419519615));
#5599=CARTESIAN_POINT('',(-0.0409550283304973,0.0302969453962103,0.0362644094880919));
#5600=CARTESIAN_POINT('',(-0.0409550283304973,0.0302963429595323,0.0362644094880919));
#5601=CARTESIAN_POINT('',(-0.0545614761888981,-0.0577,0.034493401308341));
#5602=CARTESIAN_POINT('',(0.00871935267072656,0.0769509965197234,0.044988880628964));
#5603=CARTESIAN_POINT('',(-0.0549947162766067,0.0169134561113744,0.0344215460171991));
#5604=CARTESIAN_POINT('',(-0.0550933337933216,0.0170182851981858,0.0344051897506017));
#5605=CARTESIAN_POINT('',(-0.0409550283304973,0.0302963429595323,0.0367501067703027));
#5606=CARTESIAN_POINT('',(-0.0539551963686943,0.0159015477545505,0.0345939562067222));
#5607=CARTESIAN_POINT('',(-0.0539551963686943,-0.0577,0.0345939562067222));
#5608=CARTESIAN_POINT('',(-0.0539551963686943,0.0159021501912284,0.0345939562067222));
#5609=CARTESIAN_POINT('',(-0.0409550283304973,0.0302969453962103,0.0367501067703027));
#5610=CARTESIAN_POINT('',(-0.0409550283304973,0.0302969453962103,0.01917817));
#5611=CARTESIAN_POINT('',(-0.0409550283304973,0.0302969453962103,0.0364918606736573));
#5612=CARTESIAN_POINT('',(-0.0533867133438587,-0.0577,0.0346668824896049));
#5613=CARTESIAN_POINT('',(-0.0538834845304489,-0.0577,0.0345939562067222));
#5614=CARTESIAN_POINT('',(-0.0538834845304489,0.0158371065239296,0.0345939562067222));
#5615=CARTESIAN_POINT('',(-0.0409550283304973,0.0302963429595323,0.0364918606736573));
#5616=CARTESIAN_POINT('',(-0.0539193404495716,-0.0577,0.0345939562067222));
#5617=CARTESIAN_POINT('',(-0.0409550283304973,0.0302969453962103,0.0345939562067222));
#5618=CARTESIAN_POINT('',(-0.0409550283304973,0.0302963429595323,0.0345939562067222));
#5619=CARTESIAN_POINT('',(-0.0409550283304973,0.0302969453962103,0.01917817));
#5620=CARTESIAN_POINT('',(-0.0550933337933216,0.0170182851981858,0.04417817));
#5621=CARTESIAN_POINT('',(-0.0409550283304973,0.0302963429595323,0.04417817));
#5622=CARTESIAN_POINT('',(-0.0549947162766067,0.0169134561113744,0.0314494082311263));
#5623=CARTESIAN_POINT('',(-0.0549947162766023,0.0169134561113698,0.0221321143218542));
#5624=CARTESIAN_POINT('',(-0.0409550283304973,0.0302963429595323,0.0293865094387765));
#5625=CARTESIAN_POINT('',(-0.0290954732316365,0.014948201349819,0.0210668184176555));
#5626=CARTESIAN_POINT('',(-0.0290954732316365,0.014948201349819,0.04417817));
#5627=CARTESIAN_POINT('',(-0.0135529550773785,0.0478168810766451,0.01917817));
#5628=CARTESIAN_POINT('',(-0.0129385247161573,0.0499406674548551,0.0289721142998455));
#5629=CARTESIAN_POINT('',(-0.0222976853166926,0.0175906094997259,0.0365742776947401));
#5630=CARTESIAN_POINT('',(-0.0222976853166926,0.0175906094997259,0.01917817));
#5631=CARTESIAN_POINT('',(-0.0246183519840241,-0.0357,0.03214407000391));
#5632=CARTESIAN_POINT('',(-0.0221240226643978,0.0346975563169682,0.032230684936965));
#5633=CARTESIAN_POINT('',(-0.0243386929512024,0.019339414689474,0.0321537810906601));
#5634=CARTESIAN_POINT('',(-0.0248980110168457,0.0194305242756738,0.0321343589171601));
#5635=CARTESIAN_POINT('',(-0.0243386929512024,-0.0357,0.0321537810906601));
#5636=CARTESIAN_POINT('',(-0.0243386929512024,0.0193389327401317,0.0321537810906601));
#5637=CARTESIAN_POINT('',(-0.0221240226643979,0.0346970743676259,0.032230684936965));
#5638=CARTESIAN_POINT('',(-0.0248980110168457,0.0194300423263315,0.0321343589171601));
#5639=CARTESIAN_POINT('',(-0.0248980110168457,-0.0357,0.0321343589171601));
#5640=CARTESIAN_POINT('',(-0.0256039535284042,-0.0357,0.0321091133698654));
#5641=CARTESIAN_POINT('',(-0.0221240226643978,0.0346975563169682,0.0322335608394126));
#5642=CARTESIAN_POINT('',(-0.0263098960399628,0.019755811344805,0.0320838678225708));
#5643=CARTESIAN_POINT('',(-0.0221240226643979,0.0346970743676259,0.0322335608394126));
#5644=CARTESIAN_POINT('',(-0.0263098960399628,0.0197553293954627,0.0320838678225708));
#5645=CARTESIAN_POINT('',(-0.0263098960399628,-0.0357,0.0320838678225708));
#5646=CARTESIAN_POINT('',(-0.0268080388784409,-0.0357,0.0320557076081466));
#5647=CARTESIAN_POINT('',(-0.0221240226643978,0.0346975563169682,0.0323204969231081));
#5648=CARTESIAN_POINT('',(-0.027306181716919,0.0200714663991604,0.0320275473937226));
#5649=CARTESIAN_POINT('',(-0.0221240226643979,0.0346970743676259,0.0323204969231081));
#5650=CARTESIAN_POINT('',(-0.027306181716919,0.020070984449818,0.0320275473937226));
#5651=CARTESIAN_POINT('',(-0.027306181716919,-0.0357,0.0320275473937226));
#5652=CARTESIAN_POINT('',(-0.0262032207999678,-0.0357,0.0037567817552564));
#5653=CARTESIAN_POINT('',(-0.027306181716919,0.0200714663991604,0.0320275473937226));
#5654=CARTESIAN_POINT('',(-0.0278488678405028,0.020263745116426,0.0320063749362044));
#5655=CARTESIAN_POINT('',(-0.0283783290635232,0.0204852237778183,0.0319700904825647));
#5656=CARTESIAN_POINT('',(-0.0288947945117951,0.0207356822550839,0.0319207328900528));
#5657=CARTESIAN_POINT('',(-0.0288947945117951,0.0207356822550839,0.0319207328900528));
#5658=CARTESIAN_POINT('',(-0.0288947945117951,0.0207352003057415,0.0319207328900528));
#5659=CARTESIAN_POINT('',(-0.0283783290635232,0.020484741828476,0.0319700904825647));
#5660=CARTESIAN_POINT('',(-0.0278488678405028,0.0202632631670837,0.0320063749362044));
#5661=CARTESIAN_POINT('',(-0.027306181716919,0.020070984449818,0.0320275473937226));
#5662=CARTESIAN_POINT('',(-0.0288947945117951,0.0207352003057415,0.0319207328900528));
#5663=CARTESIAN_POINT('',(-0.0288947945117951,-0.0357,0.0319207328900528));
#5664=CARTESIAN_POINT('',(-0.0295958822250366,-0.0357,0.0318537313088608));
#5665=CARTESIAN_POINT('',(-0.0221240226643978,0.0346975563169682,0.0325678023096101));
#5666=CARTESIAN_POINT('',(-0.0302969699382782,0.0215074004578513,0.0317867297276688));
#5667=CARTESIAN_POINT('',(-0.0221240226643979,0.0346970743676259,0.0325678023096101));
#5668=CARTESIAN_POINT('',(-0.0302969699382782,0.0215069185085089,0.0317867297276688));
#5669=CARTESIAN_POINT('',(-0.0302969699382782,-0.0357,0.0317867297276688));
#5670=CARTESIAN_POINT('',(-0.0305436109781266,-0.0357,0.0317614826902581));
#5671=CARTESIAN_POINT('',(-0.0221240226643978,0.0346975563169682,0.0326233411274039));
#5672=CARTESIAN_POINT('',(-0.0307902520179749,0.0218261248689658,0.0317362356528473));
#5673=CARTESIAN_POINT('',(-0.0221240226643979,0.0346970743676259,0.0326233411274039));
#5674=CARTESIAN_POINT('',(-0.0307902520179749,0.0218256429196234,0.0317362356528473));
#5675=CARTESIAN_POINT('',(-0.0307902520179749,-0.0357,0.0317362356528473));
#5676=CARTESIAN_POINT('',(-0.0312311028718949,-0.0357,0.0316818583354187));
#5677=CARTESIAN_POINT('',(-0.0221240226643978,0.0346975563169682,0.0328051828949319));
#5678=CARTESIAN_POINT('',(-0.0316719537258148,0.0224658642355,0.0316274810179901));
#5679=CARTESIAN_POINT('',(-0.0221240226643979,0.0346970743676259,0.0328051828949319));
#5680=CARTESIAN_POINT('',(-0.0316719537258148,0.0224653822861576,0.0316274810179901));
#5681=CARTESIAN_POINT('',(-0.0316719537258148,-0.0357,0.0316274810179901));
#5682=CARTESIAN_POINT('',(-0.0330091809511185,-0.0357,0.0314303550466728));
#5683=CARTESIAN_POINT('',(-0.0221240226643978,0.0346975563169682,0.0332357194162422));
#5684=CARTESIAN_POINT('',(-0.0325241570949555,0.0231817201529828,0.0315107989653778));
#5685=CARTESIAN_POINT('',(-0.0325241570949555,-0.0357,0.0315107989653778));
#5686=CARTESIAN_POINT('',(-0.0325241570949555,0.0231812382036404,0.0315107989653778));
#5687=CARTESIAN_POINT('',(-0.0221240226643979,0.0346970743676259,0.0332357194162422));
#5688=CARTESIAN_POINT('',(-0.0221240226643978,0.0346975563169682,0.01917817));
#5689=CARTESIAN_POINT('',(-0.0221240226643978,0.0346975563169682,0.0315107989653778));
#5690=CARTESIAN_POINT('',(-0.0324954723596573,-0.0357,0.0315107989653778));
#5691=CARTESIAN_POINT('',(-0.0324667876243591,-0.0357,0.0315107989653778));
#5692=CARTESIAN_POINT('',(-0.0324667876243591,0.0231296852191437,0.0315107989653778));
#5693=CARTESIAN_POINT('',(-0.0221240226643979,0.0346970743676259,0.0315107989653778));
#5694=CARTESIAN_POINT('',(-0.032069370675087,-0.0357,0.031569139991684));
#5695=CARTESIAN_POINT('',(-0.0221240226643978,0.0346975563169682,0.0330291225389258));
#5696=CARTESIAN_POINT('',(-0.0221240226643979,0.0346970743676259,0.0330291225389258));
#5697=CARTESIAN_POINT('',(-0.0234016453504562,-0.0357,0.0321644607528878));
#5698=CARTESIAN_POINT('',(-0.0221240226643978,0.0346975563169682,0.0321790219968743));
#5699=CARTESIAN_POINT('',(-0.0224645977497101,0.019184294656676,0.0321751404151154));
#5700=CARTESIAN_POINT('',(-0.0224645977497101,-0.0357,0.0321751404151154));
#5701=CARTESIAN_POINT('',(-0.0224645977497101,0.0191838127073338,0.0321751404151154));
#5702=CARTESIAN_POINT('',(-0.0221240226643979,0.0346970743676259,0.0321790219968743));
#5703=CARTESIAN_POINT('',(-0.0652421728860923,0.0583785250881016,0.04417817));
#5704=CARTESIAN_POINT('',(-0.0652421728860923,0.0583785250881016,-4.67505670287416E-9));
#5705=CARTESIAN_POINT('',(-0.076919062384038,0.0402569864799729,-4.67505670287416E-9));
#5706=CARTESIAN_POINT('',(-0.0739009161161946,0.0781210192453324,-4.67505670287416E-9));
#5707=CARTESIAN_POINT('',(-0.076919062384038,0.0402569864799729,0.04417817));
#5708=CARTESIAN_POINT('',(-0.0739009161161946,0.0781210192453324,0.04417817));
#5709=CARTESIAN_POINT('',(-0.0660061980886798,0.0286376358390793,0.04417817));
#5710=CARTESIAN_POINT('',(-0.0660061980886798,0.0286376358390793,-4.67505670981305E-9));
#5711=CARTESIAN_POINT('',(-0.0550933337933216,0.0170182851981858,-4.67505670981305E-9));
#5712=CARTESIAN_POINT('',(-0.0550933337933216,0.0170182851981858,0.04417817));
#5713=CARTESIAN_POINT('',(0.00871935267072656,0.0769509965197234,0.04417817));
#5714=CARTESIAN_POINT('',(0.00871935267072656,0.0769509965197234,-4.67505670287416E-9));
#5715=CARTESIAN_POINT('',(-0.035818796074486,0.00158295192216867,-4.67505670287416E-9));
#5716=CARTESIAN_POINT('',(-0.035818796074486,0.00158295192216867,0.04417817));
#5717=CARTESIAN_POINT('',(-0.035818796074486,0.00158295192216865,0.0138218206498866));
#5718=CARTESIAN_POINT('',(0.00871935267072656,0.0769509965197234,0.0546763661646605));
#5719=CARTESIAN_POINT('',(-0.0421649584709438,0.0333701086712635,0.03917817));
#5720=CARTESIAN_POINT('',(-0.0421649584709438,0.0333701086712635,-4.67505670981305E-9));
#5721=CARTESIAN_POINT('',(-0.0508952499072304,0.0426655891839783,-4.67505670287416E-9));
#5722=CARTESIAN_POINT('',(-0.0508952499072304,0.0426655891839783,0.03917817));
#5723=CARTESIAN_POINT('',(-0.0415537383088738,0.0571628200704813,0.03917817));
#5724=CARTESIAN_POINT('',(-0.0415537383088738,0.0571628200704813,-4.67505670287416E-9));
#5725=CARTESIAN_POINT('',(-0.0484807328929557,0.0729568153962659,-4.67505670287416E-9));
#5726=CARTESIAN_POINT('',(-0.0484807328929557,0.0729568153962659,0.03917817));
#5727=CARTESIAN_POINT('',(0.0032323291347008,0.0275145316781892,0.04417817));
#5728=CARTESIAN_POINT('',(0.00792056556467314,0.0293369236542636,0.0288664417730935));
#5729=CARTESIAN_POINT('',(-0.0584,0.0201578134626151,0.0238907670246271));
#5730=CARTESIAN_POINT('',(-0.0295017154176077,0.0200743847153094,0.0238455432172429));
#5731=CARTESIAN_POINT('',(-0.00480842121243476,0.078042473883049,0.0223682768521614));
#5732=CARTESIAN_POINT('',(0.00244952090903095,0.0272102416854436,0.0343136939339305));
#5733=CARTESIAN_POINT('',(0.0032323291347008,0.0275145316781892,0.04417817));
#5734=CARTESIAN_POINT('',(-0.0231846347607294,0.000582951922168673,-4.67505670634361E-9));
#5735=CARTESIAN_POINT('',(-0.0817318386332967,0.0600908663009829,-4.67505670634361E-9));
#5736=CARTESIAN_POINT('',(-0.0834818386332967,0.0600908663009829,-4.67505670634361E-9));
#5737=CARTESIAN_POINT('',(-0.0520933337933216,0.0200176827615079,-4.67505670634361E-9));
#5738=CARTESIAN_POINT('',(-0.0538433337933216,0.0200176827615079,-4.67505670634361E-9));
#5739=CARTESIAN_POINT('',(-0.0148084212124348,0.0860418714463711,-4.67505670634361E-9));
#5740=CARTESIAN_POINT('',(-0.0165584212124348,0.0860418714463711,-4.67505670634361E-9));
#5741=CARTESIAN_POINT('',(0.0225340177897504,-0.252818817342729,-4.67505670287416E-9));
#5742=CARTESIAN_POINT('',(0.0286672142318003,-0.191795053874183,-4.67505670981305E-9));
#5743=CARTESIAN_POINT('',(-0.0295017154176077,0.0200749871519873,-4.67505670981305E-9));
#5744=CARTESIAN_POINT('',(-0.0218596279237058,-0.0357,-0.0209057072651157));
#5745=CARTESIAN_POINT('',(-0.0224645977497101,0.0191838127073338,0.0321751404151154));
#5746=CARTESIAN_POINT('',(-0.0222551814562045,0.0191792152233495,0.0321775271618269));
#5747=CARTESIAN_POINT('',(-0.0220459478604552,0.0191788624630563,0.0321786724197153));
#5748=CARTESIAN_POINT('',(-0.0218368959725079,0.019182731423362,0.0321785828987422));
#5749=CARTESIAN_POINT('',(-0.0218367557555871,0.0191832159683575,0.0321785828385128));
#5750=CARTESIAN_POINT('',(-0.0220458543012158,0.0191793442540926,0.0321786729317792));
#5751=CARTESIAN_POINT('',(-0.0222551346357495,0.0191796961448048,0.0321775276954461));
#5752=CARTESIAN_POINT('',(-0.0224645977497101,0.019184294656676,0.0321751404151154));
#5753=CARTESIAN_POINT('',(-0.0221240226643979,0.0346970743676259,0.03917817));
#5754=CARTESIAN_POINT('',(-0.0221240226643979,0.0346970743676259,0.0273448415510212));
#5755=CARTESIAN_POINT('',(-0.0221240226643978,0.0346975563169682,0.01917817));
#5756=CARTESIAN_POINT('',(-0.03608,0.0265862507700921,0.0229482476197016));
#5757=CARTESIAN_POINT('',(0.0286672142318003,-0.191795053874183,0.03917817));
#5758=CARTESIAN_POINT('',(0.0286672142318003,-0.191795053874183,0.0159999953249433));
#5759=CARTESIAN_POINT('',(0.0286672142318003,-0.191795053874183,0.0029999953249433));
#5760=CARTESIAN_POINT('',(-0.0112199303040415,0.0810682337416812,0.03917817));
#5761=CARTESIAN_POINT('',(0.0225340177897504,-0.252818817342729,0.04417817));
#5762=CARTESIAN_POINT('',(-0.0295017154176077,0.0200749871519873,0.04417817));
#5763=CARTESIAN_POINT('',(-0.0148084212124348,0.0860418714463711,0.00832362));
#5764=CARTESIAN_POINT('',(-0.0148084212124348,0.0860418714463711,0.00937512608329824));
#5765=CARTESIAN_POINT('',(-0.0148084212124348,0.0860418714463711,0.00832362));
#5766=CARTESIAN_POINT('',(-0.0130584212124348,0.0860418714463711,0.00832362));
#5767=CARTESIAN_POINT('',(-0.0148084212124348,0.0860418714463711,-0.00582183));
#5768=CARTESIAN_POINT('',(-0.0520933337933216,0.0200176827615079,0.00832362));
#5769=CARTESIAN_POINT('',(-0.0520933337933216,0.0200176827615079,0.00937512608329825));
#5770=CARTESIAN_POINT('',(-0.0520933337933216,0.0200176827615079,0.00832362));
#5771=CARTESIAN_POINT('',(-0.0503433337933216,0.0200176827615079,0.00832362));
#5772=CARTESIAN_POINT('',(-0.0520933337933216,0.0200176827615079,-0.00582183));
#5773=CARTESIAN_POINT('',(-0.0817318386332967,0.0600908663009829,0.00832362));
#5774=CARTESIAN_POINT('',(-0.0817318386332967,0.0600908663009829,0.00937512608329824));
#5775=CARTESIAN_POINT('',(-0.0817318386332967,0.0600908663009829,0.00832362));
#5776=CARTESIAN_POINT('',(-0.0799818386332967,0.0600908663009829,0.00832362));
#5777=CARTESIAN_POINT('',(-0.0817318386332967,0.0600908663009829,-0.00582183));
#5778=CARTESIAN_POINT('',(-0.0351681625127793,0.0640921930551529,0.03637817));
#5779=CARTESIAN_POINT('',(-0.0474592884659767,0.0640921930551529,0.03637817));
#5780=CARTESIAN_POINT('',(-0.0228770365595818,0.0640921930551529,0.03637817));
#5781=CARTESIAN_POINT('',(-0.0474592884659767,0.0518652501285076,0.03637817));
#5782=CARTESIAN_POINT('',(-0.0474592884659767,0.0396383072018624,0.03637817));
#5783=CARTESIAN_POINT('',(-0.0351681625127793,0.0396383072018624,0.03637817));
#5784=CARTESIAN_POINT('',(-0.0228770365595818,0.0396383072018624,0.03637817));
#5785=CARTESIAN_POINT('',(-0.0228770365595818,0.0518652501285076,0.03637817));
#5786=CARTESIAN_POINT('',(-0.0115128994035912,0.0800555823134159,0.0159999953249433));
#5787=CARTESIAN_POINT('',(-0.0133193276916704,0.0738116399017638,0.0159999953249433));
#5788=CARTESIAN_POINT('',(-0.0115128994035912,0.0800555823134159,0.0029999953249433));
#5789=CARTESIAN_POINT('',(-0.0133193276916704,0.0738116399017638,0.0029999953249433));
#5790=CARTESIAN_POINT('',(-0.0133193276916704,0.0738116399017638,0.00949999532494329));
#5791=CARTESIAN_POINT('',(-0.0115128994035912,0.0800555823134159,0.0153499953249433));
#5792=CARTESIAN_POINT('',(-0.00546107829691308,0.0783047364342007,0.0153499953249433));
#5793=CARTESIAN_POINT('',(-0.00383529283764183,0.0839242846046876,0.0153499953249433));
#5794=CARTESIAN_POINT('',(-0.00708686375618432,0.0726851882637139,0.0153499953249433));
#5795=CARTESIAN_POINT('',(-0.0131386848628625,0.074436034142929,0.0153499953249433));
#5796=CARTESIAN_POINT('',(-0.0115128994035912,0.0800555823134159,0.0153499953249433));
#5797=CARTESIAN_POINT('',(-0.00988711394432,0.0856751304839028,0.0153499953249433));
#5798=CARTESIAN_POINT('',(-0.00988711394432,0.0856751304839028,0.0153499953249433));
#5799=CARTESIAN_POINT('',(-0.00988711394432,0.0856751304839028,0.00949999532494329));
#5800=CARTESIAN_POINT('',(-0.00383529283764183,0.0839242846046876,0.00949999532494329));
#5801=CARTESIAN_POINT('',(-0.00383529283764183,0.0839242846046876,0.00364999532494329));
#5802=CARTESIAN_POINT('',(-0.00988711394432,0.0856751304839028,0.00949999532494329));
#5803=CARTESIAN_POINT('',(-0.00988711394432,0.0856751304839028,0.00364999532494329));
#5804=CARTESIAN_POINT('',(-0.00988711394432,0.0856751304839028,0.00364999532494329));
#5805=CARTESIAN_POINT('',(-0.0115128994035912,0.0800555823134159,0.00364999532494329));
#5806=CARTESIAN_POINT('',(-0.00546107829691308,0.0783047364342007,0.00364999532494329));
#5807=CARTESIAN_POINT('',(-0.00708686375618432,0.0726851882637139,0.00364999532494329));
#5808=CARTESIAN_POINT('',(-0.0115128994035912,0.0800555823134159,0.00364999532494329));
#5809=CARTESIAN_POINT('',(-0.0131386848628625,0.074436034142929,0.00364999532494329));
#5810=CARTESIAN_POINT('',(-0.0131386848628625,0.074436034142929,0.00949999532494329));
#5811=CARTESIAN_POINT('',(-0.00708686375618432,0.0726851882637139,0.00949999532494329));
#5812=CARTESIAN_POINT('',(-0.0196562436363228,0.0519080091365688,0.00904999532494329));
#5813=CARTESIAN_POINT('',(-0.0136044225296446,0.0501571632573537,0.00904999532494329));
#5814=CARTESIAN_POINT('',(-0.028219659699173,0.0223084523225479,0.0149999953249433));
#5815=CARTESIAN_POINT('',(-0.0250236711894945,0.0333554273585477,0.0149999953249433));
#5816=CARTESIAN_POINT('',(-0.0250236711894945,0.0333554273585477,0.0149999953249433));
#5817=CARTESIAN_POINT('',(-0.028219659699173,0.0223084523225479,0.0149999953249433));
#5818=CARTESIAN_POINT('',(-0.028219659699173,0.0223084523225479,0.00199999532494329));
#5819=CARTESIAN_POINT('',(-0.028219659699173,0.0223084523225479,0.00199999532494329));
#5820=CARTESIAN_POINT('',(-0.0250236711894945,0.0333554273585477,0.00199999532494329));
#5821=CARTESIAN_POINT('',(-0.0250236711894945,0.0333554273585477,0.00199999532494329));
#5822=CARTESIAN_POINT('',(-0.0250236711894945,0.0333554273585477,0.00849999532494329));
#5823=CARTESIAN_POINT('',(-0.0250236711894945,0.0333554273585477,0.00849999532494329));
#5824=CARTESIAN_POINT('',(-0.0205610596621818,0.0487805010058081,0.00899999532494329));
#5825=CARTESIAN_POINT('',(-0.028219659699173,0.0223084523225479,0.0143499953249433));
#5826=CARTESIAN_POINT('',(-0.0253432700404623,0.0322507298549478,0.0143499953249433));
#5827=CARTESIAN_POINT('',(-0.028219659699173,0.0223084523225479,0.00264999532494329));
#5828=CARTESIAN_POINT('',(-0.0253432700404623,0.0322507298549478,0.00264999532494329));
#5829=CARTESIAN_POINT('',(-0.0253432700404623,0.0322507298549478,0.00849999532494329));
#5830=CARTESIAN_POINT('',(-0.0310960493578837,0.0123661747901481,0.0084999953249433));
#5831=CARTESIAN_POINT('',(-0.0250442282512055,0.0106153289109329,0.0084999953249433));
#5832=CARTESIAN_POINT('',(-0.0250442282512055,0.0106153289109329,0.0143499953249433));
#5833=CARTESIAN_POINT('',(-0.0250442282512055,0.0106153289109329,0.00264999532494329));
#5834=CARTESIAN_POINT('',(-0.0310960493578837,0.0123661747901481,0.00264999532494329));
#5835=CARTESIAN_POINT('',(-0.0310960493578837,0.0123661747901481,0.00264999532494329));
#5836=CARTESIAN_POINT('',(-0.0310960493578837,0.0123661747901481,0.0084999953249433));
#5837=CARTESIAN_POINT('',(-0.0310960493578837,0.0123661747901481,0.0143499953249433));
#5838=CARTESIAN_POINT('',(-0.0310960493578837,0.0123661747901481,0.0143499953249433));
#5839=CARTESIAN_POINT('',(-0.028219659699173,0.0223084523225479,0.0143499953249433));
#5840=CARTESIAN_POINT('',(-0.0221678385924948,0.0205576064433328,0.0143499953249433));
#5841=CARTESIAN_POINT('',(-0.0192914489337842,0.0304998839757326,0.0143499953249433));
#5842=CARTESIAN_POINT('',(-0.028219659699173,0.0223084523225479,0.0143499953249433));
#5843=CARTESIAN_POINT('',(-0.0253432700404623,0.0322507298549478,0.0143499953249433));
#5844=CARTESIAN_POINT('',(-0.0253432700404623,0.0322507298549478,0.00849999532494329));
#5845=CARTESIAN_POINT('',(-0.0192914489337842,0.0304998839757326,0.00849999532494329));
#5846=CARTESIAN_POINT('',(-0.0192914489337842,0.0304998839757326,0.00264999532494329));
#5847=CARTESIAN_POINT('',(-0.0253432700404623,0.0322507298549478,0.00264999532494329));
#5848=CARTESIAN_POINT('',(-0.028219659699173,0.0223084523225479,0.00264999532494329));
#5849=CARTESIAN_POINT('',(-0.0221678385924948,0.0205576064433328,0.00264999532494329));
#5850=CARTESIAN_POINT('',(-0.028219659699173,0.0223084523225479,0.00264999532494329));
#5851=CARTESIAN_POINT('',(-0.0213269196658809,0.0461332961374821,0.00894999532494329));
#5852=CARTESIAN_POINT('',(-0.0152750985592027,0.0443824502582669,0.00894999532494329));
#5853=CARTESIAN_POINT('',(0.,0.,0.));
#5854=CARTESIAN_POINT('',(0.0666421728860923,-0.0334214749118984,0.05));
#5855=CARTESIAN_POINT('',(0.0666421728860923,-0.0334214749118984,0.0058218253249433));
#5856=CARTESIAN_POINT('',(0.078319062384038,-0.0515430135200272,0.0058218253249433));
#5857=CARTESIAN_POINT('',(0.0753009161161946,-0.0136789807546677,0.0058218253249433));
#5858=CARTESIAN_POINT('',(0.078319062384038,-0.0515430135200271,0.05));
#5859=CARTESIAN_POINT('',(0.078319062384038,-0.0515430135200271,2.08166817117217E-17));
#5860=CARTESIAN_POINT('',(0.0666421728860923,-0.0334214749118984,1.38777878078145E-17));
#5861=CARTESIAN_POINT('',(0.0753009161161946,-0.0136789807546676,6.93889390390723E-18));
#5862=CARTESIAN_POINT('',(0.0753009161161946,-0.0136789807546677,0.05));
#5863=CARTESIAN_POINT('',(0.0674061980886798,-0.0631623641609207,0.05));
#5864=CARTESIAN_POINT('',(0.0674061980886798,-0.0631623641609207,0.00582182532494329));
#5865=CARTESIAN_POINT('',(0.0564933337933216,-0.0747817148018142,0.0058218253249433));
#5866=CARTESIAN_POINT('',(0.0564933337933216,-0.0747817148018143,0.05));
#5867=CARTESIAN_POINT('',(0.0564933337933216,-0.0747817148018143,2.08166817117217E-17));
#5868=CARTESIAN_POINT('',(0.0674061980886798,-0.0631623641609207,2.08166817117217E-17));
#5869=CARTESIAN_POINT('',(-0.00731935267072656,-0.0148490034802766,0.05));
#5870=CARTESIAN_POINT('',(-0.00731935267072656,-0.0148490034802766,0.0058218253249433));
#5871=CARTESIAN_POINT('',(0.037218796074486,-0.0902170480778313,0.00582182532494329));
#5872=CARTESIAN_POINT('',(0.037218796074486,-0.0902170480778313,0.05));
#5873=CARTESIAN_POINT('',(0.037218796074486,-0.0902170480778313,2.08166817117217E-17));
#5874=CARTESIAN_POINT('',(-0.00731935267072656,-0.0148490034802766,6.93889390390723E-18));
#5875=CARTESIAN_POINT('',(0.0429537383088739,-0.0346371799295188,0.045));
#5876=CARTESIAN_POINT('',(0.0522952499072304,-0.0491344108160217,0.045));
#5877=CARTESIAN_POINT('',(0.0522952499072304,-0.0491344108160217,0.0058218253249433));
#5878=CARTESIAN_POINT('',(0.0522952499072304,-0.0491344108160217,0.005));
#5879=CARTESIAN_POINT('',(0.0429537383088739,-0.0346371799295188,0.0058218253249433));
#5880=CARTESIAN_POINT('',(0.0498807328929557,-0.0188431846037341,0.00582182532494329));
#5881=CARTESIAN_POINT('',(0.0498807328929557,-0.0188431846037341,0.045));
#5882=CARTESIAN_POINT('',(0.0498807328929557,-0.0188431846037341,0.005));
#5883=CARTESIAN_POINT('',(0.0429537383088739,-0.0346371799295188,0.005));
#5884=CARTESIAN_POINT('',(0.0435649584709438,-0.0584298913287366,0.045));
#5885=CARTESIAN_POINT('',(0.0348346670346573,-0.0677253718414514,0.045));
#5886=CARTESIAN_POINT('',(0.0348346670346573,-0.0677253718414514,0.0058218253249433));
#5887=CARTESIAN_POINT('',(0.0348346670346573,-0.0677253718414514,0.005));
#5888=CARTESIAN_POINT('',(0.0435649584709438,-0.0584298913287366,0.00582182532494329));
#5889=CARTESIAN_POINT('',(0.0435649584709438,-0.0584298913287366,0.005));
#5890=CARTESIAN_POINT('',(-0.0523698294732338,-0.0284434603677008,0.005));
#5891=CARTESIAN_POINT('',(-0.0272672142318003,-0.283595053874183,0.005));
#5892=CARTESIAN_POINT('',(0.00504341007929003,-0.00973125271676722,0.005));
#5893=CARTESIAN_POINT('',(0.00560458063681814,-0.0116709459043923,0.005));
#5894=CARTESIAN_POINT('',(0.0244473009315694,-0.0768010488681803,0.005));
#5895=CARTESIAN_POINT('',(-0.0162154821365812,-0.0197792027842212,0.005));
#5896=CARTESIAN_POINT('',(-0.0525122868415422,-0.025679325459626,1.38777878078145E-17));
#5897=CARTESIAN_POINT('',(0.0830293596941757,-0.0307150216954214,1.38777878078145E-17));
#5898=CARTESIAN_POINT('',(0.0847793596941757,-0.0307150216954214,1.38777878078145E-17));
#5899=CARTESIAN_POINT('',(0.0534933337933216,-0.0717823172384922,1.95241094342117E-17));
#5900=CARTESIAN_POINT('',(0.0552433337933216,-0.0717823172384922,1.95241094342117E-17));
#5901=CARTESIAN_POINT('',(0.0162084212124348,-0.00575812855362895,1.14383329197221E-17));
#5902=CARTESIAN_POINT('',(0.0179584212124348,-0.00575812855362895,1.14383329197221E-17));
#5903=CARTESIAN_POINT('',(0.0048556530752058,-0.00908226823804614,1.18452345076471E-17));
#5904=CARTESIAN_POINT('',(0.00243684113118611,-0.000721613911084329,6.93889390390723E-18));
#5905=CARTESIAN_POINT('',(0.0285926109336434,-0.0911293657475169,1.38777878078145E-17));
#5906=CARTESIAN_POINT('',(-0.0211340177897503,-0.344618817342729,5.55111512312578E-17));
#5907=CARTESIAN_POINT('',(0.0309017154176077,-0.0717250128480127,1.38777878078145E-17));
#5908=CARTESIAN_POINT('',(-0.128184634760729,-0.0912170480778313,0.00582182532494329));
#5909=CARTESIAN_POINT('',(0.0830293596941757,-0.0307150216954214,0.00582182532494329));
#5910=CARTESIAN_POINT('',(0.0812793596941757,-0.0307150216954214,0.00582182532494329));
#5911=CARTESIAN_POINT('',(0.0534933337933216,-0.0717823172384922,0.00582182532494329));
#5912=CARTESIAN_POINT('',(0.0517433337933216,-0.0717823172384922,0.00582182532494329));
#5913=CARTESIAN_POINT('',(0.0162084212124348,-0.00575812855362895,0.00582182532494329));
#5914=CARTESIAN_POINT('',(0.0144584212124348,-0.00575812855362895,0.00582182532494329));
#5915=CARTESIAN_POINT('',(-0.0211340177897503,-0.344618817342729,0.0058218253249433));
#5916=CARTESIAN_POINT('',(0.00243684113118611,-0.000721613911084329,0.0058218253249433));
#5917=CARTESIAN_POINT('',(0.0165073120347604,-0.0493563760029492,0.00582182532494329));
#5918=CARTESIAN_POINT('',(0.00504341007929007,-0.00973125271676725,0.00582182532494329));
#5919=CARTESIAN_POINT('',(-0.0272672142318003,-0.283595053874183,0.00582182532494329));
#5920=CARTESIAN_POINT('',(-0.0162154821365812,-0.0197792027842212,0.0058218253249433));
#5921=CARTESIAN_POINT('',(0.0244473009315694,-0.0768010488681803,0.00582182532494329));
#5922=CARTESIAN_POINT('',(0.0165073120347604,-0.0493563760029492,0.00582182532494329));
#5923=CARTESIAN_POINT('',(0.0285926109336434,-0.0911293657475169,0.00582182532494329));
#5924=CARTESIAN_POINT('',(0.0309017154176077,-0.0717250128480127,0.00582182532494329));
#5925=CARTESIAN_POINT('',(-0.0211340177897503,-0.344618817342729,0.05));
#5926=CARTESIAN_POINT('',(0.00243684113118611,-0.000721613911084329,0.05));
#5927=CARTESIAN_POINT('',(0.0309017154176077,-0.0717250128480127,0.05));
#5928=CARTESIAN_POINT('',(0.0285926109336434,-0.0911293657475169,0.05));
#5929=CARTESIAN_POINT('',(-0.0272672142318003,-0.283595053874183,0.045));
#5930=CARTESIAN_POINT('',(0.00504341007929007,-0.00973125271676725,0.045));
#5931=CARTESIAN_POINT('',(-0.0162154821365812,-0.0197792027842212,0.045));
#5932=CARTESIAN_POINT('',(0.0244473009315694,-0.0768010488681803,0.045));
#5933=CARTESIAN_POINT('',(0.0149529550773785,-0.0439837213600329,0.));
#5934=CARTESIAN_POINT('',(0.0162084212124348,-0.00575812855362895,-2.43945488809238E-18));
#5935=CARTESIAN_POINT('',(0.0534933337933216,-0.0717823172384922,5.64632162639717E-18));
#5936=CARTESIAN_POINT('',(0.0830293596941757,-0.0307150216954214,0.));
#5937=CARTESIAN_POINT('',(0.,0.,0.));
#5938=CARTESIAN_POINT('',(0.0532301705267662,-0.0281434603677008,0.005));
#5939=CARTESIAN_POINT('',(-0.00369260231450398,-0.0116751939556844,0.005));
#5940=CARTESIAN_POINT('',(-0.00304341007929009,-0.00943125271676724,0.005));
#5941=CARTESIAN_POINT('',(-0.0224473009315694,-0.0765010488681803,0.005));
#5942=CARTESIAN_POINT('',(0.0292672142318003,-0.283295053874184,0.005));
#5943=CARTESIAN_POINT('',(-0.0478807328929557,-0.0185431846037341,0.005));
#5944=CARTESIAN_POINT('',(-0.0409537383088739,-0.0343371799295187,0.005));
#5945=CARTESIAN_POINT('',(-0.0502952499072304,-0.0488344108160217,0.005));
#5946=CARTESIAN_POINT('',(-0.0415649584709438,-0.0581298913287365,0.005));
#5947=CARTESIAN_POINT('',(-0.0328346670346573,-0.0674253718414514,0.005));
#5948=CARTESIAN_POINT('',(0.0182154821365812,-0.0194792027842212,0.005));
#5949=CARTESIAN_POINT('',(0.0182154821365812,-0.0194792027842212,0.045));
#5950=CARTESIAN_POINT('',(0.0182154821365812,-0.0194792027842212,0.0058218253249433));
#5951=CARTESIAN_POINT('',(-0.0224473009315694,-0.0765010488681803,0.0058218253249433));
#5952=CARTESIAN_POINT('',(-0.0328346670346572,-0.0674253718414514,0.00582182532494329));
#5953=CARTESIAN_POINT('',(-0.0224473009315694,-0.0765010488681803,0.045));
#5954=CARTESIAN_POINT('',(-0.0328346670346573,-0.0674253718414514,0.045));
#5955=CARTESIAN_POINT('',(0.0292672142318003,-0.283295053874184,0.045));
#5956=CARTESIAN_POINT('',(-0.00304341007929009,-0.00943125271676727,0.045));
#5957=CARTESIAN_POINT('',(-0.00304341007929009,-0.00943125271676727,0.00582182532494329));
#5958=CARTESIAN_POINT('',(0.0292672142318003,-0.283295053874184,0.00582182532494329));
#5959=CARTESIAN_POINT('',(-0.0478807328929557,-0.0185431846037341,0.0058218253249433));
#5960=CARTESIAN_POINT('',(-0.0478807328929557,-0.0185431846037341,0.045));
#5961=CARTESIAN_POINT('',(-0.0225846347607294,-0.0909170480778313,0.00582182532494329));
#5962=CARTESIAN_POINT('',(-0.0811318386332967,-0.0314091336990171,0.00582182532494329));
#5963=CARTESIAN_POINT('',(-0.0828818386332967,-0.0314091336990171,0.00582182532494329));
#5964=CARTESIAN_POINT('',(-0.0514933337933216,-0.0714823172384921,0.00582182532494329));
#5965=CARTESIAN_POINT('',(-0.0532433337933216,-0.0714823172384921,0.00582182532494329));
#5966=CARTESIAN_POINT('',(-0.0142084212124348,-0.00545812855362889,0.00582182532494329));
#5967=CARTESIAN_POINT('',(-0.0159584212124348,-0.00545812855362889,0.00582182532494329));
#5968=CARTESIAN_POINT('',(-0.0263064625120086,-0.0898402900794356,0.00582182532494329));
#5969=CARTESIAN_POINT('',(-0.000436841131186153,-0.000421613911084348,0.0058218253249433));
#5970=CARTESIAN_POINT('',(0.0231340177897504,-0.344318817342729,0.0058218253249433));
#5971=CARTESIAN_POINT('',(-0.0733009161161946,-0.0133789807546676,0.0058218253249433));
#5972=CARTESIAN_POINT('',(-0.0646421728860923,-0.0331214749118984,0.0058218253249433));
#5973=CARTESIAN_POINT('',(-0.076319062384038,-0.0512430135200271,0.0058218253249433));
#5974=CARTESIAN_POINT('',(-0.0654061980886798,-0.0628623641609207,0.00582182532494329));
#5975=CARTESIAN_POINT('',(-0.0544933337933216,-0.0744817148018142,0.00582182532494329));
#5976=CARTESIAN_POINT('',(0.00931935267072656,-0.0145490034802766,0.0058218253249433));
#5977=CARTESIAN_POINT('',(-0.0352187960744859,-0.0899170480778313,0.0058218253249433));
#5978=CARTESIAN_POINT('',(-0.0289017154176077,-0.0714250128480127,0.00582182532494329));
#5979=CARTESIAN_POINT('',(-0.0265926109336434,-0.0908293657475169,0.00582182532494329));
#5980=CARTESIAN_POINT('',(-0.0263064625120086,-0.0898402900794356,0.00582182532494329));
#5981=CARTESIAN_POINT('',(-0.0415649584709438,-0.0581298913287365,0.00582182532494329));
#5982=CARTESIAN_POINT('',(-0.0502952499072304,-0.0488344108160217,0.0058218253249433));
#5983=CARTESIAN_POINT('',(-0.0409537383088739,-0.0343371799295187,0.0058218253249433));
#5984=CARTESIAN_POINT('',(0.0530877131584578,-0.025379325459626,1.38777878078145E-17));
#5985=CARTESIAN_POINT('',(-0.0811318386332967,-0.0314091336990171,1.38777878078145E-17));
#5986=CARTESIAN_POINT('',(-0.0793818386332967,-0.0314091336990171,1.38777878078145E-17));
#5987=CARTESIAN_POINT('',(-0.0514933337933216,-0.0714823172384921,1.95241094342117E-17));
#5988=CARTESIAN_POINT('',(-0.0497433337933216,-0.0714823172384921,1.95241094342117E-17));
#5989=CARTESIAN_POINT('',(-0.0142084212124348,-0.00545812855362889,1.14383329197221E-17));
#5990=CARTESIAN_POINT('',(-0.0124584212124348,-0.00545812855362889,1.14383329197221E-17));
#5991=CARTESIAN_POINT('',(0.0231340177897504,-0.344318817342729,5.55111512312578E-17));
#5992=CARTESIAN_POINT('',(-0.000436841131186153,-0.000421613911084348,1.33958902894288E-17));
#5993=CARTESIAN_POINT('',(-0.0733009161161946,-0.0133789807546676,6.93889390390723E-18));
#5994=CARTESIAN_POINT('',(-0.0029656801723131,-0.00916257830216131,1.18918090579173E-17));
#5995=CARTESIAN_POINT('',(-0.0265926109336434,-0.0908293657475169,1.38777878078145E-17));
#5996=CARTESIAN_POINT('',(-0.0289017154176077,-0.0714250128480127,1.38777878078145E-17));
#5997=CARTESIAN_POINT('',(-0.0352187960744859,-0.0899170480778313,2.08166817117217E-17));
#5998=CARTESIAN_POINT('',(0.00931935267072656,-0.0145490034802766,6.93889390390723E-18));
#5999=CARTESIAN_POINT('',(-0.0544933337933216,-0.0744817148018142,2.08166817117217E-17));
#6000=CARTESIAN_POINT('',(-0.0654061980886798,-0.0628623641609207,2.08166817117217E-17));
#6001=CARTESIAN_POINT('',(-0.076319062384038,-0.0512430135200271,2.08166817117217E-17));
#6002=CARTESIAN_POINT('',(-0.0646421728860923,-0.0331214749118984,1.38777878078145E-17));
#6003=CARTESIAN_POINT('',(0.0231340177897504,-0.344318817342729,0.05));
#6004=CARTESIAN_POINT('',(-0.000436841131186153,-0.000421613911084292,0.05));
#6005=CARTESIAN_POINT('',(-0.0733009161161946,-0.0133789807546676,0.05));
#6006=CARTESIAN_POINT('',(-0.0289017154176077,-0.0714250128480127,0.05));
#6007=CARTESIAN_POINT('',(-0.0265926109336434,-0.0908293657475169,0.05));
#6008=CARTESIAN_POINT('',(-0.0352187960744859,-0.0899170480778313,0.05));
#6009=CARTESIAN_POINT('',(-0.0409537383088739,-0.0343371799295187,0.045));
#6010=CARTESIAN_POINT('',(-0.0502952499072304,-0.0488344108160217,0.045));
#6011=CARTESIAN_POINT('',(-0.0415649584709438,-0.0581298913287365,0.045));
#6012=CARTESIAN_POINT('',(-0.0646421728860923,-0.0331214749118984,0.05));
#6013=CARTESIAN_POINT('',(-0.076319062384038,-0.0512430135200271,0.05));
#6014=CARTESIAN_POINT('',(-0.0654061980886798,-0.0628623641609207,0.05));
#6015=CARTESIAN_POINT('',(-0.0544933337933216,-0.0744817148018142,0.05));
#6016=CARTESIAN_POINT('',(0.00931935267072656,-0.0145490034802766,0.05));
#6017=CARTESIAN_POINT('',(-0.0129529550773785,-0.0436837213600328,0.));
#6018=CARTESIAN_POINT('',(-0.0142084212124348,-0.00545812855362889,-2.43945488809238E-18));
#6019=CARTESIAN_POINT('',(-0.0514933337933216,-0.0714823172384921,5.64632162639717E-18));
#6020=CARTESIAN_POINT('',(-0.0811318386332967,-0.0314091336990171,0.));
#6021=CARTESIAN_POINT('',(0.,0.,0.));
#6022=CARTESIAN_POINT('',(0.0219610596621817,0.0492805010058081,0.00899999532494329));
#6023=CARTESIAN_POINT('',(0.0303674445042037,0.0202237246088973,0.03917817));
#6024=CARTESIAN_POINT('',(0.0303674445042038,0.0202237246088973,0.0143499953249433));
#6025=CARTESIAN_POINT('',(0.0303674445042037,0.0202237246088973,0.0149999953249433));
#6026=CARTESIAN_POINT('',(0.029619659699173,0.022808452322548,0.0143499953249433));
#6027=CARTESIAN_POINT('',(0.0267432700404623,0.0327507298549478,0.0143499953249433));
#6028=CARTESIAN_POINT('',(0.0267432700404623,0.0327507298549478,0.0084999953249433));
#6029=CARTESIAN_POINT('',(0.0267432700404623,0.0327507298549478,0.00264999532494329));
#6030=CARTESIAN_POINT('',(0.029619659699173,0.022808452322548,0.00264999532494329));
#6031=CARTESIAN_POINT('',(0.0303674445042038,0.0202237246088973,0.00264999532494329));
#6032=CARTESIAN_POINT('',(0.0303674445042037,0.0202237246088973,0.03917817));
#6033=CARTESIAN_POINT('',(0.0303674445042037,0.0202237246088973,0.00199999532494329));
#6034=CARTESIAN_POINT('',(0.029619659699173,0.022808452322548,0.00199999532494329));
#6035=CARTESIAN_POINT('',(0.0264236711894945,0.0338554273585477,0.00199999532494329));
#6036=CARTESIAN_POINT('',(0.0264236711894945,0.0338554273585477,0.0084999953249433));
#6037=CARTESIAN_POINT('',(0.0264236711894945,0.0338554273585477,0.0149999953249433));
#6038=CARTESIAN_POINT('',(0.029619659699173,0.022808452322548,0.0149999953249433));
#6039=CARTESIAN_POINT('',(0.0219610596621817,0.0492805010058081,0.00899999532494329));
#6040=CARTESIAN_POINT('',(0.0145386848628624,0.074936034142929,0.00949999532494329));
#6041=CARTESIAN_POINT('',(0.0145386848628624,0.074936034142929,0.0153499953249433));
#6042=CARTESIAN_POINT('',(0.0145386848628624,0.074936034142929,0.00364999532494329));
#6043=CARTESIAN_POINT('',(0.0129128994035912,0.0805555823134159,0.0153499953249433));
#6044=CARTESIAN_POINT('',(0.0126199303040414,0.0815682337416812,0.0153499953249433));
#6045=CARTESIAN_POINT('',(0.0126199303040415,0.0815682337416812,0.03917817));
#6046=CARTESIAN_POINT('',(0.0126199303040414,0.0815682337416812,0.0159999953249433));
#6047=CARTESIAN_POINT('',(0.0129128994035912,0.0805555823134159,0.0159999953249433));
#6048=CARTESIAN_POINT('',(0.0147193276916703,0.0743116399017638,0.0159999953249433));
#6049=CARTESIAN_POINT('',(0.0147193276916703,0.0743116399017638,0.00949999532494329));
#6050=CARTESIAN_POINT('',(0.0147193276916703,0.0743116399017638,0.0029999953249433));
#6051=CARTESIAN_POINT('',(0.0129128994035912,0.0805555823134159,0.0029999953249433));
#6052=CARTESIAN_POINT('',(0.0126199303040415,0.0815682337416812,0.0029999953249433));
#6053=CARTESIAN_POINT('',(0.0126199303040415,0.0815682337416812,0.03917817));
#6054=CARTESIAN_POINT('',(0.0126199303040414,0.0815682337416812,0.00364999532494329));
#6055=CARTESIAN_POINT('',(0.0129128994035912,0.0805555823134159,0.00364999532494329));
#6056=CARTESIAN_POINT('',(-0.00183232913470084,0.0280145316781892,0.04417817));
#6057=CARTESIAN_POINT('',(0.0236974889423222,0.0180906858335632,0.04417817));
#6058=CARTESIAN_POINT('',(0.0236974889423222,0.0180906858335632,0.0224992168794304));
#6059=CARTESIAN_POINT('',(0.0236972838956079,0.0180915406041284,0.0343042847809495));
#6060=CARTESIAN_POINT('',(-0.00652056556467318,0.0298369236542636,0.0288664417730935));
#6061=CARTESIAN_POINT('',(0.0304954732316365,0.015448201349819,0.0210668184176555));
#6062=CARTESIAN_POINT('',(0.0304954732316365,0.015448201349819,0.04417817));
#6063=CARTESIAN_POINT('',(0.0304950143802409,0.0154485559275794,0.0347462509135998));
#6064=CARTESIAN_POINT('',(0.0304953947157021,0.0154488343068879,0.0347420206720595));
#6065=CARTESIAN_POINT('',(0.0282294195100055,0.0163296548658607,0.034596253934866));
#6066=CARTESIAN_POINT('',(0.0259634481568848,0.0172104739272761,0.0344504183153898));
#6067=CARTESIAN_POINT('',(0.0236974889423223,0.0180912882702411,0.0343043656640949));
#6068=CARTESIAN_POINT('',(-0.00731935267072657,0.0774509965197234,0.04417817));
#6069=CARTESIAN_POINT('',(0.037218796074486,0.00208295192216865,0.04417817));
#6070=CARTESIAN_POINT('',(0.037218796074486,0.00208295192216865,0.0138218206498866));
#6071=CARTESIAN_POINT('',(0.037218796074486,0.00208295192216865,-4.67505670981305E-9));
#6072=CARTESIAN_POINT('',(-0.00731935267072657,0.0774509965197234,-4.67505670287416E-9));
#6073=CARTESIAN_POINT('',(0.0564933337933216,0.0175182851981858,-4.67505670981305E-9));
#6074=CARTESIAN_POINT('',(0.0564933337933216,0.0175182851981858,0.04417817));
#6075=CARTESIAN_POINT('',(0.0564933337933216,0.0175182851981858,0.0343993492294209));
#6076=CARTESIAN_POINT('',(0.0564933337933216,0.0175182851981858,0.04417817));
#6077=CARTESIAN_POINT('',(0.0564933337933216,0.0175182851981858,0.0344051897506017));
#6078=CARTESIAN_POINT('',(-0.00731935267072657,0.0774509965197234,0.044988880628964));
#6079=CARTESIAN_POINT('',(0.0563947162766067,0.0174134561113744,0.0344215460171991));
#6080=CARTESIAN_POINT('',(0.0563947162766067,0.0174134561113744,0.0314494082311263));
#6081=CARTESIAN_POINT('',(0.0563947162766091,0.017413456111377,0.0221321143218581));
#6082=CARTESIAN_POINT('',(-0.00731935267072657,0.0774509965197234,0.0546763661646605));
#6083=CARTESIAN_POINT('',(0.0666421728860923,0.0588785250881016,0.04417817));
#6084=CARTESIAN_POINT('',(0.078319062384038,0.0407569864799728,0.04417817));
#6085=CARTESIAN_POINT('',(0.078319062384038,0.0407569864799728,0.0304026031368823));
#6086=CARTESIAN_POINT('',(0.078319062384038,0.0407569864799728,-4.67505670981305E-9));
#6087=CARTESIAN_POINT('',(0.0666421728860923,0.0588785250881016,-4.67505670287416E-9));
#6088=CARTESIAN_POINT('',(0.0753009161161946,0.0786210192453323,-4.67505670287416E-9));
#6089=CARTESIAN_POINT('',(0.0753009161161946,0.0786210192453323,0.04417817));
#6090=CARTESIAN_POINT('',(0.0753009161161946,0.0786210192453324,0.0223498175579954));
#6091=CARTESIAN_POINT('',(0.0753009161161946,0.0786210192453324,0.0223498175579954));
#6092=CARTESIAN_POINT('',(0.0771109844171433,0.0778271521421163,0.0225364016568986));
#6093=CARTESIAN_POINT('',(0.0795925921443457,0.0763063780707535,0.0228933882161673));
#6094=CARTESIAN_POINT('',(0.0824631769981572,0.0736186648528208,0.023519203936722));
#6095=CARTESIAN_POINT('',(0.0848921647164699,0.0706341355728819,0.0242092749656068));
#6096=CARTESIAN_POINT('',(0.0867074396333808,0.0671601736037309,0.0250017014280967));
#6097=CARTESIAN_POINT('',(0.0877675693924673,0.0634867569329465,0.0258208126674354));
#6098=CARTESIAN_POINT('',(0.0883381630406624,0.0596422907777873,0.0266628730433776));
#6099=CARTESIAN_POINT('',(0.0881327646184035,0.0558030634691124,0.0274775143820696));
#6100=CARTESIAN_POINT('',(0.0871542549313641,0.0520388028462492,0.0282454976788233));
#6101=CARTESIAN_POINT('',(0.0860659463667015,0.0493771376349581,0.028773977129897));
#6102=CARTESIAN_POINT('',(0.0845949177175078,0.0468246797910782,0.0292687865872241));
#6103=CARTESIAN_POINT('',(0.0822270003134251,0.0437652264173339,0.0298494032453522));
#6104=CARTESIAN_POINT('',(0.0799795818035523,0.0418269674672475,0.0302070413937072));
#6105=CARTESIAN_POINT('',(0.078319062384038,0.0407569864799728,0.0304026031368823));
#6106=CARTESIAN_POINT('',(-0.0211340177897504,-0.252318817342729,0.04417817));
#6107=CARTESIAN_POINT('',(0.0024368411311861,0.0915783860889157,0.04417817));
#6108=CARTESIAN_POINT('',(0.00243684113118481,0.0915783860889202,0.0192911746855619));
#6109=CARTESIAN_POINT('',(0.0024368411311861,0.0915783860889157,-4.67505670287416E-9));
#6110=CARTESIAN_POINT('',(0.00243684113118404,0.0915783860889159,0.019291174685563));
#6111=CARTESIAN_POINT('',(0.0271818443042414,0.0898823531669555,0.0196901070636074));
#6112=CARTESIAN_POINT('',(0.0514698995530702,0.0855653101801132,0.0207176876191954));
#6113=CARTESIAN_POINT('',(0.0753009161161945,0.0786210192453323,0.0223498175579954));
#6114=CARTESIAN_POINT('',(-0.0211340177897504,-0.252318817342729,-4.67505670287416E-9));
#6115=CARTESIAN_POINT('',(0.0674061980886798,0.0291376358390793,0.04417817));
#6116=CARTESIAN_POINT('',(0.0674061980886798,0.0291376358390793,-4.67505670981305E-9));
#6117=CARTESIAN_POINT('',(0.078319062384038,0.0407569864799728,0.0304026031368823));
#6118=CARTESIAN_POINT('',(0.071050871509784,0.0330182612464132,0.0318170194813097));
#6119=CARTESIAN_POINT('',(0.0637726831823225,0.0252688913359669,0.0331149485243327));
#6120=CARTESIAN_POINT('',(0.0564933337933217,0.0175182851981858,0.0343993492294209));
#6121=CARTESIAN_POINT('',(0.0309017154176077,0.0205749871519873,0.04417817));
#6122=CARTESIAN_POINT('',(0.0285926109336434,0.00117063425248309,0.04417817));
#6123=CARTESIAN_POINT('',(0.0285926109336434,0.00117063425248309,-4.67505670981305E-9));
#6124=CARTESIAN_POINT('',(0.0285929386932781,0.00116950467885385,0.0133268246471604));
#6125=CARTESIAN_POINT('',(0.0309017154176077,0.0205749871519873,-4.67505670981305E-9));
#6126=CARTESIAN_POINT('',(0.0309017154176077,0.0205743847153094,0.0238455432172429));
#6127=CARTESIAN_POINT('',(-0.0162154821365812,0.0725207972157787,0.03917817));
#6128=CARTESIAN_POINT('',(0.0303674445042037,0.0202237246088973,0.03917817));
#6129=CARTESIAN_POINT('',(-0.0162154821365812,0.0725207972157787,0.0149999953249433));
#6130=CARTESIAN_POINT('',(0.0244473009315694,0.0154989511318197,0.0149999953249433));
#6131=CARTESIAN_POINT('',(0.0244473009315694,0.0154989511318197,0.03917817));
#6132=CARTESIAN_POINT('',(0.0244473009315694,0.0154989511318197,0.0166671775585183));
#6133=CARTESIAN_POINT('',(-0.0162154821365812,0.0725207972157787,0.0475767269317284));
#6134=CARTESIAN_POINT('',(0.0347557730212873,0.0244907648891015,0.0215413254574865));
#6135=CARTESIAN_POINT('',(0.0347557730212853,0.0244907648890995,0.0289951605849011));
#6136=CARTESIAN_POINT('',(0.0347557730212853,0.0244907648890995,0.0313728708137593));
#6137=CARTESIAN_POINT('',(-0.0162154821365812,0.0725207972157787,0.0398267385031712));
#6138=CARTESIAN_POINT('',(0.0348346670346572,0.0245746281585486,0.0313597858004813));
#6139=CARTESIAN_POINT('',(0.0348346670346572,0.0245746281585486,0.03917817));
#6140=CARTESIAN_POINT('',(0.0348346670346574,0.0245746281585486,0.0313551133835367));
#6141=CARTESIAN_POINT('',(0.0348346670346572,0.0245746281585486,0.03917817));
#6142=CARTESIAN_POINT('',(0.0348346670346572,0.0245746281585486,-4.67505670287416E-9));
#6143=CARTESIAN_POINT('',(-0.0162154821365812,0.0725207972157787,-4.67505670287416E-9));
#6144=CARTESIAN_POINT('',(0.0244473009315694,0.0154989511318197,-4.67505670287416E-9));
#6145=CARTESIAN_POINT('',(0.0244473009315694,0.0154989511318197,0.03917817));
#6146=CARTESIAN_POINT('',(0.0244473009315694,0.0154989511318197,0.00199999532494329));
#6147=CARTESIAN_POINT('',(-0.0162154821365812,0.0725207972157787,0.00199999532494329));
#6148=CARTESIAN_POINT('',(0.0429537383088739,0.0576628200704813,0.03917817));
#6149=CARTESIAN_POINT('',(0.0429537383088739,0.0576628200704813,-4.67505670287416E-9));
#6150=CARTESIAN_POINT('',(0.0522952499072304,0.0431655891839783,-4.67505670287416E-9));
#6151=CARTESIAN_POINT('',(0.0498807328929557,0.0734568153962658,-4.67505670981305E-9));
#6152=CARTESIAN_POINT('',(0.0522952499072304,0.0431655891839783,0.03917817));
#6153=CARTESIAN_POINT('',(0.0522952499072304,0.0431655891839783,0.0281577165095058));
#6154=CARTESIAN_POINT('',(0.0498807328929557,0.0734568153962659,0.0217154880463964));
#6155=CARTESIAN_POINT('',(0.0513287875337147,0.072821721713693,0.0218647553255189));
#6156=CARTESIAN_POINT('',(0.0533140737154765,0.0716051024566028,0.0221503445729338));
#6157=CARTESIAN_POINT('',(0.0556105415985258,0.0694549318822567,0.0226509971493776));
#6158=CARTESIAN_POINT('',(0.0575537317731759,0.0670673084583055,0.0232030539724855));
#6159=CARTESIAN_POINT('',(0.0590059517067046,0.0642881388829847,0.0238369951424774));
#6160=CARTESIAN_POINT('',(0.0598540555139739,0.0613494055463572,0.0244922841339483));
#6161=CARTESIAN_POINT('',(0.0603105304325299,0.0582738326222299,0.0251659324347021));
#6162=CARTESIAN_POINT('',(0.0601462116947229,0.0552024507752899,0.0258176455056557));
#6163=CARTESIAN_POINT('',(0.0593634039450913,0.0521910422769993,0.0264320321430586));
#6164=CARTESIAN_POINT('',(0.0584927570933612,0.0500617101079665,0.0268548157039176));
#6165=CARTESIAN_POINT('',(0.0573159341740062,0.0480197438328625,0.0272506632697793));
#6166=CARTESIAN_POINT('',(0.0554216002507401,0.0455721811338672,0.0277151565962818));
#6167=CARTESIAN_POINT('',(0.0536236654428418,0.044021573973798,0.0280012671149657));
#6168=CARTESIAN_POINT('',(0.0522952499072304,0.0431655891839783,0.0281577165095058));
#6169=CARTESIAN_POINT('',(0.0498807328929557,0.0734568153962659,0.0217154880463964));
#6170=CARTESIAN_POINT('',(0.0498807328929557,0.0734568153962658,0.03917817));
#6171=CARTESIAN_POINT('',(-0.0272672142318003,-0.191295053874183,0.03917817));
#6172=CARTESIAN_POINT('',(0.00504341007929007,0.0825687472832327,0.03917817));
#6173=CARTESIAN_POINT('',(0.00504341007929039,0.0825687472832315,0.0195639010487747));
#6174=CARTESIAN_POINT('',(0.00504341007929022,0.0825687472832321,0.0159999953249433));
#6175=CARTESIAN_POINT('',(-0.0272672142318003,-0.191295053874183,0.0159999953249433));
#6176=CARTESIAN_POINT('',(0.0126199303040415,0.0815682337416812,0.03917817));
#6177=CARTESIAN_POINT('',(-0.0272672142318003,-0.191295053874183,0.0029999953249433));
#6178=CARTESIAN_POINT('',(0.00504341007929022,0.0825687472832321,0.0029999953249433));
#6179=CARTESIAN_POINT('',(0.00504341007929007,0.0825687472832327,0.03917817));
#6180=CARTESIAN_POINT('',(0.00504341007929007,0.0825687472832327,-4.67505670981305E-9));
#6181=CARTESIAN_POINT('',(-0.0272672142318003,-0.191295053874183,-4.67505670981305E-9));
#6182=CARTESIAN_POINT('',(0.0050434100792906,0.0825687472832328,0.0195639010487743));
#6183=CARTESIAN_POINT('',(0.0202066633086042,0.0807797770858,0.0199857194896007));
#6184=CARTESIAN_POINT('',(0.0351532572752014,0.077748360205262,0.0207068380874232));
#6185=CARTESIAN_POINT('',(0.0498807328929556,0.0734568153962658,0.0217154880463964));
#6186=CARTESIAN_POINT('',(0.0435649584709438,0.0338701086712634,0.03917817));
#6187=CARTESIAN_POINT('',(0.0435649584709438,0.0338701086712634,-4.67505670981305E-9));
#6188=CARTESIAN_POINT('',(0.0522952499072304,0.0431655891839783,0.0281577165095058));
#6189=CARTESIAN_POINT('',(0.0464806972078272,0.0369746089971306,0.0292892495850477));
#6190=CARTESIAN_POINT('',(0.040658146545858,0.0307751130687735,0.0303275928194661));
#6191=CARTESIAN_POINT('',(0.0348346670346574,0.0245746281585486,0.0313551133835367));
#6192=CARTESIAN_POINT('',(0.0149529550773785,0.0483168810766451,0.01917817));
#6193=CARTESIAN_POINT('',(0.0236974889423223,0.018091288270241,0.0343043656640949));
#6194=CARTESIAN_POINT('',(0.02076674575421,0.0282214394700836,0.0326246298008314));
#6195=CARTESIAN_POINT('',(0.0163710126245568,0.043415347083062,0.0300772303830389));
#6196=CARTESIAN_POINT('',(0.010552047172111,0.0635286753675187,0.0258665288202891));
#6197=CARTESIAN_POINT('',(0.00765578193361463,0.0735396530948825,0.0235439242380106));
#6198=CARTESIAN_POINT('',(0.00620842121243475,0.078542473883049,0.0223682768521614));
#6199=CARTESIAN_POINT('',(0.00620842121243482,0.078542473883049,0.0223682768521614));
#6200=CARTESIAN_POINT('',(0.0143385247161573,0.0504406674548551,0.0289721142998455));
#6201=CARTESIAN_POINT('',(0.0236976853166927,0.0180906094997258,0.0365742776947401));
#6202=CARTESIAN_POINT('',(0.0236976853166927,0.0180906094997258,0.04417817));
#6203=CARTESIAN_POINT('',(0.0888414147958435,0.0920488333442609,0.0191805658956997));
#6204=CARTESIAN_POINT('',(0.00192150570177332,0.0920488333442609,0.0191805658956997));
#6205=CARTESIAN_POINT('',(0.0888414147958435,0.0788244199625542,0.022288445326387));
#6206=CARTESIAN_POINT('',(0.00192150570177332,0.0788244199625542,0.022288445326387));
#6207=CARTESIAN_POINT('',(0.0888414147958436,0.0523069355222513,0.0287421553268637));
#6208=CARTESIAN_POINT('',(0.00192150570177339,0.0523069355222513,0.0287421553268637));
#6209=CARTESIAN_POINT('',(0.0888414147958435,0.0245208047981081,0.0332387011142785));
#6210=CARTESIAN_POINT('',(0.00192150570177331,0.024520804798108,0.0332387011142785));
#6211=CARTESIAN_POINT('',(0.0888414147958435,0.0106444450084808,0.0355372625936557));
#6212=CARTESIAN_POINT('',(0.00192150570177332,0.0106444450084808,0.0355372625936557));
#6213=CARTESIAN_POINT('',(0.0488592884659767,0.0645921930551529,0.0255738033187403));
#6214=CARTESIAN_POINT('',(0.0488592884659767,0.0564731146703478,0.0273804385024199));
#6215=CARTESIAN_POINT('',(0.0488592884659767,0.0483215680570456,0.0290264029701707));
#6216=CARTESIAN_POINT('',(0.0488592884659767,0.0401383072018624,0.0305154278639438));
#6217=CARTESIAN_POINT('',(0.0488592884659767,0.0645921930551529,0.0255738033187403));
#6218=CARTESIAN_POINT('',(0.0488592884659767,0.0401383072018623,0.0305154278639438));
#6219=CARTESIAN_POINT('',(0.0453814602488085,0.0401383072018624,0.0305154278639438));
#6220=CARTESIAN_POINT('',(0.0242770365595818,0.0401383072018623,0.0305154278639438));
#6221=CARTESIAN_POINT('',(0.0242770365595818,0.0401383072018623,0.0305154278639438));
#6222=CARTESIAN_POINT('',(0.0242770365595818,0.0483215680570456,0.0290264029701707));
#6223=CARTESIAN_POINT('',(0.0242770365595818,0.0564731146703478,0.0273804385024199));
#6224=CARTESIAN_POINT('',(0.0242770365595818,0.0645921930551529,0.0255738033187403));
#6225=CARTESIAN_POINT('',(0.0242770365595818,0.0645921930551529,0.0255738033187403));
#6226=CARTESIAN_POINT('',(0.0453814602488084,0.0645921930551529,0.0255738033187403));
#6227=CARTESIAN_POINT('',(0.00243684113118486,0.0915783860889202,0.019291174685562));
#6228=CARTESIAN_POINT('',(0.00369405980058674,0.0872327937272404,0.020313323178324));
#6229=CARTESIAN_POINT('',(0.00495057371825634,0.0828896373489093,0.0213467042250823));
#6230=CARTESIAN_POINT('',(0.00620784880782641,0.0785438499701987,0.0223679534755202));
#6231=CARTESIAN_POINT('',(0.00620784880781807,0.0785438499702275,0.0223679534759378));
#6232=CARTESIAN_POINT('',(0.00620784880782892,0.0785438499702014,0.0223679534755196));
#6233=CARTESIAN_POINT('',(0.00620803962120908,0.0785433912817343,0.0223680612661711));
#6234=CARTESIAN_POINT('',(0.00620823042274458,0.078542932586017,0.0223681690583851));
#6235=CARTESIAN_POINT('',(0.0062084212124349,0.0785424738830491,0.0223682768521614));
#6236=CARTESIAN_POINT('',(0.0549122257476883,0.0160141414997764,0.0346484571998255));
#6237=CARTESIAN_POINT('',(0.0532470347507772,0.0145996512425806,0.0348825992157658));
#6238=CARTESIAN_POINT('',(0.0503538039935262,0.0128887767661369,0.0351655695882493));
#6239=CARTESIAN_POINT('',(0.0461344059745025,0.011676389933393,0.0353663253748308));
#6240=CARTESIAN_POINT('',(0.0428095913118536,0.0113118370201293,0.0354267126715524));
#6241=CARTESIAN_POINT('',(0.0395235838498626,0.0115133163159973,0.0353933343701799));
#6242=CARTESIAN_POINT('',(0.036269894921785,0.0122809796826743,0.0352662083041417));
#6243=CARTESIAN_POINT('',(0.0332472894263891,0.0135663922153251,0.0350534781774078));
#6244=CARTESIAN_POINT('',(0.0313715196066864,0.0147718801224955,0.0348540496212044));
#6245=CARTESIAN_POINT('',(0.0304954732316365,0.015448803786497,0.0347420257228701));
#6246=CARTESIAN_POINT('',(0.0549122257476887,0.016014141499776,0.0346484571998256));
#6247=CARTESIAN_POINT('',(0.0549122257476887,0.016014141499776,0.0346484571998255));
#6248=CARTESIAN_POINT('',(0.0550359737486035,0.0161238869383902,0.0346302909253626));
#6249=CARTESIAN_POINT('',(0.0551597263928848,0.0162336270286029,0.0346121239692509));
#6250=CARTESIAN_POINT('',(0.055283484530449,0.0163433607914484,0.0345939562067222));
#6251=CARTESIAN_POINT('',(0.0552834845304489,0.0163433607914484,0.0345939562067222));
#6252=CARTESIAN_POINT('',(0.0410922192211633,0.0163433607914484,0.0345939562067222));
#6253=CARTESIAN_POINT('',(0.0552898027810906,0.0163433607914484,0.0345939562067222));
#6254=CARTESIAN_POINT('',(0.0564933337933216,0.0175182851981858,0.0343993492294209));
#6255=CARTESIAN_POINT('',(0.0561072864471805,0.0171072455886574,0.0344674651360884));
#6256=CARTESIAN_POINT('',(0.0557059632971596,0.0167157903691479,0.0345322959487412));
#6257=CARTESIAN_POINT('',(0.0552898027810906,0.0163433607914485,0.0345939562067222));
#6258=CARTESIAN_POINT('',(-0.1634,0.020657813462615,0.0238907670246271));
#6259=CARTESIAN_POINT('',(0.0116317865813807,0.0597959398948591,0.0451061771597384));
#6260=CARTESIAN_POINT('',(0.0423550283304973,0.0307963429595323,0.0293865094387765));
#6261=CARTESIAN_POINT('',(-0.00183232913470084,0.0280145316781892,0.04417817));
#6262=CARTESIAN_POINT('',(0.0236974889423222,0.0180906858335632,0.04417817));
#6263=CARTESIAN_POINT('',(0.0236974889423222,0.0180906858335632,0.0365742597565248));
#6264=CARTESIAN_POINT('',(-0.00104952090903099,0.0277102416854436,0.0343136939339305));
#6265=CARTESIAN_POINT('',(0.0423550283304973,0.0307969453962103,0.01917817));
#6266=CARTESIAN_POINT('',(0.0423550283304973,0.0307969453962103,0.0345939562067222));
#6267=CARTESIAN_POINT('',(0.0553551963686943,0.0164021501912283,0.0345939562067222));
#6268=CARTESIAN_POINT('',(0.0423550283304973,0.0307969453962103,0.0367501067703027));
#6269=CARTESIAN_POINT('',(0.0423550283304973,0.0307963429595323,0.04417817));
#6270=CARTESIAN_POINT('',(0.0423550283304973,0.0307963429595323,0.0367501067703027));
#6271=CARTESIAN_POINT('',(0.0553551963686943,0.0164015477545505,0.0345939562067222));
#6272=CARTESIAN_POINT('',(0.0423550283304973,0.0307963429595323,0.0345939562067222));
#6273=CARTESIAN_POINT('',(0.0552834845304489,0.0163371065239296,0.0345939562067222));
#6274=CARTESIAN_POINT('',(0.0423550283304973,0.0307963429595323,0.0364918606736573));
#6275=CARTESIAN_POINT('',(0.0542899421572685,0.015506727857697,0.0347398087724876));
#6276=CARTESIAN_POINT('',(0.0423550283304973,0.0307963429595323,0.0362119361186649));
#6277=CARTESIAN_POINT('',(0.0531878150224686,0.0147070536495293,0.0348757520660591));
#6278=CARTESIAN_POINT('',(0.0423550283304973,0.0307963429595323,0.0359846339092548));
#6279=CARTESIAN_POINT('',(0.0525712124228477,0.0143086481356361,0.0349388696595859));
#6280=CARTESIAN_POINT('',(0.0423550283304973,0.0307963429595323,0.0359152103870126));
#6281=CARTESIAN_POINT('',(0.0508184931397438,0.0133440003821769,0.035106373612566));
#6282=CARTESIAN_POINT('',(0.0488327271461487,0.0125137305622726,0.0352398917421531));
#6283=CARTESIAN_POINT('',(0.0495110848006286,0.0127540789588546,0.0352134261702555));
#6284=CARTESIAN_POINT('',(0.050172911329404,0.013030927285595,0.0351680706032058));
#6285=CARTESIAN_POINT('',(0.0508184931397438,0.0133440003821769,0.035106373612566));
#6286=CARTESIAN_POINT('',(0.0488327271461487,0.0125137305622726,0.0352398917421531));
#6287=CARTESIAN_POINT('',(0.0423550283304973,0.0307963429595323,0.0356060786538852));
#6288=CARTESIAN_POINT('',(0.0475873700499535,0.0121191617443284,0.0353102922782135));
#6289=CARTESIAN_POINT('',(0.0423550283304973,0.0307963429595323,0.0354974085492658));
#6290=CARTESIAN_POINT('',(0.0458225137710571,0.0117125529079143,0.03537340614645));
#6291=CARTESIAN_POINT('',(0.0423550283304973,0.0307963429595323,0.0354938136712062));
#6292=CARTESIAN_POINT('',(0.045123366189003,0.0115986659251645,0.0353976838633251));
#6293=CARTESIAN_POINT('',(0.0423550283304973,0.0307963429595323,0.0354292349960929));
#6294=CARTESIAN_POINT('',(0.0427807471871376,0.0114047658841671,0.0354243830188942));
#6295=CARTESIAN_POINT('',(0.0403432226896286,0.0115047091231229,0.0354073882445526));
#6296=CARTESIAN_POINT('',(0.0411535283756106,0.0114202073352645,0.0354279263625061));
#6297=CARTESIAN_POINT('',(0.0419660354683713,0.0113868798638575,0.0354336684020086));
#6298=CARTESIAN_POINT('',(0.0427807471871376,0.0114047658841671,0.0354243830188942));
#6299=CARTESIAN_POINT('',(0.0403432226896286,0.0115047091231229,0.0354073882445526));
#6300=CARTESIAN_POINT('',(0.0423550283304973,0.0307963429595323,0.035458379743522));
#6301=CARTESIAN_POINT('',(0.0384317074687201,0.0118010263938556,0.0353589387201867));
#6302=CARTESIAN_POINT('',(0.0423550283304973,0.0307963429595323,0.0355351426181498));
#6303=CARTESIAN_POINT('',(0.0362322605371475,0.0123918268680007,0.0352601573213768));
#6304=CARTESIAN_POINT('',(0.0343615538597107,0.013123797475092,0.0351360194727612));
#6305=CARTESIAN_POINT('',(0.0349717810495607,0.0128477854276062,0.0351896380750599));
#6306=CARTESIAN_POINT('',(0.0355952901008681,0.0126037325792495,0.0352315497519952));
#6307=CARTESIAN_POINT('',(0.0362322605371475,0.0123918268680007,0.0352601573213768));
#6308=CARTESIAN_POINT('',(0.0343615538597107,0.013123797475092,0.0351360194727612));
#6309=CARTESIAN_POINT('',(0.0423550283304973,0.0307963429595323,0.0355859457193907));
#6310=CARTESIAN_POINT('',(0.0334897092700005,0.013544658520895,0.0350869462236595));
#6311=CARTESIAN_POINT('',(0.0423550283304973,0.0307963429595323,0.0360535645791611));
#6312=CARTESIAN_POINT('',(0.0325630135059356,0.0140532565149638,0.0349859051748943));
#6313=CARTESIAN_POINT('',(0.0423550283304973,0.0307963429595323,0.0360012144354285));
#6314=CARTESIAN_POINT('',(0.0313100940704345,0.0148519418981685,0.034855993126316));
#6315=CARTESIAN_POINT('',(0.0423550283304973,0.0307963429595323,0.0362644094880919));
#6316=CARTESIAN_POINT('',(0.0423550283304973,0.0307969453962103,0.01917817));
#6317=CARTESIAN_POINT('',(0.0423550283304973,0.0307969453962103,0.0364918606736573));
#6318=CARTESIAN_POINT('',(0.0542899421572685,0.0155073302943748,0.0347398087724876));
#6319=CARTESIAN_POINT('',(0.0423550283304973,0.0307969453962103,0.0362644094880919));
#6320=CARTESIAN_POINT('',(0.0313100940704345,0.0148525443348464,0.034855993126316));
#6321=CARTESIAN_POINT('',(0.0423550283304973,0.0307969453962103,0.0360012144354285));
#6322=CARTESIAN_POINT('',(0.0325630135059356,0.0140538589516418,0.0349859051748943));
#6323=CARTESIAN_POINT('',(0.0423550283304973,0.0307969453962103,0.0360535645791611));
#6324=CARTESIAN_POINT('',(0.0334897092700005,0.013545260957573,0.0350869462236595));
#6325=CARTESIAN_POINT('',(0.0423550283304973,0.0307969453962103,0.0355859457193907));
#6326=CARTESIAN_POINT('',(0.0343615538597107,0.0131243999117699,0.0351360194727612));
#6327=CARTESIAN_POINT('',(0.0362322605371475,0.0123924293046786,0.0352601573213768));
#6328=CARTESIAN_POINT('',(0.0355952901008681,0.0126043350159275,0.0352315497519952));
#6329=CARTESIAN_POINT('',(0.0349717810495607,0.0128483878642842,0.0351896380750599));
#6330=CARTESIAN_POINT('',(0.0343615538597107,0.01312439991177,0.0351360194727612));
#6331=CARTESIAN_POINT('',(0.0362322605371475,0.0123924293046787,0.0352601573213768));
#6332=CARTESIAN_POINT('',(0.0423550283304973,0.0307969453962103,0.0355351426181498));
#6333=CARTESIAN_POINT('',(0.0384317074687201,0.0118016288305335,0.0353589387201867));
#6334=CARTESIAN_POINT('',(0.0423550283304973,0.0307969453962103,0.035458379743522));
#6335=CARTESIAN_POINT('',(0.0403432226896286,0.0115053115598008,0.0354073882445526));
#6336=CARTESIAN_POINT('',(0.0427807471871376,0.011405368320845,0.0354243830188942));
#6337=CARTESIAN_POINT('',(0.0419660354683713,0.0113874823005355,0.0354336684020086));
#6338=CARTESIAN_POINT('',(0.0411535283756106,0.0114208097719424,0.0354279263625061));
#6339=CARTESIAN_POINT('',(0.0403432226896286,0.0115053115598008,0.0354073882445526));
#6340=CARTESIAN_POINT('',(0.0427807471871376,0.011405368320845,0.0354243830188942));
#6341=CARTESIAN_POINT('',(0.0423550283304973,0.0307969453962103,0.0354292349960929));
#6342=CARTESIAN_POINT('',(0.045123366189003,0.0115992683618424,0.0353976838633251));
#6343=CARTESIAN_POINT('',(0.0423550283304973,0.0307969453962103,0.0354938136712062));
#6344=CARTESIAN_POINT('',(0.0458225137710571,0.0117131553445922,0.03537340614645));
#6345=CARTESIAN_POINT('',(0.0423550283304973,0.0307969453962103,0.0354974085492658));
#6346=CARTESIAN_POINT('',(0.0475873700499535,0.0121197641810063,0.0353102922782135));
#6347=CARTESIAN_POINT('',(0.0423550283304973,0.0307969453962103,0.0356060786538852));
#6348=CARTESIAN_POINT('',(0.0488327271461487,0.0125143329989504,0.0352398917421531));
#6349=CARTESIAN_POINT('',(0.0508184931397438,0.0133446028188548,0.035106373612566));
#6350=CARTESIAN_POINT('',(0.050172911329404,0.0130315297222729,0.0351680706032058));
#6351=CARTESIAN_POINT('',(0.0495110848006286,0.0127546813955325,0.0352134261702555));
#6352=CARTESIAN_POINT('',(0.0488327271461487,0.0125143329989505,0.0352398917421531));
#6353=CARTESIAN_POINT('',(0.0508184931397438,0.0133446028188547,0.035106373612566));
#6354=CARTESIAN_POINT('',(0.0423550283304973,0.0307969453962103,0.0359152103870126));
#6355=CARTESIAN_POINT('',(0.0525712124228477,0.014309250572314,0.0349388696595859));
#6356=CARTESIAN_POINT('',(0.0423550283304973,0.0307969453962103,0.0359846339092548));
#6357=CARTESIAN_POINT('',(0.0531878150224686,0.0147076560862072,0.0348757520660591));
#6358=CARTESIAN_POINT('',(0.0423550283304973,0.0307969453962103,0.0362119361186648));
#6359=CARTESIAN_POINT('',(0.0547867133438587,-0.0572,0.0346668824896049));
#6360=CARTESIAN_POINT('',(0.0542899421572685,-0.0572,0.0347398087724876));
#6361=CARTESIAN_POINT('',(0.0552834845304489,-0.0572,0.0345939562067222));
#6362=CARTESIAN_POINT('',(0.0553193404495716,-0.0572,0.0345939562067222));
#6363=CARTESIAN_POINT('',(0.0553551963686943,-0.0572,0.0345939562067222));
#6364=CARTESIAN_POINT('',(0.0559614761888981,-0.0572,0.034493401308341));
#6365=CARTESIAN_POINT('',(0.030879945975542,-0.0572,0.0348011419519615));
#6366=CARTESIAN_POINT('',(0.0313100940704345,-0.0572,0.034855993126316));
#6367=CARTESIAN_POINT('',(0.0319365537881851,-0.0572,0.0349209491506052));
#6368=CARTESIAN_POINT('',(0.0325630135059356,-0.0572,0.0349859051748943));
#6369=CARTESIAN_POINT('',(0.0330263613879681,-0.0572,0.0350364256992769));
#6370=CARTESIAN_POINT('',(0.0334897092700005,-0.0572,0.0350869462236595));
#6371=CARTESIAN_POINT('',(0.0339256315648555,-0.0572,0.0351114828482104));
#6372=CARTESIAN_POINT('',(0.0343615538597107,-0.0572,0.0351360194727612));
#6373=CARTESIAN_POINT('',(0.0381996105140303,-0.0572,-0.00854446502775818));
#6374=CARTESIAN_POINT('',(0.0362322605371475,-0.0572,0.0352601573213768));
#6375=CARTESIAN_POINT('',(0.0373319840029338,-0.0572,0.0353095480207817));
#6376=CARTESIAN_POINT('',(0.0384317074687201,-0.0572,0.0353589387201867));
#6377=CARTESIAN_POINT('',(0.0393874650791744,-0.0572,0.0353831634823697));
#6378=CARTESIAN_POINT('',(0.0403432226896286,-0.0572,0.0354073882445526));
#6379=CARTESIAN_POINT('',(0.0420245349046322,-0.0572,-0.0309266765813946));
#6380=CARTESIAN_POINT('',(0.0427807471871376,-0.0572,0.0354243830188942));
#6381=CARTESIAN_POINT('',(0.0439520566880703,-0.0572,0.0354110334411097));
#6382=CARTESIAN_POINT('',(0.045123366189003,-0.0572,0.0353976838633251));
#6383=CARTESIAN_POINT('',(0.0454729399800301,-0.0572,0.0353855450048876));
#6384=CARTESIAN_POINT('',(0.0458225137710571,-0.0572,0.03537340614645));
#6385=CARTESIAN_POINT('',(0.0467049419105053,-0.0572,0.0353418492123317));
#6386=CARTESIAN_POINT('',(0.0475873700499535,-0.0572,0.0353102922782135));
#6387=CARTESIAN_POINT('',(0.0482100485980511,-0.0572,0.0352750920101833));
#6388=CARTESIAN_POINT('',(0.0488327271461487,-0.0572,0.0352398917421531));
#6389=CARTESIAN_POINT('',(0.0474540259999597,-0.0572,-9.85653059295058E-5));
#6390=CARTESIAN_POINT('',(0.0508184931397438,-0.0572,0.035106373612566));
#6391=CARTESIAN_POINT('',(0.0516948527812958,-0.0572,0.035022621636076));
#6392=CARTESIAN_POINT('',(0.0525712124228477,-0.0572,0.0349388696595859));
#6393=CARTESIAN_POINT('',(0.0528795137226582,-0.0572,0.0349073108628226));
#6394=CARTESIAN_POINT('',(0.0531878150224686,-0.0572,0.0348757520660591));
#6395=CARTESIAN_POINT('',(0.0537388785898685,-0.0572,0.0348077804192734));
#6396=CARTESIAN_POINT('',(-0.109808421212435,0.078542473883049,0.0223682768521614));
#6397=CARTESIAN_POINT('',(-0.00231783738222293,0.108012992997787,0.0154427961635842));
#6398=CARTESIAN_POINT('',(-0.14108,0.027086250770092,0.0229482476197016));
#6399=CARTESIAN_POINT('',(0.0112411591212637,0.0611461486916742,0.0414109276056062));
#6400=CARTESIAN_POINT('',(0.0232368959385989,0.0196827314239895,0.0189350585969028));
#6401=CARTESIAN_POINT('',(0.0235240226643978,0.0351970743676258,0.0273448415510212));
#6402=CARTESIAN_POINT('',(0.0235240226643979,0.0351975563169682,0.01917817));
#6403=CARTESIAN_POINT('',(0.0348346670346574,0.0245746281585486,0.0313551133835367));
#6404=CARTESIAN_POINT('',(0.0345258291577445,0.0242457964709259,0.0314096061088707));
#6405=CARTESIAN_POINT('',(0.0342047706377277,0.0239326322953184,0.031461470758993));
#6406=CARTESIAN_POINT('',(0.0338718422248725,0.0236346886331588,0.0315107989653778));
#6407=CARTESIAN_POINT('',(0.0338718422248725,0.0236346886331587,0.0315107989653778));
#6408=CARTESIAN_POINT('',(0.0235240226643979,0.0351975563169682,0.0332357194162422));
#6409=CARTESIAN_POINT('',(0.0339241570949555,0.0236817201529827,0.0315107989653778));
#6410=CARTESIAN_POINT('',(0.0235240226643979,0.0351975563169682,0.0315107989653778));
#6411=CARTESIAN_POINT('',(0.0235240226643978,0.0351970743676258,0.03917817));
#6412=CARTESIAN_POINT('',(0.0232368959385989,0.0196827314239895,0.03917817));
#6413=CARTESIAN_POINT('',(0.0232368959385989,0.0196827314239895,0.0321785877659221));
#6414=CARTESIAN_POINT('',(0.0232368959725079,0.019682731423362,0.0321785828987422));
#6415=CARTESIAN_POINT('',(0.0234459478604552,0.0196788624630564,0.0321786724197153));
#6416=CARTESIAN_POINT('',(0.0236551814562045,0.0196792152233495,0.0321775271618269));
#6417=CARTESIAN_POINT('',(0.0238645977497101,0.0196838127073337,0.0321751404151154));
#6418=CARTESIAN_POINT('',(0.0238645977497101,0.0196838127073337,0.0321751404151154));
#6419=CARTESIAN_POINT('',(0.0235240226643978,0.0351970743676258,0.0321790219968743));
#6420=CARTESIAN_POINT('',(0.0257386929512024,0.0198389327401316,0.0321537810906601));
#6421=CARTESIAN_POINT('',(0.0235240226643978,0.0351970743676258,0.032230684936965));
#6422=CARTESIAN_POINT('',(0.0262980110168457,0.0199300423263314,0.0321343589171601));
#6423=CARTESIAN_POINT('',(0.0235240226643978,0.0351970743676258,0.0322335608394126));
#6424=CARTESIAN_POINT('',(0.0277098960399628,0.0202553293954627,0.0320838678225708));
#6425=CARTESIAN_POINT('',(0.0235240226643978,0.0351970743676258,0.0323204969231081));
#6426=CARTESIAN_POINT('',(0.0287061817169189,0.020570984449818,0.0320275473937226));
#6427=CARTESIAN_POINT('',(0.0287061817169189,0.020570984449818,0.0320275473937226));
#6428=CARTESIAN_POINT('',(0.0292488678405028,0.0207632631670837,0.0320063749362044));
#6429=CARTESIAN_POINT('',(0.0297783290635232,0.020984741828476,0.0319700904825647));
#6430=CARTESIAN_POINT('',(0.0302947945117951,0.0212352003057415,0.0319207328900528));
#6431=CARTESIAN_POINT('',(0.0302947945117951,0.0212352003057415,0.0319207328900528));
#6432=CARTESIAN_POINT('',(0.0235240226643978,0.0351970743676258,0.0325678023096101));
#6433=CARTESIAN_POINT('',(0.0316969699382782,0.0220069185085089,0.0317867297276688));
#6434=CARTESIAN_POINT('',(0.0235240226643978,0.0351970743676258,0.0326233411274039));
#6435=CARTESIAN_POINT('',(0.0321902520179749,0.0223256429196235,0.0317362356528473));
#6436=CARTESIAN_POINT('',(0.0235240226643978,0.0351970743676258,0.0328051828949319));
#6437=CARTESIAN_POINT('',(0.0330719537258148,0.0229653822861576,0.0316274810179901));
#6438=CARTESIAN_POINT('',(0.0235240226643978,0.0351970743676258,0.0330291225389258));
#6439=CARTESIAN_POINT('',(0.0338667876243592,0.0236296852191437,0.0315107989653778));
#6440=CARTESIAN_POINT('',(0.0235240226643978,0.0351970743676258,0.0315107989653778));
#6441=CARTESIAN_POINT('',(0.0339241570949555,0.0236812382036404,0.0315107989653778));
#6442=CARTESIAN_POINT('',(0.0235240226643978,0.0351970743676258,0.0332357194162422));
#6443=CARTESIAN_POINT('',(0.0235240226643979,0.0351975563169682,0.01917817));
#6444=CARTESIAN_POINT('',(0.0238645977497101,0.0196842946566761,0.0321751404151154));
#6445=CARTESIAN_POINT('',(0.0236551346357495,0.0196796961448048,0.0321775276954461));
#6446=CARTESIAN_POINT('',(0.0234458543012158,0.0196793442540926,0.0321786729317792));
#6447=CARTESIAN_POINT('',(0.0232367557555871,0.0196832159683576,0.0321785828385128));
#6448=CARTESIAN_POINT('',(0.0238645977497101,0.019684294656676,0.0321751404151154));
#6449=CARTESIAN_POINT('',(0.023236755755587,0.0196832159683576,0.0321785828385128));
#6450=CARTESIAN_POINT('',(0.023236755755587,0.0196832159683576,0.01917817));
#6451=CARTESIAN_POINT('',(0.023236755755587,0.0196832159683576,0.0321647877287883));
#6452=CARTESIAN_POINT('',(0.0335697805981507,0.0233713131998212,0.0315543997598604));
#6453=CARTESIAN_POINT('',(0.0321546559627453,0.0221692408770595,0.0317533800183144));
#6454=CARTESIAN_POINT('',(0.0288676820216006,0.0202635299511818,0.0320685879969961));
#6455=CARTESIAN_POINT('',(0.025100858857331,0.0196486998288563,0.0321705051285564));
#6456=CARTESIAN_POINT('',(0.0232367557555871,0.0196832159683576,0.0321647877287883));
#6457=CARTESIAN_POINT('',(0.0335697805981509,0.0233713131998208,0.0315543997598604));
#6458=CARTESIAN_POINT('',(0.0235240226643979,0.0351975563169682,0.0330291225389258));
#6459=CARTESIAN_POINT('',(0.0330719537258148,0.0229658642354999,0.0316274810179901));
#6460=CARTESIAN_POINT('',(0.0235240226643979,0.0351975563169682,0.0328051828949319));
#6461=CARTESIAN_POINT('',(0.0321902520179749,0.0223261248689657,0.0317362356528473));
#6462=CARTESIAN_POINT('',(0.0235240226643979,0.0351975563169682,0.0326233411274039));
#6463=CARTESIAN_POINT('',(0.0316969699382782,0.0220074004578512,0.0317867297276688));
#6464=CARTESIAN_POINT('',(0.0235240226643979,0.0351975563169682,0.0325678023096101));
#6465=CARTESIAN_POINT('',(0.0302947945117951,0.0212356822550838,0.0319207328900528));
#6466=CARTESIAN_POINT('',(0.0302947945117951,0.0212356822550838,0.0319207328900528));
#6467=CARTESIAN_POINT('',(0.0297783290635232,0.0209852237778183,0.0319700904825647));
#6468=CARTESIAN_POINT('',(0.0292488678405028,0.020763745116426,0.0320063749362044));
#6469=CARTESIAN_POINT('',(0.0287061817169189,0.0205714663991604,0.0320275473937226));
#6470=CARTESIAN_POINT('',(0.0287061817169189,0.0205714663991604,0.0320275473937226));
#6471=CARTESIAN_POINT('',(0.0235240226643979,0.0351975563169682,0.0323204969231081));
#6472=CARTESIAN_POINT('',(0.0277098960399628,0.020255811344805,0.0320838678225708));
#6473=CARTESIAN_POINT('',(0.0235240226643979,0.0351975563169682,0.0322335608394126));
#6474=CARTESIAN_POINT('',(0.0262980110168457,0.0199305242756738,0.0321343589171601));
#6475=CARTESIAN_POINT('',(0.0235240226643979,0.0351975563169682,0.032230684936965));
#6476=CARTESIAN_POINT('',(0.0257386929512024,0.0198394146894739,0.0321537810906601));
#6477=CARTESIAN_POINT('',(0.0235240226643979,0.0351975563169682,0.0321790219968743));
#6478=CARTESIAN_POINT('',(0.0606324082136288,0.0829365403225546,0.0194772070681718));
#6479=CARTESIAN_POINT('',(0.00471186535880726,0.0829365403225546,0.0194772070681718));
#6480=CARTESIAN_POINT('',(0.0606324082136288,0.072597865990564,0.0219133843087333));
#6481=CARTESIAN_POINT('',(0.00471186535880726,0.072597865990564,0.0219133843087333));
#6482=CARTESIAN_POINT('',(0.0606324082136288,0.0518459633178947,0.0269213380419919));
#6483=CARTESIAN_POINT('',(0.0047118653588073,0.0518459633178947,0.0269213380419919));
#6484=CARTESIAN_POINT('',(0.0606324082136288,0.0301276881704932,0.0304347041948966));
#6485=CARTESIAN_POINT('',(0.00471186535880726,0.0301276881704932,0.0304347041948966));
#6486=CARTESIAN_POINT('',(0.0606324082136288,0.0192817348409773,0.0322312914056855));
#6487=CARTESIAN_POINT('',(0.00471186535880726,0.0192817348409772,0.0322312914056855));
#6488=CARTESIAN_POINT('',(0.032672136786218,0.0401383072018623,0.0287037939331186));
#6489=CARTESIAN_POINT('',(0.0488592884659767,0.0401383072018623,0.0287037939331186));
#6490=CARTESIAN_POINT('',(0.0242770365595818,0.0401383072018623,0.0287037939331186));
#6491=CARTESIAN_POINT('',(0.0488592884659767,0.0645921930551529,0.0237654695593765));
#6492=CARTESIAN_POINT('',(0.0488592884659767,0.0605356148807265,0.024682952936814));
#6493=CARTESIAN_POINT('',(0.0488592884659767,0.0524084634465821,0.0264486180030341));
#6494=CARTESIAN_POINT('',(0.0488592884659767,0.0442328783534093,0.0279744464202819));
#6495=CARTESIAN_POINT('',(0.0488592884659767,0.0401383072018623,0.0287037939331186));
#6496=CARTESIAN_POINT('',(0.0488592884659767,0.0645921930551529,0.0237654695593765));
#6497=CARTESIAN_POINT('',(0.032672136786218,0.0645921930551529,0.0237654695593765));
#6498=CARTESIAN_POINT('',(0.0242770365595818,0.0645921930551529,0.0237654695593765));
#6499=CARTESIAN_POINT('',(0.0242770365595818,0.0401383072018623,0.0287037939331186));
#6500=CARTESIAN_POINT('',(0.0242770365595818,0.0442328783534093,0.0279744464202819));
#6501=CARTESIAN_POINT('',(0.0242770365595818,0.0524084634465821,0.0264486180030341));
#6502=CARTESIAN_POINT('',(0.0242770365595818,0.0605356148807265,0.024682952936814));
#6503=CARTESIAN_POINT('',(0.0242770365595818,0.0645921930551529,0.0237654695593765));
#6504=CARTESIAN_POINT('',(0.00504341007929042,0.0825687472832315,0.0195639010487746));
#6505=CARTESIAN_POINT('',(0.0080562064319112,0.0721549782739991,0.0220193470997508));
#6506=CARTESIAN_POINT('',(0.0140796359750382,0.0513349172529656,0.027012763043117));
#6507=CARTESIAN_POINT('',(0.0201864861366265,0.0302265118005178,0.0304183514813806));
#6508=CARTESIAN_POINT('',(0.0232367557555871,0.0196832159683575,0.0321647877287883));
#6509=CARTESIAN_POINT('',(0.0225137753769306,0.0236346886331587,0.0315107989653778));
#6510=CARTESIAN_POINT('',(0.0338667876243592,0.0236346886331587,0.0315107989653778));
#6511=CARTESIAN_POINT('',(0.0335697805981509,0.0233713131998209,0.0315543997598604));
#6512=CARTESIAN_POINT('',(0.0336687789988827,0.0234591095507123,0.0315398667402901));
#6513=CARTESIAN_POINT('',(0.0337677811143078,0.0235469016228823,0.0315253331754007));
#6514=CARTESIAN_POINT('',(0.0338667876243592,0.0236346886331588,0.0315107989653778));
#6515=CARTESIAN_POINT('',(0.033469370675087,-0.0352,0.031569139991684));
#6516=CARTESIAN_POINT('',(0.0338667876243592,-0.0352,0.0315107989653778));
#6517=CARTESIAN_POINT('',(0.0330719537258148,-0.0352,0.0316274810179901));
#6518=CARTESIAN_POINT('',(0.0338954723596573,-0.0352,0.0315107989653778));
#6519=CARTESIAN_POINT('',(0.0339241570949555,-0.0352,0.0315107989653778));
#6520=CARTESIAN_POINT('',(0.0344091809511185,-0.0352,0.0314303550466728));
#6521=CARTESIAN_POINT('',(0.0232596279237057,-0.0352,-0.0209057072651157));
#6522=CARTESIAN_POINT('',(0.0232596279237057,0.0196041580276105,-0.0209057072651157));
#6523=CARTESIAN_POINT('',(0.0238645977497101,-0.0352,0.0321751404151154));
#6524=CARTESIAN_POINT('',(0.0248016453504563,-0.0352,0.0321644607528878));
#6525=CARTESIAN_POINT('',(0.0257386929512024,-0.0352,0.0321537810906601));
#6526=CARTESIAN_POINT('',(0.0260183519840241,-0.0352,0.03214407000391));
#6527=CARTESIAN_POINT('',(0.0262980110168457,-0.0352,0.0321343589171601));
#6528=CARTESIAN_POINT('',(0.0270039535284043,-0.0352,0.0321091133698654));
#6529=CARTESIAN_POINT('',(0.0277098960399628,-0.0352,0.0320838678225708));
#6530=CARTESIAN_POINT('',(0.0282080388784409,-0.0352,0.0320557076081466));
#6531=CARTESIAN_POINT('',(0.0287061817169189,-0.0352,0.0320275473937226));
#6532=CARTESIAN_POINT('',(0.0276032207999678,-0.0352,0.0037567817552564));
#6533=CARTESIAN_POINT('',(0.0302947945117951,-0.0352,0.0319207328900528));
#6534=CARTESIAN_POINT('',(0.0309958822250367,-0.0352,0.0318537313088608));
#6535=CARTESIAN_POINT('',(0.0316969699382782,-0.0352,0.0317867297276688));
#6536=CARTESIAN_POINT('',(0.0319436109781265,-0.0352,0.0317614826902581));
#6537=CARTESIAN_POINT('',(0.0321902520179749,-0.0352,0.0317362356528473));
#6538=CARTESIAN_POINT('',(0.0326311028718949,-0.0352,0.0316818583354187));
#6539=CARTESIAN_POINT('',(-0.128184634760729,0.00108295192216865,-4.67505670634361E-9));
#6540=CARTESIAN_POINT('',(0.0830293596941757,0.0615849783045787,-4.67505670634361E-9));
#6541=CARTESIAN_POINT('',(0.0812793596941757,0.0615849783045787,-4.67505670634361E-9));
#6542=CARTESIAN_POINT('',(0.0534933337933216,0.0205176827615078,-4.67505670634361E-9));
#6543=CARTESIAN_POINT('',(0.0517433337933216,0.0205176827615078,-4.67505670634361E-9));
#6544=CARTESIAN_POINT('',(0.0162084212124348,0.086541871446371,-4.67505670634361E-9));
#6545=CARTESIAN_POINT('',(0.0144584212124348,0.086541871446371,-4.67505670634361E-9));
#6546=CARTESIAN_POINT('',(0.0165073120347604,0.0429436239970509,-4.67505670634361E-9));
#6547=CARTESIAN_POINT('',(0.0165073120347604,0.0429436239970509,-4.67505670634361E-9));
#6548=CARTESIAN_POINT('',(0.0149529550773785,0.0483162786399671,-0.00582183));
#6549=CARTESIAN_POINT('',(0.0228954140250861,0.0208630680123089,0.0149999953249433));
#6550=CARTESIAN_POINT('',(0.0196994255154077,0.0319100430483086,0.0149999953249433));
#6551=CARTESIAN_POINT('',(0.0196994255154077,0.0319100430483086,0.0084999953249433));
#6552=CARTESIAN_POINT('',(0.0196994255154077,0.0319100430483086,0.00199999532494329));
#6553=CARTESIAN_POINT('',(0.0228954140250861,0.0208630680123089,0.00199999532494329));
#6554=CARTESIAN_POINT('',(0.00618865372950436,0.0786101980031768,0.0029999953249433));
#6555=CARTESIAN_POINT('',(0.00799508201758351,0.0723662555915247,0.0029999953249433));
#6556=CARTESIAN_POINT('',(0.00799508201758351,0.0723662555915247,0.00949999532494329));
#6557=CARTESIAN_POINT('',(0.00799508201758351,0.0723662555915247,0.0159999953249433));
#6558=CARTESIAN_POINT('',(0.00618865372950436,0.0786101980031768,0.0159999953249433));
#6559=CARTESIAN_POINT('',(0.0162084212124348,0.086541871446371,0.00832362));
#6560=CARTESIAN_POINT('',(0.0162084212124348,0.086541871446371,0.00937512608329824));
#6561=CARTESIAN_POINT('',(0.0162084212124348,0.086541871446371,0.00832362));
#6562=CARTESIAN_POINT('',(0.0179584212124348,0.086541871446371,0.00832362));
#6563=CARTESIAN_POINT('',(0.0162084212124348,0.086541871446371,-0.00582183));
#6564=CARTESIAN_POINT('',(0.0534933337933216,0.0205176827615078,0.00832362));
#6565=CARTESIAN_POINT('',(0.0534933337933216,0.0205176827615078,0.00937512608329825));
#6566=CARTESIAN_POINT('',(0.0534933337933216,0.0205176827615078,0.00832362));
#6567=CARTESIAN_POINT('',(0.0552433337933216,0.0205176827615078,0.00832362));
#6568=CARTESIAN_POINT('',(0.0534933337933216,0.0205176827615078,-0.00582183));
#6569=CARTESIAN_POINT('',(0.0830293596941757,0.0615849783045787,0.00832362));
#6570=CARTESIAN_POINT('',(0.0830293596941757,0.0615849783045787,0.00937512608329824));
#6571=CARTESIAN_POINT('',(0.0830293596941757,0.0615849783045787,0.00832362));
#6572=CARTESIAN_POINT('',(0.0847793596941757,0.0615849783045787,0.00832362));
#6573=CARTESIAN_POINT('',(0.0830293596941757,0.0615849783045787,-0.00582183));
#6574=CARTESIAN_POINT('',(0.0365681625127793,0.0401383072018623,0.03637817));
#6575=CARTESIAN_POINT('',(0.0488592884659767,0.0401383072018623,0.03637817));
#6576=CARTESIAN_POINT('',(0.0242770365595818,0.0401383072018623,0.03637817));
#6577=CARTESIAN_POINT('',(0.0488592884659767,0.0523652501285076,0.03637817));
#6578=CARTESIAN_POINT('',(0.0488592884659767,0.0645921930551529,0.03637817));
#6579=CARTESIAN_POINT('',(0.0365681625127793,0.0645921930551529,0.03637817));
#6580=CARTESIAN_POINT('',(0.0242770365595818,0.0645921930551529,0.03637817));
#6581=CARTESIAN_POINT('',(0.0242770365595818,0.0523652501285076,0.03637817));
#6582=CARTESIAN_POINT('',(0.0129128994035912,0.0805555823134159,0.0159999953249433));
#6583=CARTESIAN_POINT('',(0.0147193276916703,0.0743116399017638,0.0159999953249433));
#6584=CARTESIAN_POINT('',(0.0129128994035912,0.0805555823134159,0.0029999953249433));
#6585=CARTESIAN_POINT('',(0.0147193276916703,0.0743116399017638,0.0029999953249433));
#6586=CARTESIAN_POINT('',(0.0147193276916703,0.0743116399017638,0.00949999532494329));
#6587=CARTESIAN_POINT('',(0.0210562436363227,0.0524080091365688,0.00904999532494329));
#6588=CARTESIAN_POINT('',(0.0129128994035912,0.0805555823134159,0.0153499953249433));
#6589=CARTESIAN_POINT('',(0.0112871139443199,0.0861751304839027,0.0153499953249433));
#6590=CARTESIAN_POINT('',(0.0112871139443199,0.0861751304839027,0.00949999532494329));
#6591=CARTESIAN_POINT('',(0.0112871139443199,0.0861751304839027,0.00364999532494329));
#6592=CARTESIAN_POINT('',(0.0129128994035912,0.0805555823134159,0.00364999532494329));
#6593=CARTESIAN_POINT('',(0.0129128994035912,0.0805555823134159,0.0153499953249433));
#6594=CARTESIAN_POINT('',(0.00686107829691303,0.0788047364342007,0.0153499953249433));
#6595=CARTESIAN_POINT('',(0.00848686375618427,0.0731851882637138,0.0153499953249433));
#6596=CARTESIAN_POINT('',(0.00523529283764181,0.0844242846046876,0.0153499953249433));
#6597=CARTESIAN_POINT('',(0.0112871139443199,0.0861751304839027,0.0153499953249433));
#6598=CARTESIAN_POINT('',(0.0145386848628624,0.074936034142929,0.0153499953249433));
#6599=CARTESIAN_POINT('',(0.0145386848628624,0.074936034142929,0.00949999532494329));
#6600=CARTESIAN_POINT('',(0.00848686375618427,0.0731851882637138,0.00949999532494329));
#6601=CARTESIAN_POINT('',(0.00848686375618427,0.0731851882637138,0.00364999532494329));
#6602=CARTESIAN_POINT('',(0.0145386848628624,0.074936034142929,0.00364999532494329));
#6603=CARTESIAN_POINT('',(0.0129128994035912,0.0805555823134159,0.00364999532494329));
#6604=CARTESIAN_POINT('',(0.00686107829691303,0.0788047364342007,0.00364999532494329));
#6605=CARTESIAN_POINT('',(0.00523529283764181,0.0844242846046876,0.00364999532494329));
#6606=CARTESIAN_POINT('',(0.0112871139443199,0.0861751304839027,0.00364999532494329));
#6607=CARTESIAN_POINT('',(0.0112871139443199,0.0861751304839027,0.00949999532494329));
#6608=CARTESIAN_POINT('',(0.00523529283764181,0.0844242846046876,0.00949999532494329));
#6609=CARTESIAN_POINT('',(0.0150044225296446,0.0506571632573537,0.00904999532494329));
#6610=CARTESIAN_POINT('',(0.029619659699173,0.022808452322548,0.0149999953249433));
#6611=CARTESIAN_POINT('',(0.0264236711894945,0.0338554273585477,0.0149999953249433));
#6612=CARTESIAN_POINT('',(0.029619659699173,0.022808452322548,0.00199999532494329));
#6613=CARTESIAN_POINT('',(0.0264236711894945,0.0338554273585477,0.00199999532494329));
#6614=CARTESIAN_POINT('',(0.0264236711894945,0.0338554273585477,0.0084999953249433));
#6615=CARTESIAN_POINT('',(0.0227269196658808,0.046633296137482,0.00894999532494329));
#6616=CARTESIAN_POINT('',(0.029619659699173,0.022808452322548,0.00264999532494329));
#6617=CARTESIAN_POINT('',(0.0324960493578836,0.0128661747901481,0.00264999532494329));
#6618=CARTESIAN_POINT('',(0.0324960493578836,0.0128661747901481,0.0084999953249433));
#6619=CARTESIAN_POINT('',(0.0324960493578836,0.0128661747901481,0.0143499953249433));
#6620=CARTESIAN_POINT('',(0.029619659699173,0.022808452322548,0.0143499953249433));
#6621=CARTESIAN_POINT('',(0.029619659699173,0.022808452322548,0.0143499953249433));
#6622=CARTESIAN_POINT('',(0.0235678385924948,0.0210576064433328,0.0143499953249433));
#6623=CARTESIAN_POINT('',(0.0264442282512054,0.0111153289109329,0.0143499953249433));
#6624=CARTESIAN_POINT('',(0.0206914489337841,0.0309998839757325,0.0143499953249433));
#6625=CARTESIAN_POINT('',(0.0267432700404623,0.0327507298549478,0.0143499953249433));
#6626=CARTESIAN_POINT('',(0.0324960493578836,0.0128661747901481,0.0143499953249433));
#6627=CARTESIAN_POINT('',(0.0324960493578836,0.0128661747901481,0.0084999953249433));
#6628=CARTESIAN_POINT('',(0.0264442282512054,0.0111153289109329,0.0084999953249433));
#6629=CARTESIAN_POINT('',(0.0264442282512054,0.0111153289109329,0.00264999532494329));
#6630=CARTESIAN_POINT('',(0.0324960493578836,0.0128661747901481,0.00264999532494329));
#6631=CARTESIAN_POINT('',(0.029619659699173,0.022808452322548,0.00264999532494329));
#6632=CARTESIAN_POINT('',(0.0235678385924948,0.0210576064433328,0.00264999532494329));
#6633=CARTESIAN_POINT('',(0.0206914489337841,0.0309998839757325,0.00264999532494329));
#6634=CARTESIAN_POINT('',(0.0267432700404623,0.0327507298549478,0.00264999532494329));
#6635=CARTESIAN_POINT('',(0.0267432700404623,0.0327507298549478,0.0084999953249433));
#6636=CARTESIAN_POINT('',(0.0206914489337841,0.0309998839757325,0.0084999953249433));
#6637=CARTESIAN_POINT('',(0.0166750985592027,0.0448824502582668,0.00894999532494329));
#6638=MECHANICAL_DESIGN_GEOMETRIC_PRESENTATION_REPRESENTATION('',(#3718),
#6642);
#6639=MECHANICAL_DESIGN_GEOMETRIC_PRESENTATION_REPRESENTATION('',(#3719),
#6643);
#6640=MECHANICAL_DESIGN_GEOMETRIC_PRESENTATION_REPRESENTATION('',(#3720),
#6644);
#6641=MECHANICAL_DESIGN_GEOMETRIC_PRESENTATION_REPRESENTATION('',(#3721),
#6645);
#6642=(
GEOMETRIC_REPRESENTATION_CONTEXT(3)
GLOBAL_UNCERTAINTY_ASSIGNED_CONTEXT((#6646))
GLOBAL_UNIT_ASSIGNED_CONTEXT((#6658,#6654,#6650))
REPRESENTATION_CONTEXT('L Hand','TOP_LEVEL_ASSEMBLY_PART')
);
#6643=(
GEOMETRIC_REPRESENTATION_CONTEXT(3)
GLOBAL_UNCERTAINTY_ASSIGNED_CONTEXT((#6647))
GLOBAL_UNIT_ASSIGNED_CONTEXT((#6659,#6655,#6651))
REPRESENTATION_CONTEXT('R Hand Bottom','TOP_LEVEL_ASSEMBLY_PART')
);
#6644=(
GEOMETRIC_REPRESENTATION_CONTEXT(3)
GLOBAL_UNCERTAINTY_ASSIGNED_CONTEXT((#6648))
GLOBAL_UNIT_ASSIGNED_CONTEXT((#6660,#6656,#6652))
REPRESENTATION_CONTEXT('L Hand Bottom','TOP_LEVEL_ASSEMBLY_PART')
);
#6645=(
GEOMETRIC_REPRESENTATION_CONTEXT(3)
GLOBAL_UNCERTAINTY_ASSIGNED_CONTEXT((#6649))
GLOBAL_UNIT_ASSIGNED_CONTEXT((#6661,#6657,#6653))
REPRESENTATION_CONTEXT('R Hand','TOP_LEVEL_ASSEMBLY_PART')
);
#6646=UNCERTAINTY_MEASURE_WITH_UNIT(LENGTH_MEASURE(3.11248695175799E-5),
#6658,'DISTANCE_ACCURACY_VALUE','Maximum Tolerance applied to model');
#6647=UNCERTAINTY_MEASURE_WITH_UNIT(LENGTH_MEASURE(2.E-5),#6659,
'DISTANCE_ACCURACY_VALUE','Maximum Tolerance applied to model');
#6648=UNCERTAINTY_MEASURE_WITH_UNIT(LENGTH_MEASURE(2.E-5),#6660,
'DISTANCE_ACCURACY_VALUE','Maximum Tolerance applied to model');
#6649=UNCERTAINTY_MEASURE_WITH_UNIT(LENGTH_MEASURE(3.57962661854348E-5),
#6661,'DISTANCE_ACCURACY_VALUE','Maximum Tolerance applied to model');
#6650=(
NAMED_UNIT(*)
SI_UNIT($,.STERADIAN.)
SOLID_ANGLE_UNIT()
);
#6651=(
NAMED_UNIT(*)
SI_UNIT($,.STERADIAN.)
SOLID_ANGLE_UNIT()
);
#6652=(
NAMED_UNIT(*)
SI_UNIT($,.STERADIAN.)
SOLID_ANGLE_UNIT()
);
#6653=(
NAMED_UNIT(*)
SI_UNIT($,.STERADIAN.)
SOLID_ANGLE_UNIT()
);
#6654=(
NAMED_UNIT(*)
PLANE_ANGLE_UNIT()
SI_UNIT($,.RADIAN.)
);
#6655=(
NAMED_UNIT(*)
PLANE_ANGLE_UNIT()
SI_UNIT($,.RADIAN.)
);
#6656=(
NAMED_UNIT(*)
PLANE_ANGLE_UNIT()
SI_UNIT($,.RADIAN.)
);
#6657=(
NAMED_UNIT(*)
PLANE_ANGLE_UNIT()
SI_UNIT($,.RADIAN.)
);
#6658=(
LENGTH_UNIT()
NAMED_UNIT(*)
SI_UNIT($,.METRE.)
);
#6659=(
LENGTH_UNIT()
NAMED_UNIT(*)
SI_UNIT($,.METRE.)
);
#6660=(
LENGTH_UNIT()
NAMED_UNIT(*)
SI_UNIT($,.METRE.)
);
#6661=(
LENGTH_UNIT()
NAMED_UNIT(*)
SI_UNIT($,.METRE.)
);
#6662=PRODUCT_DEFINITION_SHAPE('','',#6666);
#6663=PRODUCT_DEFINITION_SHAPE('','',#6667);
#6664=PRODUCT_DEFINITION_SHAPE('','',#6668);
#6665=PRODUCT_DEFINITION_SHAPE('','',#6669);
#6666=PRODUCT_DEFINITION('','',#6674,#6670);
#6667=PRODUCT_DEFINITION('','',#6675,#6671);
#6668=PRODUCT_DEFINITION('','',#6676,#6672);
#6669=PRODUCT_DEFINITION('','',#6677,#6673);
#6670=PRODUCT_DEFINITION_CONTEXT('',#6698,'design');
#6671=PRODUCT_DEFINITION_CONTEXT('',#6699,'design');
#6672=PRODUCT_DEFINITION_CONTEXT('',#6700,'design');
#6673=PRODUCT_DEFINITION_CONTEXT('',#6701,'design');
#6674=PRODUCT_DEFINITION_FORMATION_WITH_SPECIFIED_SOURCE('','',#6682,
 .NOT_KNOWN.);
#6675=PRODUCT_DEFINITION_FORMATION_WITH_SPECIFIED_SOURCE('','',#6683,
 .NOT_KNOWN.);
#6676=PRODUCT_DEFINITION_FORMATION_WITH_SPECIFIED_SOURCE('','',#6684,
 .NOT_KNOWN.);
#6677=PRODUCT_DEFINITION_FORMATION_WITH_SPECIFIED_SOURCE('','',#6685,
 .NOT_KNOWN.);
#6678=PRODUCT_RELATED_PRODUCT_CATEGORY('','',(#6682));
#6679=PRODUCT_RELATED_PRODUCT_CATEGORY('','',(#6683));
#6680=PRODUCT_RELATED_PRODUCT_CATEGORY('','',(#6684));
#6681=PRODUCT_RELATED_PRODUCT_CATEGORY('','',(#6685));
#6682=PRODUCT('L Hand','L Hand','L Hand',(#6690));
#6683=PRODUCT('R Hand Bottom','R Hand Bottom','R Hand Bottom',(#6691));
#6684=PRODUCT('L Hand Bottom','L Hand Bottom','L Hand Bottom',(#6692));
#6685=PRODUCT('R Hand','R Hand','R Hand',(#6693));
#6686=PRODUCT_CATEGORY('','');
#6687=PRODUCT_CATEGORY('','');
#6688=PRODUCT_CATEGORY('','');
#6689=PRODUCT_CATEGORY('','');
#6690=PRODUCT_CONTEXT('',#6698,'mechanical');
#6691=PRODUCT_CONTEXT('',#6699,'mechanical');
#6692=PRODUCT_CONTEXT('',#6700,'mechanical');
#6693=PRODUCT_CONTEXT('',#6701,'mechanical');
#6694=APPLICATION_PROTOCOL_DEFINITION('international standard',
'ap242_managed_model_based_3d_engineering',2020,#6698);
#6695=APPLICATION_PROTOCOL_DEFINITION('international standard',
'ap242_managed_model_based_3d_engineering',2020,#6699);
#6696=APPLICATION_PROTOCOL_DEFINITION('international standard',
'ap242_managed_model_based_3d_engineering',2020,#6700);
#6697=APPLICATION_PROTOCOL_DEFINITION('international standard',
'ap242_managed_model_based_3d_engineering',2020,#6701);
#6698=APPLICATION_CONTEXT('managed model based 3d engineering');
#6699=APPLICATION_CONTEXT('managed model based 3d engineering');
#6700=APPLICATION_CONTEXT('managed model based 3d engineering');
#6701=APPLICATION_CONTEXT('managed model based 3d engineering');
ENDSEC;
END-ISO-10303-21;
