ISO-10303-21;
HEADER;
/* Generated by software containing ST-Developer
 * from STEP Tools, Inc. (www.steptools.com) 
 */
/* OPTION: using custom renumber hook */

FILE_DESCRIPTION(
/* description */ ('STEP AP242 Edition 2',
'CAx-IF Rec.Pracs.---Representation and Presentation of Product Manufa
cturing Information (PMI)---4.0---2014-10-13',
'CAx-IF Rec.Pracs.---3D Tessellated Geometry---0.4---2014-09-14','2;1',
'CAx-IF Rec.Pracs.---User Defined Attributes---1.5---2016-08-15'),
/* implementation_level */ '2;1');

FILE_NAME(
/* name */ 'R Hand',
/* time_stamp */ '2026-07-08T14:28:42Z',
/* author */ (''),
/* organization */ (''),
/* preprocessor_version */ 'ST-DEVELOPER v20',
/* originating_system */ 'ONSHAPE BY PTC INC, 1.217',
/* authorisation */ '  ');

FILE_SCHEMA (('AP242_MANAGED_MODEL_BASED_3D_ENGINEERING_MIM_LF { 1 0 10303 442 3 1 4 }'));
ENDSEC;

DATA;
#10=VERTEX_LOOP('',#1429);
#11=VERTEX_LOOP('',#1431);
#12=VERTEX_LOOP('',#1433);
#13=CONICAL_SURFACE('',#2053,0.00175,1.02974425867665);
#14=CONICAL_SURFACE('',#2056,0.00175,1.02974425867665);
#15=CONICAL_SURFACE('',#2059,0.00175,1.02974425867665);
#16=B_SPLINE_SURFACE_WITH_KNOTS('',3,1,((#2889,#2890),(#2891,#2892),(#2893,
#2894),(#2895,#2896),(#2897,#2898)),.SURF_OF_LINEAR_EXTRUSION.,.F.,.F.,
 .F.,(4,1,4),(2,2),(0.000129633914439753,0.504595333241926,1.00906103256941),
(0.,1.),.UNSPECIFIED.);
#17=B_SPLINE_SURFACE_WITH_KNOTS('',3,1,((#3164,#3165),(#3166,#3167),(#3168,
#3169),(#3170,#3171),(#3172,#3173)),.SURF_OF_LINEAR_EXTRUSION.,.F.,.F.,
 .F.,(4,1,4),(2,2),(0.0201946188588485,0.513066264790938,1.00593791072303),
(0.,1.),.UNSPECIFIED.);
#18=ELLIPSE('',#1928,0.0887401286781271,0.0875442107743835);
#19=ELLIPSE('',#1929,0.0995787790693313,0.0875442107743835);
#20=ELLIPSE('',#1937,0.0222275679690464,0.019541260833589);
#21=ELLIPSE('',#1940,0.079663023255465,0.0700353686195068);
#22=ELLIPSE('',#1941,0.0709921029425017,0.0700353686195068);
#23=ELLIPSE('',#1953,0.0220626222481715,0.0193962495863177);
#24=ELLIPSE('',#1957,0.0196612165320536,0.0193962495863177);
#25=ELLIPSE('',#1959,0.0196612165320536,0.0193962495863177);
#26=ELLIPSE('',#1961,0.0196041340377779,0.0193962495863177);
#27=ELLIPSE('',#1962,0.0195432428479626,0.0193962495863177);
#28=ELLIPSE('',#1963,0.0194976044769013,0.0193962495863177);
#29=ELLIPSE('',#1964,0.0194846236669746,0.0193962495863177);
#30=ELLIPSE('',#1965,0.0194272170294436,0.0193962495863177);
#31=ELLIPSE('',#1966,0.0194086483930552,0.0193962495863177);
#32=ELLIPSE('',#1967,0.0194079401344216,0.0193962495863177);
#33=ELLIPSE('',#1968,0.0193975092812845,0.0193962495863177);
#34=ELLIPSE('',#1969,0.0194024789193414,0.0193962495863177);
#35=ELLIPSE('',#1970,0.019415801636351,0.0193962495863177);
#36=ELLIPSE('',#1971,0.0194269508086597,0.0193962495863177);
#37=ELLIPSE('',#1972,0.019511203578807,0.0193962495863177);
#38=ELLIPSE('',#1973,0.0195002362708476,0.0193962495863177);
#39=ELLIPSE('',#1974,0.0195533107536067,0.0193962495863177);
#40=ELLIPSE('',#1976,0.0196041340377779,0.0193962495863177);
#41=ELLIPSE('',#1977,0.0195533107536067,0.0193962495863177);
#42=ELLIPSE('',#1978,0.0195002362708476,0.0193962495863177);
#43=ELLIPSE('',#1979,0.019511203578807,0.0193962495863177);
#44=ELLIPSE('',#1980,0.0194269508086597,0.0193962495863177);
#45=ELLIPSE('',#1981,0.019415801636351,0.0193962495863177);
#46=ELLIPSE('',#1982,0.0194024789193414,0.0193962495863177);
#47=ELLIPSE('',#1983,0.0193975092812845,0.0193962495863177);
#48=ELLIPSE('',#1984,0.0194079401344216,0.0193962495863177);
#49=ELLIPSE('',#1985,0.0194086483930552,0.0193962495863177);
#50=ELLIPSE('',#1986,0.0194272170294436,0.0193962495863177);
#51=ELLIPSE('',#1987,0.0194846236669746,0.0193962495863177);
#52=ELLIPSE('',#1988,0.0194976044769013,0.0193962495863177);
#53=ELLIPSE('',#1989,0.0195432428479626,0.0193962495863177);
#54=ELLIPSE('',#2011,0.0176500977985373,0.0155169996690541);
#55=ELLIPSE('',#2013,0.015728973225643,0.0155169996690541);
#56=ELLIPSE('',#2016,0.0155180074250276,0.0155169996690541);
#57=ELLIPSE('',#2017,0.0155263521075373,0.0155169996690541);
#58=ELLIPSE('',#2018,0.0155269187144442,0.0155169996690541);
#59=ELLIPSE('',#2019,0.0155417736235549,0.0155169996690541);
#60=ELLIPSE('',#2020,0.0155876989335797,0.0155169996690541);
#61=ELLIPSE('',#2021,0.0155980835815211,0.0155169996690541);
#62=ELLIPSE('',#2022,0.0156345942783701,0.0155169996690541);
#63=ELLIPSE('',#2023,0.0156833072302223,0.0155169996690541);
#64=ELLIPSE('',#2025,0.015728973225643,0.0155169996690541);
#65=ELLIPSE('',#2027,0.0156833072302223,0.0155169996690541);
#66=ELLIPSE('',#2028,0.0156345942783701,0.0155169996690541);
#67=ELLIPSE('',#2029,0.0155980835815211,0.0155169996690541);
#68=ELLIPSE('',#2030,0.0155876989335797,0.0155169996690541);
#69=ELLIPSE('',#2031,0.0155417736235549,0.0155169996690541);
#70=ELLIPSE('',#2032,0.0155269187144442,0.0155169996690541);
#71=ELLIPSE('',#2033,0.0155263521075373,0.0155169996690541);
#72=ELLIPSE('',#2034,0.0155180074250276,0.0155169996690541);
#73=ELLIPSE('',#2039,0.191011135055158,0.0530842950310378);
#74=B_SPLINE_CURVE_WITH_KNOTS('',3,(#2750,#2751,#2752,#2753),
 .UNSPECIFIED.,.F.,.F.,(4,4),(8.43905023453315E-8,0.00730663130119748),
 .UNSPECIFIED.);
#75=B_SPLINE_CURVE_WITH_KNOTS('',3,(#2777,#2778,#2779,#2780,#2781,#2782,
#2783,#2784,#2785,#2786,#2787,#2788,#2789,#2790,#2791),.UNSPECIFIED.,.F.,
 .F.,(4,1,1,1,1,1,1,1,1,1,1,1,4),(0.,0.00586941665049479,0.00880412497574219,
0.0117388333009896,0.0176082499514844,0.0205429582767318,0.0234776666019792,
0.029347083252474,0.0322817915777214,0.0352164999029688,0.0381512082282161,
0.0410859165534635,0.0469553332039583),.UNSPECIFIED.);
#76=B_SPLINE_CURVE_WITH_KNOTS('',3,(#2796,#2797,#2798,#2799),
 .UNSPECIFIED.,.F.,.F.,(4,4),(0.0085403270933693,0.0826046580542141),
 .UNSPECIFIED.);
#77=B_SPLINE_CURVE_WITH_KNOTS('',3,(#2803,#2804,#2805,#2806),
 .UNSPECIFIED.,.F.,.F.,(4,4),(0.,0.0321305718142079),.UNSPECIFIED.);
#78=B_SPLINE_CURVE_WITH_KNOTS('',3,(#2840,#2841,#2842,#2843,#2844,#2845,
#2846,#2847,#2848,#2849,#2850,#2851,#2852,#2853,#2854),.UNSPECIFIED.,.F.,
 .F.,(4,1,1,1,1,1,1,1,1,1,1,1,4),(0.,0.00469553332039583,0.00704329998059374,
0.00939106664079165,0.0140865999611875,0.0164343666213854,0.0187821332815833,
0.0234776666019791,0.025825433262177,0.028173199922375,0.0305209665825729,
0.0328687332427708,0.0375642665631666),.UNSPECIFIED.);
#79=B_SPLINE_CURVE_WITH_KNOTS('',3,(#2868,#2869,#2870,#2871),
 .UNSPECIFIED.,.F.,.F.,(4,4),(0.0203122577575171,0.0660837264433713),
 .UNSPECIFIED.);
#80=B_SPLINE_CURVE_WITH_KNOTS('',3,(#2874,#2875,#2876,#2877),
 .UNSPECIFIED.,.F.,.F.,(4,4),(0.,0.0257044574513663),.UNSPECIFIED.);
#81=B_SPLINE_CURVE_WITH_KNOTS('',3,(#2879,#2880,#2881,#2882,#2883,#2884),
 .UNSPECIFIED.,.F.,.F.,(4,1,1,4),(0.,0.0320340277178894,0.0480510415768341,
0.0640680554357788),.UNSPECIFIED.);
#82=B_SPLINE_CURVE_WITH_KNOTS('',3,(#2899,#2900,#2901,#2902),
 .UNSPECIFIED.,.F.,.F.,(4,4),(1.4304896245382E-17,0.0249481900439997),
 .UNSPECIFIED.);
#83=B_SPLINE_CURVE_WITH_KNOTS('',3,(#2907,#2908,#2909,#2910),
 .UNSPECIFIED.,.F.,.F.,(4,4),(0.,0.0249481900439996),.UNSPECIFIED.);
#84=B_SPLINE_CURVE_WITH_KNOTS('',3,(#2913,#2914,#2915,#2916),
 .UNSPECIFIED.,.F.,.F.,(4,4),(0.000512955170694165,0.0144264747659873),
 .UNSPECIFIED.);
#85=B_SPLINE_CURVE_WITH_KNOTS('',3,(#2918,#2919,#2920,#2921),
 .UNSPECIFIED.,.F.,.F.,(4,4),(0.0188755281742565,0.0188770318951092),
 .UNSPECIFIED.);
#86=B_SPLINE_CURVE_WITH_KNOTS('',3,(#2922,#2923,#2924,#2925,#2926,#2927,
#2928,#2929,#2930,#2931),.UNSPECIFIED.,.F.,.F.,(4,1,1,1,1,1,1,4),(0.0021828122761794,
0.00876492528333953,0.0120559817869196,0.0153470382904997,0.0186380947940797,
0.0219291512976598,0.0252202078012399,0.0285112643048199),.UNSPECIFIED.);
#87=B_SPLINE_CURVE_WITH_KNOTS('',3,(#2933,#2934,#2935,#2936),
 .UNSPECIFIED.,.F.,.F.,(4,4),(0.00083679228649883,0.00133598041021403),
 .UNSPECIFIED.);
#88=B_SPLINE_CURVE_WITH_KNOTS('',3,(#2940,#2941,#2942,#2943),
 .UNSPECIFIED.,.F.,.F.,(4,4),(0.,0.00168007467863947),.UNSPECIFIED.);
#89=B_SPLINE_CURVE_WITH_KNOTS('',3,(#2968,#2969,#2970,#2971),
 .UNSPECIFIED.,.F.,.F.,(4,4),(0.,0.00215648826708867),.UNSPECIFIED.);
#90=B_SPLINE_CURVE_WITH_KNOTS('',3,(#2981,#2982,#2983,#2984),
 .UNSPECIFIED.,.F.,.F.,(4,4),(0.,0.00243963176510809),.UNSPECIFIED.);
#91=B_SPLINE_CURVE_WITH_KNOTS('',3,(#2990,#2991,#2992,#2993),
 .UNSPECIFIED.,.F.,.F.,(4,4),(0.,0.00201264369626401),.UNSPECIFIED.);
#92=B_SPLINE_CURVE_WITH_KNOTS('',3,(#3013,#3014,#3015,#3016),
 .UNSPECIFIED.,.F.,.F.,(4,4),(2.25514051876985E-17,0.002012643696264),
 .UNSPECIFIED.);
#93=B_SPLINE_CURVE_WITH_KNOTS('',3,(#3022,#3023,#3024,#3025),
 .UNSPECIFIED.,.F.,.F.,(4,4),(0.,0.00243963176510809),.UNSPECIFIED.);
#94=B_SPLINE_CURVE_WITH_KNOTS('',3,(#3035,#3036,#3037,#3038),
 .UNSPECIFIED.,.F.,.F.,(4,4),(7.75791922889773E-18,0.00215648826708868),
 .UNSPECIFIED.);
#95=B_SPLINE_CURVE_WITH_KNOTS('',3,(#3089,#3090,#3091,#3092),
 .UNSPECIFIED.,.F.,.F.,(4,4),(0.,0.00134405974291157),.UNSPECIFIED.);
#96=B_SPLINE_CURVE_WITH_KNOTS('',3,(#3100,#3101,#3102,#3103),
 .UNSPECIFIED.,.F.,.F.,(4,4),(0.00132461409868169,0.00195170541208647),
 .UNSPECIFIED.);
#97=B_SPLINE_CURVE_WITH_KNOTS('',3,(#3113,#3114,#3115,#3116),
 .UNSPECIFIED.,.F.,.F.,(4,4),(0.,0.00172519061367097),.UNSPECIFIED.);
#98=B_SPLINE_CURVE_WITH_KNOTS('',3,(#3130,#3131,#3132,#3133),
 .UNSPECIFIED.,.F.,.F.,(4,4),(0.,0.000627231515965627),.UNSPECIFIED.);
#99=B_SPLINE_CURVE_WITH_KNOTS('',3,(#3138,#3139,#3140,#3141,#3142),
 .UNSPECIFIED.,.F.,.F.,(4,1,4),(0.00174624982094353,0.00733990861848262,
0.0129335674160217),.UNSPECIFIED.);
#100=B_SPLINE_CURVE_WITH_KNOTS('',3,(#3152,#3153,#3154,#3155),
 .UNSPECIFIED.,.F.,.F.,(4,4),(0.,0.00172519061367096),.UNSPECIFIED.);
#101=B_SPLINE_CURVE_WITH_KNOTS('',3,(#3177,#3178,#3179,#3180,#3181),
 .UNSPECIFIED.,.F.,.F.,(4,1,4),(0.,0.0124737682853465,0.0249475365706929),
 .UNSPECIFIED.);
#102=B_SPLINE_CURVE_WITH_KNOTS('',3,(#3185,#3186,#3187,#3188,#3189),
 .UNSPECIFIED.,.F.,.F.,(4,1,4),(0.,0.0124737682853465,0.0249475365706929),
 .UNSPECIFIED.);
#103=B_SPLINE_CURVE_WITH_KNOTS('',3,(#3190,#3191,#3192,#3193,#3194),
 .UNSPECIFIED.,.F.,.F.,(4,1,4),(0.00174873945611029,0.0350950155739758,
0.0684412916918413),.UNSPECIFIED.);
#104=B_SPLINE_CURVE_WITH_KNOTS('',3,(#3197,#3198,#3199,#3200),
 .UNSPECIFIED.,.F.,.F.,(4,4),(0.000669433829199015,0.00106878432817123),
 .UNSPECIFIED.);
#105=SHAPE_REPRESENTATION_RELATIONSHIP('','',#1883,#107);
#106=SHAPE_REPRESENTATION_RELATIONSHIP('','',#1884,#108);
#107=ADVANCED_BREP_SHAPE_REPRESENTATION('',(#1879),#3326);
#108=ADVANCED_BREP_SHAPE_REPRESENTATION('',(#1880),#3327);
#109=PLANE('',#1889);
#110=PLANE('',#1896);
#111=PLANE('',#1897);
#112=PLANE('',#1900);
#113=PLANE('',#1906);
#114=PLANE('',#1918);
#115=PLANE('',#1923);
#116=PLANE('',#1924);
#117=PLANE('',#1925);
#118=PLANE('',#1934);
#119=PLANE('',#1950);
#120=PLANE('',#1951);
#121=PLANE('',#1952);
#122=PLANE('',#1954);
#123=PLANE('',#1990);
#124=PLANE('',#1991);
#125=PLANE('',#1992);
#126=PLANE('',#1993);
#127=PLANE('',#1994);
#128=PLANE('',#1995);
#129=PLANE('',#1996);
#130=PLANE('',#1998);
#131=PLANE('',#1999);
#132=PLANE('',#2001);
#133=PLANE('',#2002);
#134=PLANE('',#2003);
#135=PLANE('',#2004);
#136=PLANE('',#2006);
#137=PLANE('',#2007);
#138=PLANE('',#2008);
#139=PLANE('',#2009);
#140=PLANE('',#2010);
#141=PLANE('',#2035);
#142=PLANE('',#2036);
#143=PLANE('',#2037);
#144=PLANE('',#2040);
#145=PLANE('',#2041);
#146=PLANE('',#2042);
#147=PLANE('',#2043);
#148=PLANE('',#2045);
#149=PLANE('',#2046);
#150=PLANE('',#2047);
#151=PLANE('',#2048);
#152=PLANE('',#2052);
#153=PLANE('',#2062);
#154=PLANE('',#2063);
#155=PLANE('',#2064);
#156=PLANE('',#2065);
#157=PLANE('',#2066);
#158=PLANE('',#2067);
#159=PLANE('',#2068);
#160=PLANE('',#2069);
#161=PLANE('',#2070);
#162=PLANE('',#2071);
#163=PLANE('',#2072);
#164=PLANE('',#2073);
#165=PLANE('',#2074);
#166=PLANE('',#2075);
#167=PLANE('',#2076);
#168=PLANE('',#2077);
#169=PLANE('',#2078);
#170=PLANE('',#2079);
#171=PLANE('',#2080);
#172=PLANE('',#2081);
#173=PLANE('',#2082);
#174=PLANE('',#2083);
#175=LINE('',#2628,#316);
#176=LINE('',#2632,#317);
#177=LINE('',#2634,#318);
#178=LINE('',#2636,#319);
#179=LINE('',#2638,#320);
#180=LINE('',#2642,#321);
#181=LINE('',#2646,#322);
#182=LINE('',#2651,#323);
#183=LINE('',#2655,#324);
#184=LINE('',#2658,#325);
#185=LINE('',#2659,#326);
#186=LINE('',#2663,#327);
#187=LINE('',#2673,#328);
#188=LINE('',#2687,#329);
#189=LINE('',#2692,#330);
#190=LINE('',#2696,#331);
#191=LINE('',#2698,#332);
#192=LINE('',#2700,#333);
#193=LINE('',#2702,#334);
#194=LINE('',#2709,#335);
#195=LINE('',#2712,#336);
#196=LINE('',#2714,#337);
#197=LINE('',#2716,#338);
#198=LINE('',#2718,#339);
#199=LINE('',#2720,#340);
#200=LINE('',#2722,#341);
#201=LINE('',#2724,#342);
#202=LINE('',#2726,#343);
#203=LINE('',#2729,#344);
#204=LINE('',#2731,#345);
#205=LINE('',#2733,#346);
#206=LINE('',#2735,#347);
#207=LINE('',#2737,#348);
#208=LINE('',#2739,#349);
#209=LINE('',#2741,#350);
#210=LINE('',#2743,#351);
#211=LINE('',#2746,#352);
#212=LINE('',#2748,#353);
#213=LINE('',#2755,#354);
#214=LINE('',#2760,#355);
#215=LINE('',#2762,#356);
#216=LINE('',#2766,#357);
#217=LINE('',#2770,#358);
#218=LINE('',#2775,#359);
#219=LINE('',#2793,#360);
#220=LINE('',#2802,#361);
#221=LINE('',#2808,#362);
#222=LINE('',#2814,#363);
#223=LINE('',#2817,#364);
#224=LINE('',#2821,#365);
#225=LINE('',#2825,#366);
#226=LINE('',#2827,#367);
#227=LINE('',#2831,#368);
#228=LINE('',#2838,#369);
#229=LINE('',#2856,#370);
#230=LINE('',#2858,#371);
#231=LINE('',#2862,#372);
#232=LINE('',#2865,#373);
#233=LINE('',#2873,#374);
#234=LINE('',#2886,#375);
#235=LINE('',#2888,#376);
#236=LINE('',#2905,#377);
#237=LINE('',#2912,#378);
#238=LINE('',#2938,#379);
#239=LINE('',#2945,#380);
#240=LINE('',#2948,#381);
#241=LINE('',#2950,#382);
#242=LINE('',#3046,#383);
#243=LINE('',#3047,#384);
#244=LINE('',#3049,#385);
#245=LINE('',#3052,#386);
#246=LINE('',#3054,#387);
#247=LINE('',#3056,#388);
#248=LINE('',#3058,#389);
#249=LINE('',#3060,#390);
#250=LINE('',#3062,#391);
#251=LINE('',#3064,#392);
#252=LINE('',#3066,#393);
#253=LINE('',#3068,#394);
#254=LINE('',#3070,#395);
#255=LINE('',#3072,#396);
#256=LINE('',#3074,#397);
#257=LINE('',#3076,#398);
#258=LINE('',#3078,#399);
#259=LINE('',#3080,#400);
#260=LINE('',#3083,#401);
#261=LINE('',#3085,#402);
#262=LINE('',#3098,#403);
#263=LINE('',#3136,#404);
#264=LINE('',#3174,#405);
#265=LINE('',#3183,#406);
#266=LINE('',#3195,#407);
#267=LINE('',#3202,#408);
#268=LINE('',#3203,#409);
#269=LINE('',#3205,#410);
#270=LINE('',#3209,#411);
#271=LINE('',#3211,#412);
#272=LINE('',#3213,#413);
#273=LINE('',#3215,#414);
#274=LINE('',#3217,#415);
#275=LINE('',#3219,#416);
#276=LINE('',#3221,#417);
#277=LINE('',#3223,#418);
#278=LINE('',#3232,#419);
#279=LINE('',#3233,#420);
#280=LINE('',#3235,#421);
#281=LINE('',#3237,#422);
#282=LINE('',#3239,#423);
#283=LINE('',#3240,#424);
#284=LINE('',#3242,#425);
#285=LINE('',#3244,#426);
#286=LINE('',#3261,#427);
#287=LINE('',#3262,#428);
#288=LINE('',#3264,#429);
#289=LINE('',#3266,#430);
#290=LINE('',#3269,#431);
#291=LINE('',#3271,#432);
#292=LINE('',#3274,#433);
#293=LINE('',#3276,#434);
#294=LINE('',#3278,#435);
#295=LINE('',#3280,#436);
#296=LINE('',#3283,#437);
#297=LINE('',#3284,#438);
#298=LINE('',#3286,#439);
#299=LINE('',#3288,#440);
#300=LINE('',#3290,#441);
#301=LINE('',#3292,#442);
#302=LINE('',#3294,#443);
#303=LINE('',#3297,#444);
#304=LINE('',#3299,#445);
#305=LINE('',#3302,#446);
#306=LINE('',#3304,#447);
#307=LINE('',#3306,#448);
#308=LINE('',#3308,#449);
#309=LINE('',#3311,#450);
#310=LINE('',#3312,#451);
#311=LINE('',#3314,#452);
#312=LINE('',#3316,#453);
#313=LINE('',#3318,#454);
#314=LINE('',#3320,#455);
#315=LINE('',#3322,#456);
#316=VECTOR('',#2090,1.);
#317=VECTOR('',#2093,1.);
#318=VECTOR('',#2096,1.);
#319=VECTOR('',#2097,1.);
#320=VECTOR('',#2098,1.);
#321=VECTOR('',#2103,1.);
#322=VECTOR('',#2108,1.);
#323=VECTOR('',#2111,1.);
#324=VECTOR('',#2116,1.);
#325=VECTOR('',#2117,1.);
#326=VECTOR('',#2118,1.);
#327=VECTOR('',#2123,1.);
#328=VECTOR('',#2134,1.);
#329=VECTOR('',#2149,1.);
#330=VECTOR('',#2154,1.);
#331=VECTOR('',#2159,1.);
#332=VECTOR('',#2162,1.);
#333=VECTOR('',#2165,1.);
#334=VECTOR('',#2168,1.);
#335=VECTOR('',#2181,1.);
#336=VECTOR('',#2182,1.);
#337=VECTOR('',#2183,1.);
#338=VECTOR('',#2184,1.);
#339=VECTOR('',#2185,1.);
#340=VECTOR('',#2186,1.);
#341=VECTOR('',#2187,1.);
#342=VECTOR('',#2188,1.);
#343=VECTOR('',#2191,1.);
#344=VECTOR('',#2192,1.);
#345=VECTOR('',#2193,1.);
#346=VECTOR('',#2194,1.);
#347=VECTOR('',#2195,1.);
#348=VECTOR('',#2196,1.);
#349=VECTOR('',#2197,1.);
#350=VECTOR('',#2198,1.);
#351=VECTOR('',#2201,1.);
#352=VECTOR('',#2202,1.);
#353=VECTOR('',#2203,1.);
#354=VECTOR('',#2206,1.);
#355=VECTOR('',#2209,1.);
#356=VECTOR('',#2210,1.);
#357=VECTOR('',#2213,1.);
#358=VECTOR('',#2218,1.);
#359=VECTOR('',#2221,1.);
#360=VECTOR('',#2224,1.);
#361=VECTOR('',#2229,1.);
#362=VECTOR('',#2232,1.);
#363=VECTOR('',#2239,1.);
#364=VECTOR('',#2242,1.);
#365=VECTOR('',#2245,1.);
#366=VECTOR('',#2248,1.);
#367=VECTOR('',#2249,1.);
#368=VECTOR('',#2252,1.);
#369=VECTOR('',#2259,1.);
#370=VECTOR('',#2260,1.);
#371=VECTOR('',#2263,1.);
#372=VECTOR('',#2266,1.);
#373=VECTOR('',#2269,1.);
#374=VECTOR('',#2274,1.);
#375=VECTOR('',#2277,1.);
#376=VECTOR('',#2278,1.);
#377=VECTOR('',#2279,1.);
#378=VECTOR('',#2280,1.);
#379=VECTOR('',#2281,1.);
#380=VECTOR('',#2284,1.);
#381=VECTOR('',#2289,1.);
#382=VECTOR('',#2290,1.);
#383=VECTOR('',#2363,1.);
#384=VECTOR('',#2364,1.);
#385=VECTOR('',#2367,1.);
#386=VECTOR('',#2372,1.);
#387=VECTOR('',#2375,1.);
#388=VECTOR('',#2378,1.);
#389=VECTOR('',#2381,1.);
#390=VECTOR('',#2384,1.);
#391=VECTOR('',#2387,1.);
#392=VECTOR('',#2390,1.);
#393=VECTOR('',#2393,1.);
#394=VECTOR('',#2396,1.);
#395=VECTOR('',#2399,1.);
#396=VECTOR('',#2402,1.);
#397=VECTOR('',#2405,1.);
#398=VECTOR('',#2408,1.);
#399=VECTOR('',#2411,1.);
#400=VECTOR('',#2414,1.);
#401=VECTOR('',#2419,1.);
#402=VECTOR('',#2422,1.);
#403=VECTOR('',#2433,1.);
#404=VECTOR('',#2456,1.);
#405=VECTOR('',#2473,1.);
#406=VECTOR('',#2474,1.);
#407=VECTOR('',#2475,1.);
#408=VECTOR('',#2478,1.);
#409=VECTOR('',#2479,1.);
#410=VECTOR('',#2482,1.);
#411=VECTOR('',#2489,1.);
#412=VECTOR('',#2492,1.);
#413=VECTOR('',#2495,1.);
#414=VECTOR('',#2498,1.);
#415=VECTOR('',#2501,1.);
#416=VECTOR('',#2504,1.);
#417=VECTOR('',#2507,1.);
#418=VECTOR('',#2510,1.);
#419=VECTOR('',#2521,1.);
#420=VECTOR('',#2522,1.);
#421=VECTOR('',#2525,1.);
#422=VECTOR('',#2526,1.);
#423=VECTOR('',#2527,1.);
#424=VECTOR('',#2528,1.);
#425=VECTOR('',#2529,1.);
#426=VECTOR('',#2530,1.);
#427=VECTOR('',#2551,1.);
#428=VECTOR('',#2552,1.);
#429=VECTOR('',#2555,1.);
#430=VECTOR('',#2558,1.);
#431=VECTOR('',#2563,1.);
#432=VECTOR('',#2566,1.);
#433=VECTOR('',#2571,1.);
#434=VECTOR('',#2572,1.);
#435=VECTOR('',#2573,1.);
#436=VECTOR('',#2576,1.);
#437=VECTOR('',#2577,1.);
#438=VECTOR('',#2578,1.);
#439=VECTOR('',#2581,1.);
#440=VECTOR('',#2582,1.);
#441=VECTOR('',#2585,1.);
#442=VECTOR('',#2586,1.);
#443=VECTOR('',#2589,1.);
#444=VECTOR('',#2594,1.);
#445=VECTOR('',#2597,1.);
#446=VECTOR('',#2602,1.);
#447=VECTOR('',#2603,1.);
#448=VECTOR('',#2604,1.);
#449=VECTOR('',#2607,1.);
#450=VECTOR('',#2608,1.);
#451=VECTOR('',#2609,1.);
#452=VECTOR('',#2612,1.);
#453=VECTOR('',#2613,1.);
#454=VECTOR('',#2616,1.);
#455=VECTOR('',#2617,1.);
#456=VECTOR('',#2620,1.);
#457=ORIENTED_EDGE('',*,*,#995,.F.);
#458=ORIENTED_EDGE('',*,*,#996,.T.);
#459=ORIENTED_EDGE('',*,*,#997,.F.);
#460=ORIENTED_EDGE('',*,*,#998,.F.);
#461=ORIENTED_EDGE('',*,*,#999,.F.);
#462=ORIENTED_EDGE('',*,*,#1000,.T.);
#463=ORIENTED_EDGE('',*,*,#1001,.F.);
#464=ORIENTED_EDGE('',*,*,#996,.F.);
#465=ORIENTED_EDGE('',*,*,#1002,.F.);
#466=ORIENTED_EDGE('',*,*,#1003,.T.);
#467=ORIENTED_EDGE('',*,*,#1004,.F.);
#468=ORIENTED_EDGE('',*,*,#1000,.F.);
#469=ORIENTED_EDGE('',*,*,#1005,.F.);
#470=ORIENTED_EDGE('',*,*,#1006,.T.);
#471=ORIENTED_EDGE('',*,*,#1007,.T.);
#472=ORIENTED_EDGE('',*,*,#1008,.T.);
#473=ORIENTED_EDGE('',*,*,#1009,.F.);
#474=ORIENTED_EDGE('',*,*,#1010,.T.);
#475=ORIENTED_EDGE('',*,*,#1005,.T.);
#476=ORIENTED_EDGE('',*,*,#1011,.T.);
#477=ORIENTED_EDGE('',*,*,#1012,.F.);
#478=ORIENTED_EDGE('',*,*,#1013,.T.);
#479=ORIENTED_EDGE('',*,*,#1014,.F.);
#480=ORIENTED_EDGE('',*,*,#1011,.F.);
#481=ORIENTED_EDGE('',*,*,#1008,.F.);
#482=ORIENTED_EDGE('',*,*,#1015,.T.);
#483=ORIENTED_EDGE('',*,*,#1016,.T.);
#484=ORIENTED_EDGE('',*,*,#1017,.T.);
#485=ORIENTED_EDGE('',*,*,#1018,.F.);
#486=ORIENTED_EDGE('',*,*,#1019,.T.);
#487=ORIENTED_EDGE('',*,*,#997,.T.);
#488=ORIENTED_EDGE('',*,*,#1001,.T.);
#489=ORIENTED_EDGE('',*,*,#1004,.T.);
#490=ORIENTED_EDGE('',*,*,#1020,.T.);
#491=ORIENTED_EDGE('',*,*,#1021,.F.);
#492=ORIENTED_EDGE('',*,*,#1022,.F.);
#493=ORIENTED_EDGE('',*,*,#1023,.F.);
#494=ORIENTED_EDGE('',*,*,#1024,.T.);
#495=ORIENTED_EDGE('',*,*,#1025,.T.);
#496=ORIENTED_EDGE('',*,*,#1026,.F.);
#497=ORIENTED_EDGE('',*,*,#1006,.F.);
#498=ORIENTED_EDGE('',*,*,#1010,.F.);
#499=ORIENTED_EDGE('',*,*,#1027,.F.);
#500=ORIENTED_EDGE('',*,*,#1028,.T.);
#501=ORIENTED_EDGE('',*,*,#1029,.T.);
#502=ORIENTED_EDGE('',*,*,#1002,.T.);
#503=ORIENTED_EDGE('',*,*,#999,.T.);
#504=ORIENTED_EDGE('',*,*,#995,.T.);
#505=ORIENTED_EDGE('',*,*,#1030,.F.);
#506=ORIENTED_EDGE('',*,*,#1024,.F.);
#507=ORIENTED_EDGE('',*,*,#998,.T.);
#508=ORIENTED_EDGE('',*,*,#1019,.F.);
#509=ORIENTED_EDGE('',*,*,#1031,.F.);
#510=ORIENTED_EDGE('',*,*,#1020,.F.);
#511=ORIENTED_EDGE('',*,*,#1003,.F.);
#512=ORIENTED_EDGE('',*,*,#1029,.F.);
#513=ORIENTED_EDGE('',*,*,#1026,.T.);
#514=ORIENTED_EDGE('',*,*,#1032,.T.);
#515=ORIENTED_EDGE('',*,*,#1012,.T.);
#516=ORIENTED_EDGE('',*,*,#1007,.F.);
#517=ORIENTED_EDGE('',*,*,#1014,.T.);
#518=ORIENTED_EDGE('',*,*,#1033,.T.);
#519=ORIENTED_EDGE('',*,*,#1027,.T.);
#520=ORIENTED_EDGE('',*,*,#1009,.T.);
#521=ORIENTED_EDGE('',*,*,#1018,.T.);
#522=ORIENTED_EDGE('',*,*,#1031,.T.);
#523=ORIENTED_EDGE('',*,*,#1028,.F.);
#524=ORIENTED_EDGE('',*,*,#1033,.F.);
#525=ORIENTED_EDGE('',*,*,#1013,.F.);
#526=ORIENTED_EDGE('',*,*,#1032,.F.);
#527=ORIENTED_EDGE('',*,*,#1025,.F.);
#528=ORIENTED_EDGE('',*,*,#1030,.T.);
#529=ORIENTED_EDGE('',*,*,#1017,.F.);
#530=ORIENTED_EDGE('',*,*,#1023,.T.);
#531=ORIENTED_EDGE('',*,*,#1016,.F.);
#532=ORIENTED_EDGE('',*,*,#1022,.T.);
#533=ORIENTED_EDGE('',*,*,#1015,.F.);
#534=ORIENTED_EDGE('',*,*,#1021,.T.);
#535=ORIENTED_EDGE('',*,*,#1034,.F.);
#536=ORIENTED_EDGE('',*,*,#1035,.T.);
#537=ORIENTED_EDGE('',*,*,#1036,.T.);
#538=ORIENTED_EDGE('',*,*,#1037,.F.);
#539=ORIENTED_EDGE('',*,*,#1038,.F.);
#540=ORIENTED_EDGE('',*,*,#1039,.T.);
#541=ORIENTED_EDGE('',*,*,#1040,.F.);
#542=ORIENTED_EDGE('',*,*,#1041,.F.);
#543=ORIENTED_EDGE('',*,*,#1042,.F.);
#544=ORIENTED_EDGE('',*,*,#1043,.T.);
#545=ORIENTED_EDGE('',*,*,#1044,.F.);
#546=ORIENTED_EDGE('',*,*,#1045,.F.);
#547=ORIENTED_EDGE('',*,*,#1046,.T.);
#548=ORIENTED_EDGE('',*,*,#1047,.T.);
#549=ORIENTED_EDGE('',*,*,#1048,.F.);
#550=ORIENTED_EDGE('',*,*,#1049,.F.);
#551=ORIENTED_EDGE('',*,*,#1050,.F.);
#552=ORIENTED_EDGE('',*,*,#1051,.T.);
#553=ORIENTED_EDGE('',*,*,#1052,.F.);
#554=ORIENTED_EDGE('',*,*,#1053,.T.);
#555=ORIENTED_EDGE('',*,*,#1054,.T.);
#556=ORIENTED_EDGE('',*,*,#1055,.T.);
#557=ORIENTED_EDGE('',*,*,#1056,.F.);
#558=ORIENTED_EDGE('',*,*,#1057,.F.);
#559=ORIENTED_EDGE('',*,*,#1058,.T.);
#560=ORIENTED_EDGE('',*,*,#1059,.T.);
#561=ORIENTED_EDGE('',*,*,#1060,.T.);
#562=ORIENTED_EDGE('',*,*,#1061,.T.);
#563=ORIENTED_EDGE('',*,*,#1062,.T.);
#564=ORIENTED_EDGE('',*,*,#1063,.F.);
#565=ORIENTED_EDGE('',*,*,#1064,.T.);
#566=ORIENTED_EDGE('',*,*,#1065,.F.);
#567=ORIENTED_EDGE('',*,*,#1066,.T.);
#568=ORIENTED_EDGE('',*,*,#1063,.T.);
#569=ORIENTED_EDGE('',*,*,#1067,.T.);
#570=ORIENTED_EDGE('',*,*,#1056,.T.);
#571=ORIENTED_EDGE('',*,*,#1068,.T.);
#572=ORIENTED_EDGE('',*,*,#1061,.F.);
#573=ORIENTED_EDGE('',*,*,#1069,.T.);
#574=ORIENTED_EDGE('',*,*,#1070,.F.);
#575=ORIENTED_EDGE('',*,*,#1071,.T.);
#576=ORIENTED_EDGE('',*,*,#1054,.F.);
#577=ORIENTED_EDGE('',*,*,#1072,.F.);
#578=ORIENTED_EDGE('',*,*,#1038,.T.);
#579=ORIENTED_EDGE('',*,*,#1073,.T.);
#580=ORIENTED_EDGE('',*,*,#1034,.T.);
#581=ORIENTED_EDGE('',*,*,#1074,.T.);
#582=ORIENTED_EDGE('',*,*,#1075,.T.);
#583=ORIENTED_EDGE('',*,*,#1076,.F.);
#584=ORIENTED_EDGE('',*,*,#1077,.F.);
#585=ORIENTED_EDGE('',*,*,#1078,.F.);
#586=ORIENTED_EDGE('',*,*,#1079,.T.);
#587=ORIENTED_EDGE('',*,*,#1080,.T.);
#588=ORIENTED_EDGE('',*,*,#1081,.F.);
#589=ORIENTED_EDGE('',*,*,#1082,.T.);
#590=ORIENTED_EDGE('',*,*,#1083,.F.);
#591=ORIENTED_EDGE('',*,*,#1084,.F.);
#592=ORIENTED_EDGE('',*,*,#1085,.F.);
#593=ORIENTED_EDGE('',*,*,#1086,.F.);
#594=ORIENTED_EDGE('',*,*,#1087,.T.);
#595=ORIENTED_EDGE('',*,*,#1088,.T.);
#596=ORIENTED_EDGE('',*,*,#1089,.T.);
#597=ORIENTED_EDGE('',*,*,#1044,.T.);
#598=ORIENTED_EDGE('',*,*,#1090,.T.);
#599=ORIENTED_EDGE('',*,*,#1048,.T.);
#600=ORIENTED_EDGE('',*,*,#1091,.F.);
#601=ORIENTED_EDGE('',*,*,#1092,.T.);
#602=ORIENTED_EDGE('',*,*,#1093,.F.);
#603=ORIENTED_EDGE('',*,*,#1087,.F.);
#604=ORIENTED_EDGE('',*,*,#1094,.F.);
#605=ORIENTED_EDGE('',*,*,#1095,.F.);
#606=ORIENTED_EDGE('',*,*,#1080,.F.);
#607=ORIENTED_EDGE('',*,*,#1096,.F.);
#608=ORIENTED_EDGE('',*,*,#1085,.T.);
#609=ORIENTED_EDGE('',*,*,#1097,.T.);
#610=ORIENTED_EDGE('',*,*,#1098,.T.);
#611=ORIENTED_EDGE('',*,*,#1099,.F.);
#612=ORIENTED_EDGE('',*,*,#1100,.T.);
#613=ORIENTED_EDGE('',*,*,#1101,.T.);
#614=ORIENTED_EDGE('',*,*,#1102,.T.);
#615=ORIENTED_EDGE('',*,*,#1103,.T.);
#616=ORIENTED_EDGE('',*,*,#1066,.F.);
#617=ORIENTED_EDGE('',*,*,#1104,.T.);
#618=ORIENTED_EDGE('',*,*,#1105,.T.);
#619=ORIENTED_EDGE('',*,*,#1097,.F.);
#620=ORIENTED_EDGE('',*,*,#1053,.F.);
#621=ORIENTED_EDGE('',*,*,#1106,.F.);
#622=ORIENTED_EDGE('',*,*,#1107,.T.);
#623=ORIENTED_EDGE('',*,*,#1108,.F.);
#624=ORIENTED_EDGE('',*,*,#1109,.F.);
#625=ORIENTED_EDGE('',*,*,#1069,.F.);
#626=ORIENTED_EDGE('',*,*,#1064,.F.);
#627=ORIENTED_EDGE('',*,*,#1110,.F.);
#628=ORIENTED_EDGE('',*,*,#1072,.T.);
#629=ORIENTED_EDGE('',*,*,#1060,.F.);
#630=ORIENTED_EDGE('',*,*,#1111,.F.);
#631=ORIENTED_EDGE('',*,*,#1051,.F.);
#632=ORIENTED_EDGE('',*,*,#1112,.F.);
#633=ORIENTED_EDGE('',*,*,#1099,.T.);
#634=ORIENTED_EDGE('',*,*,#1113,.T.);
#635=ORIENTED_EDGE('',*,*,#1109,.T.);
#636=ORIENTED_EDGE('',*,*,#1114,.T.);
#637=ORIENTED_EDGE('',*,*,#1115,.T.);
#638=ORIENTED_EDGE('',*,*,#1057,.T.);
#639=ORIENTED_EDGE('',*,*,#1059,.F.);
#640=ORIENTED_EDGE('',*,*,#1116,.T.);
#641=ORIENTED_EDGE('',*,*,#1117,.T.);
#642=ORIENTED_EDGE('',*,*,#1118,.F.);
#643=ORIENTED_EDGE('',*,*,#1119,.F.);
#644=ORIENTED_EDGE('',*,*,#1120,.F.);
#645=ORIENTED_EDGE('',*,*,#1121,.F.);
#646=ORIENTED_EDGE('',*,*,#1122,.F.);
#647=ORIENTED_EDGE('',*,*,#1123,.F.);
#648=ORIENTED_EDGE('',*,*,#1124,.F.);
#649=ORIENTED_EDGE('',*,*,#1125,.F.);
#650=ORIENTED_EDGE('',*,*,#1126,.F.);
#651=ORIENTED_EDGE('',*,*,#1127,.F.);
#652=ORIENTED_EDGE('',*,*,#1128,.F.);
#653=ORIENTED_EDGE('',*,*,#1129,.F.);
#654=ORIENTED_EDGE('',*,*,#1130,.F.);
#655=ORIENTED_EDGE('',*,*,#1131,.F.);
#656=ORIENTED_EDGE('',*,*,#1132,.F.);
#657=ORIENTED_EDGE('',*,*,#1133,.F.);
#658=ORIENTED_EDGE('',*,*,#1134,.F.);
#659=ORIENTED_EDGE('',*,*,#1052,.T.);
#660=ORIENTED_EDGE('',*,*,#1111,.T.);
#661=ORIENTED_EDGE('',*,*,#1135,.F.);
#662=ORIENTED_EDGE('',*,*,#1106,.T.);
#663=ORIENTED_EDGE('',*,*,#1136,.F.);
#664=ORIENTED_EDGE('',*,*,#1137,.F.);
#665=ORIENTED_EDGE('',*,*,#1138,.F.);
#666=ORIENTED_EDGE('',*,*,#1139,.F.);
#667=ORIENTED_EDGE('',*,*,#1140,.F.);
#668=ORIENTED_EDGE('',*,*,#1141,.F.);
#669=ORIENTED_EDGE('',*,*,#1142,.F.);
#670=ORIENTED_EDGE('',*,*,#1143,.F.);
#671=ORIENTED_EDGE('',*,*,#1144,.F.);
#672=ORIENTED_EDGE('',*,*,#1145,.F.);
#673=ORIENTED_EDGE('',*,*,#1146,.F.);
#674=ORIENTED_EDGE('',*,*,#1147,.F.);
#675=ORIENTED_EDGE('',*,*,#1148,.F.);
#676=ORIENTED_EDGE('',*,*,#1149,.F.);
#677=ORIENTED_EDGE('',*,*,#1150,.F.);
#678=ORIENTED_EDGE('',*,*,#1151,.F.);
#679=ORIENTED_EDGE('',*,*,#1135,.T.);
#680=ORIENTED_EDGE('',*,*,#1152,.F.);
#681=ORIENTED_EDGE('',*,*,#1118,.T.);
#682=ORIENTED_EDGE('',*,*,#1153,.T.);
#683=ORIENTED_EDGE('',*,*,#1107,.F.);
#684=ORIENTED_EDGE('',*,*,#1108,.T.);
#685=ORIENTED_EDGE('',*,*,#1153,.F.);
#686=ORIENTED_EDGE('',*,*,#1117,.F.);
#687=ORIENTED_EDGE('',*,*,#1154,.T.);
#688=ORIENTED_EDGE('',*,*,#1114,.F.);
#689=ORIENTED_EDGE('',*,*,#1154,.F.);
#690=ORIENTED_EDGE('',*,*,#1116,.F.);
#691=ORIENTED_EDGE('',*,*,#1058,.F.);
#692=ORIENTED_EDGE('',*,*,#1115,.F.);
#693=ORIENTED_EDGE('',*,*,#1136,.T.);
#694=ORIENTED_EDGE('',*,*,#1134,.T.);
#695=ORIENTED_EDGE('',*,*,#1155,.T.);
#696=ORIENTED_EDGE('',*,*,#1137,.T.);
#697=ORIENTED_EDGE('',*,*,#1155,.F.);
#698=ORIENTED_EDGE('',*,*,#1133,.T.);
#699=ORIENTED_EDGE('',*,*,#1156,.T.);
#700=ORIENTED_EDGE('',*,*,#1138,.T.);
#701=ORIENTED_EDGE('',*,*,#1156,.F.);
#702=ORIENTED_EDGE('',*,*,#1132,.T.);
#703=ORIENTED_EDGE('',*,*,#1157,.T.);
#704=ORIENTED_EDGE('',*,*,#1139,.T.);
#705=ORIENTED_EDGE('',*,*,#1157,.F.);
#706=ORIENTED_EDGE('',*,*,#1131,.T.);
#707=ORIENTED_EDGE('',*,*,#1158,.T.);
#708=ORIENTED_EDGE('',*,*,#1140,.T.);
#709=ORIENTED_EDGE('',*,*,#1158,.F.);
#710=ORIENTED_EDGE('',*,*,#1130,.T.);
#711=ORIENTED_EDGE('',*,*,#1159,.T.);
#712=ORIENTED_EDGE('',*,*,#1141,.T.);
#713=ORIENTED_EDGE('',*,*,#1159,.F.);
#714=ORIENTED_EDGE('',*,*,#1129,.T.);
#715=ORIENTED_EDGE('',*,*,#1160,.T.);
#716=ORIENTED_EDGE('',*,*,#1142,.T.);
#717=ORIENTED_EDGE('',*,*,#1160,.F.);
#718=ORIENTED_EDGE('',*,*,#1128,.T.);
#719=ORIENTED_EDGE('',*,*,#1161,.T.);
#720=ORIENTED_EDGE('',*,*,#1143,.T.);
#721=ORIENTED_EDGE('',*,*,#1161,.F.);
#722=ORIENTED_EDGE('',*,*,#1127,.T.);
#723=ORIENTED_EDGE('',*,*,#1162,.T.);
#724=ORIENTED_EDGE('',*,*,#1144,.T.);
#725=ORIENTED_EDGE('',*,*,#1162,.F.);
#726=ORIENTED_EDGE('',*,*,#1126,.T.);
#727=ORIENTED_EDGE('',*,*,#1163,.T.);
#728=ORIENTED_EDGE('',*,*,#1145,.T.);
#729=ORIENTED_EDGE('',*,*,#1163,.F.);
#730=ORIENTED_EDGE('',*,*,#1125,.T.);
#731=ORIENTED_EDGE('',*,*,#1164,.T.);
#732=ORIENTED_EDGE('',*,*,#1146,.T.);
#733=ORIENTED_EDGE('',*,*,#1164,.F.);
#734=ORIENTED_EDGE('',*,*,#1124,.T.);
#735=ORIENTED_EDGE('',*,*,#1165,.T.);
#736=ORIENTED_EDGE('',*,*,#1147,.T.);
#737=ORIENTED_EDGE('',*,*,#1165,.F.);
#738=ORIENTED_EDGE('',*,*,#1123,.T.);
#739=ORIENTED_EDGE('',*,*,#1166,.T.);
#740=ORIENTED_EDGE('',*,*,#1148,.T.);
#741=ORIENTED_EDGE('',*,*,#1166,.F.);
#742=ORIENTED_EDGE('',*,*,#1122,.T.);
#743=ORIENTED_EDGE('',*,*,#1167,.T.);
#744=ORIENTED_EDGE('',*,*,#1149,.T.);
#745=ORIENTED_EDGE('',*,*,#1167,.F.);
#746=ORIENTED_EDGE('',*,*,#1121,.T.);
#747=ORIENTED_EDGE('',*,*,#1168,.T.);
#748=ORIENTED_EDGE('',*,*,#1150,.T.);
#749=ORIENTED_EDGE('',*,*,#1168,.F.);
#750=ORIENTED_EDGE('',*,*,#1120,.T.);
#751=ORIENTED_EDGE('',*,*,#1169,.T.);
#752=ORIENTED_EDGE('',*,*,#1151,.T.);
#753=ORIENTED_EDGE('',*,*,#1169,.F.);
#754=ORIENTED_EDGE('',*,*,#1119,.T.);
#755=ORIENTED_EDGE('',*,*,#1152,.T.);
#756=ORIENTED_EDGE('',*,*,#1170,.F.);
#757=ORIENTED_EDGE('',*,*,#1113,.F.);
#758=ORIENTED_EDGE('',*,*,#1098,.F.);
#759=ORIENTED_EDGE('',*,*,#1105,.F.);
#760=ORIENTED_EDGE('',*,*,#1076,.T.);
#761=ORIENTED_EDGE('',*,*,#1171,.T.);
#762=ORIENTED_EDGE('',*,*,#1172,.T.);
#763=ORIENTED_EDGE('',*,*,#1173,.F.);
#764=ORIENTED_EDGE('',*,*,#1079,.F.);
#765=ORIENTED_EDGE('',*,*,#1174,.F.);
#766=ORIENTED_EDGE('',*,*,#1175,.F.);
#767=ORIENTED_EDGE('',*,*,#1172,.F.);
#768=ORIENTED_EDGE('',*,*,#1176,.T.);
#769=ORIENTED_EDGE('',*,*,#1177,.T.);
#770=ORIENTED_EDGE('',*,*,#1178,.T.);
#771=ORIENTED_EDGE('',*,*,#1179,.T.);
#772=ORIENTED_EDGE('',*,*,#1180,.T.);
#773=ORIENTED_EDGE('',*,*,#1181,.T.);
#774=ORIENTED_EDGE('',*,*,#1182,.T.);
#775=ORIENTED_EDGE('',*,*,#1183,.T.);
#776=ORIENTED_EDGE('',*,*,#1184,.T.);
#777=ORIENTED_EDGE('',*,*,#1185,.T.);
#778=ORIENTED_EDGE('',*,*,#1186,.T.);
#779=ORIENTED_EDGE('',*,*,#1187,.F.);
#780=ORIENTED_EDGE('',*,*,#1188,.F.);
#781=ORIENTED_EDGE('',*,*,#1077,.T.);
#782=ORIENTED_EDGE('',*,*,#1189,.T.);
#783=ORIENTED_EDGE('',*,*,#1190,.T.);
#784=ORIENTED_EDGE('',*,*,#1191,.F.);
#785=ORIENTED_EDGE('',*,*,#1192,.T.);
#786=ORIENTED_EDGE('',*,*,#1193,.T.);
#787=ORIENTED_EDGE('',*,*,#1194,.T.);
#788=ORIENTED_EDGE('',*,*,#1195,.T.);
#789=ORIENTED_EDGE('',*,*,#1196,.T.);
#790=ORIENTED_EDGE('',*,*,#1197,.T.);
#791=ORIENTED_EDGE('',*,*,#1198,.T.);
#792=ORIENTED_EDGE('',*,*,#1199,.T.);
#793=ORIENTED_EDGE('',*,*,#1200,.T.);
#794=ORIENTED_EDGE('',*,*,#1201,.F.);
#795=ORIENTED_EDGE('',*,*,#1202,.F.);
#796=ORIENTED_EDGE('',*,*,#1203,.F.);
#797=ORIENTED_EDGE('',*,*,#1204,.F.);
#798=ORIENTED_EDGE('',*,*,#1205,.F.);
#799=ORIENTED_EDGE('',*,*,#1094,.T.);
#800=ORIENTED_EDGE('',*,*,#1086,.T.);
#801=ORIENTED_EDGE('',*,*,#1096,.T.);
#802=ORIENTED_EDGE('',*,*,#1173,.T.);
#803=ORIENTED_EDGE('',*,*,#1206,.T.);
#804=ORIENTED_EDGE('',*,*,#1207,.F.);
#805=ORIENTED_EDGE('',*,*,#1191,.T.);
#806=ORIENTED_EDGE('',*,*,#1192,.F.);
#807=ORIENTED_EDGE('',*,*,#1207,.T.);
#808=ORIENTED_EDGE('',*,*,#1208,.F.);
#809=ORIENTED_EDGE('',*,*,#1186,.F.);
#810=ORIENTED_EDGE('',*,*,#1209,.T.);
#811=ORIENTED_EDGE('',*,*,#1206,.F.);
#812=ORIENTED_EDGE('',*,*,#1175,.T.);
#813=ORIENTED_EDGE('',*,*,#1210,.F.);
#814=ORIENTED_EDGE('',*,*,#1187,.T.);
#815=ORIENTED_EDGE('',*,*,#1208,.T.);
#816=ORIENTED_EDGE('',*,*,#1210,.T.);
#817=ORIENTED_EDGE('',*,*,#1174,.T.);
#818=ORIENTED_EDGE('',*,*,#1078,.T.);
#819=ORIENTED_EDGE('',*,*,#1188,.T.);
#820=ORIENTED_EDGE('',*,*,#1211,.F.);
#821=ORIENTED_EDGE('',*,*,#1189,.F.);
#822=ORIENTED_EDGE('',*,*,#1212,.F.);
#823=ORIENTED_EDGE('',*,*,#1177,.F.);
#824=ORIENTED_EDGE('',*,*,#1200,.F.);
#825=ORIENTED_EDGE('',*,*,#1213,.F.);
#826=ORIENTED_EDGE('',*,*,#1178,.F.);
#827=ORIENTED_EDGE('',*,*,#1212,.T.);
#828=ORIENTED_EDGE('',*,*,#1199,.F.);
#829=ORIENTED_EDGE('',*,*,#1214,.F.);
#830=ORIENTED_EDGE('',*,*,#1179,.F.);
#831=ORIENTED_EDGE('',*,*,#1213,.T.);
#832=ORIENTED_EDGE('',*,*,#1198,.F.);
#833=ORIENTED_EDGE('',*,*,#1215,.F.);
#834=ORIENTED_EDGE('',*,*,#1180,.F.);
#835=ORIENTED_EDGE('',*,*,#1214,.T.);
#836=ORIENTED_EDGE('',*,*,#1197,.F.);
#837=ORIENTED_EDGE('',*,*,#1216,.F.);
#838=ORIENTED_EDGE('',*,*,#1181,.F.);
#839=ORIENTED_EDGE('',*,*,#1215,.T.);
#840=ORIENTED_EDGE('',*,*,#1196,.F.);
#841=ORIENTED_EDGE('',*,*,#1217,.F.);
#842=ORIENTED_EDGE('',*,*,#1182,.F.);
#843=ORIENTED_EDGE('',*,*,#1216,.T.);
#844=ORIENTED_EDGE('',*,*,#1195,.F.);
#845=ORIENTED_EDGE('',*,*,#1218,.F.);
#846=ORIENTED_EDGE('',*,*,#1183,.F.);
#847=ORIENTED_EDGE('',*,*,#1217,.T.);
#848=ORIENTED_EDGE('',*,*,#1194,.F.);
#849=ORIENTED_EDGE('',*,*,#1219,.F.);
#850=ORIENTED_EDGE('',*,*,#1184,.F.);
#851=ORIENTED_EDGE('',*,*,#1218,.T.);
#852=ORIENTED_EDGE('',*,*,#1193,.F.);
#853=ORIENTED_EDGE('',*,*,#1209,.F.);
#854=ORIENTED_EDGE('',*,*,#1185,.F.);
#855=ORIENTED_EDGE('',*,*,#1219,.T.);
#856=ORIENTED_EDGE('',*,*,#1220,.T.);
#857=ORIENTED_EDGE('',*,*,#1221,.T.);
#858=ORIENTED_EDGE('',*,*,#1222,.T.);
#859=ORIENTED_EDGE('',*,*,#1223,.F.);
#860=ORIENTED_EDGE('',*,*,#1067,.F.);
#861=ORIENTED_EDGE('',*,*,#1062,.F.);
#862=ORIENTED_EDGE('',*,*,#1068,.F.);
#863=ORIENTED_EDGE('',*,*,#1055,.F.);
#864=ORIENTED_EDGE('',*,*,#1071,.F.);
#865=ORIENTED_EDGE('',*,*,#1224,.F.);
#866=ORIENTED_EDGE('',*,*,#1081,.T.);
#867=ORIENTED_EDGE('',*,*,#1095,.T.);
#868=ORIENTED_EDGE('',*,*,#1084,.T.);
#869=ORIENTED_EDGE('',*,*,#1093,.T.);
#870=ORIENTED_EDGE('',*,*,#1075,.F.);
#871=ORIENTED_EDGE('',*,*,#1225,.T.);
#872=ORIENTED_EDGE('',*,*,#1226,.T.);
#873=ORIENTED_EDGE('',*,*,#1227,.F.);
#874=ORIENTED_EDGE('',*,*,#1082,.F.);
#875=ORIENTED_EDGE('',*,*,#1224,.T.);
#876=ORIENTED_EDGE('',*,*,#1070,.T.);
#877=ORIENTED_EDGE('',*,*,#1110,.T.);
#878=ORIENTED_EDGE('',*,*,#1050,.T.);
#879=ORIENTED_EDGE('',*,*,#1112,.T.);
#880=ORIENTED_EDGE('',*,*,#1170,.T.);
#881=ORIENTED_EDGE('',*,*,#1104,.F.);
#882=ORIENTED_EDGE('',*,*,#1065,.T.);
#883=ORIENTED_EDGE('',*,*,#1223,.T.);
#884=ORIENTED_EDGE('',*,*,#1092,.F.);
#885=ORIENTED_EDGE('',*,*,#1228,.F.);
#886=ORIENTED_EDGE('',*,*,#1229,.F.);
#887=ORIENTED_EDGE('',*,*,#1230,.T.);
#888=ORIENTED_EDGE('',*,*,#1088,.F.);
#889=ORIENTED_EDGE('',*,*,#1205,.T.);
#890=ORIENTED_EDGE('',*,*,#1190,.F.);
#891=ORIENTED_EDGE('',*,*,#1211,.T.);
#892=ORIENTED_EDGE('',*,*,#1176,.F.);
#893=ORIENTED_EDGE('',*,*,#1171,.F.);
#894=ORIENTED_EDGE('',*,*,#1231,.F.);
#895=ORIENTED_EDGE('',*,*,#1222,.F.);
#896=ORIENTED_EDGE('',*,*,#1231,.T.);
#897=ORIENTED_EDGE('',*,*,#1232,.F.);
#898=ORIENTED_EDGE('',*,*,#1221,.F.);
#899=ORIENTED_EDGE('',*,*,#1232,.T.);
#900=ORIENTED_EDGE('',*,*,#1233,.F.);
#901=ORIENTED_EDGE('',*,*,#1220,.F.);
#902=ORIENTED_EDGE('',*,*,#1233,.T.);
#903=ORIENTED_EDGE('',*,*,#1234,.T.);
#904=ORIENTED_EDGE('',*,*,#1201,.T.);
#905=ORIENTED_EDGE('',*,*,#1235,.F.);
#906=ORIENTED_EDGE('',*,*,#1101,.F.);
#907=ORIENTED_EDGE('',*,*,#1236,.T.);
#908=ORIENTED_EDGE('',*,*,#1202,.T.);
#909=ORIENTED_EDGE('',*,*,#1234,.F.);
#910=ORIENTED_EDGE('',*,*,#1100,.F.);
#911=ORIENTED_EDGE('',*,*,#1237,.T.);
#912=ORIENTED_EDGE('',*,*,#1203,.T.);
#913=ORIENTED_EDGE('',*,*,#1236,.F.);
#914=ORIENTED_EDGE('',*,*,#1103,.F.);
#915=ORIENTED_EDGE('',*,*,#1235,.T.);
#916=ORIENTED_EDGE('',*,*,#1204,.T.);
#917=ORIENTED_EDGE('',*,*,#1237,.F.);
#918=ORIENTED_EDGE('',*,*,#1102,.F.);
#919=ORIENTED_EDGE('',*,*,#1089,.F.);
#920=ORIENTED_EDGE('',*,*,#1230,.F.);
#921=ORIENTED_EDGE('',*,*,#1238,.F.);
#922=ORIENTED_EDGE('',*,*,#1045,.T.);
#923=ORIENTED_EDGE('',*,*,#1228,.T.);
#924=ORIENTED_EDGE('',*,*,#1091,.T.);
#925=ORIENTED_EDGE('',*,*,#1047,.F.);
#926=ORIENTED_EDGE('',*,*,#1239,.T.);
#927=ORIENTED_EDGE('',*,*,#1229,.T.);
#928=ORIENTED_EDGE('',*,*,#1239,.F.);
#929=ORIENTED_EDGE('',*,*,#1046,.F.);
#930=ORIENTED_EDGE('',*,*,#1238,.T.);
#931=ORIENTED_EDGE('',*,*,#1240,.T.);
#932=ORIENTED_EDGE('',*,*,#1241,.T.);
#933=ORIENTED_EDGE('',*,*,#1242,.F.);
#934=ORIENTED_EDGE('',*,*,#1090,.F.);
#935=ORIENTED_EDGE('',*,*,#1243,.T.);
#936=ORIENTED_EDGE('',*,*,#1244,.F.);
#937=ORIENTED_EDGE('',*,*,#1240,.F.);
#938=ORIENTED_EDGE('',*,*,#1043,.F.);
#939=ORIENTED_EDGE('',*,*,#1245,.T.);
#940=ORIENTED_EDGE('',*,*,#1246,.F.);
#941=ORIENTED_EDGE('',*,*,#1245,.F.);
#942=ORIENTED_EDGE('',*,*,#1042,.T.);
#943=ORIENTED_EDGE('',*,*,#1247,.T.);
#944=ORIENTED_EDGE('',*,*,#1248,.F.);
#945=ORIENTED_EDGE('',*,*,#1247,.F.);
#946=ORIENTED_EDGE('',*,*,#1049,.T.);
#947=ORIENTED_EDGE('',*,*,#1242,.T.);
#948=ORIENTED_EDGE('',*,*,#1249,.T.);
#949=ORIENTED_EDGE('',*,*,#1250,.T.);
#950=ORIENTED_EDGE('',*,*,#1249,.F.);
#951=ORIENTED_EDGE('',*,*,#1241,.F.);
#952=ORIENTED_EDGE('',*,*,#1244,.T.);
#953=ORIENTED_EDGE('',*,*,#1243,.F.);
#954=ORIENTED_EDGE('',*,*,#1246,.T.);
#955=ORIENTED_EDGE('',*,*,#1248,.T.);
#956=ORIENTED_EDGE('',*,*,#1250,.F.);
#957=ORIENTED_EDGE('',*,*,#1074,.F.);
#958=ORIENTED_EDGE('',*,*,#1041,.T.);
#959=ORIENTED_EDGE('',*,*,#1251,.T.);
#960=ORIENTED_EDGE('',*,*,#1225,.F.);
#961=ORIENTED_EDGE('',*,*,#1039,.F.);
#962=ORIENTED_EDGE('',*,*,#1083,.T.);
#963=ORIENTED_EDGE('',*,*,#1227,.T.);
#964=ORIENTED_EDGE('',*,*,#1252,.F.);
#965=ORIENTED_EDGE('',*,*,#1226,.F.);
#966=ORIENTED_EDGE('',*,*,#1251,.F.);
#967=ORIENTED_EDGE('',*,*,#1040,.T.);
#968=ORIENTED_EDGE('',*,*,#1252,.T.);
#969=ORIENTED_EDGE('',*,*,#1253,.F.);
#970=ORIENTED_EDGE('',*,*,#1254,.F.);
#971=ORIENTED_EDGE('',*,*,#1255,.T.);
#972=ORIENTED_EDGE('',*,*,#1073,.F.);
#973=ORIENTED_EDGE('',*,*,#1256,.T.);
#974=ORIENTED_EDGE('',*,*,#1257,.F.);
#975=ORIENTED_EDGE('',*,*,#1035,.F.);
#976=ORIENTED_EDGE('',*,*,#1255,.F.);
#977=ORIENTED_EDGE('',*,*,#1258,.T.);
#978=ORIENTED_EDGE('',*,*,#1259,.F.);
#979=ORIENTED_EDGE('',*,*,#1258,.F.);
#980=ORIENTED_EDGE('',*,*,#1254,.T.);
#981=ORIENTED_EDGE('',*,*,#1260,.T.);
#982=ORIENTED_EDGE('',*,*,#1261,.F.);
#983=ORIENTED_EDGE('',*,*,#1260,.F.);
#984=ORIENTED_EDGE('',*,*,#1253,.T.);
#985=ORIENTED_EDGE('',*,*,#1037,.T.);
#986=ORIENTED_EDGE('',*,*,#1262,.T.);
#987=ORIENTED_EDGE('',*,*,#1263,.T.);
#988=ORIENTED_EDGE('',*,*,#1262,.F.);
#989=ORIENTED_EDGE('',*,*,#1036,.F.);
#990=ORIENTED_EDGE('',*,*,#1257,.T.);
#991=ORIENTED_EDGE('',*,*,#1256,.F.);
#992=ORIENTED_EDGE('',*,*,#1259,.T.);
#993=ORIENTED_EDGE('',*,*,#1261,.T.);
#994=ORIENTED_EDGE('',*,*,#1263,.F.);
#995=EDGE_CURVE('',#1264,#1265,#1447,.F.);
#996=EDGE_CURVE('',#1264,#1266,#175,.T.);
#997=EDGE_CURVE('',#1267,#1266,#1448,.T.);
#998=EDGE_CURVE('',#1265,#1267,#176,.T.);
#999=EDGE_CURVE('',#1268,#1264,#177,.T.);
#1000=EDGE_CURVE('',#1268,#1269,#178,.T.);
#1001=EDGE_CURVE('',#1266,#1269,#179,.T.);
#1002=EDGE_CURVE('',#1270,#1268,#1449,.F.);
#1003=EDGE_CURVE('',#1270,#1271,#180,.T.);
#1004=EDGE_CURVE('',#1269,#1271,#1450,.T.);
#1005=EDGE_CURVE('',#1272,#1273,#181,.T.);
#1006=EDGE_CURVE('',#1272,#1274,#1451,.F.);
#1007=EDGE_CURVE('',#1274,#1275,#182,.T.);
#1008=EDGE_CURVE('',#1275,#1273,#1452,.T.);
#1009=EDGE_CURVE('',#1276,#1277,#183,.T.);
#1010=EDGE_CURVE('',#1276,#1272,#184,.T.);
#1011=EDGE_CURVE('',#1273,#1277,#185,.T.);
#1012=EDGE_CURVE('',#1278,#1275,#1453,.T.);
#1013=EDGE_CURVE('',#1278,#1279,#186,.T.);
#1014=EDGE_CURVE('',#1277,#1279,#1454,.T.);
#1015=EDGE_CURVE('',#1280,#1280,#1455,.T.);
#1016=EDGE_CURVE('',#1281,#1281,#1456,.T.);
#1017=EDGE_CURVE('',#1282,#1282,#1457,.T.);
#1018=EDGE_CURVE('',#1283,#1284,#187,.T.);
#1019=EDGE_CURVE('',#1283,#1267,#1458,.T.);
#1020=EDGE_CURVE('',#1271,#1284,#1459,.T.);
#1021=EDGE_CURVE('',#1285,#1285,#1460,.F.);
#1022=EDGE_CURVE('',#1286,#1286,#1461,.F.);
#1023=EDGE_CURVE('',#1287,#1287,#1462,.F.);
#1024=EDGE_CURVE('',#1265,#1288,#1463,.F.);
#1025=EDGE_CURVE('',#1288,#1289,#188,.T.);
#1026=EDGE_CURVE('',#1274,#1289,#1464,.F.);
#1027=EDGE_CURVE('',#1290,#1276,#1465,.F.);
#1028=EDGE_CURVE('',#1290,#1291,#189,.T.);
#1029=EDGE_CURVE('',#1291,#1270,#1466,.F.);
#1030=EDGE_CURVE('',#1288,#1283,#190,.T.);
#1031=EDGE_CURVE('',#1284,#1291,#191,.F.);
#1032=EDGE_CURVE('',#1289,#1278,#192,.T.);
#1033=EDGE_CURVE('',#1279,#1290,#193,.F.);
#1034=EDGE_CURVE('',#1292,#1293,#194,.F.);
#1035=EDGE_CURVE('',#1292,#1294,#195,.T.);
#1036=EDGE_CURVE('',#1294,#1295,#196,.T.);
#1037=EDGE_CURVE('',#1296,#1295,#197,.T.);
#1038=EDGE_CURVE('',#1297,#1296,#198,.F.);
#1039=EDGE_CURVE('',#1297,#1298,#199,.T.);
#1040=EDGE_CURVE('',#1299,#1298,#200,.T.);
#1041=EDGE_CURVE('',#1293,#1299,#201,.T.);
#1042=EDGE_CURVE('',#1300,#1301,#202,.T.);
#1043=EDGE_CURVE('',#1300,#1302,#203,.T.);
#1044=EDGE_CURVE('',#1303,#1302,#204,.T.);
#1045=EDGE_CURVE('',#1304,#1303,#205,.T.);
#1046=EDGE_CURVE('',#1304,#1305,#206,.T.);
#1047=EDGE_CURVE('',#1305,#1306,#207,.T.);
#1048=EDGE_CURVE('',#1307,#1306,#208,.T.);
#1049=EDGE_CURVE('',#1301,#1307,#209,.T.);
#1050=EDGE_CURVE('',#1308,#1309,#210,.T.);
#1051=EDGE_CURVE('',#1308,#1310,#211,.T.);
#1052=EDGE_CURVE('',#1311,#1310,#212,.T.);
#1053=EDGE_CURVE('',#1311,#1309,#74,.T.);
#1054=EDGE_CURVE('',#1312,#1313,#213,.T.);
#1055=EDGE_CURVE('',#1313,#1314,#1467,.F.);
#1056=EDGE_CURVE('',#1315,#1314,#214,.T.);
#1057=EDGE_CURVE('',#1316,#1315,#215,.T.);
#1058=EDGE_CURVE('',#1316,#1317,#18,.F.);
#1059=EDGE_CURVE('',#1317,#1318,#216,.T.);
#1060=EDGE_CURVE('',#1318,#1312,#19,.F.);
#1061=EDGE_CURVE('',#1319,#1320,#217,.T.);
#1062=EDGE_CURVE('',#1320,#1321,#1468,.F.);
#1063=EDGE_CURVE('',#1322,#1321,#218,.T.);
#1064=EDGE_CURVE('',#1322,#1319,#75,.T.);
#1065=EDGE_CURVE('',#1323,#1324,#219,.T.);
#1066=EDGE_CURVE('',#1323,#1322,#76,.T.);
#1067=EDGE_CURVE('',#1321,#1324,#1469,.F.);
#1068=EDGE_CURVE('',#1314,#1320,#220,.T.);
#1069=EDGE_CURVE('',#1319,#1315,#77,.T.);
#1070=EDGE_CURVE('',#1325,#1326,#221,.F.);
#1071=EDGE_CURVE('',#1325,#1313,#1470,.F.);
#1072=EDGE_CURVE('',#1326,#1312,#20,.F.);
#1073=EDGE_CURVE('',#1296,#1292,#222,.F.);
#1074=EDGE_CURVE('',#1293,#1327,#1471,.F.);
#1075=EDGE_CURVE('',#1327,#1328,#223,.F.);
#1076=EDGE_CURVE('',#1329,#1328,#21,.F.);
#1077=EDGE_CURVE('',#1330,#1329,#224,.T.);
#1078=EDGE_CURVE('',#1331,#1330,#22,.F.);
#1079=EDGE_CURVE('',#1331,#1332,#225,.T.);
#1080=EDGE_CURVE('',#1332,#1333,#226,.T.);
#1081=EDGE_CURVE('',#1334,#1333,#1472,.F.);
#1082=EDGE_CURVE('',#1334,#1335,#227,.F.);
#1083=EDGE_CURVE('',#1297,#1335,#1473,.F.);
#1084=EDGE_CURVE('',#1336,#1337,#1474,.F.);
#1085=EDGE_CURVE('',#1338,#1336,#228,.T.);
#1086=EDGE_CURVE('',#1339,#1338,#78,.T.);
#1087=EDGE_CURVE('',#1339,#1337,#229,.T.);
#1088=EDGE_CURVE('',#1340,#1341,#230,.T.);
#1089=EDGE_CURVE('',#1341,#1303,#1475,.F.);
#1090=EDGE_CURVE('',#1302,#1307,#231,.T.);
#1091=EDGE_CURVE('',#1342,#1306,#1476,.F.);
#1092=EDGE_CURVE('',#1342,#1343,#232,.T.);
#1093=EDGE_CURVE('',#1337,#1343,#1477,.F.);
#1094=EDGE_CURVE('',#1340,#1339,#79,.T.);
#1095=EDGE_CURVE('',#1333,#1336,#233,.T.);
#1096=EDGE_CURVE('',#1338,#1332,#80,.T.);
#1097=EDGE_CURVE('',#1309,#1344,#81,.T.);
#1098=EDGE_CURVE('',#1344,#1345,#234,.T.);
#1099=EDGE_CURVE('',#1309,#1345,#235,.T.);
#1100=EDGE_CURVE('',#1346,#1347,#82,.T.);
#1101=EDGE_CURVE('',#1347,#1348,#236,.T.);
#1102=EDGE_CURVE('',#1348,#1349,#83,.T.);
#1103=EDGE_CURVE('',#1349,#1346,#237,.F.);
#1104=EDGE_CURVE('',#1323,#1350,#84,.T.);
#1105=EDGE_CURVE('',#1350,#1344,#85,.T.);
#1106=EDGE_CURVE('',#1351,#1311,#86,.T.);
#1107=EDGE_CURVE('',#1351,#1352,#87,.T.);
#1108=EDGE_CURVE('',#1353,#1352,#238,.T.);
#1109=EDGE_CURVE('',#1315,#1353,#88,.T.);
#1110=EDGE_CURVE('',#1326,#1308,#239,.T.);
#1111=EDGE_CURVE('',#1310,#1318,#23,.F.);
#1112=EDGE_CURVE('',#1309,#1354,#240,.T.);
#1113=EDGE_CURVE('',#1345,#1354,#241,.T.);
#1114=EDGE_CURVE('',#1353,#1355,#1478,.T.);
#1115=EDGE_CURVE('',#1355,#1316,#24,.T.);
#1116=EDGE_CURVE('',#1317,#1356,#25,.F.);
#1117=EDGE_CURVE('',#1356,#1357,#1479,.F.);
#1118=EDGE_CURVE('',#1358,#1357,#26,.F.);
#1119=EDGE_CURVE('',#1359,#1358,#27,.F.);
#1120=EDGE_CURVE('',#1360,#1359,#28,.F.);
#1121=EDGE_CURVE('',#1361,#1360,#29,.F.);
#1122=EDGE_CURVE('',#1362,#1361,#89,.T.);
#1123=EDGE_CURVE('',#1363,#1362,#30,.F.);
#1124=EDGE_CURVE('',#1364,#1363,#31,.F.);
#1125=EDGE_CURVE('',#1365,#1364,#32,.F.);
#1126=EDGE_CURVE('',#1366,#1365,#33,.F.);
#1127=EDGE_CURVE('',#1367,#1366,#90,.T.);
#1128=EDGE_CURVE('',#1368,#1367,#34,.F.);
#1129=EDGE_CURVE('',#1369,#1368,#35,.F.);
#1130=EDGE_CURVE('',#1370,#1369,#91,.T.);
#1131=EDGE_CURVE('',#1371,#1370,#36,.F.);
#1132=EDGE_CURVE('',#1372,#1371,#37,.F.);
#1133=EDGE_CURVE('',#1373,#1372,#38,.F.);
#1134=EDGE_CURVE('',#1311,#1373,#39,.F.);
#1135=EDGE_CURVE('',#1351,#1374,#40,.T.);
#1136=EDGE_CURVE('',#1375,#1311,#41,.T.);
#1137=EDGE_CURVE('',#1376,#1375,#42,.T.);
#1138=EDGE_CURVE('',#1377,#1376,#43,.T.);
#1139=EDGE_CURVE('',#1378,#1377,#44,.T.);
#1140=EDGE_CURVE('',#1379,#1378,#92,.T.);
#1141=EDGE_CURVE('',#1380,#1379,#45,.T.);
#1142=EDGE_CURVE('',#1381,#1380,#46,.T.);
#1143=EDGE_CURVE('',#1382,#1381,#93,.T.);
#1144=EDGE_CURVE('',#1383,#1382,#47,.T.);
#1145=EDGE_CURVE('',#1384,#1383,#48,.T.);
#1146=EDGE_CURVE('',#1385,#1384,#49,.T.);
#1147=EDGE_CURVE('',#1386,#1385,#50,.T.);
#1148=EDGE_CURVE('',#1387,#1386,#94,.T.);
#1149=EDGE_CURVE('',#1388,#1387,#51,.T.);
#1150=EDGE_CURVE('',#1389,#1388,#52,.T.);
#1151=EDGE_CURVE('',#1374,#1389,#53,.T.);
#1152=EDGE_CURVE('',#1358,#1374,#242,.T.);
#1153=EDGE_CURVE('',#1357,#1352,#243,.T.);
#1154=EDGE_CURVE('',#1356,#1355,#244,.T.);
#1155=EDGE_CURVE('',#1373,#1375,#245,.T.);
#1156=EDGE_CURVE('',#1372,#1376,#246,.T.);
#1157=EDGE_CURVE('',#1371,#1377,#247,.T.);
#1158=EDGE_CURVE('',#1370,#1378,#248,.T.);
#1159=EDGE_CURVE('',#1369,#1379,#249,.T.);
#1160=EDGE_CURVE('',#1368,#1380,#250,.T.);
#1161=EDGE_CURVE('',#1367,#1381,#251,.T.);
#1162=EDGE_CURVE('',#1366,#1382,#252,.T.);
#1163=EDGE_CURVE('',#1365,#1383,#253,.T.);
#1164=EDGE_CURVE('',#1364,#1384,#254,.T.);
#1165=EDGE_CURVE('',#1363,#1385,#255,.T.);
#1166=EDGE_CURVE('',#1362,#1386,#256,.T.);
#1167=EDGE_CURVE('',#1361,#1387,#257,.T.);
#1168=EDGE_CURVE('',#1360,#1388,#258,.T.);
#1169=EDGE_CURVE('',#1359,#1389,#259,.T.);
#1170=EDGE_CURVE('',#1354,#1350,#260,.T.);
#1171=EDGE_CURVE('',#1328,#1390,#261,.T.);
#1172=EDGE_CURVE('',#1390,#1329,#54,.F.);
#1173=EDGE_CURVE('',#1332,#1391,#95,.T.);
#1174=EDGE_CURVE('',#1392,#1331,#55,.T.);
#1175=EDGE_CURVE('',#1391,#1392,#1480,.T.);
#1176=EDGE_CURVE('',#1390,#1393,#262,.F.);
#1177=EDGE_CURVE('',#1393,#1394,#96,.T.);
#1178=EDGE_CURVE('',#1394,#1395,#56,.F.);
#1179=EDGE_CURVE('',#1395,#1396,#57,.F.);
#1180=EDGE_CURVE('',#1396,#1397,#58,.F.);
#1181=EDGE_CURVE('',#1397,#1398,#59,.F.);
#1182=EDGE_CURVE('',#1398,#1399,#97,.T.);
#1183=EDGE_CURVE('',#1399,#1400,#60,.F.);
#1184=EDGE_CURVE('',#1400,#1401,#61,.F.);
#1185=EDGE_CURVE('',#1401,#1402,#62,.F.);
#1186=EDGE_CURVE('',#1402,#1403,#63,.F.);
#1187=EDGE_CURVE('',#1404,#1403,#1481,.F.);
#1188=EDGE_CURVE('',#1330,#1404,#64,.F.);
#1189=EDGE_CURVE('',#1405,#1406,#98,.T.);
#1190=EDGE_CURVE('',#1406,#1407,#263,.F.);
#1191=EDGE_CURVE('',#1408,#1407,#99,.T.);
#1192=EDGE_CURVE('',#1408,#1409,#65,.T.);
#1193=EDGE_CURVE('',#1409,#1410,#66,.T.);
#1194=EDGE_CURVE('',#1410,#1411,#67,.T.);
#1195=EDGE_CURVE('',#1411,#1412,#68,.T.);
#1196=EDGE_CURVE('',#1412,#1413,#100,.T.);
#1197=EDGE_CURVE('',#1413,#1414,#69,.T.);
#1198=EDGE_CURVE('',#1414,#1415,#70,.T.);
#1199=EDGE_CURVE('',#1415,#1416,#71,.T.);
#1200=EDGE_CURVE('',#1416,#1405,#72,.T.);
#1201=EDGE_CURVE('',#1417,#1418,#264,.T.);
#1202=EDGE_CURVE('',#1419,#1417,#101,.T.);
#1203=EDGE_CURVE('',#1420,#1419,#265,.F.);
#1204=EDGE_CURVE('',#1418,#1420,#102,.T.);
#1205=EDGE_CURVE('',#1340,#1407,#103,.T.);
#1206=EDGE_CURVE('',#1391,#1421,#266,.T.);
#1207=EDGE_CURVE('',#1408,#1421,#104,.T.);
#1208=EDGE_CURVE('',#1403,#1421,#267,.T.);
#1209=EDGE_CURVE('',#1402,#1409,#268,.T.);
#1210=EDGE_CURVE('',#1404,#1392,#269,.T.);
#1211=EDGE_CURVE('',#1406,#1393,#73,.T.);
#1212=EDGE_CURVE('',#1394,#1405,#270,.T.);
#1213=EDGE_CURVE('',#1395,#1416,#271,.T.);
#1214=EDGE_CURVE('',#1396,#1415,#272,.T.);
#1215=EDGE_CURVE('',#1397,#1414,#273,.T.);
#1216=EDGE_CURVE('',#1398,#1413,#274,.T.);
#1217=EDGE_CURVE('',#1399,#1412,#275,.T.);
#1218=EDGE_CURVE('',#1400,#1411,#276,.T.);
#1219=EDGE_CURVE('',#1401,#1410,#277,.T.);
#1220=EDGE_CURVE('',#1422,#1422,#1482,.F.);
#1221=EDGE_CURVE('',#1423,#1423,#1483,.F.);
#1222=EDGE_CURVE('',#1424,#1424,#1484,.F.);
#1223=EDGE_CURVE('',#1324,#1343,#278,.T.);
#1224=EDGE_CURVE('',#1334,#1325,#279,.T.);
#1225=EDGE_CURVE('',#1327,#1425,#280,.T.);
#1226=EDGE_CURVE('',#1425,#1426,#281,.T.);
#1227=EDGE_CURVE('',#1335,#1426,#282,.T.);
#1228=EDGE_CURVE('',#1427,#1342,#283,.T.);
#1229=EDGE_CURVE('',#1428,#1427,#284,.T.);
#1230=EDGE_CURVE('',#1428,#1341,#285,.T.);
#1231=EDGE_CURVE('',#1430,#1430,#1485,.T.);
#1232=EDGE_CURVE('',#1432,#1432,#1486,.T.);
#1233=EDGE_CURVE('',#1434,#1434,#1487,.T.);
#1234=EDGE_CURVE('',#1347,#1417,#286,.T.);
#1235=EDGE_CURVE('',#1348,#1418,#287,.T.);
#1236=EDGE_CURVE('',#1346,#1419,#288,.T.);
#1237=EDGE_CURVE('',#1349,#1420,#289,.T.);
#1238=EDGE_CURVE('',#1304,#1428,#290,.T.);
#1239=EDGE_CURVE('',#1305,#1427,#291,.T.);
#1240=EDGE_CURVE('',#1302,#1435,#292,.T.);
#1241=EDGE_CURVE('',#1435,#1436,#293,.T.);
#1242=EDGE_CURVE('',#1307,#1436,#294,.T.);
#1243=EDGE_CURVE('',#1437,#1438,#295,.T.);
#1244=EDGE_CURVE('',#1435,#1438,#296,.T.);
#1245=EDGE_CURVE('',#1300,#1437,#297,.T.);
#1246=EDGE_CURVE('',#1437,#1439,#298,.T.);
#1247=EDGE_CURVE('',#1301,#1439,#299,.T.);
#1248=EDGE_CURVE('',#1439,#1440,#300,.T.);
#1249=EDGE_CURVE('',#1436,#1440,#301,.T.);
#1250=EDGE_CURVE('',#1438,#1440,#302,.T.);
#1251=EDGE_CURVE('',#1299,#1425,#303,.T.);
#1252=EDGE_CURVE('',#1298,#1426,#304,.T.);
#1253=EDGE_CURVE('',#1441,#1296,#305,.T.);
#1254=EDGE_CURVE('',#1442,#1441,#306,.T.);
#1255=EDGE_CURVE('',#1442,#1292,#307,.T.);
#1256=EDGE_CURVE('',#1443,#1444,#308,.T.);
#1257=EDGE_CURVE('',#1294,#1444,#309,.T.);
#1258=EDGE_CURVE('',#1442,#1443,#310,.T.);
#1259=EDGE_CURVE('',#1443,#1445,#311,.T.);
#1260=EDGE_CURVE('',#1441,#1445,#312,.T.);
#1261=EDGE_CURVE('',#1445,#1446,#313,.T.);
#1262=EDGE_CURVE('',#1295,#1446,#314,.T.);
#1263=EDGE_CURVE('',#1444,#1446,#315,.T.);
#1264=VERTEX_POINT('',#2626);
#1265=VERTEX_POINT('',#2627);
#1266=VERTEX_POINT('',#2629);
#1267=VERTEX_POINT('',#2631);
#1268=VERTEX_POINT('',#2635);
#1269=VERTEX_POINT('',#2637);
#1270=VERTEX_POINT('',#2641);
#1271=VERTEX_POINT('',#2643);
#1272=VERTEX_POINT('',#2647);
#1273=VERTEX_POINT('',#2648);
#1274=VERTEX_POINT('',#2650);
#1275=VERTEX_POINT('',#2652);
#1276=VERTEX_POINT('',#2656);
#1277=VERTEX_POINT('',#2657);
#1278=VERTEX_POINT('',#2662);
#1279=VERTEX_POINT('',#2664);
#1280=VERTEX_POINT('',#2668);
#1281=VERTEX_POINT('',#2670);
#1282=VERTEX_POINT('',#2672);
#1283=VERTEX_POINT('',#2674);
#1284=VERTEX_POINT('',#2675);
#1285=VERTEX_POINT('',#2680);
#1286=VERTEX_POINT('',#2682);
#1287=VERTEX_POINT('',#2684);
#1288=VERTEX_POINT('',#2686);
#1289=VERTEX_POINT('',#2688);
#1290=VERTEX_POINT('',#2691);
#1291=VERTEX_POINT('',#2693);
#1292=VERTEX_POINT('',#2710);
#1293=VERTEX_POINT('',#2711);
#1294=VERTEX_POINT('',#2713);
#1295=VERTEX_POINT('',#2715);
#1296=VERTEX_POINT('',#2717);
#1297=VERTEX_POINT('',#2719);
#1298=VERTEX_POINT('',#2721);
#1299=VERTEX_POINT('',#2723);
#1300=VERTEX_POINT('',#2727);
#1301=VERTEX_POINT('',#2728);
#1302=VERTEX_POINT('',#2730);
#1303=VERTEX_POINT('',#2732);
#1304=VERTEX_POINT('',#2734);
#1305=VERTEX_POINT('',#2736);
#1306=VERTEX_POINT('',#2738);
#1307=VERTEX_POINT('',#2740);
#1308=VERTEX_POINT('',#2744);
#1309=VERTEX_POINT('',#2745);
#1310=VERTEX_POINT('',#2747);
#1311=VERTEX_POINT('',#2749);
#1312=VERTEX_POINT('',#2756);
#1313=VERTEX_POINT('',#2757);
#1314=VERTEX_POINT('',#2759);
#1315=VERTEX_POINT('',#2761);
#1316=VERTEX_POINT('',#2763);
#1317=VERTEX_POINT('',#2765);
#1318=VERTEX_POINT('',#2767);
#1319=VERTEX_POINT('',#2771);
#1320=VERTEX_POINT('',#2772);
#1321=VERTEX_POINT('',#2774);
#1322=VERTEX_POINT('',#2776);
#1323=VERTEX_POINT('',#2794);
#1324=VERTEX_POINT('',#2795);
#1325=VERTEX_POINT('',#2809);
#1326=VERTEX_POINT('',#2810);
#1327=VERTEX_POINT('',#2816);
#1328=VERTEX_POINT('',#2818);
#1329=VERTEX_POINT('',#2820);
#1330=VERTEX_POINT('',#2822);
#1331=VERTEX_POINT('',#2824);
#1332=VERTEX_POINT('',#2826);
#1333=VERTEX_POINT('',#2828);
#1334=VERTEX_POINT('',#2830);
#1335=VERTEX_POINT('',#2832);
#1336=VERTEX_POINT('',#2836);
#1337=VERTEX_POINT('',#2837);
#1338=VERTEX_POINT('',#2839);
#1339=VERTEX_POINT('',#2855);
#1340=VERTEX_POINT('',#2859);
#1341=VERTEX_POINT('',#2860);
#1342=VERTEX_POINT('',#2864);
#1343=VERTEX_POINT('',#2866);
#1344=VERTEX_POINT('',#2885);
#1345=VERTEX_POINT('',#2887);
#1346=VERTEX_POINT('',#2903);
#1347=VERTEX_POINT('',#2904);
#1348=VERTEX_POINT('',#2906);
#1349=VERTEX_POINT('',#2911);
#1350=VERTEX_POINT('',#2917);
#1351=VERTEX_POINT('',#2932);
#1352=VERTEX_POINT('',#2937);
#1353=VERTEX_POINT('',#2939);
#1354=VERTEX_POINT('',#2949);
#1355=VERTEX_POINT('',#2953);
#1356=VERTEX_POINT('',#2957);
#1357=VERTEX_POINT('',#2959);
#1358=VERTEX_POINT('',#2961);
#1359=VERTEX_POINT('',#2963);
#1360=VERTEX_POINT('',#2965);
#1361=VERTEX_POINT('',#2967);
#1362=VERTEX_POINT('',#2972);
#1363=VERTEX_POINT('',#2974);
#1364=VERTEX_POINT('',#2976);
#1365=VERTEX_POINT('',#2978);
#1366=VERTEX_POINT('',#2980);
#1367=VERTEX_POINT('',#2985);
#1368=VERTEX_POINT('',#2987);
#1369=VERTEX_POINT('',#2989);
#1370=VERTEX_POINT('',#2994);
#1371=VERTEX_POINT('',#2996);
#1372=VERTEX_POINT('',#2998);
#1373=VERTEX_POINT('',#3000);
#1374=VERTEX_POINT('',#3004);
#1375=VERTEX_POINT('',#3006);
#1376=VERTEX_POINT('',#3008);
#1377=VERTEX_POINT('',#3010);
#1378=VERTEX_POINT('',#3012);
#1379=VERTEX_POINT('',#3017);
#1380=VERTEX_POINT('',#3019);
#1381=VERTEX_POINT('',#3021);
#1382=VERTEX_POINT('',#3026);
#1383=VERTEX_POINT('',#3028);
#1384=VERTEX_POINT('',#3030);
#1385=VERTEX_POINT('',#3032);
#1386=VERTEX_POINT('',#3034);
#1387=VERTEX_POINT('',#3039);
#1388=VERTEX_POINT('',#3041);
#1389=VERTEX_POINT('',#3043);
#1390=VERTEX_POINT('',#3086);
#1391=VERTEX_POINT('',#3093);
#1392=VERTEX_POINT('',#3095);
#1393=VERTEX_POINT('',#3099);
#1394=VERTEX_POINT('',#3104);
#1395=VERTEX_POINT('',#3106);
#1396=VERTEX_POINT('',#3108);
#1397=VERTEX_POINT('',#3110);
#1398=VERTEX_POINT('',#3112);
#1399=VERTEX_POINT('',#3117);
#1400=VERTEX_POINT('',#3119);
#1401=VERTEX_POINT('',#3121);
#1402=VERTEX_POINT('',#3123);
#1403=VERTEX_POINT('',#3125);
#1404=VERTEX_POINT('',#3127);
#1405=VERTEX_POINT('',#3134);
#1406=VERTEX_POINT('',#3135);
#1407=VERTEX_POINT('',#3137);
#1408=VERTEX_POINT('',#3143);
#1409=VERTEX_POINT('',#3145);
#1410=VERTEX_POINT('',#3147);
#1411=VERTEX_POINT('',#3149);
#1412=VERTEX_POINT('',#3151);
#1413=VERTEX_POINT('',#3156);
#1414=VERTEX_POINT('',#3158);
#1415=VERTEX_POINT('',#3160);
#1416=VERTEX_POINT('',#3162);
#1417=VERTEX_POINT('',#3175);
#1418=VERTEX_POINT('',#3176);
#1419=VERTEX_POINT('',#3182);
#1420=VERTEX_POINT('',#3184);
#1421=VERTEX_POINT('',#3196);
#1422=VERTEX_POINT('',#3227);
#1423=VERTEX_POINT('',#3229);
#1424=VERTEX_POINT('',#3231);
#1425=VERTEX_POINT('',#3236);
#1426=VERTEX_POINT('',#3238);
#1427=VERTEX_POINT('',#3241);
#1428=VERTEX_POINT('',#3243);
#1429=VERTEX_POINT('',#3246);
#1430=VERTEX_POINT('',#3248);
#1431=VERTEX_POINT('',#3251);
#1432=VERTEX_POINT('',#3253);
#1433=VERTEX_POINT('',#3256);
#1434=VERTEX_POINT('',#3258);
#1435=VERTEX_POINT('',#3275);
#1436=VERTEX_POINT('',#3277);
#1437=VERTEX_POINT('',#3281);
#1438=VERTEX_POINT('',#3282);
#1439=VERTEX_POINT('',#3287);
#1440=VERTEX_POINT('',#3291);
#1441=VERTEX_POINT('',#3303);
#1442=VERTEX_POINT('',#3305);
#1443=VERTEX_POINT('',#3309);
#1444=VERTEX_POINT('',#3310);
#1445=VERTEX_POINT('',#3315);
#1446=VERTEX_POINT('',#3319);
#1447=CIRCLE('',#1887,0.0215578271139077);
#1448=CIRCLE('',#1888,0.0215578271139077);
#1449=CIRCLE('',#1891,0.0875442107743835);
#1450=CIRCLE('',#1892,0.0875442107743835);
#1451=CIRCLE('',#1894,0.0172462616911262);
#1452=CIRCLE('',#1895,0.0172462616911262);
#1453=CIRCLE('',#1898,0.275763228200863);
#1454=CIRCLE('',#1899,0.0700353686195068);
#1455=CIRCLE('',#1901,0.00175);
#1456=CIRCLE('',#1902,0.00175);
#1457=CIRCLE('',#1903,0.00175);
#1458=CIRCLE('',#1904,0.344704035251079);
#1459=CIRCLE('',#1905,0.019541260833589);
#1460=CIRCLE('',#1907,0.00175);
#1461=CIRCLE('',#1908,0.00175);
#1462=CIRCLE('',#1909,0.00175);
#1463=CIRCLE('',#1910,0.344704035251079);
#1464=CIRCLE('',#1911,0.275763228200863);
#1465=CIRCLE('',#1912,0.0700353686195068);
#1466=CIRCLE('',#1913,0.019541260833589);
#1467=CIRCLE('',#1927,0.0875442107743835);
#1468=CIRCLE('',#1931,0.0215578271139077);
#1469=CIRCLE('',#1933,0.344704035251079);
#1470=CIRCLE('',#1936,0.019541260833589);
#1471=CIRCLE('',#1939,0.0700353686195068);
#1472=CIRCLE('',#1942,0.0700353686195068);
#1473=CIRCLE('',#1943,0.0700353686195068);
#1474=CIRCLE('',#1945,0.0172462616911262);
#1475=CIRCLE('',#1947,0.275763228200863);
#1476=CIRCLE('',#1948,0.275763228200863);
#1477=CIRCLE('',#1949,0.275763228200863);
#1478=CIRCLE('',#1956,0.0193962495863177);
#1479=CIRCLE('',#1960,0.0193962495863177);
#1480=CIRCLE('',#2014,0.0155169996690541);
#1481=CIRCLE('',#2024,0.0155169996690541);
#1482=CIRCLE('',#2049,0.00175);
#1483=CIRCLE('',#2050,0.00175);
#1484=CIRCLE('',#2051,0.00175);
#1485=CIRCLE('',#2054,0.00175);
#1486=CIRCLE('',#2057,0.00175);
#1487=CIRCLE('',#2060,0.00175);
#1488=EDGE_LOOP('',(#457,#458,#459,#460));
#1489=EDGE_LOOP('',(#461,#462,#463,#464));
#1490=EDGE_LOOP('',(#465,#466,#467,#468));
#1491=EDGE_LOOP('',(#469,#470,#471,#472));
#1492=EDGE_LOOP('',(#473,#474,#475,#476));
#1493=EDGE_LOOP('',(#477,#478,#479,#480,#481));
#1494=EDGE_LOOP('',(#482));
#1495=EDGE_LOOP('',(#483));
#1496=EDGE_LOOP('',(#484));
#1497=EDGE_LOOP('',(#485,#486,#487,#488,#489,#490));
#1498=EDGE_LOOP('',(#491));
#1499=EDGE_LOOP('',(#492));
#1500=EDGE_LOOP('',(#493));
#1501=EDGE_LOOP('',(#494,#495,#496,#497,#498,#499,#500,#501,#502,#503,#504));
#1502=EDGE_LOOP('',(#505,#506,#507,#508));
#1503=EDGE_LOOP('',(#509,#510,#511,#512));
#1504=EDGE_LOOP('',(#513,#514,#515,#516));
#1505=EDGE_LOOP('',(#517,#518,#519,#520));
#1506=EDGE_LOOP('',(#521,#522,#523,#524,#525,#526,#527,#528));
#1507=EDGE_LOOP('',(#529));
#1508=EDGE_LOOP('',(#530));
#1509=EDGE_LOOP('',(#531));
#1510=EDGE_LOOP('',(#532));
#1511=EDGE_LOOP('',(#533));
#1512=EDGE_LOOP('',(#534));
#1513=EDGE_LOOP('',(#535,#536,#537,#538,#539,#540,#541,#542));
#1514=EDGE_LOOP('',(#543,#544,#545,#546,#547,#548,#549,#550));
#1515=EDGE_LOOP('',(#551,#552,#553,#554));
#1516=EDGE_LOOP('',(#555,#556,#557,#558,#559,#560,#561));
#1517=EDGE_LOOP('',(#562,#563,#564,#565));
#1518=EDGE_LOOP('',(#566,#567,#568,#569));
#1519=EDGE_LOOP('',(#570,#571,#572,#573));
#1520=EDGE_LOOP('',(#574,#575,#576,#577));
#1521=EDGE_LOOP('',(#578,#579,#580,#581,#582,#583,#584,#585,#586,#587,#588,
#589,#590));
#1522=EDGE_LOOP('',(#591,#592,#593,#594));
#1523=EDGE_LOOP('',(#595,#596,#597,#598,#599,#600,#601,#602,#603,#604));
#1524=EDGE_LOOP('',(#605,#606,#607,#608));
#1525=EDGE_LOOP('',(#609,#610,#611));
#1526=EDGE_LOOP('',(#612,#613,#614,#615));
#1527=EDGE_LOOP('',(#616,#617,#618,#619,#620,#621,#622,#623,#624,#625,#626));
#1528=EDGE_LOOP('',(#627,#628,#629,#630,#631));
#1529=EDGE_LOOP('',(#632,#633,#634));
#1530=EDGE_LOOP('',(#635,#636,#637,#638));
#1531=EDGE_LOOP('',(#639,#640,#641,#642,#643,#644,#645,#646,#647,#648,#649,
#650,#651,#652,#653,#654,#655,#656,#657,#658,#659,#660));
#1532=EDGE_LOOP('',(#661,#662,#663,#664,#665,#666,#667,#668,#669,#670,#671,
#672,#673,#674,#675,#676,#677,#678));
#1533=EDGE_LOOP('',(#679,#680,#681,#682,#683));
#1534=EDGE_LOOP('',(#684,#685,#686,#687,#688));
#1535=EDGE_LOOP('',(#689,#690,#691,#692));
#1536=EDGE_LOOP('',(#693,#694,#695));
#1537=EDGE_LOOP('',(#696,#697,#698,#699));
#1538=EDGE_LOOP('',(#700,#701,#702,#703));
#1539=EDGE_LOOP('',(#704,#705,#706,#707));
#1540=EDGE_LOOP('',(#708,#709,#710,#711));
#1541=EDGE_LOOP('',(#712,#713,#714,#715));
#1542=EDGE_LOOP('',(#716,#717,#718,#719));
#1543=EDGE_LOOP('',(#720,#721,#722,#723));
#1544=EDGE_LOOP('',(#724,#725,#726,#727));
#1545=EDGE_LOOP('',(#728,#729,#730,#731));
#1546=EDGE_LOOP('',(#732,#733,#734,#735));
#1547=EDGE_LOOP('',(#736,#737,#738,#739));
#1548=EDGE_LOOP('',(#740,#741,#742,#743));
#1549=EDGE_LOOP('',(#744,#745,#746,#747));
#1550=EDGE_LOOP('',(#748,#749,#750,#751));
#1551=EDGE_LOOP('',(#752,#753,#754,#755));
#1552=EDGE_LOOP('',(#756,#757,#758,#759));
#1553=EDGE_LOOP('',(#760,#761,#762));
#1554=EDGE_LOOP('',(#763,#764,#765,#766));
#1555=EDGE_LOOP('',(#767,#768,#769,#770,#771,#772,#773,#774,#775,#776,#777,
#778,#779,#780,#781));
#1556=EDGE_LOOP('',(#782,#783,#784,#785,#786,#787,#788,#789,#790,#791,#792,
#793));
#1557=EDGE_LOOP('',(#794,#795,#796,#797));
#1558=EDGE_LOOP('',(#798,#799,#800,#801,#802,#803,#804,#805));
#1559=EDGE_LOOP('',(#806,#807,#808,#809,#810));
#1560=EDGE_LOOP('',(#811,#812,#813,#814,#815));
#1561=EDGE_LOOP('',(#816,#817,#818,#819));
#1562=EDGE_LOOP('',(#820,#821,#822,#823));
#1563=EDGE_LOOP('',(#824,#825,#826,#827));
#1564=EDGE_LOOP('',(#828,#829,#830,#831));
#1565=EDGE_LOOP('',(#832,#833,#834,#835));
#1566=EDGE_LOOP('',(#836,#837,#838,#839));
#1567=EDGE_LOOP('',(#840,#841,#842,#843));
#1568=EDGE_LOOP('',(#844,#845,#846,#847));
#1569=EDGE_LOOP('',(#848,#849,#850,#851));
#1570=EDGE_LOOP('',(#852,#853,#854,#855));
#1571=EDGE_LOOP('',(#856));
#1572=EDGE_LOOP('',(#857));
#1573=EDGE_LOOP('',(#858));
#1574=EDGE_LOOP('',(#859,#860,#861,#862,#863,#864,#865,#866,#867,#868,#869));
#1575=EDGE_LOOP('',(#870,#871,#872,#873,#874,#875,#876,#877,#878,#879,#880,
#881,#882,#883,#884,#885,#886,#887,#888,#889,#890,#891,#892,#893));
#1576=EDGE_LOOP('',(#894));
#1577=EDGE_LOOP('',(#895));
#1578=EDGE_LOOP('',(#896));
#1579=EDGE_LOOP('',(#897));
#1580=EDGE_LOOP('',(#898));
#1581=EDGE_LOOP('',(#899));
#1582=EDGE_LOOP('',(#900));
#1583=EDGE_LOOP('',(#901));
#1584=EDGE_LOOP('',(#902));
#1585=EDGE_LOOP('',(#903,#904,#905,#906));
#1586=EDGE_LOOP('',(#907,#908,#909,#910));
#1587=EDGE_LOOP('',(#911,#912,#913,#914));
#1588=EDGE_LOOP('',(#915,#916,#917,#918));
#1589=EDGE_LOOP('',(#919,#920,#921,#922));
#1590=EDGE_LOOP('',(#923,#924,#925,#926));
#1591=EDGE_LOOP('',(#927,#928,#929,#930));
#1592=EDGE_LOOP('',(#931,#932,#933,#934));
#1593=EDGE_LOOP('',(#935,#936,#937,#938,#939));
#1594=EDGE_LOOP('',(#940,#941,#942,#943));
#1595=EDGE_LOOP('',(#944,#945,#946,#947,#948));
#1596=EDGE_LOOP('',(#949,#950,#951,#952));
#1597=EDGE_LOOP('',(#953,#954,#955,#956));
#1598=EDGE_LOOP('',(#957,#958,#959,#960));
#1599=EDGE_LOOP('',(#961,#962,#963,#964));
#1600=EDGE_LOOP('',(#965,#966,#967,#968));
#1601=EDGE_LOOP('',(#969,#970,#971,#972));
#1602=EDGE_LOOP('',(#973,#974,#975,#976,#977));
#1603=EDGE_LOOP('',(#978,#979,#980,#981));
#1604=EDGE_LOOP('',(#982,#983,#984,#985,#986));
#1605=EDGE_LOOP('',(#987,#988,#989,#990));
#1606=EDGE_LOOP('',(#991,#992,#993,#994));
#1607=FACE_BOUND('',#1488,.T.);
#1608=FACE_BOUND('',#1489,.T.);
#1609=FACE_BOUND('',#1490,.T.);
#1610=FACE_BOUND('',#1491,.T.);
#1611=FACE_BOUND('',#1492,.T.);
#1612=FACE_BOUND('',#1493,.T.);
#1613=FACE_BOUND('',#1494,.T.);
#1614=FACE_BOUND('',#1495,.T.);
#1615=FACE_BOUND('',#1496,.T.);
#1616=FACE_BOUND('',#1497,.T.);
#1617=FACE_BOUND('',#1498,.T.);
#1618=FACE_BOUND('',#1499,.T.);
#1619=FACE_BOUND('',#1500,.T.);
#1620=FACE_BOUND('',#1501,.T.);
#1621=FACE_BOUND('',#1502,.T.);
#1622=FACE_BOUND('',#1503,.T.);
#1623=FACE_BOUND('',#1504,.T.);
#1624=FACE_BOUND('',#1505,.T.);
#1625=FACE_BOUND('',#1506,.T.);
#1626=FACE_BOUND('',#1507,.T.);
#1627=FACE_BOUND('',#1508,.T.);
#1628=FACE_BOUND('',#1509,.T.);
#1629=FACE_BOUND('',#1510,.T.);
#1630=FACE_BOUND('',#1511,.T.);
#1631=FACE_BOUND('',#1512,.T.);
#1632=FACE_BOUND('',#1513,.T.);
#1633=FACE_BOUND('',#1514,.T.);
#1634=FACE_BOUND('',#1515,.T.);
#1635=FACE_BOUND('',#1516,.T.);
#1636=FACE_BOUND('',#1517,.T.);
#1637=FACE_BOUND('',#1518,.T.);
#1638=FACE_BOUND('',#1519,.T.);
#1639=FACE_BOUND('',#1520,.T.);
#1640=FACE_BOUND('',#1521,.T.);
#1641=FACE_BOUND('',#1522,.T.);
#1642=FACE_BOUND('',#1523,.T.);
#1643=FACE_BOUND('',#1524,.T.);
#1644=FACE_BOUND('',#1525,.T.);
#1645=FACE_BOUND('',#1526,.T.);
#1646=FACE_BOUND('',#1527,.T.);
#1647=FACE_BOUND('',#1528,.T.);
#1648=FACE_BOUND('',#1529,.T.);
#1649=FACE_BOUND('',#1530,.T.);
#1650=FACE_BOUND('',#1531,.T.);
#1651=FACE_BOUND('',#1532,.T.);
#1652=FACE_BOUND('',#1533,.T.);
#1653=FACE_BOUND('',#1534,.T.);
#1654=FACE_BOUND('',#1535,.T.);
#1655=FACE_BOUND('',#1536,.T.);
#1656=FACE_BOUND('',#1537,.T.);
#1657=FACE_BOUND('',#1538,.T.);
#1658=FACE_BOUND('',#1539,.T.);
#1659=FACE_BOUND('',#1540,.T.);
#1660=FACE_BOUND('',#1541,.T.);
#1661=FACE_BOUND('',#1542,.T.);
#1662=FACE_BOUND('',#1543,.T.);
#1663=FACE_BOUND('',#1544,.T.);
#1664=FACE_BOUND('',#1545,.T.);
#1665=FACE_BOUND('',#1546,.T.);
#1666=FACE_BOUND('',#1547,.T.);
#1667=FACE_BOUND('',#1548,.T.);
#1668=FACE_BOUND('',#1549,.T.);
#1669=FACE_BOUND('',#1550,.T.);
#1670=FACE_BOUND('',#1551,.T.);
#1671=FACE_BOUND('',#1552,.T.);
#1672=FACE_BOUND('',#1553,.T.);
#1673=FACE_BOUND('',#1554,.T.);
#1674=FACE_BOUND('',#1555,.T.);
#1675=FACE_BOUND('',#1556,.T.);
#1676=FACE_BOUND('',#1557,.T.);
#1677=FACE_BOUND('',#1558,.T.);
#1678=FACE_BOUND('',#1559,.T.);
#1679=FACE_BOUND('',#1560,.T.);
#1680=FACE_BOUND('',#1561,.T.);
#1681=FACE_BOUND('',#1562,.T.);
#1682=FACE_BOUND('',#1563,.T.);
#1683=FACE_BOUND('',#1564,.T.);
#1684=FACE_BOUND('',#1565,.T.);
#1685=FACE_BOUND('',#1566,.T.);
#1686=FACE_BOUND('',#1567,.T.);
#1687=FACE_BOUND('',#1568,.T.);
#1688=FACE_BOUND('',#1569,.T.);
#1689=FACE_BOUND('',#1570,.T.);
#1690=FACE_BOUND('',#1571,.T.);
#1691=FACE_BOUND('',#1572,.T.);
#1692=FACE_BOUND('',#1573,.T.);
#1693=FACE_BOUND('',#1574,.T.);
#1694=FACE_BOUND('',#1575,.T.);
#1695=FACE_BOUND('',#10,.T.);
#1696=FACE_BOUND('',#1576,.T.);
#1697=FACE_BOUND('',#1577,.T.);
#1698=FACE_BOUND('',#1578,.T.);
#1699=FACE_BOUND('',#11,.T.);
#1700=FACE_BOUND('',#1579,.T.);
#1701=FACE_BOUND('',#1580,.T.);
#1702=FACE_BOUND('',#1581,.T.);
#1703=FACE_BOUND('',#12,.T.);
#1704=FACE_BOUND('',#1582,.T.);
#1705=FACE_BOUND('',#1583,.T.);
#1706=FACE_BOUND('',#1584,.T.);
#1707=FACE_BOUND('',#1585,.T.);
#1708=FACE_BOUND('',#1586,.T.);
#1709=FACE_BOUND('',#1587,.T.);
#1710=FACE_BOUND('',#1588,.T.);
#1711=FACE_BOUND('',#1589,.T.);
#1712=FACE_BOUND('',#1590,.T.);
#1713=FACE_BOUND('',#1591,.T.);
#1714=FACE_BOUND('',#1592,.T.);
#1715=FACE_BOUND('',#1593,.T.);
#1716=FACE_BOUND('',#1594,.T.);
#1717=FACE_BOUND('',#1595,.T.);
#1718=FACE_BOUND('',#1596,.T.);
#1719=FACE_BOUND('',#1597,.T.);
#1720=FACE_BOUND('',#1598,.T.);
#1721=FACE_BOUND('',#1599,.T.);
#1722=FACE_BOUND('',#1600,.T.);
#1723=FACE_BOUND('',#1601,.T.);
#1724=FACE_BOUND('',#1602,.T.);
#1725=FACE_BOUND('',#1603,.T.);
#1726=FACE_BOUND('',#1604,.T.);
#1727=FACE_BOUND('',#1605,.T.);
#1728=FACE_BOUND('',#1606,.T.);
#1729=CYLINDRICAL_SURFACE('',#1886,0.0215578271139077);
#1730=CYLINDRICAL_SURFACE('',#1890,0.0875442107743835);
#1731=CYLINDRICAL_SURFACE('',#1893,0.0172462616911262);
#1732=CYLINDRICAL_SURFACE('',#1914,0.344704035251079);
#1733=CYLINDRICAL_SURFACE('',#1915,0.019541260833589);
#1734=CYLINDRICAL_SURFACE('',#1916,0.275763228200863);
#1735=CYLINDRICAL_SURFACE('',#1917,0.0700353686195068);
#1736=CYLINDRICAL_SURFACE('',#1919,0.00175);
#1737=CYLINDRICAL_SURFACE('',#1920,0.00175);
#1738=CYLINDRICAL_SURFACE('',#1921,0.00175);
#1739=CYLINDRICAL_SURFACE('',#1926,0.0875442107743835);
#1740=CYLINDRICAL_SURFACE('',#1930,0.0215578271139077);
#1741=CYLINDRICAL_SURFACE('',#1932,0.344704035251079);
#1742=CYLINDRICAL_SURFACE('',#1935,0.019541260833589);
#1743=CYLINDRICAL_SURFACE('',#1938,0.0700353686195068);
#1744=CYLINDRICAL_SURFACE('',#1944,0.0172462616911262);
#1745=CYLINDRICAL_SURFACE('',#1946,0.275763228200863);
#1746=CYLINDRICAL_SURFACE('',#1955,0.0193962495863177);
#1747=CYLINDRICAL_SURFACE('',#1958,0.0193962495863177);
#1748=CYLINDRICAL_SURFACE('',#1975,0.0193962495863177);
#1749=CYLINDRICAL_SURFACE('',#1997,0.0438487788322763);
#1750=CYLINDRICAL_SURFACE('',#2000,0.0663553687887973);
#1751=CYLINDRICAL_SURFACE('',#2005,0.0353653412734797);
#1752=CYLINDRICAL_SURFACE('',#2012,0.0155169996690541);
#1753=CYLINDRICAL_SURFACE('',#2015,0.0155169996690541);
#1754=CYLINDRICAL_SURFACE('',#2026,0.0155169996690541);
#1755=CYLINDRICAL_SURFACE('',#2038,0.0530842950310378);
#1756=CYLINDRICAL_SURFACE('',#2044,0.0282922730187837);
#1757=CYLINDRICAL_SURFACE('',#2055,0.00175);
#1758=CYLINDRICAL_SURFACE('',#2058,0.00175);
#1759=CYLINDRICAL_SURFACE('',#2061,0.00175);
#1760=ADVANCED_FACE('',(#1607),#1729,.T.);
#1761=ADVANCED_FACE('',(#1608),#109,.T.);
#1762=ADVANCED_FACE('',(#1609),#1730,.T.);
#1763=ADVANCED_FACE('',(#1610),#1731,.F.);
#1764=ADVANCED_FACE('',(#1611),#110,.F.);
#1765=ADVANCED_FACE('',(#1612),#111,.F.);
#1766=ADVANCED_FACE('',(#1613,#1614,#1615,#1616),#112,.T.);
#1767=ADVANCED_FACE('',(#1617,#1618,#1619,#1620),#113,.F.);
#1768=ADVANCED_FACE('',(#1621),#1732,.T.);
#1769=ADVANCED_FACE('',(#1622),#1733,.T.);
#1770=ADVANCED_FACE('',(#1623),#1734,.F.);
#1771=ADVANCED_FACE('',(#1624),#1735,.F.);
#1772=ADVANCED_FACE('',(#1625),#114,.F.);
#1773=ADVANCED_FACE('',(#1626,#1627),#1736,.F.);
#1774=ADVANCED_FACE('',(#1628,#1629),#1737,.F.);
#1775=ADVANCED_FACE('',(#1630,#1631),#1738,.F.);
#1776=ADVANCED_FACE('',(#1632),#115,.T.);
#1777=ADVANCED_FACE('',(#1633),#116,.T.);
#1778=ADVANCED_FACE('',(#1634),#117,.T.);
#1779=ADVANCED_FACE('',(#1635),#1739,.T.);
#1780=ADVANCED_FACE('',(#1636),#1740,.T.);
#1781=ADVANCED_FACE('',(#1637),#1741,.T.);
#1782=ADVANCED_FACE('',(#1638),#118,.T.);
#1783=ADVANCED_FACE('',(#1639),#1742,.T.);
#1784=ADVANCED_FACE('',(#1640),#1743,.F.);
#1785=ADVANCED_FACE('',(#1641),#1744,.F.);
#1786=ADVANCED_FACE('',(#1642),#1745,.F.);
#1787=ADVANCED_FACE('',(#1643),#119,.F.);
#1788=ADVANCED_FACE('',(#1644),#120,.T.);
#1789=ADVANCED_FACE('',(#1645,#1646),#16,.F.);
#1790=ADVANCED_FACE('',(#1647),#121,.T.);
#1791=ADVANCED_FACE('',(#1648),#122,.T.);
#1792=ADVANCED_FACE('',(#1649),#1746,.F.);
#1793=ADVANCED_FACE('',(#1650),#1747,.T.);
#1794=ADVANCED_FACE('',(#1651),#1748,.F.);
#1795=ADVANCED_FACE('',(#1652),#123,.F.);
#1796=ADVANCED_FACE('',(#1653),#124,.T.);
#1797=ADVANCED_FACE('',(#1654),#125,.T.);
#1798=ADVANCED_FACE('',(#1655),#126,.F.);
#1799=ADVANCED_FACE('',(#1656),#127,.F.);
#1800=ADVANCED_FACE('',(#1657),#128,.F.);
#1801=ADVANCED_FACE('',(#1658),#129,.F.);
#1802=ADVANCED_FACE('',(#1659),#1749,.T.);
#1803=ADVANCED_FACE('',(#1660),#130,.F.);
#1804=ADVANCED_FACE('',(#1661),#131,.F.);
#1805=ADVANCED_FACE('',(#1662),#1750,.T.);
#1806=ADVANCED_FACE('',(#1663),#132,.F.);
#1807=ADVANCED_FACE('',(#1664),#133,.F.);
#1808=ADVANCED_FACE('',(#1665),#134,.F.);
#1809=ADVANCED_FACE('',(#1666),#135,.F.);
#1810=ADVANCED_FACE('',(#1667),#1751,.T.);
#1811=ADVANCED_FACE('',(#1668),#136,.F.);
#1812=ADVANCED_FACE('',(#1669),#137,.F.);
#1813=ADVANCED_FACE('',(#1670),#138,.F.);
#1814=ADVANCED_FACE('',(#1671),#139,.T.);
#1815=ADVANCED_FACE('',(#1672),#140,.F.);
#1816=ADVANCED_FACE('',(#1673),#1752,.T.);
#1817=ADVANCED_FACE('',(#1674),#1753,.F.);
#1818=ADVANCED_FACE('',(#1675),#1754,.T.);
#1819=ADVANCED_FACE('',(#1676,#1677),#17,.T.);
#1820=ADVANCED_FACE('',(#1678),#141,.T.);
#1821=ADVANCED_FACE('',(#1679),#142,.F.);
#1822=ADVANCED_FACE('',(#1680),#143,.F.);
#1823=ADVANCED_FACE('',(#1681),#1755,.F.);
#1824=ADVANCED_FACE('',(#1682),#144,.T.);
#1825=ADVANCED_FACE('',(#1683),#145,.T.);
#1826=ADVANCED_FACE('',(#1684),#146,.T.);
#1827=ADVANCED_FACE('',(#1685),#147,.T.);
#1828=ADVANCED_FACE('',(#1686),#1756,.F.);
#1829=ADVANCED_FACE('',(#1687),#148,.T.);
#1830=ADVANCED_FACE('',(#1688),#149,.T.);
#1831=ADVANCED_FACE('',(#1689),#150,.T.);
#1832=ADVANCED_FACE('',(#1690,#1691,#1692,#1693),#151,.T.);
#1833=ADVANCED_FACE('',(#1694),#152,.F.);
#1834=ADVANCED_FACE('',(#1695,#1696),#13,.F.);
#1835=ADVANCED_FACE('',(#1697,#1698),#1757,.F.);
#1836=ADVANCED_FACE('',(#1699,#1700),#14,.F.);
#1837=ADVANCED_FACE('',(#1701,#1702),#1758,.F.);
#1838=ADVANCED_FACE('',(#1703,#1704),#15,.F.);
#1839=ADVANCED_FACE('',(#1705,#1706),#1759,.F.);
#1840=ADVANCED_FACE('',(#1707),#153,.F.);
#1841=ADVANCED_FACE('',(#1708),#154,.F.);
#1842=ADVANCED_FACE('',(#1709),#155,.F.);
#1843=ADVANCED_FACE('',(#1710),#156,.F.);
#1844=ADVANCED_FACE('',(#1711),#157,.T.);
#1845=ADVANCED_FACE('',(#1712),#158,.F.);
#1846=ADVANCED_FACE('',(#1713),#159,.F.);
#1847=ADVANCED_FACE('',(#1714),#160,.F.);
#1848=ADVANCED_FACE('',(#1715),#161,.F.);
#1849=ADVANCED_FACE('',(#1716),#162,.T.);
#1850=ADVANCED_FACE('',(#1717),#163,.T.);
#1851=ADVANCED_FACE('',(#1718),#164,.F.);
#1852=ADVANCED_FACE('',(#1719),#165,.T.);
#1853=ADVANCED_FACE('',(#1720),#166,.T.);
#1854=ADVANCED_FACE('',(#1721),#167,.F.);
#1855=ADVANCED_FACE('',(#1722),#168,.T.);
#1856=ADVANCED_FACE('',(#1723),#169,.F.);
#1857=ADVANCED_FACE('',(#1724),#170,.F.);
#1858=ADVANCED_FACE('',(#1725),#171,.T.);
#1859=ADVANCED_FACE('',(#1726),#172,.T.);
#1860=ADVANCED_FACE('',(#1727),#173,.F.);
#1861=ADVANCED_FACE('',(#1728),#174,.T.);
#1862=CLOSED_SHELL('',(#1760,#1761,#1762,#1763,#1764,#1765,#1766,#1767,
#1768,#1769,#1770,#1771,#1772,#1773,#1774,#1775));
#1863=CLOSED_SHELL('',(#1776,#1777,#1778,#1779,#1780,#1781,#1782,#1783,
#1784,#1785,#1786,#1787,#1788,#1789,#1790,#1791,#1792,#1793,#1794,#1795,
#1796,#1797,#1798,#1799,#1800,#1801,#1802,#1803,#1804,#1805,#1806,#1807,
#1808,#1809,#1810,#1811,#1812,#1813,#1814,#1815,#1816,#1817,#1818,#1819,
#1820,#1821,#1822,#1823,#1824,#1825,#1826,#1827,#1828,#1829,#1830,#1831,
#1832,#1833,#1834,#1835,#1836,#1837,#1838,#1839,#1840,#1841,#1842,#1843,
#1844,#1845,#1846,#1847,#1848,#1849,#1850,#1851,#1852,#1853,#1854,#1855,
#1856,#1857,#1858,#1859,#1860,#1861));
#1864=STYLED_ITEM('',(#1866),#1879);
#1865=STYLED_ITEM('',(#1867),#1880);
#1866=PRESENTATION_STYLE_ASSIGNMENT((#1868));
#1867=PRESENTATION_STYLE_ASSIGNMENT((#1869));
#1868=SURFACE_STYLE_USAGE(.BOTH.,#1870);
#1869=SURFACE_STYLE_USAGE(.BOTH.,#1871);
#1870=SURFACE_SIDE_STYLE('',(#1872));
#1871=SURFACE_SIDE_STYLE('',(#1873));
#1872=SURFACE_STYLE_FILL_AREA(#1874);
#1873=SURFACE_STYLE_FILL_AREA(#1875);
#1874=FILL_AREA_STYLE('',(#1876));
#1875=FILL_AREA_STYLE('',(#1877));
#1876=FILL_AREA_STYLE_COLOUR('',#1878);
#1877=FILL_AREA_STYLE_COLOUR('',#1878);
#1878=COLOUR_RGB('',0.615686274509804,0.811764705882353,0.929411764705882);
#1879=MANIFOLD_SOLID_BREP('R Hand Bottom',#1862);
#1880=MANIFOLD_SOLID_BREP('R Hand',#1863);
#1881=SHAPE_DEFINITION_REPRESENTATION(#3336,#1883);
#1882=SHAPE_DEFINITION_REPRESENTATION(#3337,#1884);
#1883=SHAPE_REPRESENTATION('R Hand Bottom',(#1885),#3326);
#1884=SHAPE_REPRESENTATION('R Hand',(#1922),#3327);
#1885=AXIS2_PLACEMENT_3D('',#2623,#2084,#2085);
#1886=AXIS2_PLACEMENT_3D('',#2624,#2086,#2087);
#1887=AXIS2_PLACEMENT_3D('',#2625,#2088,#2089);
#1888=AXIS2_PLACEMENT_3D('',#2630,#2091,#2092);
#1889=AXIS2_PLACEMENT_3D('',#2633,#2094,#2095);
#1890=AXIS2_PLACEMENT_3D('',#2639,#2099,#2100);
#1891=AXIS2_PLACEMENT_3D('',#2640,#2101,#2102);
#1892=AXIS2_PLACEMENT_3D('',#2644,#2104,#2105);
#1893=AXIS2_PLACEMENT_3D('',#2645,#2106,#2107);
#1894=AXIS2_PLACEMENT_3D('',#2649,#2109,#2110);
#1895=AXIS2_PLACEMENT_3D('',#2653,#2112,#2113);
#1896=AXIS2_PLACEMENT_3D('',#2654,#2114,#2115);
#1897=AXIS2_PLACEMENT_3D('',#2660,#2119,#2120);
#1898=AXIS2_PLACEMENT_3D('',#2661,#2121,#2122);
#1899=AXIS2_PLACEMENT_3D('',#2665,#2124,#2125);
#1900=AXIS2_PLACEMENT_3D('',#2666,#2126,#2127);
#1901=AXIS2_PLACEMENT_3D('',#2667,#2128,#2129);
#1902=AXIS2_PLACEMENT_3D('',#2669,#2130,#2131);
#1903=AXIS2_PLACEMENT_3D('',#2671,#2132,#2133);
#1904=AXIS2_PLACEMENT_3D('',#2676,#2135,#2136);
#1905=AXIS2_PLACEMENT_3D('',#2677,#2137,#2138);
#1906=AXIS2_PLACEMENT_3D('',#2678,#2139,#2140);
#1907=AXIS2_PLACEMENT_3D('',#2679,#2141,#2142);
#1908=AXIS2_PLACEMENT_3D('',#2681,#2143,#2144);
#1909=AXIS2_PLACEMENT_3D('',#2683,#2145,#2146);
#1910=AXIS2_PLACEMENT_3D('',#2685,#2147,#2148);
#1911=AXIS2_PLACEMENT_3D('',#2689,#2150,#2151);
#1912=AXIS2_PLACEMENT_3D('',#2690,#2152,#2153);
#1913=AXIS2_PLACEMENT_3D('',#2694,#2155,#2156);
#1914=AXIS2_PLACEMENT_3D('',#2695,#2157,#2158);
#1915=AXIS2_PLACEMENT_3D('',#2697,#2160,#2161);
#1916=AXIS2_PLACEMENT_3D('',#2699,#2163,#2164);
#1917=AXIS2_PLACEMENT_3D('',#2701,#2166,#2167);
#1918=AXIS2_PLACEMENT_3D('',#2703,#2169,#2170);
#1919=AXIS2_PLACEMENT_3D('',#2704,#2171,#2172);
#1920=AXIS2_PLACEMENT_3D('',#2705,#2173,#2174);
#1921=AXIS2_PLACEMENT_3D('',#2706,#2175,#2176);
#1922=AXIS2_PLACEMENT_3D('',#2707,#2177,#2178);
#1923=AXIS2_PLACEMENT_3D('',#2708,#2179,#2180);
#1924=AXIS2_PLACEMENT_3D('',#2725,#2189,#2190);
#1925=AXIS2_PLACEMENT_3D('',#2742,#2199,#2200);
#1926=AXIS2_PLACEMENT_3D('',#2754,#2204,#2205);
#1927=AXIS2_PLACEMENT_3D('',#2758,#2207,#2208);
#1928=AXIS2_PLACEMENT_3D('',#2764,#2211,#2212);
#1929=AXIS2_PLACEMENT_3D('',#2768,#2214,#2215);
#1930=AXIS2_PLACEMENT_3D('',#2769,#2216,#2217);
#1931=AXIS2_PLACEMENT_3D('',#2773,#2219,#2220);
#1932=AXIS2_PLACEMENT_3D('',#2792,#2222,#2223);
#1933=AXIS2_PLACEMENT_3D('',#2800,#2225,#2226);
#1934=AXIS2_PLACEMENT_3D('',#2801,#2227,#2228);
#1935=AXIS2_PLACEMENT_3D('',#2807,#2230,#2231);
#1936=AXIS2_PLACEMENT_3D('',#2811,#2233,#2234);
#1937=AXIS2_PLACEMENT_3D('',#2812,#2235,#2236);
#1938=AXIS2_PLACEMENT_3D('',#2813,#2237,#2238);
#1939=AXIS2_PLACEMENT_3D('',#2815,#2240,#2241);
#1940=AXIS2_PLACEMENT_3D('',#2819,#2243,#2244);
#1941=AXIS2_PLACEMENT_3D('',#2823,#2246,#2247);
#1942=AXIS2_PLACEMENT_3D('',#2829,#2250,#2251);
#1943=AXIS2_PLACEMENT_3D('',#2833,#2253,#2254);
#1944=AXIS2_PLACEMENT_3D('',#2834,#2255,#2256);
#1945=AXIS2_PLACEMENT_3D('',#2835,#2257,#2258);
#1946=AXIS2_PLACEMENT_3D('',#2857,#2261,#2262);
#1947=AXIS2_PLACEMENT_3D('',#2861,#2264,#2265);
#1948=AXIS2_PLACEMENT_3D('',#2863,#2267,#2268);
#1949=AXIS2_PLACEMENT_3D('',#2867,#2270,#2271);
#1950=AXIS2_PLACEMENT_3D('',#2872,#2272,#2273);
#1951=AXIS2_PLACEMENT_3D('',#2878,#2275,#2276);
#1952=AXIS2_PLACEMENT_3D('',#2944,#2282,#2283);
#1953=AXIS2_PLACEMENT_3D('',#2946,#2285,#2286);
#1954=AXIS2_PLACEMENT_3D('',#2947,#2287,#2288);
#1955=AXIS2_PLACEMENT_3D('',#2951,#2291,#2292);
#1956=AXIS2_PLACEMENT_3D('',#2952,#2293,#2294);
#1957=AXIS2_PLACEMENT_3D('',#2954,#2295,#2296);
#1958=AXIS2_PLACEMENT_3D('',#2955,#2297,#2298);
#1959=AXIS2_PLACEMENT_3D('',#2956,#2299,#2300);
#1960=AXIS2_PLACEMENT_3D('',#2958,#2301,#2302);
#1961=AXIS2_PLACEMENT_3D('',#2960,#2303,#2304);
#1962=AXIS2_PLACEMENT_3D('',#2962,#2305,#2306);
#1963=AXIS2_PLACEMENT_3D('',#2964,#2307,#2308);
#1964=AXIS2_PLACEMENT_3D('',#2966,#2309,#2310);
#1965=AXIS2_PLACEMENT_3D('',#2973,#2311,#2312);
#1966=AXIS2_PLACEMENT_3D('',#2975,#2313,#2314);
#1967=AXIS2_PLACEMENT_3D('',#2977,#2315,#2316);
#1968=AXIS2_PLACEMENT_3D('',#2979,#2317,#2318);
#1969=AXIS2_PLACEMENT_3D('',#2986,#2319,#2320);
#1970=AXIS2_PLACEMENT_3D('',#2988,#2321,#2322);
#1971=AXIS2_PLACEMENT_3D('',#2995,#2323,#2324);
#1972=AXIS2_PLACEMENT_3D('',#2997,#2325,#2326);
#1973=AXIS2_PLACEMENT_3D('',#2999,#2327,#2328);
#1974=AXIS2_PLACEMENT_3D('',#3001,#2329,#2330);
#1975=AXIS2_PLACEMENT_3D('',#3002,#2331,#2332);
#1976=AXIS2_PLACEMENT_3D('',#3003,#2333,#2334);
#1977=AXIS2_PLACEMENT_3D('',#3005,#2335,#2336);
#1978=AXIS2_PLACEMENT_3D('',#3007,#2337,#2338);
#1979=AXIS2_PLACEMENT_3D('',#3009,#2339,#2340);
#1980=AXIS2_PLACEMENT_3D('',#3011,#2341,#2342);
#1981=AXIS2_PLACEMENT_3D('',#3018,#2343,#2344);
#1982=AXIS2_PLACEMENT_3D('',#3020,#2345,#2346);
#1983=AXIS2_PLACEMENT_3D('',#3027,#2347,#2348);
#1984=AXIS2_PLACEMENT_3D('',#3029,#2349,#2350);
#1985=AXIS2_PLACEMENT_3D('',#3031,#2351,#2352);
#1986=AXIS2_PLACEMENT_3D('',#3033,#2353,#2354);
#1987=AXIS2_PLACEMENT_3D('',#3040,#2355,#2356);
#1988=AXIS2_PLACEMENT_3D('',#3042,#2357,#2358);
#1989=AXIS2_PLACEMENT_3D('',#3044,#2359,#2360);
#1990=AXIS2_PLACEMENT_3D('',#3045,#2361,#2362);
#1991=AXIS2_PLACEMENT_3D('',#3048,#2365,#2366);
#1992=AXIS2_PLACEMENT_3D('',#3050,#2368,#2369);
#1993=AXIS2_PLACEMENT_3D('',#3051,#2370,#2371);
#1994=AXIS2_PLACEMENT_3D('',#3053,#2373,#2374);
#1995=AXIS2_PLACEMENT_3D('',#3055,#2376,#2377);
#1996=AXIS2_PLACEMENT_3D('',#3057,#2379,#2380);
#1997=AXIS2_PLACEMENT_3D('',#3059,#2382,#2383);
#1998=AXIS2_PLACEMENT_3D('',#3061,#2385,#2386);
#1999=AXIS2_PLACEMENT_3D('',#3063,#2388,#2389);
#2000=AXIS2_PLACEMENT_3D('',#3065,#2391,#2392);
#2001=AXIS2_PLACEMENT_3D('',#3067,#2394,#2395);
#2002=AXIS2_PLACEMENT_3D('',#3069,#2397,#2398);
#2003=AXIS2_PLACEMENT_3D('',#3071,#2400,#2401);
#2004=AXIS2_PLACEMENT_3D('',#3073,#2403,#2404);
#2005=AXIS2_PLACEMENT_3D('',#3075,#2406,#2407);
#2006=AXIS2_PLACEMENT_3D('',#3077,#2409,#2410);
#2007=AXIS2_PLACEMENT_3D('',#3079,#2412,#2413);
#2008=AXIS2_PLACEMENT_3D('',#3081,#2415,#2416);
#2009=AXIS2_PLACEMENT_3D('',#3082,#2417,#2418);
#2010=AXIS2_PLACEMENT_3D('',#3084,#2420,#2421);
#2011=AXIS2_PLACEMENT_3D('',#3087,#2423,#2424);
#2012=AXIS2_PLACEMENT_3D('',#3088,#2425,#2426);
#2013=AXIS2_PLACEMENT_3D('',#3094,#2427,#2428);
#2014=AXIS2_PLACEMENT_3D('',#3096,#2429,#2430);
#2015=AXIS2_PLACEMENT_3D('',#3097,#2431,#2432);
#2016=AXIS2_PLACEMENT_3D('',#3105,#2434,#2435);
#2017=AXIS2_PLACEMENT_3D('',#3107,#2436,#2437);
#2018=AXIS2_PLACEMENT_3D('',#3109,#2438,#2439);
#2019=AXIS2_PLACEMENT_3D('',#3111,#2440,#2441);
#2020=AXIS2_PLACEMENT_3D('',#3118,#2442,#2443);
#2021=AXIS2_PLACEMENT_3D('',#3120,#2444,#2445);
#2022=AXIS2_PLACEMENT_3D('',#3122,#2446,#2447);
#2023=AXIS2_PLACEMENT_3D('',#3124,#2448,#2449);
#2024=AXIS2_PLACEMENT_3D('',#3126,#2450,#2451);
#2025=AXIS2_PLACEMENT_3D('',#3128,#2452,#2453);
#2026=AXIS2_PLACEMENT_3D('',#3129,#2454,#2455);
#2027=AXIS2_PLACEMENT_3D('',#3144,#2457,#2458);
#2028=AXIS2_PLACEMENT_3D('',#3146,#2459,#2460);
#2029=AXIS2_PLACEMENT_3D('',#3148,#2461,#2462);
#2030=AXIS2_PLACEMENT_3D('',#3150,#2463,#2464);
#2031=AXIS2_PLACEMENT_3D('',#3157,#2465,#2466);
#2032=AXIS2_PLACEMENT_3D('',#3159,#2467,#2468);
#2033=AXIS2_PLACEMENT_3D('',#3161,#2469,#2470);
#2034=AXIS2_PLACEMENT_3D('',#3163,#2471,#2472);
#2035=AXIS2_PLACEMENT_3D('',#3201,#2476,#2477);
#2036=AXIS2_PLACEMENT_3D('',#3204,#2480,#2481);
#2037=AXIS2_PLACEMENT_3D('',#3206,#2483,#2484);
#2038=AXIS2_PLACEMENT_3D('',#3207,#2485,#2486);
#2039=AXIS2_PLACEMENT_3D('',#3208,#2487,#2488);
#2040=AXIS2_PLACEMENT_3D('',#3210,#2490,#2491);
#2041=AXIS2_PLACEMENT_3D('',#3212,#2493,#2494);
#2042=AXIS2_PLACEMENT_3D('',#3214,#2496,#2497);
#2043=AXIS2_PLACEMENT_3D('',#3216,#2499,#2500);
#2044=AXIS2_PLACEMENT_3D('',#3218,#2502,#2503);
#2045=AXIS2_PLACEMENT_3D('',#3220,#2505,#2506);
#2046=AXIS2_PLACEMENT_3D('',#3222,#2508,#2509);
#2047=AXIS2_PLACEMENT_3D('',#3224,#2511,#2512);
#2048=AXIS2_PLACEMENT_3D('',#3225,#2513,#2514);
#2049=AXIS2_PLACEMENT_3D('',#3226,#2515,#2516);
#2050=AXIS2_PLACEMENT_3D('',#3228,#2517,#2518);
#2051=AXIS2_PLACEMENT_3D('',#3230,#2519,#2520);
#2052=AXIS2_PLACEMENT_3D('',#3234,#2523,#2524);
#2053=AXIS2_PLACEMENT_3D('',#3245,#2531,#2532);
#2054=AXIS2_PLACEMENT_3D('',#3247,#2533,#2534);
#2055=AXIS2_PLACEMENT_3D('',#3249,#2535,#2536);
#2056=AXIS2_PLACEMENT_3D('',#3250,#2537,#2538);
#2057=AXIS2_PLACEMENT_3D('',#3252,#2539,#2540);
#2058=AXIS2_PLACEMENT_3D('',#3254,#2541,#2542);
#2059=AXIS2_PLACEMENT_3D('',#3255,#2543,#2544);
#2060=AXIS2_PLACEMENT_3D('',#3257,#2545,#2546);
#2061=AXIS2_PLACEMENT_3D('',#3259,#2547,#2548);
#2062=AXIS2_PLACEMENT_3D('',#3260,#2549,#2550);
#2063=AXIS2_PLACEMENT_3D('',#3263,#2553,#2554);
#2064=AXIS2_PLACEMENT_3D('',#3265,#2556,#2557);
#2065=AXIS2_PLACEMENT_3D('',#3267,#2559,#2560);
#2066=AXIS2_PLACEMENT_3D('',#3268,#2561,#2562);
#2067=AXIS2_PLACEMENT_3D('',#3270,#2564,#2565);
#2068=AXIS2_PLACEMENT_3D('',#3272,#2567,#2568);
#2069=AXIS2_PLACEMENT_3D('',#3273,#2569,#2570);
#2070=AXIS2_PLACEMENT_3D('',#3279,#2574,#2575);
#2071=AXIS2_PLACEMENT_3D('',#3285,#2579,#2580);
#2072=AXIS2_PLACEMENT_3D('',#3289,#2583,#2584);
#2073=AXIS2_PLACEMENT_3D('',#3293,#2587,#2588);
#2074=AXIS2_PLACEMENT_3D('',#3295,#2590,#2591);
#2075=AXIS2_PLACEMENT_3D('',#3296,#2592,#2593);
#2076=AXIS2_PLACEMENT_3D('',#3298,#2595,#2596);
#2077=AXIS2_PLACEMENT_3D('',#3300,#2598,#2599);
#2078=AXIS2_PLACEMENT_3D('',#3301,#2600,#2601);
#2079=AXIS2_PLACEMENT_3D('',#3307,#2605,#2606);
#2080=AXIS2_PLACEMENT_3D('',#3313,#2610,#2611);
#2081=AXIS2_PLACEMENT_3D('',#3317,#2614,#2615);
#2082=AXIS2_PLACEMENT_3D('',#3321,#2618,#2619);
#2083=AXIS2_PLACEMENT_3D('',#3323,#2621,#2622);
#2084=DIRECTION('',(0.,0.,1.));
#2085=DIRECTION('',(1.,0.,0.));
#2086=DIRECTION('',(0.,-1.22464679914735E-16,-1.));
#2087=DIRECTION('',(-1.,-1.22464679914735E-16,1.49975978266186E-32));
#2088=DIRECTION('',(0.,0.,-1.));
#2089=DIRECTION('',(-1.,0.,0.));
#2090=DIRECTION('',(0.,-1.22464679914735E-16,-1.));
#2091=DIRECTION('',(0.,-1.22464679914735E-16,-1.));
#2092=DIRECTION('',(-1.,-1.22464679914735E-16,1.49975978266186E-32));
#2093=DIRECTION('',(0.,-1.22464679914735E-16,-1.));
#2094=DIRECTION('',(0.728919547044686,-0.684599367466966,8.38392424066723E-17));
#2095=DIRECTION('',(-0.684599367466966,-0.728919547044686,8.92668990124213E-17));
#2096=DIRECTION('',(0.684599367466966,0.728919547044686,0.));
#2097=DIRECTION('',(0.,-1.22464679914735E-16,-1.));
#2098=DIRECTION('',(-0.684599367466966,-0.728919547044686,8.92668990124213E-17));
#2099=DIRECTION('',(0.,-1.22464679914735E-16,-1.));
#2100=DIRECTION('',(-1.,-1.22464679914735E-16,1.49975978266186E-32));
#2101=DIRECTION('',(0.,0.,-1.));
#2102=DIRECTION('',(-1.,0.,0.));
#2103=DIRECTION('',(0.,-1.22464679914735E-16,-1.));
#2104=DIRECTION('',(0.,-1.22464679914735E-16,-1.));
#2105=DIRECTION('',(-1.,-1.22464679914735E-16,1.49975978266186E-32));
#2106=DIRECTION('',(0.,-1.22464679914735E-16,-1.));
#2107=DIRECTION('',(-1.,-1.22464679914735E-16,1.49975978266186E-32));
#2108=DIRECTION('',(0.,-1.22464679914735E-16,-1.));
#2109=DIRECTION('',(0.,0.,-1.));
#2110=DIRECTION('',(-1.,0.,0.));
#2111=DIRECTION('',(0.,-1.22464679914735E-16,-1.));
#2112=DIRECTION('',(0.,-1.22464679914735E-16,-1.));
#2113=DIRECTION('',(-1.,-1.22464679914735E-16,1.49975978266186E-32));
#2114=DIRECTION('',(0.728919547044686,-0.684599367466966,8.38392424066723E-17));
#2115=DIRECTION('',(-0.684599367466966,-0.728919547044686,8.92668990124213E-17));
#2116=DIRECTION('',(0.,-1.22464679914735E-16,-1.));
#2117=DIRECTION('',(0.684599367466966,0.728919547044686,0.));
#2118=DIRECTION('',(-0.684599367466966,-0.728919547044686,8.92668990124213E-17));
#2119=DIRECTION('',(0.,-1.22464679914735E-16,-1.));
#2120=DIRECTION('',(-1.,-1.22464679914735E-16,1.49975978266186E-32));
#2121=DIRECTION('',(0.,-1.22464679914735E-16,-1.));
#2122=DIRECTION('',(-1.,-1.22464679914735E-16,1.49975978266186E-32));
#2123=DIRECTION('',(0.27791204431987,-0.960606524869549,1.17640370592155E-16));
#2124=DIRECTION('',(0.,-1.22464679914735E-16,-1.));
#2125=DIRECTION('',(-1.,-1.22464679914735E-16,1.49975978266186E-32));
#2126=DIRECTION('',(0.,-1.22464679914735E-16,-1.));
#2127=DIRECTION('',(-1.,-1.22464679914735E-16,1.49975978266186E-32));
#2128=DIRECTION('',(0.,0.,1.));
#2129=DIRECTION('',(1.,0.,0.));
#2130=DIRECTION('',(0.,0.,1.));
#2131=DIRECTION('',(1.,0.,0.));
#2132=DIRECTION('',(0.,0.,1.));
#2133=DIRECTION('',(1.,0.,0.));
#2134=DIRECTION('',(0.27791204431987,-0.960606524869549,1.17640370592155E-16));
#2135=DIRECTION('',(0.,-1.22464679914735E-16,-1.));
#2136=DIRECTION('',(-1.,-1.22464679914735E-16,1.49975978266186E-32));
#2137=DIRECTION('',(0.,-1.22464679914735E-16,-1.));
#2138=DIRECTION('',(-1.,-1.22464679914735E-16,1.49975978266186E-32));
#2139=DIRECTION('',(0.,0.,-1.));
#2140=DIRECTION('',(1.,0.,0.));
#2141=DIRECTION('',(0.,0.,-1.));
#2142=DIRECTION('',(-1.,0.,0.));
#2143=DIRECTION('',(0.,0.,-1.));
#2144=DIRECTION('',(-1.,0.,0.));
#2145=DIRECTION('',(0.,0.,-1.));
#2146=DIRECTION('',(-1.,0.,0.));
#2147=DIRECTION('',(0.,0.,-1.));
#2148=DIRECTION('',(-1.,0.,0.));
#2149=DIRECTION('',(0.27791204431987,-0.960606524869549,0.));
#2150=DIRECTION('',(0.,0.,-1.));
#2151=DIRECTION('',(-1.,0.,0.));
#2152=DIRECTION('',(0.,0.,-1.));
#2153=DIRECTION('',(-1.,0.,0.));
#2154=DIRECTION('',(0.27791204431987,-0.960606524869549,0.));
#2155=DIRECTION('',(0.,0.,-1.));
#2156=DIRECTION('',(-1.,0.,0.));
#2157=DIRECTION('',(0.,-1.22464679914735E-16,-1.));
#2158=DIRECTION('',(-1.,-1.22464679914735E-16,1.49975978266186E-32));
#2159=DIRECTION('',(0.,-1.22464679914735E-16,-1.));
#2160=DIRECTION('',(0.,-1.22464679914735E-16,-1.));
#2161=DIRECTION('',(-1.,-1.22464679914735E-16,1.49975978266186E-32));
#2162=DIRECTION('',(0.,-1.22464679914735E-16,-1.));
#2163=DIRECTION('',(0.,-1.22464679914735E-16,-1.));
#2164=DIRECTION('',(-1.,-1.22464679914735E-16,1.49975978266186E-32));
#2165=DIRECTION('',(0.,-1.22464679914735E-16,-1.));
#2166=DIRECTION('',(0.,-1.22464679914735E-16,-1.));
#2167=DIRECTION('',(-1.,-1.22464679914735E-16,1.49975978266186E-32));
#2168=DIRECTION('',(0.,-1.22464679914735E-16,-1.));
#2169=DIRECTION('',(0.960606524869549,0.27791204431987,0.));
#2170=DIRECTION('',(-0.27791204431987,0.960606524869549,0.));
#2171=DIRECTION('',(0.,0.,1.));
#2172=DIRECTION('',(1.,0.,0.));
#2173=DIRECTION('',(0.,0.,1.));
#2174=DIRECTION('',(1.,0.,0.));
#2175=DIRECTION('',(0.,0.,1.));
#2176=DIRECTION('',(1.,0.,0.));
#2177=DIRECTION('',(0.,0.,1.));
#2178=DIRECTION('',(1.,0.,0.));
#2179=DIRECTION('',(0.960606524869549,0.27791204431987,0.));
#2180=DIRECTION('',(-0.27791204431987,0.960606524869549,0.));
#2181=DIRECTION('',(0.,-1.22464679914735E-16,-1.));
#2182=DIRECTION('',(-0.27791204431987,0.960606524869549,1.50845519650157E-16));
#2183=DIRECTION('',(0.,0.,-1.));
#2184=DIRECTION('',(-0.27791204431987,0.960606524869549,0.));
#2185=DIRECTION('',(0.,-1.22464679914735E-16,-1.));
#2186=DIRECTION('',(-0.27791204431987,0.960606524869549,0.));
#2187=DIRECTION('',(0.,0.,-1.));
#2188=DIRECTION('',(-0.27791204431987,0.960606524869549,1.50845519650157E-16));
#2189=DIRECTION('',(0.960606524869549,0.27791204431987,0.));
#2190=DIRECTION('',(-0.27791204431987,0.960606524869549,0.));
#2191=DIRECTION('',(0.,0.,-1.));
#2192=DIRECTION('',(-0.27791204431987,0.960606524869549,0.));
#2193=DIRECTION('',(0.,-1.22464679914735E-16,-1.));
#2194=DIRECTION('',(-0.27791204431987,0.960606524869549,0.));
#2195=DIRECTION('',(0.,0.,-1.));
#2196=DIRECTION('',(-0.27791204431987,0.960606524869549,0.));
#2197=DIRECTION('',(0.,-1.22464679914735E-16,-1.));
#2198=DIRECTION('',(-0.27791204431987,0.960606524869549,0.));
#2199=DIRECTION('',(-0.362306190701075,-0.932059131267795,0.));
#2200=DIRECTION('',(0.932059131267795,-0.362306190701075,0.));
#2201=DIRECTION('',(0.,0.,1.));
#2202=DIRECTION('',(0.914587985721938,-0.355514878886669,-0.192712187635566));
#2203=DIRECTION('',(0.,0.,-1.));
#2204=DIRECTION('',(0.,-1.22464679914735E-16,-1.));
#2205=DIRECTION('',(-1.,-1.22464679914735E-16,1.49975978266186E-32));
#2206=DIRECTION('',(0.,-1.22464679914735E-16,-1.));
#2207=DIRECTION('',(0.,0.,-1.));
#2208=DIRECTION('',(-1.,0.,0.));
#2209=DIRECTION('',(0.,-1.22464679914735E-16,-1.));
#2210=DIRECTION('',(0.,-1.22464679914735E-16,-1.));
#2211=DIRECTION('',(0.163620417320187,0.,0.986523369736352));
#2212=DIRECTION('',(0.986523369736352,-7.4846820415502E-16,-0.163620417320187));
#2213=DIRECTION('',(0.,0.,-1.));
#2214=DIRECTION('',(0.,-0.476553907411761,0.879145251554362));
#2215=DIRECTION('',(0.,-0.879145251554362,-0.476553907411761));
#2216=DIRECTION('',(0.,-1.22464679914735E-16,-1.));
#2217=DIRECTION('',(-1.,-1.22464679914735E-16,1.49975978266186E-32));
#2218=DIRECTION('',(0.,-1.22464679914735E-16,-1.));
#2219=DIRECTION('',(0.,0.,-1.));
#2220=DIRECTION('',(-1.,0.,0.));
#2221=DIRECTION('',(0.,-1.22464679914735E-16,-1.));
#2222=DIRECTION('',(0.,-1.22464679914735E-16,-1.));
#2223=DIRECTION('',(-1.,-1.22464679914735E-16,1.49975978266186E-32));
#2224=DIRECTION('',(0.,-1.22464679914735E-16,-1.));
#2225=DIRECTION('',(0.,0.,-1.));
#2226=DIRECTION('',(-1.,0.,0.));
#2227=DIRECTION('',(0.728919547044686,-0.684599367466966,8.38392424066723E-17));
#2228=DIRECTION('',(-0.684599367466966,-0.728919547044686,8.92668990124213E-17));
#2229=DIRECTION('',(0.684599367466966,0.728919547044686,0.));
#2230=DIRECTION('',(0.,-1.22464679914735E-16,-1.));
#2231=DIRECTION('',(-1.,-1.22464679914735E-16,1.49975978266186E-32));
#2232=DIRECTION('',(0.,-1.22464679914735E-16,-1.));
#2233=DIRECTION('',(0.,0.,-1.));
#2234=DIRECTION('',(-1.,0.,0.));
#2235=DIRECTION('',(0.,0.476553907411761,-0.879145251554362));
#2236=DIRECTION('',(0.,-0.879145251554362,-0.476553907411761));
#2237=DIRECTION('',(0.,-1.22464679914735E-16,-1.));
#2238=DIRECTION('',(-1.,-1.22464679914735E-16,1.49975978266186E-32));
#2239=DIRECTION('',(0.,-1.22464679914735E-16,-1.));
#2240=DIRECTION('',(4.19217867424682E-17,-1.44903190423279E-16,1.));
#2241=DIRECTION('',(0.,-1.,-1.44903190423279E-16));
#2242=DIRECTION('',(0.,-1.22464679914735E-16,-1.));
#2243=DIRECTION('',(0.,-0.476553907411761,0.879145251554362));
#2244=DIRECTION('',(0.,-0.879145251554362,-0.476553907411761));
#2245=DIRECTION('',(0.,0.,-1.));
#2246=DIRECTION('',(0.163620417320187,0.,0.986523369736352));
#2247=DIRECTION('',(0.986523369736352,-7.4846820415502E-16,-0.163620417320187));
#2248=DIRECTION('',(0.,-1.22464679914735E-16,-1.));
#2249=DIRECTION('',(0.,-1.22464679914735E-16,-1.));
#2250=DIRECTION('',(0.,0.,-1.));
#2251=DIRECTION('',(-1.,0.,0.));
#2252=DIRECTION('',(0.,-1.22464679914735E-16,-1.));
#2253=DIRECTION('',(0.,0.,1.));
#2254=DIRECTION('',(1.,0.,0.));
#2255=DIRECTION('',(0.,-1.22464679914735E-16,-1.));
#2256=DIRECTION('',(-1.,-1.22464679914735E-16,1.49975978266186E-32));
#2257=DIRECTION('',(0.,0.,-1.));
#2258=DIRECTION('',(-1.,0.,0.));
#2259=DIRECTION('',(0.,-1.22464679914735E-16,-1.));
#2260=DIRECTION('',(0.,-1.22464679914735E-16,-1.));
#2261=DIRECTION('',(0.,-1.22464679914735E-16,-1.));
#2262=DIRECTION('',(-1.,-1.22464679914735E-16,1.49975978266186E-32));
#2263=DIRECTION('',(0.,-1.22464679914735E-16,-1.));
#2264=DIRECTION('',(0.,0.,1.));
#2265=DIRECTION('',(1.,0.,0.));
#2266=DIRECTION('',(0.,-1.22464679914735E-16,-1.));
#2267=DIRECTION('',(0.,0.,1.));
#2268=DIRECTION('',(1.,0.,0.));
#2269=DIRECTION('',(0.,-1.22464679914735E-16,-1.));
#2270=DIRECTION('',(0.,0.,-1.));
#2271=DIRECTION('',(-1.,0.,0.));
#2272=DIRECTION('',(0.728919547044686,-0.684599367466966,8.38392424066723E-17));
#2273=DIRECTION('',(-0.684599367466966,-0.728919547044686,8.92668990124213E-17));
#2274=DIRECTION('',(0.684599367466966,0.728919547044686,0.));
#2275=DIRECTION('',(0.960606524869549,0.27791204431987,-3.40344095520825E-17));
#2276=DIRECTION('',(0.27791204431987,-0.960606524869549,1.17640370592155E-16));
#2277=DIRECTION('',(0.271090698659382,-0.937028456614568,0.220198784272052));
#2278=DIRECTION('',(3.99194227282071E-17,-1.55173137609519E-17,1.));
#2279=DIRECTION('',(-1.,-1.22464679914735E-16,1.49975978266186E-32));
#2280=DIRECTION('',(-1.,-1.22464679914735E-16,1.49975978266186E-32));
#2281=DIRECTION('',(-1.,-1.22464679914735E-16,1.49975978266186E-32));
#2282=DIRECTION('',(0.,-0.476553907411761,0.879145251554362));
#2283=DIRECTION('',(0.,-0.879145251554362,-0.476553907411761));
#2284=DIRECTION('',(-0.246496437600506,0.852018079661243,0.461849215849315));
#2285=DIRECTION('',(0.,0.476553907411761,-0.879145251554362));
#2286=DIRECTION('',(0.,-0.879145251554362,-0.476553907411761));
#2287=DIRECTION('',(-0.362306190701075,-0.932059131267795,0.));
#2288=DIRECTION('',(0.932059131267795,-0.362306190701075,0.));
#2289=DIRECTION('',(0.,0.,1.));
#2290=DIRECTION('',(-0.92869915721324,0.361000115410654,-0.0848339086976031));
#2291=DIRECTION('',(0.,1.22464679914735E-16,1.));
#2292=DIRECTION('',(1.,1.22464679914735E-16,-1.49975978266186E-32));
#2293=DIRECTION('',(0.,0.,1.));
#2294=DIRECTION('',(1.,0.,0.));
#2295=DIRECTION('',(0.163620417320187,0.,0.986523369736352));
#2296=DIRECTION('',(-0.986523369736352,7.4846820415502E-16,0.163620417320187));
#2297=DIRECTION('',(0.,0.,-1.));
#2298=DIRECTION('',(-1.,0.,0.));
#2299=DIRECTION('',(0.163620417320187,0.,0.986523369736352));
#2300=DIRECTION('',(0.986523369736352,0.,-0.163620417320187));
#2301=DIRECTION('',(0.,0.,1.));
#2302=DIRECTION('',(1.,0.,0.));
#2303=DIRECTION('',(-0.145243859326543,0.,-0.989395887058326));
#2304=DIRECTION('',(0.989395887058326,0.,-0.145243859326543));
#2305=DIRECTION('',(-0.122418549049617,0.,-0.992478563420181));
#2306=DIRECTION('',(0.992478563420181,0.,-0.122418549049617));
#2307=DIRECTION('',(-0.101831370452111,0.,-0.994801674702976));
#2308=DIRECTION('',(0.994801674702976,0.,-0.101831370452111));
#2309=DIRECTION('',(-0.0951345871022869,0.,-0.995464419422853));
#2310=DIRECTION('',(0.995464419422853,0.,-0.0951345871022869));
#2311=DIRECTION('',(-0.0564402902240742,0.,-0.998405976364035));
#2312=DIRECTION('',(0.998405976364035,0.,-0.0564402902240742));
#2313=DIRECTION('',(-0.0357386321049053,0.,-0.999361171036413));
#2314=DIRECTION('',(0.999361171036413,0.,-0.0357386321049053));
#2315=DIRECTION('',(-0.034703821618984,0.,-0.999397640964315));
#2316=DIRECTION('',(0.999397640964315,0.,-0.034703821618984));
#2317=DIRECTION('',(-0.0113963993616306,0.,-0.999935058932124));
#2318=DIRECTION('',(0.999935058932124,0.,-0.0113963993616306));
#2319=DIRECTION('',(0.0253379982010996,0.,-0.999678941384263));
#2320=DIRECTION('',(-0.999678941384263,0.,-0.0253379982010996));
#2321=DIRECTION('',(0.0448666993534274,0.,-0.998992982602545));
#2322=DIRECTION('',(-0.998992982602545,0.,-0.0448666993534274));
#2323=DIRECTION('',(0.0561977411722919,0.,-0.998419658203469));
#2324=DIRECTION('',(-0.998419658203469,0.,-0.0561977411722919));
#2325=DIRECTION('',(0.10839128651603,0.,-0.994108308489271));
#2326=DIRECTION('',(-0.994108308489271,0.,-0.10839128651603));
#2327=DIRECTION('',(0.103134549406301,0.,-0.994667414123314));
#2328=DIRECTION('',(-0.994667414123313,0.,-0.103134549406301));
#2329=DIRECTION('',(0.126492678197434,0.,-0.991967540982285));
#2330=DIRECTION('',(-0.991967540982285,0.,-0.126492678197434));
#2331=DIRECTION('',(0.,1.22464679914735E-16,1.));
#2332=DIRECTION('',(1.,1.22464679914735E-16,-1.49975978266186E-32));
#2333=DIRECTION('',(-0.145243859326543,0.,-0.989395887058326));
#2334=DIRECTION('',(-0.989395887058326,8.43165972610282E-16,0.145243859326543));
#2335=DIRECTION('',(0.126492678197434,0.,-0.991967540982285));
#2336=DIRECTION('',(0.991967540982285,9.68156273231783E-16,0.126492678197434));
#2337=DIRECTION('',(0.103134549406301,0.,-0.994667414123314));
#2338=DIRECTION('',(0.994667414123313,1.18742633404334E-15,0.103134549406301));
#2339=DIRECTION('',(0.10839128651603,0.,-0.994108308489271));
#2340=DIRECTION('',(0.994108308489271,1.12983878917817E-15,0.10839128651603));
#2341=DIRECTION('',(0.0561977411722919,0.,-0.998419658203469));
#2342=DIRECTION('',(0.998419658203469,2.1791744180479E-15,0.0561977411722919));
#2343=DIRECTION('',(0.0448666993534274,0.,-0.998992982602545));
#2344=DIRECTION('',(0.998992982602545,2.7295228238219E-15,0.0448666993534274));
#2345=DIRECTION('',(0.0253379982010996,0.,-0.999678941384263));
#2346=DIRECTION('',(0.999678941384263,4.83324211102914E-15,0.0253379982010996));
#2347=DIRECTION('',(-0.0113963993616306,0.,-0.999935058932124));
#2348=DIRECTION('',(-0.999935058932124,1.07459098289455E-14,0.0113963993616306));
#2349=DIRECTION('',(-0.034703821618984,0.,-0.999397640964315));
#2350=DIRECTION('',(-0.999397640964315,3.52885285255569E-15,0.034703821618984));
#2351=DIRECTION('',(-0.0357386321049053,0.,-0.999361171036413));
#2352=DIRECTION('',(-0.999361171036413,3.42667507685406E-15,0.0357386321049053));
#2353=DIRECTION('',(-0.0564402902240742,0.,-0.998405976364035));
#2354=DIRECTION('',(-0.998405976364035,2.16980953550269E-15,0.0564402902240742));
#2355=DIRECTION('',(-0.0951345871022869,0.,-0.995464419422853));
#2356=DIRECTION('',(-0.995464419422853,1.28727819865412E-15,0.0951345871022869));
#2357=DIRECTION('',(-0.101831370452111,0.,-0.994801674702976));
#2358=DIRECTION('',(-0.994801674702976,1.20262232916062E-15,0.101831370452111));
#2359=DIRECTION('',(-0.122418549049617,0.,-0.992478563420181));
#2360=DIRECTION('',(-0.992478563420181,1.00037682904655E-15,0.122418549049617));
#2361=DIRECTION('',(-0.145243859326543,0.,-0.989395887058326));
#2362=DIRECTION('',(-0.989395887058326,0.,0.145243859326543));
#2363=DIRECTION('',(0.,1.,0.));
#2364=DIRECTION('',(0.,1.,0.));
#2365=DIRECTION('',(0.,0.,1.));
#2366=DIRECTION('',(1.,0.,0.));
#2367=DIRECTION('',(0.,1.,0.));
#2368=DIRECTION('',(0.163620417320187,0.,0.986523369736352));
#2369=DIRECTION('',(0.986523369736352,0.,-0.163620417320187));
#2370=DIRECTION('',(0.126492678197434,0.,-0.991967540982285));
#2371=DIRECTION('',(-0.991967540982285,0.,-0.126492678197434));
#2372=DIRECTION('',(0.,1.,0.));
#2373=DIRECTION('',(0.103134549406301,0.,-0.994667414123314));
#2374=DIRECTION('',(-0.994667414123313,0.,-0.103134549406301));
#2375=DIRECTION('',(0.,1.,0.));
#2376=DIRECTION('',(0.10839128651603,0.,-0.994108308489271));
#2377=DIRECTION('',(-0.994108308489271,0.,-0.10839128651603));
#2378=DIRECTION('',(0.,1.,0.));
#2379=DIRECTION('',(0.0561977411722919,0.,-0.998419658203469));
#2380=DIRECTION('',(-0.998419658203469,0.,-0.0561977411722919));
#2381=DIRECTION('',(0.,1.,0.));
#2382=DIRECTION('',(0.,1.,0.));
#2383=DIRECTION('',(0.,0.,1.));
#2384=DIRECTION('',(0.,1.,0.));
#2385=DIRECTION('',(0.0448666993534274,0.,-0.998992982602545));
#2386=DIRECTION('',(-0.998992982602545,0.,-0.0448666993534274));
#2387=DIRECTION('',(0.,1.,0.));
#2388=DIRECTION('',(0.0253379982010996,0.,-0.999678941384263));
#2389=DIRECTION('',(-0.999678941384263,0.,-0.0253379982010996));
#2390=DIRECTION('',(0.,1.,0.));
#2391=DIRECTION('',(0.,1.,0.));
#2392=DIRECTION('',(0.,0.,1.));
#2393=DIRECTION('',(0.,1.,0.));
#2394=DIRECTION('',(-0.0113963993616306,0.,-0.999935058932124));
#2395=DIRECTION('',(-0.999935058932124,0.,0.0113963993616306));
#2396=DIRECTION('',(0.,1.,0.));
#2397=DIRECTION('',(-0.034703821618984,0.,-0.999397640964315));
#2398=DIRECTION('',(-0.999397640964315,0.,0.034703821618984));
#2399=DIRECTION('',(0.,1.,0.));
#2400=DIRECTION('',(-0.0357386321049053,0.,-0.999361171036413));
#2401=DIRECTION('',(-0.999361171036413,0.,0.0357386321049053));
#2402=DIRECTION('',(0.,1.,0.));
#2403=DIRECTION('',(-0.0564402902240742,0.,-0.998405976364035));
#2404=DIRECTION('',(-0.998405976364035,0.,0.0564402902240742));
#2405=DIRECTION('',(0.,1.,0.));
#2406=DIRECTION('',(0.,1.,0.));
#2407=DIRECTION('',(0.,0.,1.));
#2408=DIRECTION('',(0.,1.,0.));
#2409=DIRECTION('',(-0.0951345871022869,0.,-0.995464419422853));
#2410=DIRECTION('',(-0.995464419422853,0.,0.0951345871022869));
#2411=DIRECTION('',(0.,1.,0.));
#2412=DIRECTION('',(-0.101831370452111,0.,-0.994801674702976));
#2413=DIRECTION('',(-0.994801674702976,0.,0.101831370452111));
#2414=DIRECTION('',(0.,1.,0.));
#2415=DIRECTION('',(-0.122418549049617,0.,-0.992478563420181));
#2416=DIRECTION('',(-0.992478563420181,0.,0.122418549049617));
#2417=DIRECTION('',(3.46944695195361E-17,0.228765168726251,0.973481637000745));
#2418=DIRECTION('',(1.,-7.93688617350448E-18,-3.37744289827505E-17));
#2419=DIRECTION('',(-0.271090698659382,0.937028456614568,-0.220198784272052));
#2420=DIRECTION('',(0.,-0.476553907411761,0.879145251554362));
#2421=DIRECTION('',(0.,-0.879145251554362,-0.476553907411761));
#2422=DIRECTION('',(-0.246496437600506,0.852018079661243,0.461849215849315));
#2423=DIRECTION('',(0.,0.476553907411761,-0.879145251554362));
#2424=DIRECTION('',(0.,-0.879145251554362,-0.476553907411761));
#2425=DIRECTION('',(0.,1.22464679914735E-16,1.));
#2426=DIRECTION('',(1.,1.22464679914735E-16,-1.49975978266186E-32));
#2427=DIRECTION('',(0.163620417320187,0.,0.986523369736352));
#2428=DIRECTION('',(-0.986523369736352,7.4846820415502E-16,0.163620417320187));
#2429=DIRECTION('',(0.,0.,1.));
#2430=DIRECTION('',(1.,0.,0.));
#2431=DIRECTION('',(0.,0.,-1.));
#2432=DIRECTION('',(-1.,0.,0.));
#2433=DIRECTION('',(0.,0.,-1.));
#2434=DIRECTION('',(-0.0113963993616306,0.,-0.999935058932124));
#2435=DIRECTION('',(0.999935058932124,0.,-0.0113963993616306));
#2436=DIRECTION('',(-0.034703821618984,0.,-0.999397640964315));
#2437=DIRECTION('',(0.999397640964315,0.,-0.034703821618984));
#2438=DIRECTION('',(-0.0357386321049053,0.,-0.999361171036413));
#2439=DIRECTION('',(0.999361171036413,0.,-0.0357386321049053));
#2440=DIRECTION('',(-0.0564402902240742,0.,-0.998405976364035));
#2441=DIRECTION('',(0.998405976364035,0.,-0.0564402902240742));
#2442=DIRECTION('',(-0.0951345871022869,0.,-0.995464419422853));
#2443=DIRECTION('',(0.995464419422853,0.,-0.0951345871022869));
#2444=DIRECTION('',(-0.101831370452111,0.,-0.994801674702976));
#2445=DIRECTION('',(0.994801674702976,0.,-0.101831370452111));
#2446=DIRECTION('',(-0.122418549049617,0.,-0.992478563420181));
#2447=DIRECTION('',(0.992478563420181,0.,-0.122418549049617));
#2448=DIRECTION('',(-0.145243859326543,0.,-0.989395887058326));
#2449=DIRECTION('',(0.989395887058326,0.,-0.145243859326543));
#2450=DIRECTION('',(0.,0.,1.));
#2451=DIRECTION('',(1.,0.,0.));
#2452=DIRECTION('',(0.163620417320187,0.,0.986523369736352));
#2453=DIRECTION('',(0.986523369736352,0.,-0.163620417320187));
#2454=DIRECTION('',(0.,1.22464679914735E-16,1.));
#2455=DIRECTION('',(1.,1.22464679914735E-16,-1.49975978266186E-32));
#2456=DIRECTION('',(0.,1.22464679914735E-16,1.));
#2457=DIRECTION('',(-0.145243859326543,0.,-0.989395887058326));
#2458=DIRECTION('',(-0.989395887058326,8.43165972610282E-16,0.145243859326543));
#2459=DIRECTION('',(-0.122418549049617,0.,-0.992478563420181));
#2460=DIRECTION('',(-0.992478563420181,1.00037682904655E-15,0.122418549049617));
#2461=DIRECTION('',(-0.101831370452111,0.,-0.994801674702976));
#2462=DIRECTION('',(-0.994801674702976,1.20262232916062E-15,0.101831370452111));
#2463=DIRECTION('',(-0.0951345871022869,0.,-0.995464419422853));
#2464=DIRECTION('',(-0.995464419422853,1.28727819865412E-15,0.0951345871022869));
#2465=DIRECTION('',(-0.0564402902240742,0.,-0.998405976364035));
#2466=DIRECTION('',(-0.998405976364035,2.16980953550269E-15,0.0564402902240742));
#2467=DIRECTION('',(-0.0357386321049053,0.,-0.999361171036413));
#2468=DIRECTION('',(-0.999361171036413,3.42667507685406E-15,0.0357386321049053));
#2469=DIRECTION('',(-0.034703821618984,0.,-0.999397640964315));
#2470=DIRECTION('',(-0.999397640964315,3.52885285255569E-15,0.034703821618984));
#2471=DIRECTION('',(-0.0113963993616306,0.,-0.999935058932124));
#2472=DIRECTION('',(-0.999935058932124,1.07459098289455E-14,0.0113963993616306));
#2473=DIRECTION('',(-1.,-1.22464679914735E-16,1.49975978266186E-32));
#2474=DIRECTION('',(-1.,-1.22464679914735E-16,1.49975978266186E-32));
#2475=DIRECTION('',(-1.,-1.22464679914735E-16,1.49975978266186E-32));
#2476=DIRECTION('',(-0.145243859326543,0.,-0.989395887058326));
#2477=DIRECTION('',(-0.989395887058326,0.,0.145243859326543));
#2478=DIRECTION('',(0.,1.,0.));
#2479=DIRECTION('',(0.,1.,0.));
#2480=DIRECTION('',(0.,0.,1.));
#2481=DIRECTION('',(1.,0.,0.));
#2482=DIRECTION('',(0.,1.,0.));
#2483=DIRECTION('',(0.163620417320187,0.,0.986523369736352));
#2484=DIRECTION('',(0.986523369736352,0.,-0.163620417320187));
#2485=DIRECTION('',(0.,1.,0.));
#2486=DIRECTION('',(0.,0.,1.));
#2487=DIRECTION('',(0.960606524869549,0.27791204431987,0.));
#2488=DIRECTION('',(-0.27791204431987,0.960606524869549,0.));
#2489=DIRECTION('',(0.,1.,0.));
#2490=DIRECTION('',(-0.0113963993616306,0.,-0.999935058932124));
#2491=DIRECTION('',(-0.999935058932124,0.,0.0113963993616306));
#2492=DIRECTION('',(0.,1.,0.));
#2493=DIRECTION('',(-0.034703821618984,0.,-0.999397640964315));
#2494=DIRECTION('',(-0.999397640964315,0.,0.034703821618984));
#2495=DIRECTION('',(0.,1.,0.));
#2496=DIRECTION('',(-0.0357386321049053,0.,-0.999361171036413));
#2497=DIRECTION('',(-0.999361171036413,0.,0.0357386321049053));
#2498=DIRECTION('',(0.,1.,0.));
#2499=DIRECTION('',(-0.0564402902240742,0.,-0.998405976364035));
#2500=DIRECTION('',(-0.998405976364035,0.,0.0564402902240742));
#2501=DIRECTION('',(0.,1.,0.));
#2502=DIRECTION('',(0.,1.,0.));
#2503=DIRECTION('',(0.,0.,1.));
#2504=DIRECTION('',(0.,1.,0.));
#2505=DIRECTION('',(-0.0951345871022869,0.,-0.995464419422853));
#2506=DIRECTION('',(-0.995464419422853,0.,0.0951345871022869));
#2507=DIRECTION('',(0.,1.,0.));
#2508=DIRECTION('',(-0.101831370452111,0.,-0.994801674702976));
#2509=DIRECTION('',(-0.994801674702976,0.,0.101831370452111));
#2510=DIRECTION('',(0.,1.,0.));
#2511=DIRECTION('',(-0.122418549049617,0.,-0.992478563420181));
#2512=DIRECTION('',(-0.992478563420181,0.,0.122418549049617));
#2513=DIRECTION('',(0.,0.,-1.));
#2514=DIRECTION('',(1.,0.,0.));
#2515=DIRECTION('',(0.,0.,-1.));
#2516=DIRECTION('',(-1.,0.,0.));
#2517=DIRECTION('',(0.,0.,-1.));
#2518=DIRECTION('',(-1.,0.,0.));
#2519=DIRECTION('',(0.,0.,-1.));
#2520=DIRECTION('',(-1.,0.,0.));
#2521=DIRECTION('',(0.27791204431987,-0.960606524869549,0.));
#2522=DIRECTION('',(0.27791204431987,-0.960606524869549,0.));
#2523=DIRECTION('',(0.960606524869549,0.27791204431987,0.));
#2524=DIRECTION('',(-0.27791204431987,0.960606524869549,0.));
#2525=DIRECTION('',(-0.27791204431987,0.960606524869549,1.50845519650157E-16));
#2526=DIRECTION('',(0.,0.,-1.));
#2527=DIRECTION('',(-0.27791204431987,0.960606524869549,0.));
#2528=DIRECTION('',(-0.27791204431987,0.960606524869549,0.));
#2529=DIRECTION('',(0.,0.,-1.));
#2530=DIRECTION('',(-0.27791204431987,0.960606524869549,0.));
#2531=DIRECTION('',(0.,0.,-1.));
#2532=DIRECTION('',(-1.,0.,0.));
#2533=DIRECTION('',(0.,0.,1.));
#2534=DIRECTION('',(1.,0.,0.));
#2535=DIRECTION('',(0.,0.,1.));
#2536=DIRECTION('',(1.,0.,0.));
#2537=DIRECTION('',(0.,0.,-1.));
#2538=DIRECTION('',(-1.,0.,0.));
#2539=DIRECTION('',(0.,0.,1.));
#2540=DIRECTION('',(1.,0.,0.));
#2541=DIRECTION('',(0.,0.,1.));
#2542=DIRECTION('',(1.,0.,0.));
#2543=DIRECTION('',(0.,0.,-1.));
#2544=DIRECTION('',(-1.,0.,0.));
#2545=DIRECTION('',(0.,0.,1.));
#2546=DIRECTION('',(1.,0.,0.));
#2547=DIRECTION('',(0.,0.,1.));
#2548=DIRECTION('',(1.,0.,0.));
#2549=DIRECTION('',(0.,-1.,0.));
#2550=DIRECTION('',(0.,0.,-1.));
#2551=DIRECTION('',(0.,0.,-1.));
#2552=DIRECTION('',(0.,0.,-1.));
#2553=DIRECTION('',(1.,0.,0.));
#2554=DIRECTION('',(0.,0.,-1.));
#2555=DIRECTION('',(0.,0.,-1.));
#2556=DIRECTION('',(0.,1.,0.));
#2557=DIRECTION('',(0.,0.,1.));
#2558=DIRECTION('',(0.,0.,-1.));
#2559=DIRECTION('',(-1.,0.,0.));
#2560=DIRECTION('',(0.,0.,1.));
#2561=DIRECTION('',(0.,0.,1.));
#2562=DIRECTION('',(1.,0.,0.));
#2563=DIRECTION('',(-0.960606524869549,-0.27791204431987,0.));
#2564=DIRECTION('',(0.,0.,1.));
#2565=DIRECTION('',(1.,0.,0.));
#2566=DIRECTION('',(-0.960606524869549,-0.27791204431987,0.));
#2567=DIRECTION('',(-0.27791204431987,0.960606524869549,0.));
#2568=DIRECTION('',(-0.960606524869549,-0.27791204431987,0.));
#2569=DIRECTION('',(0.960606524869549,0.27791204431987,0.));
#2570=DIRECTION('',(-0.27791204431987,0.960606524869549,0.));
#2571=DIRECTION('',(-0.27791204431987,0.960606524869549,0.));
#2572=DIRECTION('',(0.,0.,-1.));
#2573=DIRECTION('',(-0.27791204431987,0.960606524869549,0.));
#2574=DIRECTION('',(0.,0.,1.));
#2575=DIRECTION('',(1.,0.,0.));
#2576=DIRECTION('',(-0.27791204431987,0.960606524869549,0.));
#2577=DIRECTION('',(-0.960606524869549,-0.27791204431987,0.));
#2578=DIRECTION('',(-0.960606524869549,-0.27791204431987,0.));
#2579=DIRECTION('',(-0.27791204431987,0.960606524869549,0.));
#2580=DIRECTION('',(-0.960606524869549,-0.27791204431987,0.));
#2581=DIRECTION('',(0.,0.,-1.));
#2582=DIRECTION('',(-0.960606524869549,-0.27791204431987,0.));
#2583=DIRECTION('',(0.,0.,1.));
#2584=DIRECTION('',(1.,0.,0.));
#2585=DIRECTION('',(-0.27791204431987,0.960606524869549,0.));
#2586=DIRECTION('',(-0.960606524869549,-0.27791204431987,0.));
#2587=DIRECTION('',(-0.27791204431987,0.960606524869549,0.));
#2588=DIRECTION('',(-0.960606524869549,-0.27791204431987,0.));
#2589=DIRECTION('',(0.,0.,-1.));
#2590=DIRECTION('',(0.960606524869549,0.27791204431987,0.));
#2591=DIRECTION('',(-0.27791204431987,0.960606524869549,0.));
#2592=DIRECTION('',(4.19217867424682E-17,-1.44903190423279E-16,1.));
#2593=DIRECTION('',(0.,-1.,-1.44903190423279E-16));
#2594=DIRECTION('',(-0.960606524869549,-0.27791204431987,0.));
#2595=DIRECTION('',(0.,0.,1.));
#2596=DIRECTION('',(1.,0.,0.));
#2597=DIRECTION('',(-0.960606524869549,-0.27791204431987,0.));
#2598=DIRECTION('',(-0.27791204431987,0.960606524869549,0.));
#2599=DIRECTION('',(-0.960606524869549,-0.27791204431987,0.));
#2600=DIRECTION('',(0.960606524869549,0.27791204431987,0.));
#2601=DIRECTION('',(-0.27791204431987,0.960606524869549,0.));
#2602=DIRECTION('',(-0.27791204431987,0.960606524869549,0.));
#2603=DIRECTION('',(0.,0.,-1.));
#2604=DIRECTION('',(-0.27791204431987,0.960606524869549,1.50845519650157E-16));
#2605=DIRECTION('',(4.19217867424682E-17,-1.44903190423279E-16,1.));
#2606=DIRECTION('',(0.,-1.,-1.44903190423279E-16));
#2607=DIRECTION('',(-0.27791204431987,0.960606524869549,1.50845519650157E-16));
#2608=DIRECTION('',(-0.960606524869549,-0.27791204431987,0.));
#2609=DIRECTION('',(-0.960606524869549,-0.27791204431987,0.));
#2610=DIRECTION('',(-0.27791204431987,0.960606524869549,0.));
#2611=DIRECTION('',(-0.960606524869549,-0.27791204431987,0.));
#2612=DIRECTION('',(0.,0.,-1.));
#2613=DIRECTION('',(-0.960606524869549,-0.27791204431987,0.));
#2614=DIRECTION('',(0.,0.,1.));
#2615=DIRECTION('',(1.,0.,0.));
#2616=DIRECTION('',(-0.27791204431987,0.960606524869549,0.));
#2617=DIRECTION('',(-0.960606524869549,-0.27791204431987,0.));
#2618=DIRECTION('',(-0.27791204431987,0.960606524869549,0.));
#2619=DIRECTION('',(-0.960606524869549,-0.27791204431987,0.));
#2620=DIRECTION('',(0.,0.,-1.));
#2621=DIRECTION('',(0.960606524869549,0.27791204431987,0.));
#2622=DIRECTION('',(-0.27791204431987,0.960606524869549,0.));
#2623=CARTESIAN_POINT('',(0.,0.,0.));
#2624=CARTESIAN_POINT('',(0.0666421728860923,-0.0334214749118984,0.05));
#2625=CARTESIAN_POINT('',(0.0666421728860923,-0.0334214749118984,0.0058218253249433));
#2626=CARTESIAN_POINT('',(0.078319062384038,-0.0515430135200272,0.0058218253249433));
#2627=CARTESIAN_POINT('',(0.0753009161161946,-0.0136789807546677,0.0058218253249433));
#2628=CARTESIAN_POINT('',(0.078319062384038,-0.0515430135200271,0.05));
#2629=CARTESIAN_POINT('',(0.078319062384038,-0.0515430135200271,2.08166817117217E-17));
#2630=CARTESIAN_POINT('',(0.0666421728860923,-0.0334214749118984,1.38777878078145E-17));
#2631=CARTESIAN_POINT('',(0.0753009161161946,-0.0136789807546676,6.93889390390723E-18));
#2632=CARTESIAN_POINT('',(0.0753009161161946,-0.0136789807546677,0.05));
#2633=CARTESIAN_POINT('',(0.0674061980886798,-0.0631623641609207,0.05));
#2634=CARTESIAN_POINT('',(0.0674061980886798,-0.0631623641609207,0.00582182532494329));
#2635=CARTESIAN_POINT('',(0.0564933337933216,-0.0747817148018142,0.0058218253249433));
#2636=CARTESIAN_POINT('',(0.0564933337933216,-0.0747817148018143,0.05));
#2637=CARTESIAN_POINT('',(0.0564933337933216,-0.0747817148018143,2.08166817117217E-17));
#2638=CARTESIAN_POINT('',(0.0674061980886798,-0.0631623641609207,2.08166817117217E-17));
#2639=CARTESIAN_POINT('',(-0.00731935267072656,-0.0148490034802766,0.05));
#2640=CARTESIAN_POINT('',(-0.00731935267072656,-0.0148490034802766,0.0058218253249433));
#2641=CARTESIAN_POINT('',(0.037218796074486,-0.0902170480778313,0.00582182532494329));
#2642=CARTESIAN_POINT('',(0.037218796074486,-0.0902170480778313,0.05));
#2643=CARTESIAN_POINT('',(0.037218796074486,-0.0902170480778313,2.08166817117217E-17));
#2644=CARTESIAN_POINT('',(-0.00731935267072656,-0.0148490034802766,6.93889390390723E-18));
#2645=CARTESIAN_POINT('',(0.0429537383088739,-0.0346371799295188,0.045));
#2646=CARTESIAN_POINT('',(0.0522952499072304,-0.0491344108160217,0.045));
#2647=CARTESIAN_POINT('',(0.0522952499072304,-0.0491344108160217,0.0058218253249433));
#2648=CARTESIAN_POINT('',(0.0522952499072304,-0.0491344108160217,0.005));
#2649=CARTESIAN_POINT('',(0.0429537383088739,-0.0346371799295188,0.0058218253249433));
#2650=CARTESIAN_POINT('',(0.0498807328929557,-0.0188431846037341,0.00582182532494329));
#2651=CARTESIAN_POINT('',(0.0498807328929557,-0.0188431846037341,0.045));
#2652=CARTESIAN_POINT('',(0.0498807328929557,-0.0188431846037341,0.005));
#2653=CARTESIAN_POINT('',(0.0429537383088739,-0.0346371799295188,0.005));
#2654=CARTESIAN_POINT('',(0.0435649584709438,-0.0584298913287366,0.045));
#2655=CARTESIAN_POINT('',(0.0348346670346573,-0.0677253718414514,0.045));
#2656=CARTESIAN_POINT('',(0.0348346670346573,-0.0677253718414514,0.0058218253249433));
#2657=CARTESIAN_POINT('',(0.0348346670346573,-0.0677253718414514,0.005));
#2658=CARTESIAN_POINT('',(0.0435649584709438,-0.0584298913287366,0.00582182532494329));
#2659=CARTESIAN_POINT('',(0.0435649584709438,-0.0584298913287366,0.005));
#2660=CARTESIAN_POINT('',(-0.0523698294732338,-0.0284434603677008,0.005));
#2661=CARTESIAN_POINT('',(-0.0272672142318003,-0.283595053874183,0.005));
#2662=CARTESIAN_POINT('',(0.00504341007929003,-0.00973125271676722,0.005));
#2663=CARTESIAN_POINT('',(0.00560458063681814,-0.0116709459043923,0.005));
#2664=CARTESIAN_POINT('',(0.0244473009315694,-0.0768010488681803,0.005));
#2665=CARTESIAN_POINT('',(-0.0162154821365812,-0.0197792027842212,0.005));
#2666=CARTESIAN_POINT('',(-0.0525122868415422,-0.025679325459626,1.38777878078145E-17));
#2667=CARTESIAN_POINT('',(0.0830293596941757,-0.0307150216954214,1.38777878078145E-17));
#2668=CARTESIAN_POINT('',(0.0847793596941757,-0.0307150216954214,1.38777878078145E-17));
#2669=CARTESIAN_POINT('',(0.0534933337933216,-0.0717823172384922,1.95241094342117E-17));
#2670=CARTESIAN_POINT('',(0.0552433337933216,-0.0717823172384922,1.95241094342117E-17));
#2671=CARTESIAN_POINT('',(0.0162084212124348,-0.00575812855362895,1.14383329197221E-17));
#2672=CARTESIAN_POINT('',(0.0179584212124348,-0.00575812855362895,1.14383329197221E-17));
#2673=CARTESIAN_POINT('',(0.0048556530752058,-0.00908226823804614,1.18452345076471E-17));
#2674=CARTESIAN_POINT('',(0.00243684113118611,-0.000721613911084329,6.93889390390723E-18));
#2675=CARTESIAN_POINT('',(0.0285926109336434,-0.0911293657475169,1.38777878078145E-17));
#2676=CARTESIAN_POINT('',(-0.0211340177897503,-0.344618817342729,5.55111512312578E-17));
#2677=CARTESIAN_POINT('',(0.0309017154176077,-0.0717250128480127,1.38777878078145E-17));
#2678=CARTESIAN_POINT('',(-0.128184634760729,-0.0912170480778313,0.00582182532494329));
#2679=CARTESIAN_POINT('',(0.0830293596941757,-0.0307150216954214,0.00582182532494329));
#2680=CARTESIAN_POINT('',(0.0812793596941757,-0.0307150216954214,0.00582182532494329));
#2681=CARTESIAN_POINT('',(0.0534933337933216,-0.0717823172384922,0.00582182532494329));
#2682=CARTESIAN_POINT('',(0.0517433337933216,-0.0717823172384922,0.00582182532494329));
#2683=CARTESIAN_POINT('',(0.0162084212124348,-0.00575812855362895,0.00582182532494329));
#2684=CARTESIAN_POINT('',(0.0144584212124348,-0.00575812855362895,0.00582182532494329));
#2685=CARTESIAN_POINT('',(-0.0211340177897503,-0.344618817342729,0.0058218253249433));
#2686=CARTESIAN_POINT('',(0.00243684113118611,-0.000721613911084329,0.0058218253249433));
#2687=CARTESIAN_POINT('',(0.0165073120347604,-0.0493563760029492,0.00582182532494329));
#2688=CARTESIAN_POINT('',(0.00504341007929007,-0.00973125271676725,0.00582182532494329));
#2689=CARTESIAN_POINT('',(-0.0272672142318003,-0.283595053874183,0.00582182532494329));
#2690=CARTESIAN_POINT('',(-0.0162154821365812,-0.0197792027842212,0.0058218253249433));
#2691=CARTESIAN_POINT('',(0.0244473009315694,-0.0768010488681803,0.00582182532494329));
#2692=CARTESIAN_POINT('',(0.0165073120347604,-0.0493563760029492,0.00582182532494329));
#2693=CARTESIAN_POINT('',(0.0285926109336434,-0.0911293657475169,0.00582182532494329));
#2694=CARTESIAN_POINT('',(0.0309017154176077,-0.0717250128480127,0.00582182532494329));
#2695=CARTESIAN_POINT('',(-0.0211340177897503,-0.344618817342729,0.05));
#2696=CARTESIAN_POINT('',(0.00243684113118611,-0.000721613911084329,0.05));
#2697=CARTESIAN_POINT('',(0.0309017154176077,-0.0717250128480127,0.05));
#2698=CARTESIAN_POINT('',(0.0285926109336434,-0.0911293657475169,0.05));
#2699=CARTESIAN_POINT('',(-0.0272672142318003,-0.283595053874183,0.045));
#2700=CARTESIAN_POINT('',(0.00504341007929007,-0.00973125271676725,0.045));
#2701=CARTESIAN_POINT('',(-0.0162154821365812,-0.0197792027842212,0.045));
#2702=CARTESIAN_POINT('',(0.0244473009315694,-0.0768010488681803,0.045));
#2703=CARTESIAN_POINT('',(0.0149529550773785,-0.0439837213600329,0.));
#2704=CARTESIAN_POINT('',(0.0162084212124348,-0.00575812855362895,-2.43945488809238E-18));
#2705=CARTESIAN_POINT('',(0.0534933337933216,-0.0717823172384922,5.64632162639717E-18));
#2706=CARTESIAN_POINT('',(0.0830293596941757,-0.0307150216954214,0.));
#2707=CARTESIAN_POINT('',(0.,0.,0.));
#2708=CARTESIAN_POINT('',(0.0219610596621817,0.0492805010058081,0.00899999532494329));
#2709=CARTESIAN_POINT('',(0.0303674445042037,0.0202237246088973,0.03917817));
#2710=CARTESIAN_POINT('',(0.0303674445042038,0.0202237246088973,0.0143499953249433));
#2711=CARTESIAN_POINT('',(0.0303674445042037,0.0202237246088973,0.0149999953249433));
#2712=CARTESIAN_POINT('',(0.029619659699173,0.022808452322548,0.0143499953249433));
#2713=CARTESIAN_POINT('',(0.0267432700404623,0.0327507298549478,0.0143499953249433));
#2714=CARTESIAN_POINT('',(0.0267432700404623,0.0327507298549478,0.0084999953249433));
#2715=CARTESIAN_POINT('',(0.0267432700404623,0.0327507298549478,0.00264999532494329));
#2716=CARTESIAN_POINT('',(0.029619659699173,0.022808452322548,0.00264999532494329));
#2717=CARTESIAN_POINT('',(0.0303674445042038,0.0202237246088973,0.00264999532494329));
#2718=CARTESIAN_POINT('',(0.0303674445042037,0.0202237246088973,0.03917817));
#2719=CARTESIAN_POINT('',(0.0303674445042037,0.0202237246088973,0.00199999532494329));
#2720=CARTESIAN_POINT('',(0.029619659699173,0.022808452322548,0.00199999532494329));
#2721=CARTESIAN_POINT('',(0.0264236711894945,0.0338554273585477,0.00199999532494329));
#2722=CARTESIAN_POINT('',(0.0264236711894945,0.0338554273585477,0.0084999953249433));
#2723=CARTESIAN_POINT('',(0.0264236711894945,0.0338554273585477,0.0149999953249433));
#2724=CARTESIAN_POINT('',(0.029619659699173,0.022808452322548,0.0149999953249433));
#2725=CARTESIAN_POINT('',(0.0219610596621817,0.0492805010058081,0.00899999532494329));
#2726=CARTESIAN_POINT('',(0.0145386848628624,0.074936034142929,0.00949999532494329));
#2727=CARTESIAN_POINT('',(0.0145386848628624,0.074936034142929,0.0153499953249433));
#2728=CARTESIAN_POINT('',(0.0145386848628624,0.074936034142929,0.00364999532494329));
#2729=CARTESIAN_POINT('',(0.0129128994035912,0.0805555823134159,0.0153499953249433));
#2730=CARTESIAN_POINT('',(0.0126199303040414,0.0815682337416812,0.0153499953249433));
#2731=CARTESIAN_POINT('',(0.0126199303040415,0.0815682337416812,0.03917817));
#2732=CARTESIAN_POINT('',(0.0126199303040414,0.0815682337416812,0.0159999953249433));
#2733=CARTESIAN_POINT('',(0.0129128994035912,0.0805555823134159,0.0159999953249433));
#2734=CARTESIAN_POINT('',(0.0147193276916703,0.0743116399017638,0.0159999953249433));
#2735=CARTESIAN_POINT('',(0.0147193276916703,0.0743116399017638,0.00949999532494329));
#2736=CARTESIAN_POINT('',(0.0147193276916703,0.0743116399017638,0.0029999953249433));
#2737=CARTESIAN_POINT('',(0.0129128994035912,0.0805555823134159,0.0029999953249433));
#2738=CARTESIAN_POINT('',(0.0126199303040415,0.0815682337416812,0.0029999953249433));
#2739=CARTESIAN_POINT('',(0.0126199303040415,0.0815682337416812,0.03917817));
#2740=CARTESIAN_POINT('',(0.0126199303040414,0.0815682337416812,0.00364999532494329));
#2741=CARTESIAN_POINT('',(0.0129128994035912,0.0805555823134159,0.00364999532494329));
#2742=CARTESIAN_POINT('',(-0.00183232913470084,0.0280145316781892,0.04417817));
#2743=CARTESIAN_POINT('',(0.0236974889423222,0.0180906858335632,0.04417817));
#2744=CARTESIAN_POINT('',(0.0236974889423222,0.0180906858335632,0.0224992168794304));
#2745=CARTESIAN_POINT('',(0.0236972838956079,0.0180915406041284,0.0343042847809495));
#2746=CARTESIAN_POINT('',(-0.00652056556467318,0.0298369236542636,0.0288664417730935));
#2747=CARTESIAN_POINT('',(0.0304954732316365,0.015448201349819,0.0210668184176555));
#2748=CARTESIAN_POINT('',(0.0304954732316365,0.015448201349819,0.04417817));
#2749=CARTESIAN_POINT('',(0.0304950143802409,0.0154485559275794,0.0347462509135998));
#2750=CARTESIAN_POINT('',(0.0304953947157021,0.0154488343068879,0.0347420206720595));
#2751=CARTESIAN_POINT('',(0.0282294195100055,0.0163296548658607,0.034596253934866));
#2752=CARTESIAN_POINT('',(0.0259634481568848,0.0172104739272761,0.0344504183153898));
#2753=CARTESIAN_POINT('',(0.0236974889423223,0.0180912882702411,0.0343043656640949));
#2754=CARTESIAN_POINT('',(-0.00731935267072657,0.0774509965197234,0.04417817));
#2755=CARTESIAN_POINT('',(0.037218796074486,0.00208295192216865,0.04417817));
#2756=CARTESIAN_POINT('',(0.037218796074486,0.00208295192216865,0.0138218206498866));
#2757=CARTESIAN_POINT('',(0.037218796074486,0.00208295192216865,-4.67505670981305E-9));
#2758=CARTESIAN_POINT('',(-0.00731935267072657,0.0774509965197234,-4.67505670287416E-9));
#2759=CARTESIAN_POINT('',(0.0564933337933216,0.0175182851981858,-4.67505670981305E-9));
#2760=CARTESIAN_POINT('',(0.0564933337933216,0.0175182851981858,0.04417817));
#2761=CARTESIAN_POINT('',(0.0564933337933216,0.0175182851981858,0.0343993492294209));
#2762=CARTESIAN_POINT('',(0.0564933337933216,0.0175182851981858,0.04417817));
#2763=CARTESIAN_POINT('',(0.0564933337933216,0.0175182851981858,0.0344051897506017));
#2764=CARTESIAN_POINT('',(-0.00731935267072657,0.0774509965197234,0.044988880628964));
#2765=CARTESIAN_POINT('',(0.0563947162766067,0.0174134561113744,0.0344215460171991));
#2766=CARTESIAN_POINT('',(0.0563947162766067,0.0174134561113744,0.0314494082311263));
#2767=CARTESIAN_POINT('',(0.0563947162766091,0.017413456111377,0.0221321143218581));
#2768=CARTESIAN_POINT('',(-0.00731935267072657,0.0774509965197234,0.0546763661646605));
#2769=CARTESIAN_POINT('',(0.0666421728860923,0.0588785250881016,0.04417817));
#2770=CARTESIAN_POINT('',(0.078319062384038,0.0407569864799728,0.04417817));
#2771=CARTESIAN_POINT('',(0.078319062384038,0.0407569864799728,0.0304026031368823));
#2772=CARTESIAN_POINT('',(0.078319062384038,0.0407569864799728,-4.67505670981305E-9));
#2773=CARTESIAN_POINT('',(0.0666421728860923,0.0588785250881016,-4.67505670287416E-9));
#2774=CARTESIAN_POINT('',(0.0753009161161946,0.0786210192453323,-4.67505670287416E-9));
#2775=CARTESIAN_POINT('',(0.0753009161161946,0.0786210192453323,0.04417817));
#2776=CARTESIAN_POINT('',(0.0753009161161946,0.0786210192453324,0.0223498175579954));
#2777=CARTESIAN_POINT('',(0.0753009161161946,0.0786210192453324,0.0223498175579954));
#2778=CARTESIAN_POINT('',(0.0771109844171433,0.0778271521421163,0.0225364016568986));
#2779=CARTESIAN_POINT('',(0.0795925921443457,0.0763063780707535,0.0228933882161673));
#2780=CARTESIAN_POINT('',(0.0824631769981572,0.0736186648528208,0.023519203936722));
#2781=CARTESIAN_POINT('',(0.0848921647164699,0.0706341355728819,0.0242092749656068));
#2782=CARTESIAN_POINT('',(0.0867074396333808,0.0671601736037309,0.0250017014280967));
#2783=CARTESIAN_POINT('',(0.0877675693924673,0.0634867569329465,0.0258208126674354));
#2784=CARTESIAN_POINT('',(0.0883381630406624,0.0596422907777873,0.0266628730433776));
#2785=CARTESIAN_POINT('',(0.0881327646184035,0.0558030634691124,0.0274775143820696));
#2786=CARTESIAN_POINT('',(0.0871542549313641,0.0520388028462492,0.0282454976788233));
#2787=CARTESIAN_POINT('',(0.0860659463667015,0.0493771376349581,0.028773977129897));
#2788=CARTESIAN_POINT('',(0.0845949177175078,0.0468246797910782,0.0292687865872241));
#2789=CARTESIAN_POINT('',(0.0822270003134251,0.0437652264173339,0.0298494032453522));
#2790=CARTESIAN_POINT('',(0.0799795818035523,0.0418269674672475,0.0302070413937072));
#2791=CARTESIAN_POINT('',(0.078319062384038,0.0407569864799728,0.0304026031368823));
#2792=CARTESIAN_POINT('',(-0.0211340177897504,-0.252318817342729,0.04417817));
#2793=CARTESIAN_POINT('',(0.0024368411311861,0.0915783860889157,0.04417817));
#2794=CARTESIAN_POINT('',(0.00243684113118481,0.0915783860889202,0.0192911746855619));
#2795=CARTESIAN_POINT('',(0.0024368411311861,0.0915783860889157,-4.67505670287416E-9));
#2796=CARTESIAN_POINT('',(0.00243684113118404,0.0915783860889159,0.019291174685563));
#2797=CARTESIAN_POINT('',(0.0271818443042414,0.0898823531669555,0.0196901070636074));
#2798=CARTESIAN_POINT('',(0.0514698995530702,0.0855653101801132,0.0207176876191954));
#2799=CARTESIAN_POINT('',(0.0753009161161945,0.0786210192453323,0.0223498175579954));
#2800=CARTESIAN_POINT('',(-0.0211340177897504,-0.252318817342729,-4.67505670287416E-9));
#2801=CARTESIAN_POINT('',(0.0674061980886798,0.0291376358390793,0.04417817));
#2802=CARTESIAN_POINT('',(0.0674061980886798,0.0291376358390793,-4.67505670981305E-9));
#2803=CARTESIAN_POINT('',(0.078319062384038,0.0407569864799728,0.0304026031368823));
#2804=CARTESIAN_POINT('',(0.071050871509784,0.0330182612464132,0.0318170194813097));
#2805=CARTESIAN_POINT('',(0.0637726831823225,0.0252688913359669,0.0331149485243327));
#2806=CARTESIAN_POINT('',(0.0564933337933217,0.0175182851981858,0.0343993492294209));
#2807=CARTESIAN_POINT('',(0.0309017154176077,0.0205749871519873,0.04417817));
#2808=CARTESIAN_POINT('',(0.0285926109336434,0.00117063425248309,0.04417817));
#2809=CARTESIAN_POINT('',(0.0285926109336434,0.00117063425248309,-4.67505670981305E-9));
#2810=CARTESIAN_POINT('',(0.0285929386932781,0.00116950467885385,0.0133268246471604));
#2811=CARTESIAN_POINT('',(0.0309017154176077,0.0205749871519873,-4.67505670981305E-9));
#2812=CARTESIAN_POINT('',(0.0309017154176077,0.0205743847153094,0.0238455432172429));
#2813=CARTESIAN_POINT('',(-0.0162154821365812,0.0725207972157787,0.03917817));
#2814=CARTESIAN_POINT('',(0.0303674445042037,0.0202237246088973,0.03917817));
#2815=CARTESIAN_POINT('',(-0.0162154821365812,0.0725207972157787,0.0149999953249433));
#2816=CARTESIAN_POINT('',(0.0244473009315694,0.0154989511318197,0.0149999953249433));
#2817=CARTESIAN_POINT('',(0.0244473009315694,0.0154989511318197,0.03917817));
#2818=CARTESIAN_POINT('',(0.0244473009315694,0.0154989511318197,0.0166671775585183));
#2819=CARTESIAN_POINT('',(-0.0162154821365812,0.0725207972157787,0.0475767269317284));
#2820=CARTESIAN_POINT('',(0.0347557730212873,0.0244907648891015,0.0215413254574865));
#2821=CARTESIAN_POINT('',(0.0347557730212853,0.0244907648890995,0.0289951605849011));
#2822=CARTESIAN_POINT('',(0.0347557730212853,0.0244907648890995,0.0313728708137593));
#2823=CARTESIAN_POINT('',(-0.0162154821365812,0.0725207972157787,0.0398267385031712));
#2824=CARTESIAN_POINT('',(0.0348346670346572,0.0245746281585486,0.0313597858004813));
#2825=CARTESIAN_POINT('',(0.0348346670346572,0.0245746281585486,0.03917817));
#2826=CARTESIAN_POINT('',(0.0348346670346574,0.0245746281585486,0.0313551133835367));
#2827=CARTESIAN_POINT('',(0.0348346670346572,0.0245746281585486,0.03917817));
#2828=CARTESIAN_POINT('',(0.0348346670346572,0.0245746281585486,-4.67505670287416E-9));
#2829=CARTESIAN_POINT('',(-0.0162154821365812,0.0725207972157787,-4.67505670287416E-9));
#2830=CARTESIAN_POINT('',(0.0244473009315694,0.0154989511318197,-4.67505670287416E-9));
#2831=CARTESIAN_POINT('',(0.0244473009315694,0.0154989511318197,0.03917817));
#2832=CARTESIAN_POINT('',(0.0244473009315694,0.0154989511318197,0.00199999532494329));
#2833=CARTESIAN_POINT('',(-0.0162154821365812,0.0725207972157787,0.00199999532494329));
#2834=CARTESIAN_POINT('',(0.0429537383088739,0.0576628200704813,0.03917817));
#2835=CARTESIAN_POINT('',(0.0429537383088739,0.0576628200704813,-4.67505670287416E-9));
#2836=CARTESIAN_POINT('',(0.0522952499072304,0.0431655891839783,-4.67505670287416E-9));
#2837=CARTESIAN_POINT('',(0.0498807328929557,0.0734568153962658,-4.67505670981305E-9));
#2838=CARTESIAN_POINT('',(0.0522952499072304,0.0431655891839783,0.03917817));
#2839=CARTESIAN_POINT('',(0.0522952499072304,0.0431655891839783,0.0281577165095058));
#2840=CARTESIAN_POINT('',(0.0498807328929557,0.0734568153962659,0.0217154880463964));
#2841=CARTESIAN_POINT('',(0.0513287875337147,0.072821721713693,0.0218647553255189));
#2842=CARTESIAN_POINT('',(0.0533140737154765,0.0716051024566028,0.0221503445729338));
#2843=CARTESIAN_POINT('',(0.0556105415985258,0.0694549318822567,0.0226509971493776));
#2844=CARTESIAN_POINT('',(0.0575537317731759,0.0670673084583055,0.0232030539724855));
#2845=CARTESIAN_POINT('',(0.0590059517067046,0.0642881388829847,0.0238369951424774));
#2846=CARTESIAN_POINT('',(0.0598540555139739,0.0613494055463572,0.0244922841339483));
#2847=CARTESIAN_POINT('',(0.0603105304325299,0.0582738326222299,0.0251659324347021));
#2848=CARTESIAN_POINT('',(0.0601462116947229,0.0552024507752899,0.0258176455056557));
#2849=CARTESIAN_POINT('',(0.0593634039450913,0.0521910422769993,0.0264320321430586));
#2850=CARTESIAN_POINT('',(0.0584927570933612,0.0500617101079665,0.0268548157039176));
#2851=CARTESIAN_POINT('',(0.0573159341740062,0.0480197438328625,0.0272506632697793));
#2852=CARTESIAN_POINT('',(0.0554216002507401,0.0455721811338672,0.0277151565962818));
#2853=CARTESIAN_POINT('',(0.0536236654428418,0.044021573973798,0.0280012671149657));
#2854=CARTESIAN_POINT('',(0.0522952499072304,0.0431655891839783,0.0281577165095058));
#2855=CARTESIAN_POINT('',(0.0498807328929557,0.0734568153962659,0.0217154880463964));
#2856=CARTESIAN_POINT('',(0.0498807328929557,0.0734568153962658,0.03917817));
#2857=CARTESIAN_POINT('',(-0.0272672142318003,-0.191295053874183,0.03917817));
#2858=CARTESIAN_POINT('',(0.00504341007929007,0.0825687472832327,0.03917817));
#2859=CARTESIAN_POINT('',(0.00504341007929039,0.0825687472832315,0.0195639010487747));
#2860=CARTESIAN_POINT('',(0.00504341007929022,0.0825687472832321,0.0159999953249433));
#2861=CARTESIAN_POINT('',(-0.0272672142318003,-0.191295053874183,0.0159999953249433));
#2862=CARTESIAN_POINT('',(0.0126199303040415,0.0815682337416812,0.03917817));
#2863=CARTESIAN_POINT('',(-0.0272672142318003,-0.191295053874183,0.0029999953249433));
#2864=CARTESIAN_POINT('',(0.00504341007929022,0.0825687472832321,0.0029999953249433));
#2865=CARTESIAN_POINT('',(0.00504341007929007,0.0825687472832327,0.03917817));
#2866=CARTESIAN_POINT('',(0.00504341007929007,0.0825687472832327,-4.67505670981305E-9));
#2867=CARTESIAN_POINT('',(-0.0272672142318003,-0.191295053874183,-4.67505670981305E-9));
#2868=CARTESIAN_POINT('',(0.0050434100792906,0.0825687472832328,0.0195639010487743));
#2869=CARTESIAN_POINT('',(0.0202066633086042,0.0807797770858,0.0199857194896007));
#2870=CARTESIAN_POINT('',(0.0351532572752014,0.077748360205262,0.0207068380874232));
#2871=CARTESIAN_POINT('',(0.0498807328929556,0.0734568153962658,0.0217154880463964));
#2872=CARTESIAN_POINT('',(0.0435649584709438,0.0338701086712634,0.03917817));
#2873=CARTESIAN_POINT('',(0.0435649584709438,0.0338701086712634,-4.67505670981305E-9));
#2874=CARTESIAN_POINT('',(0.0522952499072304,0.0431655891839783,0.0281577165095058));
#2875=CARTESIAN_POINT('',(0.0464806972078272,0.0369746089971306,0.0292892495850477));
#2876=CARTESIAN_POINT('',(0.040658146545858,0.0307751130687735,0.0303275928194661));
#2877=CARTESIAN_POINT('',(0.0348346670346574,0.0245746281585486,0.0313551133835367));
#2878=CARTESIAN_POINT('',(0.0149529550773785,0.0483168810766451,0.01917817));
#2879=CARTESIAN_POINT('',(0.0236974889423223,0.018091288270241,0.0343043656640949));
#2880=CARTESIAN_POINT('',(0.02076674575421,0.0282214394700836,0.0326246298008314));
#2881=CARTESIAN_POINT('',(0.0163710126245568,0.043415347083062,0.0300772303830389));
#2882=CARTESIAN_POINT('',(0.010552047172111,0.0635286753675187,0.0258665288202891));
#2883=CARTESIAN_POINT('',(0.00765578193361463,0.0735396530948825,0.0235439242380106));
#2884=CARTESIAN_POINT('',(0.00620842121243475,0.078542473883049,0.0223682768521614));
#2885=CARTESIAN_POINT('',(0.00620842121243482,0.078542473883049,0.0223682768521614));
#2886=CARTESIAN_POINT('',(0.0143385247161573,0.0504406674548551,0.0289721142998455));
#2887=CARTESIAN_POINT('',(0.0236976853166927,0.0180906094997258,0.0365742776947401));
#2888=CARTESIAN_POINT('',(0.0236976853166927,0.0180906094997258,0.04417817));
#2889=CARTESIAN_POINT('',(0.0888414147958435,0.0920488333442609,0.0191805658956997));
#2890=CARTESIAN_POINT('',(0.00192150570177332,0.0920488333442609,0.0191805658956997));
#2891=CARTESIAN_POINT('',(0.0888414147958435,0.0788244199625542,0.022288445326387));
#2892=CARTESIAN_POINT('',(0.00192150570177332,0.0788244199625542,0.022288445326387));
#2893=CARTESIAN_POINT('',(0.0888414147958436,0.0523069355222513,0.0287421553268637));
#2894=CARTESIAN_POINT('',(0.00192150570177339,0.0523069355222513,0.0287421553268637));
#2895=CARTESIAN_POINT('',(0.0888414147958435,0.0245208047981081,0.0332387011142785));
#2896=CARTESIAN_POINT('',(0.00192150570177331,0.024520804798108,0.0332387011142785));
#2897=CARTESIAN_POINT('',(0.0888414147958435,0.0106444450084808,0.0355372625936557));
#2898=CARTESIAN_POINT('',(0.00192150570177332,0.0106444450084808,0.0355372625936557));
#2899=CARTESIAN_POINT('',(0.0488592884659767,0.0645921930551529,0.0255738033187403));
#2900=CARTESIAN_POINT('',(0.0488592884659767,0.0564731146703478,0.0273804385024199));
#2901=CARTESIAN_POINT('',(0.0488592884659767,0.0483215680570456,0.0290264029701707));
#2902=CARTESIAN_POINT('',(0.0488592884659767,0.0401383072018624,0.0305154278639438));
#2903=CARTESIAN_POINT('',(0.0488592884659767,0.0645921930551529,0.0255738033187403));
#2904=CARTESIAN_POINT('',(0.0488592884659767,0.0401383072018623,0.0305154278639438));
#2905=CARTESIAN_POINT('',(0.0453814602488085,0.0401383072018624,0.0305154278639438));
#2906=CARTESIAN_POINT('',(0.0242770365595818,0.0401383072018623,0.0305154278639438));
#2907=CARTESIAN_POINT('',(0.0242770365595818,0.0401383072018623,0.0305154278639438));
#2908=CARTESIAN_POINT('',(0.0242770365595818,0.0483215680570456,0.0290264029701707));
#2909=CARTESIAN_POINT('',(0.0242770365595818,0.0564731146703478,0.0273804385024199));
#2910=CARTESIAN_POINT('',(0.0242770365595818,0.0645921930551529,0.0255738033187403));
#2911=CARTESIAN_POINT('',(0.0242770365595818,0.0645921930551529,0.0255738033187403));
#2912=CARTESIAN_POINT('',(0.0453814602488084,0.0645921930551529,0.0255738033187403));
#2913=CARTESIAN_POINT('',(0.00243684113118486,0.0915783860889202,0.019291174685562));
#2914=CARTESIAN_POINT('',(0.00369405980058674,0.0872327937272404,0.020313323178324));
#2915=CARTESIAN_POINT('',(0.00495057371825634,0.0828896373489093,0.0213467042250823));
#2916=CARTESIAN_POINT('',(0.00620784880782641,0.0785438499701987,0.0223679534755202));
#2917=CARTESIAN_POINT('',(0.00620784880781807,0.0785438499702275,0.0223679534759378));
#2918=CARTESIAN_POINT('',(0.00620784880782892,0.0785438499702014,0.0223679534755196));
#2919=CARTESIAN_POINT('',(0.00620803962120908,0.0785433912817343,0.0223680612661711));
#2920=CARTESIAN_POINT('',(0.00620823042274458,0.078542932586017,0.0223681690583851));
#2921=CARTESIAN_POINT('',(0.0062084212124349,0.0785424738830491,0.0223682768521614));
#2922=CARTESIAN_POINT('',(0.0549122257476883,0.0160141414997764,0.0346484571998255));
#2923=CARTESIAN_POINT('',(0.0532470347507772,0.0145996512425806,0.0348825992157658));
#2924=CARTESIAN_POINT('',(0.0503538039935262,0.0128887767661369,0.0351655695882493));
#2925=CARTESIAN_POINT('',(0.0461344059745025,0.011676389933393,0.0353663253748308));
#2926=CARTESIAN_POINT('',(0.0428095913118536,0.0113118370201293,0.0354267126715524));
#2927=CARTESIAN_POINT('',(0.0395235838498626,0.0115133163159973,0.0353933343701799));
#2928=CARTESIAN_POINT('',(0.036269894921785,0.0122809796826743,0.0352662083041417));
#2929=CARTESIAN_POINT('',(0.0332472894263891,0.0135663922153251,0.0350534781774078));
#2930=CARTESIAN_POINT('',(0.0313715196066864,0.0147718801224955,0.0348540496212044));
#2931=CARTESIAN_POINT('',(0.0304954732316365,0.015448803786497,0.0347420257228701));
#2932=CARTESIAN_POINT('',(0.0549122257476887,0.016014141499776,0.0346484571998256));
#2933=CARTESIAN_POINT('',(0.0549122257476887,0.016014141499776,0.0346484571998255));
#2934=CARTESIAN_POINT('',(0.0550359737486035,0.0161238869383902,0.0346302909253626));
#2935=CARTESIAN_POINT('',(0.0551597263928848,0.0162336270286029,0.0346121239692509));
#2936=CARTESIAN_POINT('',(0.055283484530449,0.0163433607914484,0.0345939562067222));
#2937=CARTESIAN_POINT('',(0.0552834845304489,0.0163433607914484,0.0345939562067222));
#2938=CARTESIAN_POINT('',(0.0410922192211633,0.0163433607914484,0.0345939562067222));
#2939=CARTESIAN_POINT('',(0.0552898027810906,0.0163433607914484,0.0345939562067222));
#2940=CARTESIAN_POINT('',(0.0564933337933216,0.0175182851981858,0.0343993492294209));
#2941=CARTESIAN_POINT('',(0.0561072864471805,0.0171072455886574,0.0344674651360884));
#2942=CARTESIAN_POINT('',(0.0557059632971596,0.0167157903691479,0.0345322959487412));
#2943=CARTESIAN_POINT('',(0.0552898027810906,0.0163433607914485,0.0345939562067222));
#2944=CARTESIAN_POINT('',(-0.1634,0.020657813462615,0.0238907670246271));
#2945=CARTESIAN_POINT('',(0.0116317865813807,0.0597959398948591,0.0451061771597384));
#2946=CARTESIAN_POINT('',(0.0423550283304973,0.0307963429595323,0.0293865094387765));
#2947=CARTESIAN_POINT('',(-0.00183232913470084,0.0280145316781892,0.04417817));
#2948=CARTESIAN_POINT('',(0.0236974889423222,0.0180906858335632,0.04417817));
#2949=CARTESIAN_POINT('',(0.0236974889423222,0.0180906858335632,0.0365742597565248));
#2950=CARTESIAN_POINT('',(-0.00104952090903099,0.0277102416854436,0.0343136939339305));
#2951=CARTESIAN_POINT('',(0.0423550283304973,0.0307969453962103,0.01917817));
#2952=CARTESIAN_POINT('',(0.0423550283304973,0.0307969453962103,0.0345939562067222));
#2953=CARTESIAN_POINT('',(0.0553551963686943,0.0164021501912283,0.0345939562067222));
#2954=CARTESIAN_POINT('',(0.0423550283304973,0.0307969453962103,0.0367501067703027));
#2955=CARTESIAN_POINT('',(0.0423550283304973,0.0307963429595323,0.04417817));
#2956=CARTESIAN_POINT('',(0.0423550283304973,0.0307963429595323,0.0367501067703027));
#2957=CARTESIAN_POINT('',(0.0553551963686943,0.0164015477545505,0.0345939562067222));
#2958=CARTESIAN_POINT('',(0.0423550283304973,0.0307963429595323,0.0345939562067222));
#2959=CARTESIAN_POINT('',(0.0552834845304489,0.0163371065239296,0.0345939562067222));
#2960=CARTESIAN_POINT('',(0.0423550283304973,0.0307963429595323,0.0364918606736573));
#2961=CARTESIAN_POINT('',(0.0542899421572685,0.015506727857697,0.0347398087724876));
#2962=CARTESIAN_POINT('',(0.0423550283304973,0.0307963429595323,0.0362119361186649));
#2963=CARTESIAN_POINT('',(0.0531878150224686,0.0147070536495293,0.0348757520660591));
#2964=CARTESIAN_POINT('',(0.0423550283304973,0.0307963429595323,0.0359846339092548));
#2965=CARTESIAN_POINT('',(0.0525712124228477,0.0143086481356361,0.0349388696595859));
#2966=CARTESIAN_POINT('',(0.0423550283304973,0.0307963429595323,0.0359152103870126));
#2967=CARTESIAN_POINT('',(0.0508184931397438,0.0133440003821769,0.035106373612566));
#2968=CARTESIAN_POINT('',(0.0488327271461487,0.0125137305622726,0.0352398917421531));
#2969=CARTESIAN_POINT('',(0.0495110848006286,0.0127540789588546,0.0352134261702555));
#2970=CARTESIAN_POINT('',(0.050172911329404,0.013030927285595,0.0351680706032058));
#2971=CARTESIAN_POINT('',(0.0508184931397438,0.0133440003821769,0.035106373612566));
#2972=CARTESIAN_POINT('',(0.0488327271461487,0.0125137305622726,0.0352398917421531));
#2973=CARTESIAN_POINT('',(0.0423550283304973,0.0307963429595323,0.0356060786538852));
#2974=CARTESIAN_POINT('',(0.0475873700499535,0.0121191617443284,0.0353102922782135));
#2975=CARTESIAN_POINT('',(0.0423550283304973,0.0307963429595323,0.0354974085492658));
#2976=CARTESIAN_POINT('',(0.0458225137710571,0.0117125529079143,0.03537340614645));
#2977=CARTESIAN_POINT('',(0.0423550283304973,0.0307963429595323,0.0354938136712062));
#2978=CARTESIAN_POINT('',(0.045123366189003,0.0115986659251645,0.0353976838633251));
#2979=CARTESIAN_POINT('',(0.0423550283304973,0.0307963429595323,0.0354292349960929));
#2980=CARTESIAN_POINT('',(0.0427807471871376,0.0114047658841671,0.0354243830188942));
#2981=CARTESIAN_POINT('',(0.0403432226896286,0.0115047091231229,0.0354073882445526));
#2982=CARTESIAN_POINT('',(0.0411535283756106,0.0114202073352645,0.0354279263625061));
#2983=CARTESIAN_POINT('',(0.0419660354683713,0.0113868798638575,0.0354336684020086));
#2984=CARTESIAN_POINT('',(0.0427807471871376,0.0114047658841671,0.0354243830188942));
#2985=CARTESIAN_POINT('',(0.0403432226896286,0.0115047091231229,0.0354073882445526));
#2986=CARTESIAN_POINT('',(0.0423550283304973,0.0307963429595323,0.035458379743522));
#2987=CARTESIAN_POINT('',(0.0384317074687201,0.0118010263938556,0.0353589387201867));
#2988=CARTESIAN_POINT('',(0.0423550283304973,0.0307963429595323,0.0355351426181498));
#2989=CARTESIAN_POINT('',(0.0362322605371475,0.0123918268680007,0.0352601573213768));
#2990=CARTESIAN_POINT('',(0.0343615538597107,0.013123797475092,0.0351360194727612));
#2991=CARTESIAN_POINT('',(0.0349717810495607,0.0128477854276062,0.0351896380750599));
#2992=CARTESIAN_POINT('',(0.0355952901008681,0.0126037325792495,0.0352315497519952));
#2993=CARTESIAN_POINT('',(0.0362322605371475,0.0123918268680007,0.0352601573213768));
#2994=CARTESIAN_POINT('',(0.0343615538597107,0.013123797475092,0.0351360194727612));
#2995=CARTESIAN_POINT('',(0.0423550283304973,0.0307963429595323,0.0355859457193907));
#2996=CARTESIAN_POINT('',(0.0334897092700005,0.013544658520895,0.0350869462236595));
#2997=CARTESIAN_POINT('',(0.0423550283304973,0.0307963429595323,0.0360535645791611));
#2998=CARTESIAN_POINT('',(0.0325630135059356,0.0140532565149638,0.0349859051748943));
#2999=CARTESIAN_POINT('',(0.0423550283304973,0.0307963429595323,0.0360012144354285));
#3000=CARTESIAN_POINT('',(0.0313100940704345,0.0148519418981685,0.034855993126316));
#3001=CARTESIAN_POINT('',(0.0423550283304973,0.0307963429595323,0.0362644094880919));
#3002=CARTESIAN_POINT('',(0.0423550283304973,0.0307969453962103,0.01917817));
#3003=CARTESIAN_POINT('',(0.0423550283304973,0.0307969453962103,0.0364918606736573));
#3004=CARTESIAN_POINT('',(0.0542899421572685,0.0155073302943748,0.0347398087724876));
#3005=CARTESIAN_POINT('',(0.0423550283304973,0.0307969453962103,0.0362644094880919));
#3006=CARTESIAN_POINT('',(0.0313100940704345,0.0148525443348464,0.034855993126316));
#3007=CARTESIAN_POINT('',(0.0423550283304973,0.0307969453962103,0.0360012144354285));
#3008=CARTESIAN_POINT('',(0.0325630135059356,0.0140538589516418,0.0349859051748943));
#3009=CARTESIAN_POINT('',(0.0423550283304973,0.0307969453962103,0.0360535645791611));
#3010=CARTESIAN_POINT('',(0.0334897092700005,0.013545260957573,0.0350869462236595));
#3011=CARTESIAN_POINT('',(0.0423550283304973,0.0307969453962103,0.0355859457193907));
#3012=CARTESIAN_POINT('',(0.0343615538597107,0.0131243999117699,0.0351360194727612));
#3013=CARTESIAN_POINT('',(0.0362322605371475,0.0123924293046786,0.0352601573213768));
#3014=CARTESIAN_POINT('',(0.0355952901008681,0.0126043350159275,0.0352315497519952));
#3015=CARTESIAN_POINT('',(0.0349717810495607,0.0128483878642842,0.0351896380750599));
#3016=CARTESIAN_POINT('',(0.0343615538597107,0.01312439991177,0.0351360194727612));
#3017=CARTESIAN_POINT('',(0.0362322605371475,0.0123924293046787,0.0352601573213768));
#3018=CARTESIAN_POINT('',(0.0423550283304973,0.0307969453962103,0.0355351426181498));
#3019=CARTESIAN_POINT('',(0.0384317074687201,0.0118016288305335,0.0353589387201867));
#3020=CARTESIAN_POINT('',(0.0423550283304973,0.0307969453962103,0.035458379743522));
#3021=CARTESIAN_POINT('',(0.0403432226896286,0.0115053115598008,0.0354073882445526));
#3022=CARTESIAN_POINT('',(0.0427807471871376,0.011405368320845,0.0354243830188942));
#3023=CARTESIAN_POINT('',(0.0419660354683713,0.0113874823005355,0.0354336684020086));
#3024=CARTESIAN_POINT('',(0.0411535283756106,0.0114208097719424,0.0354279263625061));
#3025=CARTESIAN_POINT('',(0.0403432226896286,0.0115053115598008,0.0354073882445526));
#3026=CARTESIAN_POINT('',(0.0427807471871376,0.011405368320845,0.0354243830188942));
#3027=CARTESIAN_POINT('',(0.0423550283304973,0.0307969453962103,0.0354292349960929));
#3028=CARTESIAN_POINT('',(0.045123366189003,0.0115992683618424,0.0353976838633251));
#3029=CARTESIAN_POINT('',(0.0423550283304973,0.0307969453962103,0.0354938136712062));
#3030=CARTESIAN_POINT('',(0.0458225137710571,0.0117131553445922,0.03537340614645));
#3031=CARTESIAN_POINT('',(0.0423550283304973,0.0307969453962103,0.0354974085492658));
#3032=CARTESIAN_POINT('',(0.0475873700499535,0.0121197641810063,0.0353102922782135));
#3033=CARTESIAN_POINT('',(0.0423550283304973,0.0307969453962103,0.0356060786538852));
#3034=CARTESIAN_POINT('',(0.0488327271461487,0.0125143329989504,0.0352398917421531));
#3035=CARTESIAN_POINT('',(0.0508184931397438,0.0133446028188548,0.035106373612566));
#3036=CARTESIAN_POINT('',(0.050172911329404,0.0130315297222729,0.0351680706032058));
#3037=CARTESIAN_POINT('',(0.0495110848006286,0.0127546813955325,0.0352134261702555));
#3038=CARTESIAN_POINT('',(0.0488327271461487,0.0125143329989505,0.0352398917421531));
#3039=CARTESIAN_POINT('',(0.0508184931397438,0.0133446028188547,0.035106373612566));
#3040=CARTESIAN_POINT('',(0.0423550283304973,0.0307969453962103,0.0359152103870126));
#3041=CARTESIAN_POINT('',(0.0525712124228477,0.014309250572314,0.0349388696595859));
#3042=CARTESIAN_POINT('',(0.0423550283304973,0.0307969453962103,0.0359846339092548));
#3043=CARTESIAN_POINT('',(0.0531878150224686,0.0147076560862072,0.0348757520660591));
#3044=CARTESIAN_POINT('',(0.0423550283304973,0.0307969453962103,0.0362119361186648));
#3045=CARTESIAN_POINT('',(0.0547867133438587,-0.0572,0.0346668824896049));
#3046=CARTESIAN_POINT('',(0.0542899421572685,-0.0572,0.0347398087724876));
#3047=CARTESIAN_POINT('',(0.0552834845304489,-0.0572,0.0345939562067222));
#3048=CARTESIAN_POINT('',(0.0553193404495716,-0.0572,0.0345939562067222));
#3049=CARTESIAN_POINT('',(0.0553551963686943,-0.0572,0.0345939562067222));
#3050=CARTESIAN_POINT('',(0.0559614761888981,-0.0572,0.034493401308341));
#3051=CARTESIAN_POINT('',(0.030879945975542,-0.0572,0.0348011419519615));
#3052=CARTESIAN_POINT('',(0.0313100940704345,-0.0572,0.034855993126316));
#3053=CARTESIAN_POINT('',(0.0319365537881851,-0.0572,0.0349209491506052));
#3054=CARTESIAN_POINT('',(0.0325630135059356,-0.0572,0.0349859051748943));
#3055=CARTESIAN_POINT('',(0.0330263613879681,-0.0572,0.0350364256992769));
#3056=CARTESIAN_POINT('',(0.0334897092700005,-0.0572,0.0350869462236595));
#3057=CARTESIAN_POINT('',(0.0339256315648555,-0.0572,0.0351114828482104));
#3058=CARTESIAN_POINT('',(0.0343615538597107,-0.0572,0.0351360194727612));
#3059=CARTESIAN_POINT('',(0.0381996105140303,-0.0572,-0.00854446502775818));
#3060=CARTESIAN_POINT('',(0.0362322605371475,-0.0572,0.0352601573213768));
#3061=CARTESIAN_POINT('',(0.0373319840029338,-0.0572,0.0353095480207817));
#3062=CARTESIAN_POINT('',(0.0384317074687201,-0.0572,0.0353589387201867));
#3063=CARTESIAN_POINT('',(0.0393874650791744,-0.0572,0.0353831634823697));
#3064=CARTESIAN_POINT('',(0.0403432226896286,-0.0572,0.0354073882445526));
#3065=CARTESIAN_POINT('',(0.0420245349046322,-0.0572,-0.0309266765813946));
#3066=CARTESIAN_POINT('',(0.0427807471871376,-0.0572,0.0354243830188942));
#3067=CARTESIAN_POINT('',(0.0439520566880703,-0.0572,0.0354110334411097));
#3068=CARTESIAN_POINT('',(0.045123366189003,-0.0572,0.0353976838633251));
#3069=CARTESIAN_POINT('',(0.0454729399800301,-0.0572,0.0353855450048876));
#3070=CARTESIAN_POINT('',(0.0458225137710571,-0.0572,0.03537340614645));
#3071=CARTESIAN_POINT('',(0.0467049419105053,-0.0572,0.0353418492123317));
#3072=CARTESIAN_POINT('',(0.0475873700499535,-0.0572,0.0353102922782135));
#3073=CARTESIAN_POINT('',(0.0482100485980511,-0.0572,0.0352750920101833));
#3074=CARTESIAN_POINT('',(0.0488327271461487,-0.0572,0.0352398917421531));
#3075=CARTESIAN_POINT('',(0.0474540259999597,-0.0572,-9.85653059295058E-5));
#3076=CARTESIAN_POINT('',(0.0508184931397438,-0.0572,0.035106373612566));
#3077=CARTESIAN_POINT('',(0.0516948527812958,-0.0572,0.035022621636076));
#3078=CARTESIAN_POINT('',(0.0525712124228477,-0.0572,0.0349388696595859));
#3079=CARTESIAN_POINT('',(0.0528795137226582,-0.0572,0.0349073108628226));
#3080=CARTESIAN_POINT('',(0.0531878150224686,-0.0572,0.0348757520660591));
#3081=CARTESIAN_POINT('',(0.0537388785898685,-0.0572,0.0348077804192734));
#3082=CARTESIAN_POINT('',(-0.109808421212435,0.078542473883049,0.0223682768521614));
#3083=CARTESIAN_POINT('',(-0.00231783738222293,0.108012992997787,0.0154427961635842));
#3084=CARTESIAN_POINT('',(-0.14108,0.027086250770092,0.0229482476197016));
#3085=CARTESIAN_POINT('',(0.0112411591212637,0.0611461486916742,0.0414109276056062));
#3086=CARTESIAN_POINT('',(0.0232368959385989,0.0196827314239895,0.0189350585969028));
#3087=CARTESIAN_POINT('',(0.0235240226643978,0.0351970743676258,0.0273448415510212));
#3088=CARTESIAN_POINT('',(0.0235240226643979,0.0351975563169682,0.01917817));
#3089=CARTESIAN_POINT('',(0.0348346670346574,0.0245746281585486,0.0313551133835367));
#3090=CARTESIAN_POINT('',(0.0345258291577445,0.0242457964709259,0.0314096061088707));
#3091=CARTESIAN_POINT('',(0.0342047706377277,0.0239326322953184,0.031461470758993));
#3092=CARTESIAN_POINT('',(0.0338718422248725,0.0236346886331588,0.0315107989653778));
#3093=CARTESIAN_POINT('',(0.0338718422248725,0.0236346886331587,0.0315107989653778));
#3094=CARTESIAN_POINT('',(0.0235240226643979,0.0351975563169682,0.0332357194162422));
#3095=CARTESIAN_POINT('',(0.0339241570949555,0.0236817201529827,0.0315107989653778));
#3096=CARTESIAN_POINT('',(0.0235240226643979,0.0351975563169682,0.0315107989653778));
#3097=CARTESIAN_POINT('',(0.0235240226643978,0.0351970743676258,0.03917817));
#3098=CARTESIAN_POINT('',(0.0232368959385989,0.0196827314239895,0.03917817));
#3099=CARTESIAN_POINT('',(0.0232368959385989,0.0196827314239895,0.0321785877659221));
#3100=CARTESIAN_POINT('',(0.0232368959725079,0.019682731423362,0.0321785828987422));
#3101=CARTESIAN_POINT('',(0.0234459478604552,0.0196788624630564,0.0321786724197153));
#3102=CARTESIAN_POINT('',(0.0236551814562045,0.0196792152233495,0.0321775271618269));
#3103=CARTESIAN_POINT('',(0.0238645977497101,0.0196838127073337,0.0321751404151154));
#3104=CARTESIAN_POINT('',(0.0238645977497101,0.0196838127073337,0.0321751404151154));
#3105=CARTESIAN_POINT('',(0.0235240226643978,0.0351970743676258,0.0321790219968743));
#3106=CARTESIAN_POINT('',(0.0257386929512024,0.0198389327401316,0.0321537810906601));
#3107=CARTESIAN_POINT('',(0.0235240226643978,0.0351970743676258,0.032230684936965));
#3108=CARTESIAN_POINT('',(0.0262980110168457,0.0199300423263314,0.0321343589171601));
#3109=CARTESIAN_POINT('',(0.0235240226643978,0.0351970743676258,0.0322335608394126));
#3110=CARTESIAN_POINT('',(0.0277098960399628,0.0202553293954627,0.0320838678225708));
#3111=CARTESIAN_POINT('',(0.0235240226643978,0.0351970743676258,0.0323204969231081));
#3112=CARTESIAN_POINT('',(0.0287061817169189,0.020570984449818,0.0320275473937226));
#3113=CARTESIAN_POINT('',(0.0287061817169189,0.020570984449818,0.0320275473937226));
#3114=CARTESIAN_POINT('',(0.0292488678405028,0.0207632631670837,0.0320063749362044));
#3115=CARTESIAN_POINT('',(0.0297783290635232,0.020984741828476,0.0319700904825647));
#3116=CARTESIAN_POINT('',(0.0302947945117951,0.0212352003057415,0.0319207328900528));
#3117=CARTESIAN_POINT('',(0.0302947945117951,0.0212352003057415,0.0319207328900528));
#3118=CARTESIAN_POINT('',(0.0235240226643978,0.0351970743676258,0.0325678023096101));
#3119=CARTESIAN_POINT('',(0.0316969699382782,0.0220069185085089,0.0317867297276688));
#3120=CARTESIAN_POINT('',(0.0235240226643978,0.0351970743676258,0.0326233411274039));
#3121=CARTESIAN_POINT('',(0.0321902520179749,0.0223256429196235,0.0317362356528473));
#3122=CARTESIAN_POINT('',(0.0235240226643978,0.0351970743676258,0.0328051828949319));
#3123=CARTESIAN_POINT('',(0.0330719537258148,0.0229653822861576,0.0316274810179901));
#3124=CARTESIAN_POINT('',(0.0235240226643978,0.0351970743676258,0.0330291225389258));
#3125=CARTESIAN_POINT('',(0.0338667876243592,0.0236296852191437,0.0315107989653778));
#3126=CARTESIAN_POINT('',(0.0235240226643978,0.0351970743676258,0.0315107989653778));
#3127=CARTESIAN_POINT('',(0.0339241570949555,0.0236812382036404,0.0315107989653778));
#3128=CARTESIAN_POINT('',(0.0235240226643978,0.0351970743676258,0.0332357194162422));
#3129=CARTESIAN_POINT('',(0.0235240226643979,0.0351975563169682,0.01917817));
#3130=CARTESIAN_POINT('',(0.0238645977497101,0.0196842946566761,0.0321751404151154));
#3131=CARTESIAN_POINT('',(0.0236551346357495,0.0196796961448048,0.0321775276954461));
#3132=CARTESIAN_POINT('',(0.0234458543012158,0.0196793442540926,0.0321786729317792));
#3133=CARTESIAN_POINT('',(0.0232367557555871,0.0196832159683576,0.0321785828385128));
#3134=CARTESIAN_POINT('',(0.0238645977497101,0.019684294656676,0.0321751404151154));
#3135=CARTESIAN_POINT('',(0.023236755755587,0.0196832159683576,0.0321785828385128));
#3136=CARTESIAN_POINT('',(0.023236755755587,0.0196832159683576,0.01917817));
#3137=CARTESIAN_POINT('',(0.023236755755587,0.0196832159683576,0.0321647877287883));
#3138=CARTESIAN_POINT('',(0.0335697805981507,0.0233713131998212,0.0315543997598604));
#3139=CARTESIAN_POINT('',(0.0321546559627453,0.0221692408770595,0.0317533800183144));
#3140=CARTESIAN_POINT('',(0.0288676820216006,0.0202635299511818,0.0320685879969961));
#3141=CARTESIAN_POINT('',(0.025100858857331,0.0196486998288563,0.0321705051285564));
#3142=CARTESIAN_POINT('',(0.0232367557555871,0.0196832159683576,0.0321647877287883));
#3143=CARTESIAN_POINT('',(0.0335697805981509,0.0233713131998208,0.0315543997598604));
#3144=CARTESIAN_POINT('',(0.0235240226643979,0.0351975563169682,0.0330291225389258));
#3145=CARTESIAN_POINT('',(0.0330719537258148,0.0229658642354999,0.0316274810179901));
#3146=CARTESIAN_POINT('',(0.0235240226643979,0.0351975563169682,0.0328051828949319));
#3147=CARTESIAN_POINT('',(0.0321902520179749,0.0223261248689657,0.0317362356528473));
#3148=CARTESIAN_POINT('',(0.0235240226643979,0.0351975563169682,0.0326233411274039));
#3149=CARTESIAN_POINT('',(0.0316969699382782,0.0220074004578512,0.0317867297276688));
#3150=CARTESIAN_POINT('',(0.0235240226643979,0.0351975563169682,0.0325678023096101));
#3151=CARTESIAN_POINT('',(0.0302947945117951,0.0212356822550838,0.0319207328900528));
#3152=CARTESIAN_POINT('',(0.0302947945117951,0.0212356822550838,0.0319207328900528));
#3153=CARTESIAN_POINT('',(0.0297783290635232,0.0209852237778183,0.0319700904825647));
#3154=CARTESIAN_POINT('',(0.0292488678405028,0.020763745116426,0.0320063749362044));
#3155=CARTESIAN_POINT('',(0.0287061817169189,0.0205714663991604,0.0320275473937226));
#3156=CARTESIAN_POINT('',(0.0287061817169189,0.0205714663991604,0.0320275473937226));
#3157=CARTESIAN_POINT('',(0.0235240226643979,0.0351975563169682,0.0323204969231081));
#3158=CARTESIAN_POINT('',(0.0277098960399628,0.020255811344805,0.0320838678225708));
#3159=CARTESIAN_POINT('',(0.0235240226643979,0.0351975563169682,0.0322335608394126));
#3160=CARTESIAN_POINT('',(0.0262980110168457,0.0199305242756738,0.0321343589171601));
#3161=CARTESIAN_POINT('',(0.0235240226643979,0.0351975563169682,0.032230684936965));
#3162=CARTESIAN_POINT('',(0.0257386929512024,0.0198394146894739,0.0321537810906601));
#3163=CARTESIAN_POINT('',(0.0235240226643979,0.0351975563169682,0.0321790219968743));
#3164=CARTESIAN_POINT('',(0.0606324082136288,0.0829365403225546,0.0194772070681718));
#3165=CARTESIAN_POINT('',(0.00471186535880726,0.0829365403225546,0.0194772070681718));
#3166=CARTESIAN_POINT('',(0.0606324082136288,0.072597865990564,0.0219133843087333));
#3167=CARTESIAN_POINT('',(0.00471186535880726,0.072597865990564,0.0219133843087333));
#3168=CARTESIAN_POINT('',(0.0606324082136288,0.0518459633178947,0.0269213380419919));
#3169=CARTESIAN_POINT('',(0.0047118653588073,0.0518459633178947,0.0269213380419919));
#3170=CARTESIAN_POINT('',(0.0606324082136288,0.0301276881704932,0.0304347041948966));
#3171=CARTESIAN_POINT('',(0.00471186535880726,0.0301276881704932,0.0304347041948966));
#3172=CARTESIAN_POINT('',(0.0606324082136288,0.0192817348409773,0.0322312914056855));
#3173=CARTESIAN_POINT('',(0.00471186535880726,0.0192817348409772,0.0322312914056855));
#3174=CARTESIAN_POINT('',(0.032672136786218,0.0401383072018623,0.0287037939331186));
#3175=CARTESIAN_POINT('',(0.0488592884659767,0.0401383072018623,0.0287037939331186));
#3176=CARTESIAN_POINT('',(0.0242770365595818,0.0401383072018623,0.0287037939331186));
#3177=CARTESIAN_POINT('',(0.0488592884659767,0.0645921930551529,0.0237654695593765));
#3178=CARTESIAN_POINT('',(0.0488592884659767,0.0605356148807265,0.024682952936814));
#3179=CARTESIAN_POINT('',(0.0488592884659767,0.0524084634465821,0.0264486180030341));
#3180=CARTESIAN_POINT('',(0.0488592884659767,0.0442328783534093,0.0279744464202819));
#3181=CARTESIAN_POINT('',(0.0488592884659767,0.0401383072018623,0.0287037939331186));
#3182=CARTESIAN_POINT('',(0.0488592884659767,0.0645921930551529,0.0237654695593765));
#3183=CARTESIAN_POINT('',(0.032672136786218,0.0645921930551529,0.0237654695593765));
#3184=CARTESIAN_POINT('',(0.0242770365595818,0.0645921930551529,0.0237654695593765));
#3185=CARTESIAN_POINT('',(0.0242770365595818,0.0401383072018623,0.0287037939331186));
#3186=CARTESIAN_POINT('',(0.0242770365595818,0.0442328783534093,0.0279744464202819));
#3187=CARTESIAN_POINT('',(0.0242770365595818,0.0524084634465821,0.0264486180030341));
#3188=CARTESIAN_POINT('',(0.0242770365595818,0.0605356148807265,0.024682952936814));
#3189=CARTESIAN_POINT('',(0.0242770365595818,0.0645921930551529,0.0237654695593765));
#3190=CARTESIAN_POINT('',(0.00504341007929042,0.0825687472832315,0.0195639010487746));
#3191=CARTESIAN_POINT('',(0.0080562064319112,0.0721549782739991,0.0220193470997508));
#3192=CARTESIAN_POINT('',(0.0140796359750382,0.0513349172529656,0.027012763043117));
#3193=CARTESIAN_POINT('',(0.0201864861366265,0.0302265118005178,0.0304183514813806));
#3194=CARTESIAN_POINT('',(0.0232367557555871,0.0196832159683575,0.0321647877287883));
#3195=CARTESIAN_POINT('',(0.0225137753769306,0.0236346886331587,0.0315107989653778));
#3196=CARTESIAN_POINT('',(0.0338667876243592,0.0236346886331587,0.0315107989653778));
#3197=CARTESIAN_POINT('',(0.0335697805981509,0.0233713131998209,0.0315543997598604));
#3198=CARTESIAN_POINT('',(0.0336687789988827,0.0234591095507123,0.0315398667402901));
#3199=CARTESIAN_POINT('',(0.0337677811143078,0.0235469016228823,0.0315253331754007));
#3200=CARTESIAN_POINT('',(0.0338667876243592,0.0236346886331588,0.0315107989653778));
#3201=CARTESIAN_POINT('',(0.033469370675087,-0.0352,0.031569139991684));
#3202=CARTESIAN_POINT('',(0.0338667876243592,-0.0352,0.0315107989653778));
#3203=CARTESIAN_POINT('',(0.0330719537258148,-0.0352,0.0316274810179901));
#3204=CARTESIAN_POINT('',(0.0338954723596573,-0.0352,0.0315107989653778));
#3205=CARTESIAN_POINT('',(0.0339241570949555,-0.0352,0.0315107989653778));
#3206=CARTESIAN_POINT('',(0.0344091809511185,-0.0352,0.0314303550466728));
#3207=CARTESIAN_POINT('',(0.0232596279237057,-0.0352,-0.0209057072651157));
#3208=CARTESIAN_POINT('',(0.0232596279237057,0.0196041580276105,-0.0209057072651157));
#3209=CARTESIAN_POINT('',(0.0238645977497101,-0.0352,0.0321751404151154));
#3210=CARTESIAN_POINT('',(0.0248016453504563,-0.0352,0.0321644607528878));
#3211=CARTESIAN_POINT('',(0.0257386929512024,-0.0352,0.0321537810906601));
#3212=CARTESIAN_POINT('',(0.0260183519840241,-0.0352,0.03214407000391));
#3213=CARTESIAN_POINT('',(0.0262980110168457,-0.0352,0.0321343589171601));
#3214=CARTESIAN_POINT('',(0.0270039535284043,-0.0352,0.0321091133698654));
#3215=CARTESIAN_POINT('',(0.0277098960399628,-0.0352,0.0320838678225708));
#3216=CARTESIAN_POINT('',(0.0282080388784409,-0.0352,0.0320557076081466));
#3217=CARTESIAN_POINT('',(0.0287061817169189,-0.0352,0.0320275473937226));
#3218=CARTESIAN_POINT('',(0.0276032207999678,-0.0352,0.0037567817552564));
#3219=CARTESIAN_POINT('',(0.0302947945117951,-0.0352,0.0319207328900528));
#3220=CARTESIAN_POINT('',(0.0309958822250367,-0.0352,0.0318537313088608));
#3221=CARTESIAN_POINT('',(0.0316969699382782,-0.0352,0.0317867297276688));
#3222=CARTESIAN_POINT('',(0.0319436109781265,-0.0352,0.0317614826902581));
#3223=CARTESIAN_POINT('',(0.0321902520179749,-0.0352,0.0317362356528473));
#3224=CARTESIAN_POINT('',(0.0326311028718949,-0.0352,0.0316818583354187));
#3225=CARTESIAN_POINT('',(-0.128184634760729,0.00108295192216865,-4.67505670634361E-9));
#3226=CARTESIAN_POINT('',(0.0830293596941757,0.0615849783045787,-4.67505670634361E-9));
#3227=CARTESIAN_POINT('',(0.0812793596941757,0.0615849783045787,-4.67505670634361E-9));
#3228=CARTESIAN_POINT('',(0.0534933337933216,0.0205176827615078,-4.67505670634361E-9));
#3229=CARTESIAN_POINT('',(0.0517433337933216,0.0205176827615078,-4.67505670634361E-9));
#3230=CARTESIAN_POINT('',(0.0162084212124348,0.086541871446371,-4.67505670634361E-9));
#3231=CARTESIAN_POINT('',(0.0144584212124348,0.086541871446371,-4.67505670634361E-9));
#3232=CARTESIAN_POINT('',(0.0165073120347604,0.0429436239970509,-4.67505670634361E-9));
#3233=CARTESIAN_POINT('',(0.0165073120347604,0.0429436239970509,-4.67505670634361E-9));
#3234=CARTESIAN_POINT('',(0.0149529550773785,0.0483162786399671,-0.00582183));
#3235=CARTESIAN_POINT('',(0.0228954140250861,0.0208630680123089,0.0149999953249433));
#3236=CARTESIAN_POINT('',(0.0196994255154077,0.0319100430483086,0.0149999953249433));
#3237=CARTESIAN_POINT('',(0.0196994255154077,0.0319100430483086,0.0084999953249433));
#3238=CARTESIAN_POINT('',(0.0196994255154077,0.0319100430483086,0.00199999532494329));
#3239=CARTESIAN_POINT('',(0.0228954140250861,0.0208630680123089,0.00199999532494329));
#3240=CARTESIAN_POINT('',(0.00618865372950436,0.0786101980031768,0.0029999953249433));
#3241=CARTESIAN_POINT('',(0.00799508201758351,0.0723662555915247,0.0029999953249433));
#3242=CARTESIAN_POINT('',(0.00799508201758351,0.0723662555915247,0.00949999532494329));
#3243=CARTESIAN_POINT('',(0.00799508201758351,0.0723662555915247,0.0159999953249433));
#3244=CARTESIAN_POINT('',(0.00618865372950436,0.0786101980031768,0.0159999953249433));
#3245=CARTESIAN_POINT('',(0.0162084212124348,0.086541871446371,0.00832362));
#3246=CARTESIAN_POINT('',(0.0162084212124348,0.086541871446371,0.00937512608329824));
#3247=CARTESIAN_POINT('',(0.0162084212124348,0.086541871446371,0.00832362));
#3248=CARTESIAN_POINT('',(0.0179584212124348,0.086541871446371,0.00832362));
#3249=CARTESIAN_POINT('',(0.0162084212124348,0.086541871446371,-0.00582183));
#3250=CARTESIAN_POINT('',(0.0534933337933216,0.0205176827615078,0.00832362));
#3251=CARTESIAN_POINT('',(0.0534933337933216,0.0205176827615078,0.00937512608329825));
#3252=CARTESIAN_POINT('',(0.0534933337933216,0.0205176827615078,0.00832362));
#3253=CARTESIAN_POINT('',(0.0552433337933216,0.0205176827615078,0.00832362));
#3254=CARTESIAN_POINT('',(0.0534933337933216,0.0205176827615078,-0.00582183));
#3255=CARTESIAN_POINT('',(0.0830293596941757,0.0615849783045787,0.00832362));
#3256=CARTESIAN_POINT('',(0.0830293596941757,0.0615849783045787,0.00937512608329824));
#3257=CARTESIAN_POINT('',(0.0830293596941757,0.0615849783045787,0.00832362));
#3258=CARTESIAN_POINT('',(0.0847793596941757,0.0615849783045787,0.00832362));
#3259=CARTESIAN_POINT('',(0.0830293596941757,0.0615849783045787,-0.00582183));
#3260=CARTESIAN_POINT('',(0.0365681625127793,0.0401383072018623,0.03637817));
#3261=CARTESIAN_POINT('',(0.0488592884659767,0.0401383072018623,0.03637817));
#3262=CARTESIAN_POINT('',(0.0242770365595818,0.0401383072018623,0.03637817));
#3263=CARTESIAN_POINT('',(0.0488592884659767,0.0523652501285076,0.03637817));
#3264=CARTESIAN_POINT('',(0.0488592884659767,0.0645921930551529,0.03637817));
#3265=CARTESIAN_POINT('',(0.0365681625127793,0.0645921930551529,0.03637817));
#3266=CARTESIAN_POINT('',(0.0242770365595818,0.0645921930551529,0.03637817));
#3267=CARTESIAN_POINT('',(0.0242770365595818,0.0523652501285076,0.03637817));
#3268=CARTESIAN_POINT('',(0.0129128994035912,0.0805555823134159,0.0159999953249433));
#3269=CARTESIAN_POINT('',(0.0147193276916703,0.0743116399017638,0.0159999953249433));
#3270=CARTESIAN_POINT('',(0.0129128994035912,0.0805555823134159,0.0029999953249433));
#3271=CARTESIAN_POINT('',(0.0147193276916703,0.0743116399017638,0.0029999953249433));
#3272=CARTESIAN_POINT('',(0.0147193276916703,0.0743116399017638,0.00949999532494329));
#3273=CARTESIAN_POINT('',(0.0210562436363227,0.0524080091365688,0.00904999532494329));
#3274=CARTESIAN_POINT('',(0.0129128994035912,0.0805555823134159,0.0153499953249433));
#3275=CARTESIAN_POINT('',(0.0112871139443199,0.0861751304839027,0.0153499953249433));
#3276=CARTESIAN_POINT('',(0.0112871139443199,0.0861751304839027,0.00949999532494329));
#3277=CARTESIAN_POINT('',(0.0112871139443199,0.0861751304839027,0.00364999532494329));
#3278=CARTESIAN_POINT('',(0.0129128994035912,0.0805555823134159,0.00364999532494329));
#3279=CARTESIAN_POINT('',(0.0129128994035912,0.0805555823134159,0.0153499953249433));
#3280=CARTESIAN_POINT('',(0.00686107829691303,0.0788047364342007,0.0153499953249433));
#3281=CARTESIAN_POINT('',(0.00848686375618427,0.0731851882637138,0.0153499953249433));
#3282=CARTESIAN_POINT('',(0.00523529283764181,0.0844242846046876,0.0153499953249433));
#3283=CARTESIAN_POINT('',(0.0112871139443199,0.0861751304839027,0.0153499953249433));
#3284=CARTESIAN_POINT('',(0.0145386848628624,0.074936034142929,0.0153499953249433));
#3285=CARTESIAN_POINT('',(0.0145386848628624,0.074936034142929,0.00949999532494329));
#3286=CARTESIAN_POINT('',(0.00848686375618427,0.0731851882637138,0.00949999532494329));
#3287=CARTESIAN_POINT('',(0.00848686375618427,0.0731851882637138,0.00364999532494329));
#3288=CARTESIAN_POINT('',(0.0145386848628624,0.074936034142929,0.00364999532494329));
#3289=CARTESIAN_POINT('',(0.0129128994035912,0.0805555823134159,0.00364999532494329));
#3290=CARTESIAN_POINT('',(0.00686107829691303,0.0788047364342007,0.00364999532494329));
#3291=CARTESIAN_POINT('',(0.00523529283764181,0.0844242846046876,0.00364999532494329));
#3292=CARTESIAN_POINT('',(0.0112871139443199,0.0861751304839027,0.00364999532494329));
#3293=CARTESIAN_POINT('',(0.0112871139443199,0.0861751304839027,0.00949999532494329));
#3294=CARTESIAN_POINT('',(0.00523529283764181,0.0844242846046876,0.00949999532494329));
#3295=CARTESIAN_POINT('',(0.0150044225296446,0.0506571632573537,0.00904999532494329));
#3296=CARTESIAN_POINT('',(0.029619659699173,0.022808452322548,0.0149999953249433));
#3297=CARTESIAN_POINT('',(0.0264236711894945,0.0338554273585477,0.0149999953249433));
#3298=CARTESIAN_POINT('',(0.029619659699173,0.022808452322548,0.00199999532494329));
#3299=CARTESIAN_POINT('',(0.0264236711894945,0.0338554273585477,0.00199999532494329));
#3300=CARTESIAN_POINT('',(0.0264236711894945,0.0338554273585477,0.0084999953249433));
#3301=CARTESIAN_POINT('',(0.0227269196658808,0.046633296137482,0.00894999532494329));
#3302=CARTESIAN_POINT('',(0.029619659699173,0.022808452322548,0.00264999532494329));
#3303=CARTESIAN_POINT('',(0.0324960493578836,0.0128661747901481,0.00264999532494329));
#3304=CARTESIAN_POINT('',(0.0324960493578836,0.0128661747901481,0.0084999953249433));
#3305=CARTESIAN_POINT('',(0.0324960493578836,0.0128661747901481,0.0143499953249433));
#3306=CARTESIAN_POINT('',(0.029619659699173,0.022808452322548,0.0143499953249433));
#3307=CARTESIAN_POINT('',(0.029619659699173,0.022808452322548,0.0143499953249433));
#3308=CARTESIAN_POINT('',(0.0235678385924948,0.0210576064433328,0.0143499953249433));
#3309=CARTESIAN_POINT('',(0.0264442282512054,0.0111153289109329,0.0143499953249433));
#3310=CARTESIAN_POINT('',(0.0206914489337841,0.0309998839757325,0.0143499953249433));
#3311=CARTESIAN_POINT('',(0.0267432700404623,0.0327507298549478,0.0143499953249433));
#3312=CARTESIAN_POINT('',(0.0324960493578836,0.0128661747901481,0.0143499953249433));
#3313=CARTESIAN_POINT('',(0.0324960493578836,0.0128661747901481,0.0084999953249433));
#3314=CARTESIAN_POINT('',(0.0264442282512054,0.0111153289109329,0.0084999953249433));
#3315=CARTESIAN_POINT('',(0.0264442282512054,0.0111153289109329,0.00264999532494329));
#3316=CARTESIAN_POINT('',(0.0324960493578836,0.0128661747901481,0.00264999532494329));
#3317=CARTESIAN_POINT('',(0.029619659699173,0.022808452322548,0.00264999532494329));
#3318=CARTESIAN_POINT('',(0.0235678385924948,0.0210576064433328,0.00264999532494329));
#3319=CARTESIAN_POINT('',(0.0206914489337841,0.0309998839757325,0.00264999532494329));
#3320=CARTESIAN_POINT('',(0.0267432700404623,0.0327507298549478,0.00264999532494329));
#3321=CARTESIAN_POINT('',(0.0267432700404623,0.0327507298549478,0.0084999953249433));
#3322=CARTESIAN_POINT('',(0.0206914489337841,0.0309998839757325,0.0084999953249433));
#3323=CARTESIAN_POINT('',(0.0166750985592027,0.0448824502582668,0.00894999532494329));
#3324=MECHANICAL_DESIGN_GEOMETRIC_PRESENTATION_REPRESENTATION('',(#1864),
#3326);
#3325=MECHANICAL_DESIGN_GEOMETRIC_PRESENTATION_REPRESENTATION('',(#1865),
#3327);
#3326=(
GEOMETRIC_REPRESENTATION_CONTEXT(3)
GLOBAL_UNCERTAINTY_ASSIGNED_CONTEXT((#3328))
GLOBAL_UNIT_ASSIGNED_CONTEXT((#3334,#3332,#3330))
REPRESENTATION_CONTEXT('R Hand Bottom','TOP_LEVEL_ASSEMBLY_PART')
);
#3327=(
GEOMETRIC_REPRESENTATION_CONTEXT(3)
GLOBAL_UNCERTAINTY_ASSIGNED_CONTEXT((#3329))
GLOBAL_UNIT_ASSIGNED_CONTEXT((#3335,#3333,#3331))
REPRESENTATION_CONTEXT('R Hand','TOP_LEVEL_ASSEMBLY_PART')
);
#3328=UNCERTAINTY_MEASURE_WITH_UNIT(LENGTH_MEASURE(2.E-5),#3334,
'DISTANCE_ACCURACY_VALUE','Maximum Tolerance applied to model');
#3329=UNCERTAINTY_MEASURE_WITH_UNIT(LENGTH_MEASURE(3.57962661854348E-5),
#3335,'DISTANCE_ACCURACY_VALUE','Maximum Tolerance applied to model');
#3330=(
NAMED_UNIT(*)
SI_UNIT($,.STERADIAN.)
SOLID_ANGLE_UNIT()
);
#3331=(
NAMED_UNIT(*)
SI_UNIT($,.STERADIAN.)
SOLID_ANGLE_UNIT()
);
#3332=(
NAMED_UNIT(*)
PLANE_ANGLE_UNIT()
SI_UNIT($,.RADIAN.)
);
#3333=(
NAMED_UNIT(*)
PLANE_ANGLE_UNIT()
SI_UNIT($,.RADIAN.)
);
#3334=(
LENGTH_UNIT()
NAMED_UNIT(*)
SI_UNIT($,.METRE.)
);
#3335=(
LENGTH_UNIT()
NAMED_UNIT(*)
SI_UNIT($,.METRE.)
);
#3336=PRODUCT_DEFINITION_SHAPE('','',#3338);
#3337=PRODUCT_DEFINITION_SHAPE('','',#3339);
#3338=PRODUCT_DEFINITION('','',#3342,#3340);
#3339=PRODUCT_DEFINITION('','',#3343,#3341);
#3340=PRODUCT_DEFINITION_CONTEXT('',#3354,'design');
#3341=PRODUCT_DEFINITION_CONTEXT('',#3355,'design');
#3342=PRODUCT_DEFINITION_FORMATION_WITH_SPECIFIED_SOURCE('','',#3346,
 .NOT_KNOWN.);
#3343=PRODUCT_DEFINITION_FORMATION_WITH_SPECIFIED_SOURCE('','',#3347,
 .NOT_KNOWN.);
#3344=PRODUCT_RELATED_PRODUCT_CATEGORY('','',(#3346));
#3345=PRODUCT_RELATED_PRODUCT_CATEGORY('','',(#3347));
#3346=PRODUCT('R Hand Bottom','R Hand Bottom','R Hand Bottom',(#3350));
#3347=PRODUCT('R Hand','R Hand','R Hand',(#3351));
#3348=PRODUCT_CATEGORY('','');
#3349=PRODUCT_CATEGORY('','');
#3350=PRODUCT_CONTEXT('',#3354,'mechanical');
#3351=PRODUCT_CONTEXT('',#3355,'mechanical');
#3352=APPLICATION_PROTOCOL_DEFINITION('international standard',
'ap242_managed_model_based_3d_engineering',2020,#3354);
#3353=APPLICATION_PROTOCOL_DEFINITION('international standard',
'ap242_managed_model_based_3d_engineering',2020,#3355);
#3354=APPLICATION_CONTEXT('managed model based 3d engineering');
#3355=APPLICATION_CONTEXT('managed model based 3d engineering');
ENDSEC;
END-ISO-10303-21;
